{
"type": "FeatureCollection",
"name": "cholera_streets_tm",
"features": [
{ "type": "Feature", "properties": { "street": 100.0, "segment_id": "100-1", "name": "Oxford Street" }, "geometry": { "type": "LineString", "coordinates": [ [ 528978.234547110740095, 181221.747556120331865 ], [ 528984.026334539987147, 181222.671250865212642 ] ] } },
{ "type": "Feature", "properties": { "street": 101.0, "segment_id": "101-1", "name": "Princes Street (I)" }, "geometry": { "type": "LineString", "coordinates": [ [ 528946.168277878663503, 181282.29249823425198 ], [ 528978.234547110740095, 181221.747556120331865 ] ] } },
{ "type": "Feature", "properties": { "street": 102.0, "segment_id": "102-1", "name": "Soho Square" }, "geometry": { "type": "LineString", "coordinates": [ [ 529750.204560400918126, 181221.981886003748514 ], [ 529757.854133628308773, 181226.06069258012576 ] ] } },
{ "type": "Feature", "properties": { "street": 102.0, "segment_id": "102-2", "name": "Soho Square" }, "geometry": { "type": "LineString", "coordinates": [ [ 529757.854133628308773, 181226.06069258012576 ], [ 529739.32971849385649, 181268.306080343551002 ] ] } },
{ "type": "Feature", "properties": { "street": 103.0, "segment_id": "103-1", "name": "Noel Street" }, "geometry": { "type": "LineString", "coordinates": [ [ 529429.464858879335225, 181219.239584441063926 ], [ 529455.28046349727083, 181233.100983003969304 ] ] } },
{ "type": "Feature", "properties": { "street": 104.0, "segment_id": "104-1", "name": "Berwick Street" }, "geometry": { "type": "LineString", "coordinates": [ [ 529382.755921299802139, 181302.709926300798543 ], [ 529429.464858879335225, 181219.239584441063926 ] ] } },
{ "type": "Feature", "properties": { "street": 105.0, "segment_id": "105-1", "name": "Great Chapel Street" }, "geometry": { "type": "LineString", "coordinates": [ [ 529562.852282141917385, 181233.512382361339405 ], [ 529568.515914399409667, 181220.452946853591129 ] ] } },
{ "type": "Feature", "properties": { "street": 106.0, "segment_id": "106-1", "name": "Blenheim Mews" }, "geometry": { "type": "LineString", "coordinates": [ [ 529271.596169447526336, 181233.861887663369998 ], [ 529229.936664501437917, 181214.161646460532211 ] ] } },
{ "type": "Feature", "properties": { "street": 107.0, "segment_id": "107-1", "name": "Blenheim Street" }, "geometry": { "type": "LineString", "coordinates": [ [ 529207.246344218146987, 181267.95326427713735 ], [ 529229.936664501437917, 181214.161646460532211 ] ] } },
{ "type": "Feature", "properties": { "street": 108.0, "segment_id": "108-1", "name": "Noel Street" }, "geometry": { "type": "LineString", "coordinates": [ [ 529455.28046349727083, 181233.100983003969304 ], [ 529460.419975521159358, 181221.581478103646077 ] ] } },
{ "type": "Feature", "properties": { "street": 108.0, "segment_id": "108-2", "name": "Noel Street" }, "geometry": { "type": "LineString", "coordinates": [ [ 529460.419975521159358, 181221.581478103646077 ], [ 529454.687569808913395, 181218.328663067717571 ] ] } },
{ "type": "Feature", "properties": { "street": 109.0, "segment_id": "109-1", "name": "Oxford Street" }, "geometry": { "type": "LineString", "coordinates": [ [ 528915.611490286421031, 181206.954767307965085 ], [ 528978.234547110740095, 181221.747556120331865 ] ] } },
{ "type": "Feature", "properties": { "street": 110.0, "segment_id": "110-1", "name": "Phoenix Yard" }, "geometry": { "type": "LineString", "coordinates": [ [ 528904.823059264570475, 181250.17585550097283 ], [ 528915.611490286421031, 181206.954767307965085 ] ] } },
{ "type": "Feature", "properties": { "street": 111.0, "segment_id": "111-1", "name": "Carlisle Street" }, "geometry": { "type": "LineString", "coordinates": [ [ 529620.552909819874913, 181213.236326645477675 ], [ 529662.250651980401017, 181231.387412841490004 ] ] } },
{ "type": "Feature", "properties": { "street": 112.0, "segment_id": "112-1", "name": "Dean Street" }, "geometry": { "type": "LineString", "coordinates": [ [ 529605.034328219830059, 181251.675346081960015 ], [ 529620.552909819874913, 181213.236326645477675 ] ] } },
{ "type": "Feature", "properties": { "street": 113.0, "segment_id": "113-1", "name": "Oxford Street" }, "geometry": { "type": "LineString", "coordinates": [ [ 528901.645774848409928, 181203.493734425224829 ], [ 528915.611490286421031, 181206.954767307965085 ] ] } },
{ "type": "Feature", "properties": { "street": 115.0, "segment_id": "115-1", "name": "Soho Square" }, "geometry": { "type": "LineString", "coordinates": [ [ 529722.412838533171453, 181209.621908968256321 ], [ 529750.204560400918126, 181221.981886003748514 ] ] } },
{ "type": "Feature", "properties": { "street": 116.0, "segment_id": "116-1", "name": "Marlborough Mews" }, "geometry": { "type": "LineString", "coordinates": [ [ 529206.947212126571685, 181203.480053327803034 ], [ 529229.936664501437917, 181214.161646460532211 ] ] } },
{ "type": "Feature", "properties": { "street": 116.0, "segment_id": "116-2", "name": "Marlborough Mews" }, "geometry": { "type": "LineString", "coordinates": [ [ 529229.936664501437917, 181214.161646460532211 ], [ 529159.090029696351849, 181179.739372162322979 ] ] } },
{ "type": "Feature", "properties": { "street": 117.0, "segment_id": "117-1", "name": "Nags Head Yard" }, "geometry": { "type": "LineString", "coordinates": [ [ 529206.947212126571685, 181203.480053327803034 ], [ 529191.046159739140421, 181238.027013166924007 ] ] } },
{ "type": "Feature", "properties": { "street": 118.0, "segment_id": "118-1", "name": "Noel Street" }, "geometry": { "type": "LineString", "coordinates": [ [ 529429.464858879335225, 181219.239584441063926 ], [ 529381.628543175756931, 181194.720595034305006 ] ] } },
{ "type": "Feature", "properties": { "street": 119.0, "segment_id": "119-1", "name": "Soho Square" }, "geometry": { "type": "LineString", "coordinates": [ [ 529695.105280028074048, 181197.27444628754165 ], [ 529722.412838533171453, 181209.621908968256321 ] ] } },
{ "type": "Feature", "properties": { "street": 120.0, "segment_id": "120-1", "name": "Carlisle Street" }, "geometry": { "type": "LineString", "coordinates": [ [ 529568.515914399409667, 181220.452946853591129 ], [ 529578.894463490694761, 181193.533204692939762 ] ] } },
{ "type": "Feature", "properties": { "street": 120.0, "segment_id": "120-2", "name": "Carlisle Street" }, "geometry": { "type": "LineString", "coordinates": [ [ 529578.894463490694761, 181193.533204692939762 ], [ 529620.552909819874913, 181213.236326645477675 ] ] } },
{ "type": "Feature", "properties": { "street": 121.0, "segment_id": "121-1", "name": "Soho Square" }, "geometry": { "type": "LineString", "coordinates": [ [ 529662.250651980401017, 181231.387412841490004 ], [ 529680.715106831979938, 181191.470328792813234 ] ] } },
{ "type": "Feature", "properties": { "street": 121.0, "segment_id": "121-2", "name": "Soho Square" }, "geometry": { "type": "LineString", "coordinates": [ [ 529680.715106831979938, 181191.470328792813234 ], [ 529695.105280028074048, 181197.27444628754165 ] ] } },
{ "type": "Feature", "properties": { "street": 122.0, "segment_id": "122-1", "name": "Poland Street" }, "geometry": { "type": "LineString", "coordinates": [ [ 529358.036447273450904, 181188.683135982370004 ], [ 529337.578137518255971, 181230.88062498299405 ] ] } },
{ "type": "Feature", "properties": { "street": 122.0, "segment_id": "122-2", "name": "Poland Street" }, "geometry": { "type": "LineString", "coordinates": [ [ 529337.578137518255971, 181230.88062498299405 ], [ 529320.07558874390088, 181290.240689542144537 ] ] } },
{ "type": "Feature", "properties": { "street": 123.0, "segment_id": "123-1", "name": "Little Chapel Street" }, "geometry": { "type": "LineString", "coordinates": [ [ 529507.72297361062374, 181190.942234428715892 ], [ 529568.515914399409667, 181220.452946853591129 ] ] } },
{ "type": "Feature", "properties": { "street": 124.0, "segment_id": "124-1", "name": "Wardour Street" }, "geometry": { "type": "LineString", "coordinates": [ [ 529502.118812916451134, 181201.673159835976548 ], [ 529507.72297361062374, 181190.942234428715892 ] ] } },
{ "type": "Feature", "properties": { "street": 125.0, "segment_id": "125-1", "name": "Portland Street" }, "geometry": { "type": "LineString", "coordinates": [ [ 529476.303160758223385, 181187.811524314340204 ], [ 529502.118812916451134, 181201.673159835976548 ] ] } },
{ "type": "Feature", "properties": { "street": 126.0, "segment_id": "126-1", "name": "Queen Street (I)" }, "geometry": { "type": "LineString", "coordinates": [ [ 529141.175222870660946, 181255.400056734506506 ], [ 529148.693989184335805, 181207.436128884961363 ] ] } },
{ "type": "Feature", "properties": { "street": 126.0, "segment_id": "126-2", "name": "Queen Street (I)" }, "geometry": { "type": "LineString", "coordinates": [ [ 529148.693989184335805, 181207.436128884961363 ], [ 529147.843760534189641, 181202.754359498911072 ] ] } },
{ "type": "Feature", "properties": { "street": 126.0, "segment_id": "126-3", "name": "Queen Street (I)" }, "geometry": { "type": "LineString", "coordinates": [ [ 529147.843760534189641, 181202.754359498911072 ], [ 529159.090029696351849, 181179.739372162322979 ] ] } },
{ "type": "Feature", "properties": { "street": 127.0, "segment_id": "127-1", "name": "Dean Street" }, "geometry": { "type": "LineString", "coordinates": [ [ 529620.552909819874913, 181213.236326645477675 ], [ 529624.645037545822561, 181204.797042961174157 ] ] } },
{ "type": "Feature", "properties": { "street": 127.0, "segment_id": "127-2", "name": "Dean Street" }, "geometry": { "type": "LineString", "coordinates": [ [ 529624.645037545822561, 181204.797042961174157 ], [ 529636.980899106711149, 181177.150636277277954 ] ] } },
{ "type": "Feature", "properties": { "street": 128.0, "segment_id": "128-1", "name": "Portland Street" }, "geometry": { "type": "LineString", "coordinates": [ [ 529453.818125010817312, 181176.364955011405982 ], [ 529476.303160758223385, 181187.811524314340204 ] ] } },
{ "type": "Feature", "properties": { "street": 129.0, "segment_id": "129-1", "name": "Berwick Street" }, "geometry": { "type": "LineString", "coordinates": [ [ 529453.818125010817312, 181176.364955011405982 ], [ 529429.464858879335225, 181219.239584441063926 ] ] } },
{ "type": "Feature", "properties": { "street": 13.0, "segment_id": "13-1", "name": "Castle Street East" }, "geometry": { "type": "LineString", "coordinates": [ [ 529236.603515517897904, 181371.223438627261203 ], [ 529296.664120287168771, 181391.391970392607618 ] ] } },
{ "type": "Feature", "properties": { "street": 130.0, "segment_id": "130-1", "name": "Argyll Street" }, "geometry": { "type": "LineString", "coordinates": [ [ 529109.602041074773297, 181162.947968488268089 ], [ 529081.219622857053764, 181211.935329047439154 ] ] } },
{ "type": "Feature", "properties": { "street": 130.0, "segment_id": "130-2", "name": "Argyll Street" }, "geometry": { "type": "LineString", "coordinates": [ [ 529081.219622857053764, 181211.935329047439154 ], [ 529071.753216186887585, 181241.209224495396484 ] ] } },
{ "type": "Feature", "properties": { "street": 131.0, "segment_id": "131-1", "name": "Regent Street" }, "geometry": { "type": "LineString", "coordinates": [ [ 529036.996975258458406, 181159.550501686229836 ], [ 529034.744452210958116, 181171.920392661588266 ] ] } },
{ "type": "Feature", "properties": { "street": 131.0, "segment_id": "131-2", "name": "Regent Street" }, "geometry": { "type": "LineString", "coordinates": [ [ 529034.744452210958116, 181171.920392661588266 ], [ 529020.694474330870435, 181229.038933441392146 ] ] } },
{ "type": "Feature", "properties": { "street": 132.0, "segment_id": "132-1", "name": "Princes Street (II)" }, "geometry": { "type": "LineString", "coordinates": [ [ 529002.769534048391506, 181152.467985660361592 ], [ 529036.996975258458406, 181159.550501686229836 ] ] } },
{ "type": "Feature", "properties": { "street": 133.0, "segment_id": "133-1", "name": "Swallow Place" }, "geometry": { "type": "LineString", "coordinates": [ [ 528984.026334539987147, 181222.671250865212642 ], [ 528990.141606336110272, 181191.758765353122726 ] ] } },
{ "type": "Feature", "properties": { "street": 133.0, "segment_id": "133-2", "name": "Swallow Place" }, "geometry": { "type": "LineString", "coordinates": [ [ 528990.141606336110272, 181191.758765353122726 ], [ 528994.500248646363616, 181191.869401172036305 ] ] } },
{ "type": "Feature", "properties": { "street": 133.0, "segment_id": "133-3", "name": "Swallow Place" }, "geometry": { "type": "LineString", "coordinates": [ [ 528994.500248646363616, 181191.869401172036305 ], [ 529002.769534048391506, 181152.467985660361592 ] ] } },
{ "type": "Feature", "properties": { "street": 134.0, "segment_id": "134-1", "name": "Portland Street" }, "geometry": { "type": "LineString", "coordinates": [ [ 529408.847757060197182, 181153.472120472055394 ], [ 529453.818125010817312, 181176.364955011405982 ] ] } },
{ "type": "Feature", "properties": { "street": 135.0, "segment_id": "135-1", "name": "Great Marlborough Street" }, "geometry": { "type": "LineString", "coordinates": [ [ 529259.762958267121576, 181146.571120419364888 ], [ 529358.036447273450904, 181188.683135982370004 ] ] } },
{ "type": "Feature", "properties": { "street": 136.0, "segment_id": "136-1", "name": "Blenheim Street" }, "geometry": { "type": "LineString", "coordinates": [ [ 529229.936664501437917, 181214.161646460532211 ], [ 529259.762958267121576, 181146.571120419364888 ] ] } },
{ "type": "Feature", "properties": { "street": 137.0, "segment_id": "137-1", "name": "St Anns Court" }, "geometry": { "type": "LineString", "coordinates": [ [ 529581.070357592310756, 181146.210212110658176 ], [ 529587.751577005954459, 181150.264060194138438 ] ] } },
{ "type": "Feature", "properties": { "street": 137.0, "segment_id": "137-2", "name": "St Anns Court" }, "geometry": { "type": "LineString", "coordinates": [ [ 529587.751577005954459, 181150.264060194138438 ], [ 529586.219510950380936, 181153.331778040737845 ] ] } },
{ "type": "Feature", "properties": { "street": 137.0, "segment_id": "137-3", "name": "St Anns Court" }, "geometry": { "type": "LineString", "coordinates": [ [ 529586.219510950380936, 181153.331778040737845 ], [ 529636.980899106711149, 181177.150636277277954 ] ] } },
{ "type": "Feature", "properties": { "street": 138.0, "segment_id": "138-1", "name": "St Anns Place" }, "geometry": { "type": "LineString", "coordinates": [ [ 529562.469110879697837, 181153.502901357482187 ], [ 529573.469432306126691, 181159.220240679860581 ] ] } },
{ "type": "Feature", "properties": { "street": 138.0, "segment_id": "138-2", "name": "St Anns Place" }, "geometry": { "type": "LineString", "coordinates": [ [ 529573.469432306126691, 181159.220240679860581 ], [ 529581.070357592310756, 181146.210212110658176 ] ] } },
{ "type": "Feature", "properties": { "street": 139.0, "segment_id": "139-1", "name": "Portland Street" }, "geometry": { "type": "LineString", "coordinates": [ [ 529381.61824194365181, 181138.021594190737233 ], [ 529408.847757060197182, 181153.472120472055394 ] ] } },
{ "type": "Feature", "properties": { "street": 140.0, "segment_id": "140-1", "name": "Poland Street" }, "geometry": { "type": "LineString", "coordinates": [ [ 529358.036447273450904, 181188.683135982370004 ], [ 529381.61824194365181, 181138.021594190737233 ] ] } },
{ "type": "Feature", "properties": { "street": 141.0, "segment_id": "141-1", "name": "St Anns Court" }, "geometry": { "type": "LineString", "coordinates": [ [ 529564.317790055880323, 181138.016110292926896 ], [ 529581.070357592310756, 181146.210212110658176 ] ] } },
{ "type": "Feature", "properties": { "street": 143.0, "segment_id": "143-1", "name": "Greek Street" }, "geometry": { "type": "LineString", "coordinates": [ [ 529750.204560400918126, 181221.981886003748514 ], [ 529786.285547145176679, 181137.466515059524681 ] ] } },
{ "type": "Feature", "properties": { "street": 144.0, "segment_id": "144-1", "name": "Little Argyll Street" }, "geometry": { "type": "LineString", "coordinates": [ [ 529044.081221251748502, 181128.662671715777833 ], [ 529109.602041074773297, 181162.947968488268089 ] ] } },
{ "type": "Feature", "properties": { "street": 145.0, "segment_id": "145-1", "name": "Regent Street" }, "geometry": { "type": "LineString", "coordinates": [ [ 529044.081221251748502, 181128.662671715777833 ], [ 529036.996975258458406, 181159.550501686229836 ] ] } },
{ "type": "Feature", "properties": { "street": 146.0, "segment_id": "146-1", "name": "Dean Street" }, "geometry": { "type": "LineString", "coordinates": [ [ 529636.980899106711149, 181177.150636277277954 ], [ 529653.972617633175105, 181137.97258701181272 ] ] } },
{ "type": "Feature", "properties": { "street": 148.0, "segment_id": "148-1", "name": "St James Workhouse" }, "geometry": { "type": "LineString", "coordinates": [ [ 529356.731038343394175, 181125.737621667736676 ], [ 529381.61824194365181, 181138.021594190737233 ] ] } },
{ "type": "Feature", "properties": { "street": 149.0, "segment_id": "149-1", "name": "St Anns Court" }, "geometry": { "type": "LineString", "coordinates": [ [ 529542.336794937611558, 181125.805306041671429 ], [ 529564.317790055880323, 181138.016110292926896 ] ] } },
{ "type": "Feature", "properties": { "street": 15.0, "segment_id": "15-1", "name": "Market Place" }, "geometry": { "type": "LineString", "coordinates": [ [ 529181.06953184469603, 181363.597813259519171 ], [ 529174.16225820267573, 181387.499738255748525 ] ] } },
{ "type": "Feature", "properties": { "street": 150.0, "segment_id": "150-1", "name": "Wardour Street" }, "geometry": { "type": "LineString", "coordinates": [ [ 529507.72297361062374, 181190.942234428715892 ], [ 529542.336794937611558, 181125.805306041671429 ] ] } },
{ "type": "Feature", "properties": { "street": 151.0, "segment_id": "151-1", "name": "Great Marlborough Street" }, "geometry": { "type": "LineString", "coordinates": [ [ 529200.380903501529247, 181118.653471599973273 ], [ 529259.762958267121576, 181146.571120419364888 ] ] } },
{ "type": "Feature", "properties": { "street": 152.0, "segment_id": "152-1", "name": "Berwick Street" }, "geometry": { "type": "LineString", "coordinates": [ [ 529481.878306131460704, 181121.157745519885793 ], [ 529453.818125010817312, 181176.364955011405982 ] ] } },
{ "type": "Feature", "properties": { "street": 153.0, "segment_id": "153-1", "name": "Wardour Mews" }, "geometry": { "type": "LineString", "coordinates": [ [ 529476.303160758223385, 181187.811524314340204 ], [ 529497.187755789025687, 181147.955491747241467 ] ] } },
{ "type": "Feature", "properties": { "street": 153.0, "segment_id": "153-2", "name": "Wardour Mews" }, "geometry": { "type": "LineString", "coordinates": [ [ 529497.187755789025687, 181147.955491747241467 ], [ 529509.987548999022692, 181121.097320392262191 ] ] } },
{ "type": "Feature", "properties": { "street": 154.0, "segment_id": "154-1", "name": "Queen Street (II)" }, "geometry": { "type": "LineString", "coordinates": [ [ 529762.466935017611831, 181121.324319725099485 ], [ 529785.900362420012243, 181133.573190001538023 ] ] } },
{ "type": "Feature", "properties": { "street": 155.0, "segment_id": "155-1", "name": "Batemans Buildings" }, "geometry": { "type": "LineString", "coordinates": [ [ 529722.412838533171453, 181209.621908968256321 ], [ 529754.786228194250725, 181137.438849790894892 ] ] } },
{ "type": "Feature", "properties": { "street": 155.0, "segment_id": "155-2", "name": "Batemans Buildings" }, "geometry": { "type": "LineString", "coordinates": [ [ 529754.786228194250725, 181137.438849790894892 ], [ 529762.466935017611831, 181121.324319725099485 ] ] } },
{ "type": "Feature", "properties": { "street": 156.0, "segment_id": "156-1", "name": "Wardour Street" }, "geometry": { "type": "LineString", "coordinates": [ [ 529542.336794937611558, 181125.805306041671429 ], [ 529548.504563505062833, 181111.982002713251859 ] ] } },
{ "type": "Feature", "properties": { "street": 157.0, "segment_id": "157-1", "name": "Queen Street (II)" }, "geometry": { "type": "LineString", "coordinates": [ [ 529735.702724448172376, 181106.66043882194208 ], [ 529762.466935017611831, 181121.324319725099485 ] ] } },
{ "type": "Feature", "properties": { "street": 158.0, "segment_id": "158-1", "name": "Frith Street" }, "geometry": { "type": "LineString", "coordinates": [ [ 529695.105280028074048, 181197.27444628754165 ], [ 529719.273827351629734, 181142.745821109041572 ] ] } },
{ "type": "Feature", "properties": { "street": 158.0, "segment_id": "158-2", "name": "Frith Street" }, "geometry": { "type": "LineString", "coordinates": [ [ 529719.273827351629734, 181142.745821109041572 ], [ 529735.702724448172376, 181106.66043882194208 ] ] } },
{ "type": "Feature", "properties": { "street": 159.0, "segment_id": "159-1", "name": "Bentinck Street" }, "geometry": { "type": "LineString", "coordinates": [ [ 529448.431969429715537, 181102.441685511847027 ], [ 529481.878306131460704, 181121.157745519885793 ] ] } },
{ "type": "Feature", "properties": { "street": 16.0, "segment_id": "16-1", "name": "Margaret Street" }, "geometry": { "type": "LineString", "coordinates": [ [ 528987.803373271017335, 181360.241733375820331 ], [ 529062.314389390288852, 181383.881049492047168 ] ] } },
{ "type": "Feature", "properties": { "street": 160.0, "segment_id": "160-1", "name": "Portland Mews" }, "geometry": { "type": "LineString", "coordinates": [ [ 529408.847757060197182, 181153.472120472055394 ], [ 529412.959333900245838, 181144.256479908828624 ] ] } },
{ "type": "Feature", "properties": { "street": 160.0, "segment_id": "160-2", "name": "Portland Mews" }, "geometry": { "type": "LineString", "coordinates": [ [ 529412.959333900245838, 181144.256479908828624 ], [ 529423.099963930551894, 181126.650735328730661 ] ] } },
{ "type": "Feature", "properties": { "street": 160.0, "segment_id": "160-3", "name": "Portland Mews" }, "geometry": { "type": "LineString", "coordinates": [ [ 529423.099963930551894, 181126.650735328730661 ], [ 529432.163289843127131, 181132.318429815641139 ] ] } },
{ "type": "Feature", "properties": { "street": 160.0, "segment_id": "160-4", "name": "Portland Mews" }, "geometry": { "type": "LineString", "coordinates": [ [ 529432.163289843127131, 181132.318429815641139 ], [ 529448.431969429715537, 181102.441685511847027 ] ] } },
{ "type": "Feature", "properties": { "street": 161.0, "segment_id": "161-1", "name": "Argyll Place" }, "geometry": { "type": "LineString", "coordinates": [ [ 529146.266378133092076, 181093.2004838505527 ], [ 529200.380903501529247, 181118.653471599973273 ] ] } },
{ "type": "Feature", "properties": { "street": 162.0, "segment_id": "162-1", "name": "Argyll Street" }, "geometry": { "type": "LineString", "coordinates": [ [ 529146.266378133092076, 181093.2004838505527 ], [ 529109.602041074773297, 181162.947968488268089 ] ] } },
{ "type": "Feature", "properties": { "street": 163.0, "segment_id": "163-1", "name": "Ship Yard" }, "geometry": { "type": "LineString", "coordinates": [ [ 529564.317790055880323, 181138.016110292926896 ], [ 529578.650037769461051, 181108.090381905436516 ] ] } },
{ "type": "Feature", "properties": { "street": 163.0, "segment_id": "163-2", "name": "Ship Yard" }, "geometry": { "type": "LineString", "coordinates": [ [ 529578.650037769461051, 181108.090381905436516 ], [ 529557.093880320549943, 181098.22043905092869 ] ] } },
{ "type": "Feature", "properties": { "street": 164.0, "segment_id": "164-1", "name": "Wardour Street" }, "geometry": { "type": "LineString", "coordinates": [ [ 529548.504563505062833, 181111.982002713251859 ], [ 529557.093880320549943, 181098.22043905092869 ] ] } },
{ "type": "Feature", "properties": { "street": 165.0, "segment_id": "165-1", "name": "Edward Street" }, "geometry": { "type": "LineString", "coordinates": [ [ 529524.586203755578026, 181099.72189537686063 ], [ 529548.504563505062833, 181111.982002713251859 ] ] } },
{ "type": "Feature", "properties": { "street": 166.0, "segment_id": "166-1", "name": "Regent Street" }, "geometry": { "type": "LineString", "coordinates": [ [ 529063.588505592546426, 181085.663247441872954 ], [ 529049.397267538704909, 181110.157034361094702 ] ] } },
{ "type": "Feature", "properties": { "street": 166.0, "segment_id": "166-2", "name": "Regent Street" }, "geometry": { "type": "LineString", "coordinates": [ [ 529049.397267538704909, 181110.157034361094702 ], [ 529044.081221251748502, 181128.662671715777833 ] ] } },
{ "type": "Feature", "properties": { "street": 167.0, "segment_id": "167-1", "name": "Bentinck Street" }, "geometry": { "type": "LineString", "coordinates": [ [ 529448.431969429715537, 181102.441685511847027 ], [ 529430.690681769279763, 181094.999550053093117 ] ] } },
{ "type": "Feature", "properties": { "street": 168.0, "segment_id": "168-1", "name": "Edward Street" }, "geometry": { "type": "LineString", "coordinates": [ [ 529500.687510547926649, 181086.68571105733281 ], [ 529524.586203755578026, 181099.72189537686063 ] ] } },
{ "type": "Feature", "properties": { "street": 169.0, "segment_id": "169-1", "name": "Berwick Street" }, "geometry": { "type": "LineString", "coordinates": [ [ 529500.687510547926649, 181086.68571105733281 ], [ 529481.878306131460704, 181121.157745519885793 ] ] } },
{ "type": "Feature", "properties": { "street": 17.0, "segment_id": "17-1", "name": "Regent Street" }, "geometry": { "type": "LineString", "coordinates": [ [ 528981.944373084697872, 181381.063720018428285 ], [ 528987.803373271017335, 181360.241733375820331 ] ] } },
{ "type": "Feature", "properties": { "street": 170.0, "segment_id": "170-1", "name": "Carnaby Street" }, "geometry": { "type": "LineString", "coordinates": [ [ 529200.380903501529247, 181118.653471599973273 ], [ 529202.316451258258894, 181080.64468288916396 ] ] } },
{ "type": "Feature", "properties": { "street": 171.0, "segment_id": "171-1", "name": "Berwick Street" }, "geometry": { "type": "LineString", "coordinates": [ [ 529503.267268812051043, 181080.537884309364017 ], [ 529500.687510547926649, 181086.68571105733281 ] ] } },
{ "type": "Feature", "properties": { "street": 172.0, "segment_id": "172-1", "name": "Argyll Place" }, "geometry": { "type": "LineString", "coordinates": [ [ 529105.672445053118281, 181069.644946473417804 ], [ 529146.266378133092076, 181093.2004838505527 ] ] } },
{ "type": "Feature", "properties": { "street": 173.0, "segment_id": "173-1", "name": "Queen Street (II)" }, "geometry": { "type": "LineString", "coordinates": [ [ 529735.702724448172376, 181106.66043882194208 ], [ 529681.205238193855621, 181077.3083915549214 ] ] } },
{ "type": "Feature", "properties": { "street": 174.0, "segment_id": "174-1", "name": "Dean Street" }, "geometry": { "type": "LineString", "coordinates": [ [ 529653.972617633175105, 181137.97258701181272 ], [ 529674.009040942415595, 181093.435398178349715 ] ] } },
{ "type": "Feature", "properties": { "street": 174.0, "segment_id": "174-2", "name": "Dean Street" }, "geometry": { "type": "LineString", "coordinates": [ [ 529674.009040942415595, 181093.435398178349715 ], [ 529681.205238193855621, 181077.3083915549214 ] ] } },
{ "type": "Feature", "properties": { "street": 175.0, "segment_id": "175-1", "name": "Hanover Street" }, "geometry": { "type": "LineString", "coordinates": [ [ 528996.239111462025903, 181066.089344633277506 ], [ 529063.588505592546426, 181085.663247441872954 ] ] } },
{ "type": "Feature", "properties": { "street": 176.0, "segment_id": "176-1", "name": "Argyll Place" }, "geometry": { "type": "LineString", "coordinates": [ [ 529081.308021680568345, 181055.822259939508513 ], [ 529105.672445053118281, 181069.644946473417804 ] ] } },
{ "type": "Feature", "properties": { "street": 177.0, "segment_id": "177-1", "name": "Regent Street" }, "geometry": { "type": "LineString", "coordinates": [ [ 529081.308021680568345, 181055.822259939508513 ], [ 529063.588505592546426, 181085.663247441872954 ] ] } },
{ "type": "Feature", "properties": { "street": 178.0, "segment_id": "178-1", "name": "Broad Street" }, "geometry": { "type": "LineString", "coordinates": [ [ 529473.616081963526085, 181065.025161543919239 ], [ 529503.267268812051043, 181080.537884309364017 ] ] } },
{ "type": "Feature", "properties": { "street": 179.0, "segment_id": "179-1", "name": "Green Dragon Yard" }, "geometry": { "type": "LineString", "coordinates": [ [ 529117.611302491743118, 181057.521168327366468 ], [ 529142.400758245144971, 181073.684914280951489 ] ] } },
{ "type": "Feature", "properties": { "street": 18.0, "segment_id": "18-1", "name": "Castle Street East" }, "geometry": { "type": "LineString", "coordinates": [ [ 529187.601935832528397, 181354.443553024029825 ], [ 529236.603515517897904, 181371.223438627261203 ] ] } },
{ "type": "Feature", "properties": { "street": 180.0, "segment_id": "180-1", "name": "King Street (I)" }, "geometry": { "type": "LineString", "coordinates": [ [ 529117.611302491743118, 181057.521168327366468 ], [ 529105.672445053118281, 181069.644946473417804 ] ] } },
{ "type": "Feature", "properties": { "street": 181.0, "segment_id": "181-1", "name": "Tyler Court" }, "geometry": { "type": "LineString", "coordinates": [ [ 529211.141671224380843, 181057.568243650021031 ], [ 529235.367588901659474, 181076.824903145432472 ] ] } },
{ "type": "Feature", "properties": { "street": 182.0, "segment_id": "182-1", "name": "Carnaby Street" }, "geometry": { "type": "LineString", "coordinates": [ [ 529202.316451258258894, 181080.64468288916396 ], [ 529201.604376206290908, 181070.529560238413978 ] ] } },
{ "type": "Feature", "properties": { "street": 182.0, "segment_id": "182-2", "name": "Carnaby Street" }, "geometry": { "type": "LineString", "coordinates": [ [ 529201.604376206290908, 181070.529560238413978 ], [ 529211.141671224380843, 181057.568243650021031 ] ] } },
{ "type": "Feature", "properties": { "street": 183.0, "segment_id": "183-1", "name": "Hanover Street" }, "geometry": { "type": "LineString", "coordinates": [ [ 528946.284906849963591, 181048.511075976770371 ], [ 528996.239111462025903, 181066.089344633277506 ] ] } },
{ "type": "Feature", "properties": { "street": 184.0, "segment_id": "184-1", "name": "Princes Street/Hanover Square" }, "geometry": { "type": "LineString", "coordinates": [ [ 529002.769534048391506, 181152.467985660361592 ], [ 528919.171267034485936, 181123.939015767595265 ] ] } },
{ "type": "Feature", "properties": { "street": 184.0, "segment_id": "184-2", "name": "Princes Street/Hanover Square" }, "geometry": { "type": "LineString", "coordinates": [ [ 528919.171267034485936, 181123.939015767595265 ], [ 528946.284906849963591, 181048.511075976770371 ] ] } },
{ "type": "Feature", "properties": { "street": 185.0, "segment_id": "185-1", "name": "West Street" }, "geometry": { "type": "LineString", "coordinates": [ [ 529235.367588901659474, 181076.824903145432472 ], [ 529251.437832974246703, 181054.709466434374917 ] ] } },
{ "type": "Feature", "properties": { "street": 186.0, "segment_id": "186-1", "name": "Berwick Street" }, "geometry": { "type": "LineString", "coordinates": [ [ 529503.267268812051043, 181080.537884309364017 ], [ 529518.953304145834409, 181054.529975781624671 ] ] } },
{ "type": "Feature", "properties": { "street": 187.0, "segment_id": "187-1", "name": "Broad Street" }, "geometry": { "type": "LineString", "coordinates": [ [ 529446.30717495677527, 181052.679061233415268 ], [ 529473.616081963526085, 181065.025161543919239 ] ] } },
{ "type": "Feature", "properties": { "street": 188.0, "segment_id": "188-1", "name": "Wardour Street" }, "geometry": { "type": "LineString", "coordinates": [ [ 529557.093880320549943, 181098.22043905092869 ], [ 529582.210145493620075, 181044.492070145322941 ] ] } },
{ "type": "Feature", "properties": { "street": 189.0, "segment_id": "189-1", "name": "Richmond Buildings/Mews" }, "geometry": { "type": "LineString", "coordinates": [ [ 529641.295785440946929, 181045.998981844517402 ], [ 529616.357062267372385, 181092.741344882000703 ] ] } },
{ "type": "Feature", "properties": { "street": 189.0, "segment_id": "189-2", "name": "Richmond Buildings/Mews" }, "geometry": { "type": "LineString", "coordinates": [ [ 529616.357062267372385, 181092.741344882000703 ], [ 529612.947137888753787, 181093.431071803614032 ] ] } },
{ "type": "Feature", "properties": { "street": 189.0, "segment_id": "189-3", "name": "Richmond Buildings/Mews" }, "geometry": { "type": "LineString", "coordinates": [ [ 529612.947137888753787, 181093.431071803614032 ], [ 529604.683599596144632, 181113.414426986477338 ] ] } },
{ "type": "Feature", "properties": { "street": 189.0, "segment_id": "189-4", "name": "Richmond Buildings/Mews" }, "geometry": { "type": "LineString", "coordinates": [ [ 529604.683599596144632, 181113.414426986477338 ], [ 529653.972617633175105, 181137.97258701181272 ] ] } },
{ "type": "Feature", "properties": { "street": 19.0, "segment_id": "19-1", "name": "Market Place" }, "geometry": { "type": "LineString", "coordinates": [ [ 529187.601935832528397, 181354.443553024029825 ], [ 529181.06953184469603, 181363.597813259519171 ] ] } },
{ "type": "Feature", "properties": { "street": 190.0, "segment_id": "190-1", "name": "Little Marlborough Street" }, "geometry": { "type": "LineString", "coordinates": [ [ 529202.316451258258894, 181080.64468288916396 ], [ 529136.50803385884501, 181038.583972950174939 ] ] } },
{ "type": "Feature", "properties": { "street": 191.0, "segment_id": "191-1", "name": "King Street (I)" }, "geometry": { "type": "LineString", "coordinates": [ [ 529136.50803385884501, 181038.583972950174939 ], [ 529117.611302491743118, 181057.521168327366468 ] ] } },
{ "type": "Feature", "properties": { "street": 192.0, "segment_id": "192-1", "name": "Dean Street" }, "geometry": { "type": "LineString", "coordinates": [ [ 529681.205238193855621, 181077.3083915549214 ], [ 529697.11011327279266, 181042.762913182436023 ] ] } },
{ "type": "Feature", "properties": { "street": 193.0, "segment_id": "193-1", "name": "Broad Street" }, "geometry": { "type": "LineString", "coordinates": [ [ 529425.294152454123832, 181040.493447420827579 ], [ 529446.30717495677527, 181052.679061233415268 ] ] } },
{ "type": "Feature", "properties": { "street": 194.0, "segment_id": "194-1", "name": "Poland Street" }, "geometry": { "type": "LineString", "coordinates": [ [ 529381.61824194365181, 181138.021594190737233 ], [ 529425.294152454123832, 181040.493447420827579 ] ] } },
{ "type": "Feature", "properties": { "street": 195.0, "segment_id": "195-1", "name": "West Street" }, "geometry": { "type": "LineString", "coordinates": [ [ 529251.437832974246703, 181054.709466434374917 ], [ 529261.538563478272408, 181038.655791612865869 ] ] } },
{ "type": "Feature", "properties": { "street": 196.0, "segment_id": "196-1", "name": "Kemps Court" }, "geometry": { "type": "LineString", "coordinates": [ [ 529490.369508564705029, 181035.160885648801923 ], [ 529518.953304145834409, 181054.529975781624671 ] ] } },
{ "type": "Feature", "properties": { "street": 197.0, "segment_id": "197-1", "name": "Hopkins Street" }, "geometry": { "type": "LineString", "coordinates": [ [ 529473.616081963526085, 181065.025161543919239 ], [ 529490.369508564705029, 181035.160885648801923 ] ] } },
{ "type": "Feature", "properties": { "street": 198.0, "segment_id": "198-1", "name": "Duck Lane/Ham Square" }, "geometry": { "type": "LineString", "coordinates": [ [ 529524.586203755578026, 181099.72189537686063 ], [ 529549.138658770942129, 181049.085791669902392 ] ] } },
{ "type": "Feature", "properties": { "street": 198.0, "segment_id": "198-2", "name": "Duck Lane/Ham Square" }, "geometry": { "type": "LineString", "coordinates": [ [ 529549.138658770942129, 181049.085791669902392 ], [ 529551.678919261903502, 181044.490371730877087 ] ] } },
{ "type": "Feature", "properties": { "street": 198.0, "segment_id": "198-3", "name": "Duck Lane/Ham Square" }, "geometry": { "type": "LineString", "coordinates": [ [ 529551.678919261903502, 181044.490371730877087 ], [ 529559.892375809140503, 181045.476452006900217 ] ] } },
{ "type": "Feature", "properties": { "street": 198.0, "segment_id": "198-4", "name": "Duck Lane/Ham Square" }, "geometry": { "type": "LineString", "coordinates": [ [ 529559.892375809140503, 181045.476452006900217 ], [ 529561.987915432546288, 181039.316307212167885 ] ] } },
{ "type": "Feature", "properties": { "street": 198.0, "segment_id": "198-5", "name": "Duck Lane/Ham Square" }, "geometry": { "type": "LineString", "coordinates": [ [ 529561.987915432546288, 181039.316307212167885 ], [ 529582.210145493620075, 181044.492070145322941 ] ] } },
{ "type": "Feature", "properties": { "street": 199.0, "segment_id": "199-1", "name": "Lowndes Court" }, "geometry": { "type": "LineString", "coordinates": [ [ 529226.243244252167642, 181035.428101619880181 ], [ 529251.437832974246703, 181054.709466434374917 ] ] } },
{ "type": "Feature", "properties": { "street": 20.0, "segment_id": "20-1", "name": "Oxford Street" }, "geometry": { "type": "LineString", "coordinates": [ [ 529666.306434416910633, 181357.315817322465591 ], [ 529737.741891420562752, 181368.459521117736585 ] ] } },
{ "type": "Feature", "properties": { "street": 20.0, "segment_id": "20-2", "name": "Oxford Street" }, "geometry": { "type": "LineString", "coordinates": [ [ 529737.741891420562752, 181368.459521117736585 ], [ 529776.365182029432617, 181374.105958618747536 ] ] } },
{ "type": "Feature", "properties": { "street": 200.0, "segment_id": "200-1", "name": "Carnaby Street" }, "geometry": { "type": "LineString", "coordinates": [ [ 529211.141671224380843, 181057.568243650021031 ], [ 529226.243244252167642, 181035.428101619880181 ] ] } },
{ "type": "Feature", "properties": { "street": 201.0, "segment_id": "201-1", "name": "Marshall Street" }, "geometry": { "type": "LineString", "coordinates": [ [ 529235.367588901659474, 181076.824903145432472 ], [ 529278.174548543058336, 181089.564079280244187 ] ] } },
{ "type": "Feature", "properties": { "street": 201.0, "segment_id": "201-2", "name": "Marshall Street" }, "geometry": { "type": "LineString", "coordinates": [ [ 529278.174548543058336, 181089.564079280244187 ], [ 529305.768638031091541, 181033.567414497199934 ] ] } },
{ "type": "Feature", "properties": { "street": 202.0, "segment_id": "202-1", "name": "Carnaby Street" }, "geometry": { "type": "LineString", "coordinates": [ [ 529226.243244252167642, 181035.428101619880181 ], [ 529229.306996237137355, 181029.292456006980501 ] ] } },
{ "type": "Feature", "properties": { "street": 203.0, "segment_id": "203-1", "name": "Broad Street" }, "geometry": { "type": "LineString", "coordinates": [ [ 529425.294152454123832, 181040.493447420827579 ], [ 529404.68628413521219, 181031.425021326402202 ] ] } },
{ "type": "Feature", "properties": { "street": 204.0, "segment_id": "204-1", "name": "Wardour Street" }, "geometry": { "type": "LineString", "coordinates": [ [ 529582.210145493620075, 181044.492070145322941 ], [ 529592.005789945600554, 181021.440963276603725 ] ] } },
{ "type": "Feature", "properties": { "street": 206.0, "segment_id": "206-1", "name": "Marlborough Court" }, "geometry": { "type": "LineString", "coordinates": [ [ 529261.538563478272408, 181038.655791612865869 ], [ 529235.859616933856159, 181019.362061923195142 ] ] } },
{ "type": "Feature", "properties": { "street": 207.0, "segment_id": "207-1", "name": "Carnaby Street" }, "geometry": { "type": "LineString", "coordinates": [ [ 529229.306996237137355, 181029.292456006980501 ], [ 529235.859616933856159, 181019.362061923195142 ] ] } },
{ "type": "Feature", "properties": { "street": 208.0, "segment_id": "208-1", "name": "Tyler Street" }, "geometry": { "type": "LineString", "coordinates": [ [ 529153.991424872539937, 181018.057537650980521 ], [ 529211.141671224380843, 181057.568243650021031 ] ] } },
{ "type": "Feature", "properties": { "street": 209.0, "segment_id": "209-1", "name": "King Street (I)" }, "geometry": { "type": "LineString", "coordinates": [ [ 529153.991424872539937, 181018.057537650980521 ], [ 529136.50803385884501, 181038.583972950174939 ] ] } },
{ "type": "Feature", "properties": { "street": 21.0, "segment_id": "21-1", "name": "Hanway Street" }, "geometry": { "type": "LineString", "coordinates": [ [ 529666.306434416910633, 181357.315817322465591 ], [ 529668.439646526356228, 181387.66143997508334 ] ] } },
{ "type": "Feature", "properties": { "street": 21.0, "segment_id": "21-2", "name": "Hanway Street" }, "geometry": { "type": "LineString", "coordinates": [ [ 529668.439646526356228, 181387.66143997508334 ], [ 529675.791902954457328, 181403.38300340162823 ] ] } },
{ "type": "Feature", "properties": { "street": 210.0, "segment_id": "210-1", "name": "Dean Street" }, "geometry": { "type": "LineString", "coordinates": [ [ 529697.11011327279266, 181042.762913182436023 ], [ 529707.855102364905179, 181020.512932547251694 ] ] } },
{ "type": "Feature", "properties": { "street": 211.0, "segment_id": "211-1", "name": "South Row" }, "geometry": { "type": "LineString", "coordinates": [ [ 529277.609034257242456, 181016.540435167960823 ], [ 529305.768638031091541, 181033.567414497199934 ] ] } },
{ "type": "Feature", "properties": { "street": 212.0, "segment_id": "212-1", "name": "West Street" }, "geometry": { "type": "LineString", "coordinates": [ [ 529261.538563478272408, 181038.655791612865869 ], [ 529277.609034257242456, 181016.540435167960823 ] ] } },
{ "type": "Feature", "properties": { "street": 213.0, "segment_id": "213-1", "name": "Old Compton Street" }, "geometry": { "type": "LineString", "coordinates": [ [ 529775.718104861211032, 181019.915332964214031 ], [ 529790.069033494335599, 181027.272094589134213 ] ] } },
{ "type": "Feature", "properties": { "street": 214.0, "segment_id": "214-1", "name": "Frith Street" }, "geometry": { "type": "LineString", "coordinates": [ [ 529735.702724448172376, 181106.66043882194208 ], [ 529752.112022149725817, 181071.351299075467978 ] ] } },
{ "type": "Feature", "properties": { "street": 214.0, "segment_id": "214-2", "name": "Frith Street" }, "geometry": { "type": "LineString", "coordinates": [ [ 529752.112022149725817, 181071.351299075467978 ], [ 529775.718104861211032, 181019.915332964214031 ] ] } },
{ "type": "Feature", "properties": { "street": 215.0, "segment_id": "215-1", "name": "Hopkins Street" }, "geometry": { "type": "LineString", "coordinates": [ [ 529490.369508564705029, 181035.160885648801923 ], [ 529503.535145936417393, 181012.972188328276388 ] ] } },
{ "type": "Feature", "properties": { "street": 216.0, "segment_id": "216-1", "name": "Broad Street" }, "geometry": { "type": "LineString", "coordinates": [ [ 529404.68628413521219, 181031.425021326402202 ], [ 529370.250690800952725, 181013.461020405171439 ] ] } },
{ "type": "Feature", "properties": { "street": 217.0, "segment_id": "217-1", "name": "Dufours Place" }, "geometry": { "type": "LineString", "coordinates": [ [ 529370.250690800952725, 181013.461020405171439 ], [ 529345.719660154078156, 181063.321768732101191 ] ] } },
{ "type": "Feature", "properties": { "street": 217.0, "segment_id": "217-2", "name": "Dufours Place" }, "geometry": { "type": "LineString", "coordinates": [ [ 529345.719660154078156, 181063.321768732101191 ], [ 529357.629747718805447, 181071.391861425654497 ] ] } },
{ "type": "Feature", "properties": { "street": 218.0, "segment_id": "218-1", "name": "Pews Place" }, "geometry": { "type": "LineString", "coordinates": [ [ 529229.306996237137355, 181029.292456006980501 ], [ 529216.912304240977392, 181021.210355491028167 ] ] } },
{ "type": "Feature", "properties": { "street": 218.0, "segment_id": "218-2", "name": "Pews Place" }, "geometry": { "type": "LineString", "coordinates": [ [ 529216.912304240977392, 181021.210355491028167 ], [ 529209.706853891257197, 181018.697074126568623 ] ] } },
{ "type": "Feature", "properties": { "street": 218.0, "segment_id": "218-3", "name": "Pews Place" }, "geometry": { "type": "LineString", "coordinates": [ [ 529209.706853891257197, 181018.697074126568623 ], [ 529191.65822295320686, 181004.257743704656605 ] ] } },
{ "type": "Feature", "properties": { "street": 219.0, "segment_id": "219-1", "name": "Maddox Street" }, "geometry": { "type": "LineString", "coordinates": [ [ 529031.291876774630509, 181002.513713845983148 ], [ 529081.308021680568345, 181055.822259939508513 ] ] } },
{ "type": "Feature", "properties": { "street": 22.0, "segment_id": "22-1", "name": "Oxford Street" }, "geometry": { "type": "LineString", "coordinates": [ [ 529651.817677066545002, 181355.392732041946147 ], [ 529666.306434416910633, 181357.315817322465591 ] ] } },
{ "type": "Feature", "properties": { "street": 220.0, "segment_id": "220-1", "name": "Pollen Street" }, "geometry": { "type": "LineString", "coordinates": [ [ 528996.239111462025903, 181066.089344633277506 ], [ 529009.607791373273358, 181016.720375404518563 ] ] } },
{ "type": "Feature", "properties": { "street": 220.0, "segment_id": "220-2", "name": "Pollen Street" }, "geometry": { "type": "LineString", "coordinates": [ [ 529009.607791373273358, 181016.720375404518563 ], [ 529031.291876774630509, 181002.513713845983148 ] ] } },
{ "type": "Feature", "properties": { "street": 221.0, "segment_id": "221-1", "name": "Tylers Court" }, "geometry": { "type": "LineString", "coordinates": [ [ 529549.297852075658739, 181004.818182265968062 ], [ 529568.4130854527466, 181015.402537307760213 ] ] } },
{ "type": "Feature", "properties": { "street": 221.0, "segment_id": "221-2", "name": "Tylers Court" }, "geometry": { "type": "LineString", "coordinates": [ [ 529568.4130854527466, 181015.402537307760213 ], [ 529578.039939808775671, 181017.978072120458819 ] ] } },
{ "type": "Feature", "properties": { "street": 221.0, "segment_id": "221-3", "name": "Tylers Court" }, "geometry": { "type": "LineString", "coordinates": [ [ 529578.039939808775671, 181017.978072120458819 ], [ 529592.005789945600554, 181021.440963276603725 ] ] } },
{ "type": "Feature", "properties": { "street": 222.0, "segment_id": "222-1", "name": "Berwick Street" }, "geometry": { "type": "LineString", "coordinates": [ [ 529518.953304145834409, 181054.529975781624671 ], [ 529549.297852075658739, 181004.818182265968062 ] ] } },
{ "type": "Feature", "properties": { "street": 223.0, "segment_id": "223-1", "name": "Regent Street" }, "geometry": { "type": "LineString", "coordinates": [ [ 529115.719865888007917, 180998.444431888638064 ], [ 529081.308021680568345, 181055.822259939508513 ] ] } },
{ "type": "Feature", "properties": { "street": 224.0, "segment_id": "224-1", "name": "New Street" }, "geometry": { "type": "LineString", "coordinates": [ [ 529471.422439386253245, 180998.950163042871282 ], [ 529446.30717495677527, 181052.679061233415268 ] ] } },
{ "type": "Feature", "properties": { "street": 225.0, "segment_id": "225-1", "name": "Cock Court" }, "geometry": { "type": "LineString", "coordinates": [ [ 529503.535145936417393, 181012.972188328276388 ], [ 529473.942875527078286, 180995.13089689653134 ] ] } },
{ "type": "Feature", "properties": { "street": 226.0, "segment_id": "226-1", "name": "New Street" }, "geometry": { "type": "LineString", "coordinates": [ [ 529473.942875527078286, 180995.13089689653134 ], [ 529471.422439386253245, 180998.950163042871282 ] ] } },
{ "type": "Feature", "properties": { "street": 227.0, "segment_id": "227-1", "name": "Cross Street" }, "geometry": { "type": "LineString", "coordinates": [ [ 529251.465455967700109, 180996.458116383291781 ], [ 529277.609034257242456, 181016.540435167960823 ] ] } },
{ "type": "Feature", "properties": { "street": 228.0, "segment_id": "228-1", "name": "Carnaby Street" }, "geometry": { "type": "LineString", "coordinates": [ [ 529235.859616933856159, 181019.362061923195142 ], [ 529251.465455967700109, 180996.458116383291781 ] ] } },
{ "type": "Feature", "properties": { "street": 229.0, "segment_id": "229-1", "name": "Fouberts Place" }, "geometry": { "type": "LineString", "coordinates": [ [ 529119.248093566973694, 180993.097218477050774 ], [ 529153.991424872539937, 181018.057537650980521 ] ] } },
{ "type": "Feature", "properties": { "street": 23.0, "segment_id": "23-1", "name": "Rathbone Place" }, "geometry": { "type": "LineString", "coordinates": [ [ 529651.817677066545002, 181355.392732041946147 ], [ 529624.47860815632157, 181401.297081230615731 ] ] } },
{ "type": "Feature", "properties": { "street": 230.0, "segment_id": "230-1", "name": "Regent Street" }, "geometry": { "type": "LineString", "coordinates": [ [ 529115.719865888007917, 180998.444431888638064 ], [ 529119.248093566973694, 180993.097218477050774 ] ] } },
{ "type": "Feature", "properties": { "street": 231.0, "segment_id": "231-1", "name": "Berwick Street" }, "geometry": { "type": "LineString", "coordinates": [ [ 529549.297852075658739, 181004.818182265968062 ], [ 529554.3586297564907, 180996.403535142599139 ] ] } },
{ "type": "Feature", "properties": { "street": 232.0, "segment_id": "232-1", "name": "Meards Court/Street" }, "geometry": { "type": "LineString", "coordinates": [ [ 529605.854172515799291, 180991.502958985569421 ], [ 529634.902324518887326, 181011.661246242234483 ] ] } },
{ "type": "Feature", "properties": { "street": 232.0, "segment_id": "232-2", "name": "Meards Court/Street" }, "geometry": { "type": "LineString", "coordinates": [ [ 529634.902324518887326, 181011.661246242234483 ], [ 529652.524830174981616, 181023.761242610169575 ] ] } },
{ "type": "Feature", "properties": { "street": 232.0, "segment_id": "232-3", "name": "Meards Court/Street" }, "geometry": { "type": "LineString", "coordinates": [ [ 529652.524830174981616, 181023.761242610169575 ], [ 529666.431209590169601, 181029.552913808031008 ] ] } },
{ "type": "Feature", "properties": { "street": 232.0, "segment_id": "232-4", "name": "Meards Court/Street" }, "geometry": { "type": "LineString", "coordinates": [ [ 529666.431209590169601, 181029.552913808031008 ], [ 529669.821380317443982, 181029.639413430006243 ] ] } },
{ "type": "Feature", "properties": { "street": 232.0, "segment_id": "232-5", "name": "Meards Court/Street" }, "geometry": { "type": "LineString", "coordinates": [ [ 529669.821380317443982, 181029.639413430006243 ], [ 529697.11011327279266, 181042.762913182436023 ] ] } },
{ "type": "Feature", "properties": { "street": 233.0, "segment_id": "233-1", "name": "Wardour Street" }, "geometry": { "type": "LineString", "coordinates": [ [ 529592.005789945600554, 181021.440963276603725 ], [ 529604.322053937590681, 180994.570671635097824 ] ] } },
{ "type": "Feature", "properties": { "street": 233.0, "segment_id": "233-2", "name": "Wardour Street" }, "geometry": { "type": "LineString", "coordinates": [ [ 529604.322053937590681, 180994.570671635097824 ], [ 529605.854172515799291, 180991.502958985569421 ] ] } },
{ "type": "Feature", "properties": { "street": 234.0, "segment_id": "234-1", "name": "Broad Street" }, "geometry": { "type": "LineString", "coordinates": [ [ 529370.250690800952725, 181013.461020405171439 ], [ 529326.751179372426122, 180989.829741449095309 ] ] } },
{ "type": "Feature", "properties": { "street": 235.0, "segment_id": "235-1", "name": "Marshall Street" }, "geometry": { "type": "LineString", "coordinates": [ [ 529305.768638031091541, 181033.567414497199934 ], [ 529326.751179372426122, 180989.829741449095309 ] ] } },
{ "type": "Feature", "properties": { "street": 236.0, "segment_id": "236-1", "name": "Black Lion Court" }, "geometry": { "type": "LineString", "coordinates": [ [ 529560.447414244292304, 180985.685011837806087 ], [ 529580.471954666776583, 180998.622679444553796 ] ] } },
{ "type": "Feature", "properties": { "street": 237.0, "segment_id": "237-1", "name": "Berwick Street" }, "geometry": { "type": "LineString", "coordinates": [ [ 529554.3586297564907, 180996.403535142599139 ], [ 529560.447414244292304, 180985.685011837806087 ] ] } },
{ "type": "Feature", "properties": { "street": 238.0, "segment_id": "238-1", "name": "Old Compton Street" }, "geometry": { "type": "LineString", "coordinates": [ [ 529724.244627904845402, 180985.979897017066833 ], [ 529742.835653458838351, 180998.104933159425855 ] ] } },
{ "type": "Feature", "properties": { "street": 238.0, "segment_id": "238-2", "name": "Old Compton Street" }, "geometry": { "type": "LineString", "coordinates": [ [ 529742.835653458838351, 180998.104933159425855 ], [ 529775.718104861211032, 181019.915332964214031 ] ] } },
{ "type": "Feature", "properties": { "street": 239.0, "segment_id": "239-1", "name": "Dean Street" }, "geometry": { "type": "LineString", "coordinates": [ [ 529707.855102364905179, 181020.512932547251694 ], [ 529724.244627904845402, 180985.979897017066833 ] ] } },
{ "type": "Feature", "properties": { "street": 24.0, "segment_id": "24-1", "name": "Market Place" }, "geometry": { "type": "LineString", "coordinates": [ [ 529141.911104068043642, 181340.855066085001454 ], [ 529139.233273063204251, 181350.884031910623889 ] ] } },
{ "type": "Feature", "properties": { "street": 24.0, "segment_id": "24-2", "name": "Market Place" }, "geometry": { "type": "LineString", "coordinates": [ [ 529139.233273063204251, 181350.884031910623889 ], [ 529181.06953184469603, 181363.597813259519171 ] ] } },
{ "type": "Feature", "properties": { "street": 241.0, "segment_id": "241-1", "name": "Frith Street" }, "geometry": { "type": "LineString", "coordinates": [ [ 529775.718104861211032, 181019.915332964214031 ], [ 529792.127925036242232, 180984.60631790565094 ] ] } },
{ "type": "Feature", "properties": { "street": 242.0, "segment_id": "242-1", "name": "Pulteney Court (I)" }, "geometry": { "type": "LineString", "coordinates": [ [ 529431.254134194809012, 180977.732927310804371 ], [ 529471.422439386253245, 180998.950163042871282 ] ] } },
{ "type": "Feature", "properties": { "street": 243.0, "segment_id": "243-1", "name": "Cambridge Street" }, "geometry": { "type": "LineString", "coordinates": [ [ 529404.68628413521219, 181031.425021326402202 ], [ 529412.870073371217586, 181014.546120396116748 ] ] } },
{ "type": "Feature", "properties": { "street": 243.0, "segment_id": "243-2", "name": "Cambridge Street" }, "geometry": { "type": "LineString", "coordinates": [ [ 529412.870073371217586, 181014.546120396116748 ], [ 529428.694188235211186, 180983.104597513156477 ] ] } },
{ "type": "Feature", "properties": { "street": 243.0, "segment_id": "243-3", "name": "Cambridge Street" }, "geometry": { "type": "LineString", "coordinates": [ [ 529428.694188235211186, 180983.104597513156477 ], [ 529431.254134194809012, 180977.732927310804371 ] ] } },
{ "type": "Feature", "properties": { "street": 244.0, "segment_id": "244-1", "name": "Maidenhead Court" }, "geometry": { "type": "LineString", "coordinates": [ [ 529554.3586297564907, 180996.403535142599139 ], [ 529527.187998756533489, 180978.623663950711489 ] ] } },
{ "type": "Feature", "properties": { "street": 245.0, "segment_id": "245-1", "name": "Hopkins Street" }, "geometry": { "type": "LineString", "coordinates": [ [ 529503.535145936417393, 181012.972188328276388 ], [ 529519.122460953542031, 180990.845237493806053 ] ] } },
{ "type": "Feature", "properties": { "street": 245.0, "segment_id": "245-2", "name": "Hopkins Street" }, "geometry": { "type": "LineString", "coordinates": [ [ 529519.122460953542031, 180990.845237493806053 ], [ 529527.187998756533489, 180978.623663950711489 ] ] } },
{ "type": "Feature", "properties": { "street": 246.0, "segment_id": "246-1", "name": "Cross Street" }, "geometry": { "type": "LineString", "coordinates": [ [ 529225.380880633136258, 180974.047360156255309 ], [ 529251.465455967700109, 180996.458116383291781 ] ] } },
{ "type": "Feature", "properties": { "street": 247.0, "segment_id": "247-1", "name": "George Place (?)" }, "geometry": { "type": "LineString", "coordinates": [ [ 529225.380880633136258, 180974.047360156255309 ], [ 529207.818116505630314, 180997.678323462896515 ] ] } },
{ "type": "Feature", "properties": { "street": 249.0, "segment_id": "249-1", "name": "Marlborough Row" }, "geometry": { "type": "LineString", "coordinates": [ [ 529277.609034257242456, 181016.540435167960823 ], [ 529302.989720010780729, 180971.361163515713997 ] ] } },
{ "type": "Feature", "properties": { "street": 25.0, "segment_id": "25-1", "name": "Oxford Street" }, "geometry": { "type": "LineString", "coordinates": [ [ 529592.024410100770183, 181343.770445439382456 ], [ 529651.817677066545002, 181355.392732041946147 ] ] } },
{ "type": "Feature", "properties": { "street": 250.0, "segment_id": "250-1", "name": "Maddox Street" }, "geometry": { "type": "LineString", "coordinates": [ [ 529004.651538355625235, 180963.779477908683475 ], [ 529031.291876774630509, 181002.513713845983148 ] ] } },
{ "type": "Feature", "properties": { "street": 251.0, "segment_id": "251-1", "name": "Masons Arms Yard" }, "geometry": { "type": "LineString", "coordinates": [ [ 528981.734485344495624, 181007.469270815781783 ], [ 528987.92871457489673, 180973.45201883779373 ] ] } },
{ "type": "Feature", "properties": { "street": 251.0, "segment_id": "251-2", "name": "Masons Arms Yard" }, "geometry": { "type": "LineString", "coordinates": [ [ 528987.92871457489673, 180973.45201883779373 ], [ 529004.651538355625235, 180963.779477908683475 ] ] } },
{ "type": "Feature", "properties": { "street": 252.0, "segment_id": "252-1", "name": "Peter Street" }, "geometry": { "type": "LineString", "coordinates": [ [ 529571.55747799645178, 180968.104247961484361 ], [ 529605.854172515799291, 180991.502958985569421 ] ] } },
{ "type": "Feature", "properties": { "street": 253.0, "segment_id": "253-1", "name": "Berwick Street" }, "geometry": { "type": "LineString", "coordinates": [ [ 529560.447414244292304, 180985.685011837806087 ], [ 529571.55747799645178, 180968.104247961484361 ] ] } },
{ "type": "Feature", "properties": { "street": 254.0, "segment_id": "254-1", "name": "Peter Street" }, "geometry": { "type": "LineString", "coordinates": [ [ 529571.55747799645178, 180968.104247961484361 ], [ 529569.175476623466238, 180966.490126722841524 ] ] } },
{ "type": "Feature", "properties": { "street": 255.0, "segment_id": "255-1", "name": "Marlborough Row" }, "geometry": { "type": "LineString", "coordinates": [ [ 529302.989720010780729, 180971.361163515713997 ], [ 529309.058239515288733, 180961.418539068836253 ] ] } },
{ "type": "Feature", "properties": { "street": 256.0, "segment_id": "256-1", "name": "Silver Street" }, "geometry": { "type": "LineString", "coordinates": [ [ 529405.476653599878773, 180962.319294264656492 ], [ 529431.254134194809012, 180977.732927310804371 ] ] } },
{ "type": "Feature", "properties": { "street": 257.0, "segment_id": "257-1", "name": "Cross Street" }, "geometry": { "type": "LineString", "coordinates": [ [ 529204.485427744919434, 180957.205523536307737 ], [ 529225.380880633136258, 180974.047360156255309 ] ] } },
{ "type": "Feature", "properties": { "street": 258.0, "segment_id": "258-1", "name": "King Street (I)" }, "geometry": { "type": "LineString", "coordinates": [ [ 529153.991424872539937, 181018.057537650980521 ], [ 529204.485427744919434, 180957.205523536307737 ] ] } },
{ "type": "Feature", "properties": { "street": 259.0, "segment_id": "259-1", "name": "New Street/Husband Street" }, "geometry": { "type": "LineString", "coordinates": [ [ 529527.187998756533489, 180978.623663950711489 ], [ 529494.729254064848647, 180959.155810878612101 ] ] } },
{ "type": "Feature", "properties": { "street": 259.0, "segment_id": "259-2", "name": "New Street/Husband Street" }, "geometry": { "type": "LineString", "coordinates": [ [ 529494.729254064848647, 180959.155810878612101 ], [ 529473.942875527078286, 180995.13089689653134 ] ] } },
{ "type": "Feature", "properties": { "street": 26.0, "segment_id": "26-1", "name": "Perrys Place" }, "geometry": { "type": "LineString", "coordinates": [ [ 529592.024410100770183, 181343.770445439382456 ], [ 529580.845073212869465, 181383.096883081714623 ] ] } },
{ "type": "Feature", "properties": { "street": 26.0, "segment_id": "26-2", "name": "Perrys Place" }, "geometry": { "type": "LineString", "coordinates": [ [ 529580.845073212869465, 181383.096883081714623 ], [ 529561.06890784332063, 181379.485832774837036 ] ] } },
{ "type": "Feature", "properties": { "street": 26.0, "segment_id": "26-3", "name": "Perrys Place" }, "geometry": { "type": "LineString", "coordinates": [ [ 529561.06890784332063, 181379.485832774837036 ], [ 529554.634787336457521, 181384.758663596003316 ] ] } },
{ "type": "Feature", "properties": { "street": 26.0, "segment_id": "26-4", "name": "Perrys Place" }, "geometry": { "type": "LineString", "coordinates": [ [ 529554.634787336457521, 181384.758663596003316 ], [ 529550.503325335099362, 181394.750385507592 ] ] } },
{ "type": "Feature", "properties": { "street": 260.0, "segment_id": "260-1", "name": "Carnaby Court" }, "geometry": { "type": "LineString", "coordinates": [ [ 529280.137487924541347, 180955.245915389852598 ], [ 529302.989720010780729, 180971.361163515713997 ] ] } },
{ "type": "Feature", "properties": { "street": 261.0, "segment_id": "261-1", "name": "Carnaby Street" }, "geometry": { "type": "LineString", "coordinates": [ [ 529251.465455967700109, 180996.458116383291781 ], [ 529280.137487924541347, 180955.245915389852598 ] ] } },
{ "type": "Feature", "properties": { "street": 262.0, "segment_id": "262-1", "name": "Silver Street" }, "geometry": { "type": "LineString", "coordinates": [ [ 529395.444350911071524, 180956.626992055855226 ], [ 529405.476653599878773, 180962.319294264656492 ] ] } },
{ "type": "Feature", "properties": { "street": 263.0, "segment_id": "263-1", "name": "Tent Court" }, "geometry": { "type": "LineString", "coordinates": [ [ 529383.771532220998779, 180977.300568563106935 ], [ 529395.444350911071524, 180956.626992055855226 ] ] } },
{ "type": "Feature", "properties": { "street": 264.0, "segment_id": "264-1", "name": "Peter Street" }, "geometry": { "type": "LineString", "coordinates": [ [ 529546.768762113875709, 180951.938396256242413 ], [ 529569.175476623466238, 180966.490126722841524 ] ] } },
{ "type": "Feature", "properties": { "street": 265.0, "segment_id": "265-1", "name": "Hopkins Street" }, "geometry": { "type": "LineString", "coordinates": [ [ 529527.187998756533489, 180978.623663950711489 ], [ 529536.241989564849064, 180965.650600032880902 ] ] } },
{ "type": "Feature", "properties": { "street": 265.0, "segment_id": "265-2", "name": "Hopkins Street" }, "geometry": { "type": "LineString", "coordinates": [ [ 529536.241989564849064, 180965.650600032880902 ], [ 529546.768762113875709, 180951.938396256242413 ] ] } },
{ "type": "Feature", "properties": { "street": 266.0, "segment_id": "266-1", "name": "Maddox Street" }, "geometry": { "type": "LineString", "coordinates": [ [ 528988.697017213795334, 180943.180519678164274 ], [ 529004.651538355625235, 180963.779477908683475 ] ] } },
{ "type": "Feature", "properties": { "street": 267.0, "segment_id": "267-1", "name": "Little Dean Street" }, "geometry": { "type": "LineString", "coordinates": [ [ 529628.292448938591406, 180947.803543638612609 ], [ 529642.969700355548412, 180961.381766522536054 ] ] } },
{ "type": "Feature", "properties": { "street": 267.0, "segment_id": "267-2", "name": "Little Dean Street" }, "geometry": { "type": "LineString", "coordinates": [ [ 529642.969700355548412, 180961.381766522536054 ], [ 529652.942331538186409, 180969.403136252716649 ] ] } },
{ "type": "Feature", "properties": { "street": 267.0, "segment_id": "267-3", "name": "Little Dean Street" }, "geometry": { "type": "LineString", "coordinates": [ [ 529652.942331538186409, 180969.403136252716649 ], [ 529660.938065000576898, 180978.927483141771518 ] ] } },
{ "type": "Feature", "properties": { "street": 267.0, "segment_id": "267-4", "name": "Little Dean Street" }, "geometry": { "type": "LineString", "coordinates": [ [ 529660.938065000576898, 180978.927483141771518 ], [ 529669.823178290389478, 180991.58132283919258 ] ] } },
{ "type": "Feature", "properties": { "street": 267.0, "segment_id": "267-5", "name": "Little Dean Street" }, "geometry": { "type": "LineString", "coordinates": [ [ 529669.823178290389478, 180991.58132283919258 ], [ 529690.252516212873161, 181007.636551008035894 ] ] } },
{ "type": "Feature", "properties": { "street": 267.0, "segment_id": "267-6", "name": "Little Dean Street" }, "geometry": { "type": "LineString", "coordinates": [ [ 529690.252516212873161, 181007.636551008035894 ], [ 529707.855102364905179, 181020.512932547251694 ] ] } },
{ "type": "Feature", "properties": { "street": 268.0, "segment_id": "268-1", "name": "Wardour Street" }, "geometry": { "type": "LineString", "coordinates": [ [ 529605.854172515799291, 180991.502958985569421 ], [ 529615.570827977498993, 180971.556661651353352 ] ] } },
{ "type": "Feature", "properties": { "street": 268.0, "segment_id": "268-2", "name": "Wardour Street" }, "geometry": { "type": "LineString", "coordinates": [ [ 529615.570827977498993, 180971.556661651353352 ], [ 529628.292448938591406, 180947.803543638612609 ] ] } },
{ "type": "Feature", "properties": { "street": 269.0, "segment_id": "269-1", "name": "Peter Street" }, "geometry": { "type": "LineString", "coordinates": [ [ 529546.768762113875709, 180951.938396256242413 ], [ 529541.540194166707806, 180947.92164236435201 ] ] } },
{ "type": "Feature", "properties": { "street": 27.0, "segment_id": "27-1", "name": "Margaret Street" }, "geometry": { "type": "LineString", "coordinates": [ [ 528915.713100575027056, 181336.664950676495209 ], [ 528987.803373271017335, 181360.241733375820331 ] ] } },
{ "type": "Feature", "properties": { "street": 270.0, "segment_id": "270-1", "name": "Silver Street" }, "geometry": { "type": "LineString", "coordinates": [ [ 529377.336709558963776, 180944.515573093667626 ], [ 529395.444350911071524, 180956.626992055855226 ] ] } },
{ "type": "Feature", "properties": { "street": 271.0, "segment_id": "271-1", "name": "Church Street" }, "geometry": { "type": "LineString", "coordinates": [ [ 529741.197940229205415, 180948.354511673969682 ], [ 529792.207217208342627, 180981.501553333131596 ] ] } },
{ "type": "Feature", "properties": { "street": 272.0, "segment_id": "272-1", "name": "Dean Street" }, "geometry": { "type": "LineString", "coordinates": [ [ 529724.244627904845402, 180985.979897017066833 ], [ 529729.36515915277414, 180975.236845822480973 ] ] } },
{ "type": "Feature", "properties": { "street": 272.0, "segment_id": "272-2", "name": "Dean Street" }, "geometry": { "type": "LineString", "coordinates": [ [ 529729.36515915277414, 180975.236845822480973 ], [ 529741.197940229205415, 180948.354511673969682 ] ] } },
{ "type": "Feature", "properties": { "street": 273.0, "segment_id": "273-1", "name": "Maddox Street" }, "geometry": { "type": "LineString", "coordinates": [ [ 528988.697017213795334, 180943.180519678164274 ], [ 528988.074800171540119, 180948.601573471794836 ] ] } },
{ "type": "Feature", "properties": { "street": 273.0, "segment_id": "273-2", "name": "Maddox Street" }, "geometry": { "type": "LineString", "coordinates": [ [ 528988.074800171540119, 180948.601573471794836 ], [ 528946.718958838609979, 180935.901739646040369 ] ] } },
{ "type": "Feature", "properties": { "street": 274.0, "segment_id": "274-1", "name": "George Street" }, "geometry": { "type": "LineString", "coordinates": [ [ 528946.718958838609979, 180935.901739646040369 ], [ 528917.600580060621724, 181033.026206722599454 ] ] } },
{ "type": "Feature", "properties": { "street": 274.0, "segment_id": "274-2", "name": "George Street" }, "geometry": { "type": "LineString", "coordinates": [ [ 528917.600580060621724, 181033.026206722599454 ], [ 528946.284906849963591, 181048.511075976770371 ] ] } },
{ "type": "Feature", "properties": { "street": 275.0, "segment_id": "275-1", "name": "Silver Street" }, "geometry": { "type": "LineString", "coordinates": [ [ 529362.579700806061737, 180934.042897139850538 ], [ 529377.336709558963776, 180944.515573093667626 ] ] } },
{ "type": "Feature", "properties": { "street": 276.0, "segment_id": "276-1", "name": "Marshall Street" }, "geometry": { "type": "LineString", "coordinates": [ [ 529326.751179372426122, 180989.829741449095309 ], [ 529347.497000943869352, 180955.406453121569939 ] ] } },
{ "type": "Feature", "properties": { "street": 276.0, "segment_id": "276-2", "name": "Marshall Street" }, "geometry": { "type": "LineString", "coordinates": [ [ 529347.497000943869352, 180955.406453121569939 ], [ 529362.579700806061737, 180934.042897139850538 ] ] } },
{ "type": "Feature", "properties": { "street": 277.0, "segment_id": "277-1", "name": "Greens Court" }, "geometry": { "type": "LineString", "coordinates": [ [ 529541.540194166707806, 180947.92164236435201 ], [ 529550.070381572470069, 180936.48864032322308 ] ] } },
{ "type": "Feature", "properties": { "street": 278.0, "segment_id": "278-1", "name": "Wardour Street" }, "geometry": { "type": "LineString", "coordinates": [ [ 529628.292448938591406, 180947.803543638612609 ], [ 529645.115660479641519, 180934.252134232083336 ] ] } },
{ "type": "Feature", "properties": { "street": 279.0, "segment_id": "279-1", "name": "Regent Street" }, "geometry": { "type": "LineString", "coordinates": [ [ 529119.248093566973694, 180993.097218477050774 ], [ 529156.240149143501185, 180929.571642773982603 ] ] } },
{ "type": "Feature", "properties": { "street": 28.0, "segment_id": "28-1", "name": "Great Castle Street" }, "geometry": { "type": "LineString", "coordinates": [ [ 529125.54421462258324, 181336.555679881537799 ], [ 529141.911104068043642, 181340.855066085001454 ] ] } },
{ "type": "Feature", "properties": { "street": 281.0, "segment_id": "281-1", "name": "Old Compton Street" }, "geometry": { "type": "LineString", "coordinates": [ [ 529649.573537562624551, 180930.482372333295643 ], [ 529659.526420249720104, 180939.279945169808343 ] ] } },
{ "type": "Feature", "properties": { "street": 281.0, "segment_id": "281-2", "name": "Old Compton Street" }, "geometry": { "type": "LineString", "coordinates": [ [ 529659.526420249720104, 180939.279945169808343 ], [ 529680.924644596525468, 180955.359843154612463 ] ] } },
{ "type": "Feature", "properties": { "street": 281.0, "segment_id": "281-3", "name": "Old Compton Street" }, "geometry": { "type": "LineString", "coordinates": [ [ 529680.924644596525468, 180955.359843154612463 ], [ 529724.244627904845402, 180985.979897017066833 ] ] } },
{ "type": "Feature", "properties": { "street": 282.0, "segment_id": "282-1", "name": "Wardour Street" }, "geometry": { "type": "LineString", "coordinates": [ [ 529645.115660479641519, 180934.252134232083336 ], [ 529649.573537562624551, 180930.482372333295643 ] ] } },
{ "type": "Feature", "properties": { "street": 283.0, "segment_id": "283-1", "name": "Peter Street" }, "geometry": { "type": "LineString", "coordinates": [ [ 529541.540194166707806, 180947.92164236435201 ], [ 529511.483114449423738, 180929.291601544595324 ] ] } },
{ "type": "Feature", "properties": { "street": 284.0, "segment_id": "284-1", "name": "Maddox Street" }, "geometry": { "type": "LineString", "coordinates": [ [ 528946.718958838609979, 180935.901739646040369 ], [ 528905.985052527510561, 180917.781183686573058 ] ] } },
{ "type": "Feature", "properties": { "street": 286.0, "segment_id": "286-1", "name": "Little Pulteney Street" }, "geometry": { "type": "LineString", "coordinates": [ [ 529593.531015389715321, 180923.616144391591661 ], [ 529628.292448938591406, 180947.803543638612609 ] ] } },
{ "type": "Feature", "properties": { "street": 287.0, "segment_id": "287-1", "name": "Walkers Court" }, "geometry": { "type": "LineString", "coordinates": [ [ 529569.175476623466238, 180966.490126722841524 ], [ 529593.531015389715321, 180923.616144391591661 ] ] } },
{ "type": "Feature", "properties": { "street": 288.0, "segment_id": "288-1", "name": "King Street (I)" }, "geometry": { "type": "LineString", "coordinates": [ [ 529204.485427744919434, 180957.205523536307737 ], [ 529236.468558880966157, 180919.184038778184913 ] ] } },
{ "type": "Feature", "properties": { "street": 289.0, "segment_id": "289-1", "name": "Silver Street" }, "geometry": { "type": "LineString", "coordinates": [ [ 529362.579700806061737, 180934.042897139850538 ], [ 529344.046844673808664, 180919.59069704922149 ] ] } },
{ "type": "Feature", "properties": { "street": 29.0, "segment_id": "29-1", "name": "Margaret Court" }, "geometry": { "type": "LineString", "coordinates": [ [ 529110.237927932990715, 181385.875152749707922 ], [ 529125.54421462258324, 181336.555679881537799 ] ] } },
{ "type": "Feature", "properties": { "street": 290.0, "segment_id": "290-1", "name": "Pulteney Court (II)" }, "geometry": { "type": "LineString", "coordinates": [ [ 529550.070381572470069, 180936.48864032322308 ], [ 529530.085078723030165, 180921.998715931607876 ] ] } },
{ "type": "Feature", "properties": { "street": 291.0, "segment_id": "291-1", "name": "Wardour Street" }, "geometry": { "type": "LineString", "coordinates": [ [ 529649.573537562624551, 180930.482372333295643 ], [ 529659.092445557122119, 180918.298068409378175 ] ] } },
{ "type": "Feature", "properties": { "street": 292.0, "segment_id": "292-1", "name": "Little Pulteney Street" }, "geometry": { "type": "LineString", "coordinates": [ [ 529580.672065899358131, 180914.744611147616524 ], [ 529593.531015389715321, 180923.616144391591661 ] ] } },
{ "type": "Feature", "properties": { "street": 293.0, "segment_id": "293-1", "name": "Unknown-B" }, "geometry": { "type": "LineString", "coordinates": [ [ 529580.672065899358131, 180914.744611147616524 ], [ 529567.061116143129766, 180935.368384711444378 ] ] } },
{ "type": "Feature", "properties": { "street": 294.0, "segment_id": "294-1", "name": "King Street (II)" }, "geometry": { "type": "LineString", "coordinates": [ [ 529758.131669597933069, 180911.505372018786147 ], [ 529793.90073838410899, 180934.166264172177762 ] ] } },
{ "type": "Feature", "properties": { "street": 295.0, "segment_id": "295-1", "name": "Dean Street" }, "geometry": { "type": "LineString", "coordinates": [ [ 529741.197940229205415, 180948.354511673969682 ], [ 529758.131669597933069, 180911.505372018786147 ] ] } },
{ "type": "Feature", "properties": { "street": 296.0, "segment_id": "296-1", "name": "Little Pulteney Street" }, "geometry": { "type": "LineString", "coordinates": [ [ 529571.648068128735758, 180907.524274163297378 ], [ 529577.321398955653422, 180913.105789525725413 ] ] } },
{ "type": "Feature", "properties": { "street": 296.0, "segment_id": "296-2", "name": "Little Pulteney Street" }, "geometry": { "type": "LineString", "coordinates": [ [ 529577.321398955653422, 180913.105789525725413 ], [ 529580.672065899358131, 180914.744611147616524 ] ] } },
{ "type": "Feature", "properties": { "street": 297.0, "segment_id": "297-1", "name": "Greens Court" }, "geometry": { "type": "LineString", "coordinates": [ [ 529550.070381572470069, 180936.48864032322308 ], [ 529571.648068128735758, 180907.524274163297378 ] ] } },
{ "type": "Feature", "properties": { "street": 298.0, "segment_id": "298-1", "name": "Conduit Street" }, "geometry": { "type": "LineString", "coordinates": [ [ 529041.642316541867331, 180900.253089609323069 ], [ 529115.719865888007917, 180998.444431888638064 ] ] } },
{ "type": "Feature", "properties": { "street": 299.0, "segment_id": "299-1", "name": "Mill Street" }, "geometry": { "type": "LineString", "coordinates": [ [ 529041.642316541867331, 180900.253089609323069 ], [ 528997.710248833638616, 180931.758901951194275 ] ] } },
{ "type": "Feature", "properties": { "street": 299.0, "segment_id": "299-2", "name": "Mill Street" }, "geometry": { "type": "LineString", "coordinates": [ [ 528997.710248833638616, 180931.758901951194275 ], [ 528989.744452516315505, 180940.100334988383111 ] ] } },
{ "type": "Feature", "properties": { "street": 299.0, "segment_id": "299-3", "name": "Mill Street" }, "geometry": { "type": "LineString", "coordinates": [ [ 528989.744452516315505, 180940.100334988383111 ], [ 528988.697017213795334, 180943.180519678164274 ] ] } },
{ "type": "Feature", "properties": { "street": 30.0, "segment_id": "30-1", "name": "Margaret Street" }, "geometry": { "type": "LineString", "coordinates": [ [ 528898.397165004862472, 181331.565535620669834 ], [ 528915.713100575027056, 181336.664950676495209 ] ] } },
{ "type": "Feature", "properties": { "street": 300.0, "segment_id": "300-1", "name": "Silver Street" }, "geometry": { "type": "LineString", "coordinates": [ [ 529344.046844673808664, 180919.59069704922149 ], [ 529317.398918456048705, 180900.271911095303949 ] ] } },
{ "type": "Feature", "properties": { "street": 301.0, "segment_id": "301-1", "name": "Carnaby Street" }, "geometry": { "type": "LineString", "coordinates": [ [ 529280.137487924541347, 180955.245915389852598 ], [ 529317.398918456048705, 180900.271911095303949 ] ] } },
{ "type": "Feature", "properties": { "street": 302.0, "segment_id": "302-1", "name": "Little Crown Court" }, "geometry": { "type": "LineString", "coordinates": [ [ 529610.977090651285835, 180904.64363263110863 ], [ 529645.115660479641519, 180934.252134232083336 ] ] } },
{ "type": "Feature", "properties": { "street": 303.0, "segment_id": "303-1", "name": "Great Crown Court" }, "geometry": { "type": "LineString", "coordinates": [ [ 529593.531015389715321, 180923.616144391591661 ], [ 529610.977090651285835, 180904.64363263110863 ] ] } },
{ "type": "Feature", "properties": { "street": 304.0, "segment_id": "304-1", "name": "Little Pulteney Street" }, "geometry": { "type": "LineString", "coordinates": [ [ 529558.86818756442517, 180895.548032205027994 ], [ 529571.648068128735758, 180907.524274163297378 ] ] } },
{ "type": "Feature", "properties": { "street": 305.0, "segment_id": "305-1", "name": "Old Burlington Mews" }, "geometry": { "type": "LineString", "coordinates": [ [ 529156.240149143501185, 180929.571642773982603 ], [ 529081.81009605131112, 180883.409191496612038 ] ] } },
{ "type": "Feature", "properties": { "street": 306.0, "segment_id": "306-1", "name": "Chapel Place" }, "geometry": { "type": "LineString", "coordinates": [ [ 529184.041729651391506, 180884.453333313693292 ], [ 529236.468558880966157, 180919.184038778184913 ] ] } },
{ "type": "Feature", "properties": { "street": 307.0, "segment_id": "307-1", "name": "Regent Street" }, "geometry": { "type": "LineString", "coordinates": [ [ 529156.240149143501185, 180929.571642773982603 ], [ 529184.041729651391506, 180884.453333313693292 ] ] } },
{ "type": "Feature", "properties": { "street": 308.0, "segment_id": "308-1", "name": "Silver Street" }, "geometry": { "type": "LineString", "coordinates": [ [ 529317.398918456048705, 180900.271911095303949 ], [ 529294.546394753968343, 180884.156604126095772 ] ] } },
{ "type": "Feature", "properties": { "street": 309.0, "segment_id": "309-1", "name": "Naylors Yard" }, "geometry": { "type": "LineString", "coordinates": [ [ 529294.546394753968343, 180884.156604126095772 ], [ 529242.420008416636847, 180951.956523205793928 ] ] } },
{ "type": "Feature", "properties": { "street": 310.0, "segment_id": "310-1", "name": "Macclesfield Street" }, "geometry": { "type": "LineString", "coordinates": [ [ 529758.131669597933069, 180911.505372018786147 ], [ 529771.358245607465506, 180886.988775664125569 ] ] } },
{ "type": "Feature", "properties": { "street": 311.0, "segment_id": "311-1", "name": "Upper Rupert Street" }, "geometry": { "type": "LineString", "coordinates": [ [ 529659.092445557122119, 180918.298068409378175 ], [ 529624.123770031961612, 180883.231429516861681 ] ] } },
{ "type": "Feature", "properties": { "street": 312.0, "segment_id": "312-1", "name": "Rupert Street" }, "geometry": { "type": "LineString", "coordinates": [ [ 529616.057857035659254, 180895.45285361999413 ], [ 529624.123770031961612, 180883.231429516861681 ] ] } },
{ "type": "Feature", "properties": { "street": 313.0, "segment_id": "313-1", "name": "Regent Street" }, "geometry": { "type": "LineString", "coordinates": [ [ 529184.041729651391506, 180884.453333313693292 ], [ 529189.023073328658938, 180879.14309907349525 ] ] } },
{ "type": "Feature", "properties": { "street": 314.0, "segment_id": "314-1", "name": "Mill Street" }, "geometry": { "type": "LineString", "coordinates": [ [ 529069.879425359307788, 180876.115953842410818 ], [ 529041.642316541867331, 180900.253089609323069 ] ] } },
{ "type": "Feature", "properties": { "street": 315.0, "segment_id": "315-1", "name": "Upper James Street" }, "geometry": { "type": "LineString", "coordinates": [ [ 529372.759556632721797, 180876.826621007174253 ], [ 529344.046844673808664, 180919.59069704922149 ] ] } },
{ "type": "Feature", "properties": { "street": 316.0, "segment_id": "316-1", "name": "Little Pulteney Street" }, "geometry": { "type": "LineString", "coordinates": [ [ 529538.457766372710466, 180878.71715748537099 ], [ 529553.175030521466397, 180890.742729626654182 ] ] } },
{ "type": "Feature", "properties": { "street": 316.0, "segment_id": "316-2", "name": "Little Pulteney Street" }, "geometry": { "type": "LineString", "coordinates": [ [ 529553.175030521466397, 180890.742729626654182 ], [ 529558.86818756442517, 180895.548032205027994 ] ] } },
{ "type": "Feature", "properties": { "street": 317.0, "segment_id": "317-1", "name": "William and Mary Yard" }, "geometry": { "type": "LineString", "coordinates": [ [ 529538.457766372710466, 180878.71715748537099 ], [ 529520.488005136605352, 180899.229954815993551 ] ] } },
{ "type": "Feature", "properties": { "street": 317.0, "segment_id": "317-2", "name": "William and Mary Yard" }, "geometry": { "type": "LineString", "coordinates": [ [ 529520.488005136605352, 180899.229954815993551 ], [ 529508.023922227439471, 180912.892845738562755 ] ] } },
{ "type": "Feature", "properties": { "street": 317.0, "segment_id": "317-3", "name": "William and Mary Yard" }, "geometry": { "type": "LineString", "coordinates": [ [ 529508.023922227439471, 180912.892845738562755 ], [ 529482.759769128751941, 180953.413973378483206 ] ] } },
{ "type": "Feature", "properties": { "street": 318.0, "segment_id": "318-1", "name": "Silver Street" }, "geometry": { "type": "LineString", "coordinates": [ [ 529294.546394753968343, 180884.156604126095772 ], [ 529276.477745497715659, 180870.493170525063761 ] ] } },
{ "type": "Feature", "properties": { "street": 319.0, "segment_id": "319-1", "name": "King Street (I)" }, "geometry": { "type": "LineString", "coordinates": [ [ 529236.468558880966157, 180919.184038778184913 ], [ 529276.477745497715659, 180870.493170525063761 ] ] } },
{ "type": "Feature", "properties": { "street": 32.0, "segment_id": "32-1", "name": "Oxford Street" }, "geometry": { "type": "LineString", "coordinates": [ [ 529570.795255042030476, 181340.122309060127009 ], [ 529592.024410100770183, 181343.770445439382456 ] ] } },
{ "type": "Feature", "properties": { "street": 320.0, "segment_id": "320-1", "name": "Great Crown Court" }, "geometry": { "type": "LineString", "coordinates": [ [ 529610.977090651285835, 180904.64363263110863 ], [ 529579.299324434716254, 180873.544726692780387 ] ] } },
{ "type": "Feature", "properties": { "street": 321.0, "segment_id": "321-1", "name": "Great Crown Court" }, "geometry": { "type": "LineString", "coordinates": [ [ 529579.299324434716254, 180873.544726692780387 ], [ 529558.86818756442517, 180895.548032205027994 ] ] } },
{ "type": "Feature", "properties": { "street": 322.0, "segment_id": "322-1", "name": "Little Pulteney Street" }, "geometry": { "type": "LineString", "coordinates": [ [ 529523.76021377032157, 180865.915437891380861 ], [ 529531.331379331415519, 180873.098655500099994 ] ] } },
{ "type": "Feature", "properties": { "street": 322.0, "segment_id": "322-2", "name": "Little Pulteney Street" }, "geometry": { "type": "LineString", "coordinates": [ [ 529531.331379331415519, 180873.098655500099994 ], [ 529538.457766372710466, 180878.71715748537099 ] ] } },
{ "type": "Feature", "properties": { "street": 323.0, "segment_id": "323-1", "name": "King Street (II)" }, "geometry": { "type": "LineString", "coordinates": [ [ 529758.131669597933069, 180911.505372018786147 ], [ 529693.877279860898852, 180865.593553918413818 ] ] } },
{ "type": "Feature", "properties": { "street": 324.0, "segment_id": "324-1", "name": "Wardour Street" }, "geometry": { "type": "LineString", "coordinates": [ [ 529659.092445557122119, 180918.298068409378175 ], [ 529693.877279860898852, 180865.593553918413818 ] ] } },
{ "type": "Feature", "properties": { "street": 325.0, "segment_id": "325-1", "name": "Little Pulteney Street" }, "geometry": { "type": "LineString", "coordinates": [ [ 529520.429277581977658, 180863.50046332005877 ], [ 529523.76021377032157, 180865.915437891380861 ] ] } },
{ "type": "Feature", "properties": { "street": 326.0, "segment_id": "326-1", "name": "Little Windmill Street" }, "geometry": { "type": "LineString", "coordinates": [ [ 529431.254134194809012, 180977.732927310804371 ], [ 529433.774548783083446, 180973.913641669671051 ] ] } },
{ "type": "Feature", "properties": { "street": 326.0, "segment_id": "326-2", "name": "Little Windmill Street" }, "geometry": { "type": "LineString", "coordinates": [ [ 529433.774548783083446, 180973.913641669671051 ], [ 529469.95028240326792, 180923.573211892566178 ] ] } },
{ "type": "Feature", "properties": { "street": 326.0, "segment_id": "326-3", "name": "Little Windmill Street" }, "geometry": { "type": "LineString", "coordinates": [ [ 529469.95028240326792, 180923.573211892566178 ], [ 529498.466286815120839, 180888.571745504450519 ] ] } },
{ "type": "Feature", "properties": { "street": 326.0, "segment_id": "326-4", "name": "Little Windmill Street" }, "geometry": { "type": "LineString", "coordinates": [ [ 529498.466286815120839, 180888.571745504450519 ], [ 529520.429277581977658, 180863.50046332005877 ] ] } },
{ "type": "Feature", "properties": { "street": 327.0, "segment_id": "327-1", "name": "Rupert Street" }, "geometry": { "type": "LineString", "coordinates": [ [ 529624.123770031961612, 180883.231429516861681 ], [ 529634.325002758414485, 180863.297519316198304 ] ] } },
{ "type": "Feature", "properties": { "street": 328.0, "segment_id": "328-1", "name": "Silver Street" }, "geometry": { "type": "LineString", "coordinates": [ [ 529276.477745497715659, 180870.493170525063761 ], [ 529254.089545786962844, 180855.16656164615415 ] ] } },
{ "type": "Feature", "properties": { "street": 329.0, "segment_id": "329-1", "name": "Rupert Street" }, "geometry": { "type": "LineString", "coordinates": [ [ 529634.325002758414485, 180863.297519316198304 ], [ 529640.957824455224909, 180850.262869161437266 ] ] } },
{ "type": "Feature", "properties": { "street": 33.0, "segment_id": "33-1", "name": "Oxford Street" }, "geometry": { "type": "LineString", "coordinates": [ [ 529529.809492165921256, 181332.087145032768603 ], [ 529570.795255042030476, 181340.122309060127009 ] ] } },
{ "type": "Feature", "properties": { "street": 330.0, "segment_id": "330-1", "name": "Golden Square" }, "geometry": { "type": "LineString", "coordinates": [ [ 529324.207763278624043, 180842.19309341663029 ], [ 529372.759556632721797, 180876.826621007174253 ] ] } },
{ "type": "Feature", "properties": { "street": 331.0, "segment_id": "331-1", "name": "Upper John Street" }, "geometry": { "type": "LineString", "coordinates": [ [ 529324.207763278624043, 180842.19309341663029 ], [ 529294.546394753968343, 180884.156604126095772 ] ] } },
{ "type": "Feature", "properties": { "street": 332.0, "segment_id": "332-1", "name": "Queens Head Court" }, "geometry": { "type": "LineString", "coordinates": [ [ 529579.299324434716254, 180873.544726692780387 ], [ 529576.027786221704446, 180868.801141151168849 ] ] } },
{ "type": "Feature", "properties": { "street": 332.0, "segment_id": "332-2", "name": "Queens Head Court" }, "geometry": { "type": "LineString", "coordinates": [ [ 529576.027786221704446, 180868.801141151168849 ], [ 529574.634177510044537, 180866.435523169580847 ] ] } },
{ "type": "Feature", "properties": { "street": 332.0, "segment_id": "332-3", "name": "Queens Head Court" }, "geometry": { "type": "LineString", "coordinates": [ [ 529574.634177510044537, 180866.435523169580847 ], [ 529566.054832048714161, 180860.779928677191492 ] ] } },
{ "type": "Feature", "properties": { "street": 332.0, "segment_id": "332-4", "name": "Queens Head Court" }, "geometry": { "type": "LineString", "coordinates": [ [ 529566.054832048714161, 180860.779928677191492 ], [ 529560.401213951874524, 180854.422236094076652 ] ] } },
{ "type": "Feature", "properties": { "street": 332.0, "segment_id": "332-5", "name": "Queens Head Court" }, "geometry": { "type": "LineString", "coordinates": [ [ 529560.401213951874524, 180854.422236094076652 ], [ 529544.695415244437754, 180843.148146251507569 ] ] } },
{ "type": "Feature", "properties": { "street": 333.0, "segment_id": "333-1", "name": "Great Windmill Street" }, "geometry": { "type": "LineString", "coordinates": [ [ 529523.76021377032157, 180865.915437891380861 ], [ 529544.695415244437754, 180843.148146251507569 ] ] } },
{ "type": "Feature", "properties": { "street": 334.0, "segment_id": "334-1", "name": "George Yard" }, "geometry": { "type": "LineString", "coordinates": [ [ 529705.126713344128802, 180842.579735424427781 ], [ 529721.820644264575094, 180853.102859673381317 ] ] } },
{ "type": "Feature", "properties": { "street": 334.0, "segment_id": "334-2", "name": "George Yard" }, "geometry": { "type": "LineString", "coordinates": [ [ 529721.820644264575094, 180853.102859673381317 ], [ 529737.50622695882339, 180865.153695245622657 ] ] } },
{ "type": "Feature", "properties": { "street": 334.0, "segment_id": "334-3", "name": "George Yard" }, "geometry": { "type": "LineString", "coordinates": [ [ 529737.50622695882339, 180865.153695245622657 ], [ 529748.447565990500152, 180873.199977800773922 ] ] } },
{ "type": "Feature", "properties": { "street": 334.0, "segment_id": "334-4", "name": "George Yard" }, "geometry": { "type": "LineString", "coordinates": [ [ 529748.447565990500152, 180873.199977800773922 ], [ 529771.358245607465506, 180886.988775664125569 ] ] } },
{ "type": "Feature", "properties": { "street": 335.0, "segment_id": "335-1", "name": "Princes Street (III)" }, "geometry": { "type": "LineString", "coordinates": [ [ 529693.877279860898852, 180865.593553918413818 ], [ 529705.126713344128802, 180842.579735424427781 ] ] } },
{ "type": "Feature", "properties": { "street": 336.0, "segment_id": "336-1", "name": "Beak Street" }, "geometry": { "type": "LineString", "coordinates": [ [ 529254.089545786962844, 180855.16656164615415 ], [ 529246.033650654600933, 180847.971447602903936 ] ] } },
{ "type": "Feature", "properties": { "street": 336.0, "segment_id": "336-2", "name": "Beak Street" }, "geometry": { "type": "LineString", "coordinates": [ [ 529246.033650654600933, 180847.971447602903936 ], [ 529215.332745598512702, 180835.54040590475779 ] ] } },
{ "type": "Feature", "properties": { "street": 337.0, "segment_id": "337-1", "name": "Regent Street" }, "geometry": { "type": "LineString", "coordinates": [ [ 529189.023073328658938, 180879.14309907349525 ], [ 529209.284013421623968, 180844.706948193255812 ] ] } },
{ "type": "Feature", "properties": { "street": 337.0, "segment_id": "337-2", "name": "Regent Street" }, "geometry": { "type": "LineString", "coordinates": [ [ 529209.284013421623968, 180844.706948193255812 ], [ 529215.332745598512702, 180835.54040590475779 ] ] } },
{ "type": "Feature", "properties": { "street": 338.0, "segment_id": "338-1", "name": "Plough Yard" }, "geometry": { "type": "LineString", "coordinates": [ [ 529640.957824455224909, 180850.262869161437266 ], [ 529620.44849001429975, 180837.312620415643323 ] ] } },
{ "type": "Feature", "properties": { "street": 339.0, "segment_id": "339-1", "name": "Great Windmill Street" }, "geometry": { "type": "LineString", "coordinates": [ [ 529544.695415244437754, 180843.148146251507569 ], [ 529549.232429495197721, 180836.273531224869657 ] ] } },
{ "type": "Feature", "properties": { "street": 34.0, "segment_id": "34-1", "name": "Newman Street" }, "geometry": { "type": "LineString", "coordinates": [ [ 529529.809492165921256, 181332.087145032768603 ], [ 529499.011916345800273, 181399.651459519867785 ] ] } },
{ "type": "Feature", "properties": { "street": 340.0, "segment_id": "340-1", "name": "Brewer Street" }, "geometry": { "type": "LineString", "coordinates": [ [ 529490.124590086052194, 180835.543921818665694 ], [ 529506.255519146914594, 180849.158756101271138 ] ] } },
{ "type": "Feature", "properties": { "street": 340.0, "segment_id": "340-2", "name": "Brewer Street" }, "geometry": { "type": "LineString", "coordinates": [ [ 529506.255519146914594, 180849.158756101271138 ], [ 529520.429277581977658, 180863.50046332005877 ] ] } },
{ "type": "Feature", "properties": { "street": 341.0, "segment_id": "341-1", "name": "Great Pulteney Street" }, "geometry": { "type": "LineString", "coordinates": [ [ 529405.476653599878773, 180962.319294264656492 ], [ 529448.07689187687356, 180888.064755565137602 ] ] } },
{ "type": "Feature", "properties": { "street": 341.0, "segment_id": "341-2", "name": "Great Pulteney Street" }, "geometry": { "type": "LineString", "coordinates": [ [ 529448.07689187687356, 180888.064755565137602 ], [ 529470.622818536590785, 180859.124639975198079 ] ] } },
{ "type": "Feature", "properties": { "street": 341.0, "segment_id": "341-3", "name": "Great Pulteney Street" }, "geometry": { "type": "LineString", "coordinates": [ [ 529470.622818536590785, 180859.124639975198079 ], [ 529490.124590086052194, 180835.543921818665694 ] ] } },
{ "type": "Feature", "properties": { "street": 342.0, "segment_id": "342-1", "name": "Golden Square" }, "geometry": { "type": "LineString", "coordinates": [ [ 529406.414833126706071, 180830.305060230894014 ], [ 529372.759556632721797, 180876.826621007174253 ] ] } },
{ "type": "Feature", "properties": { "street": 343.0, "segment_id": "343-1", "name": "Conduit Street" }, "geometry": { "type": "LineString", "coordinates": [ [ 528984.950196969206445, 180823.474833038519137 ], [ 529041.642316541867331, 180900.253089609323069 ] ] } },
{ "type": "Feature", "properties": { "street": 344.0, "segment_id": "344-1", "name": "George Street" }, "geometry": { "type": "LineString", "coordinates": [ [ 528984.950196969206445, 180823.474833038519137 ], [ 528946.718958838609979, 180935.901739646040369 ] ] } },
{ "type": "Feature", "properties": { "street": 345.0, "segment_id": "345-1", "name": "Richmond Street" }, "geometry": { "type": "LineString", "coordinates": [ [ 529650.655052451882511, 180831.092827638844028 ], [ 529693.877279860898852, 180865.593553918413818 ] ] } },
{ "type": "Feature", "properties": { "street": 346.0, "segment_id": "346-1", "name": "Rupert Street" }, "geometry": { "type": "LineString", "coordinates": [ [ 529640.957824455224909, 180850.262869161437266 ], [ 529650.655052451882511, 180831.092827638844028 ] ] } },
{ "type": "Feature", "properties": { "street": 347.0, "segment_id": "347-1", "name": "Regent Street" }, "geometry": { "type": "LineString", "coordinates": [ [ 529215.332745598512702, 180835.54040590475779 ], [ 529219.889043126371689, 180827.889311952283606 ] ] } },
{ "type": "Feature", "properties": { "street": 349.0, "segment_id": "349-1", "name": "New Burlington Street" }, "geometry": { "type": "LineString", "coordinates": [ [ 529097.452458749525249, 180820.894384413782973 ], [ 529189.023073328658938, 180879.14309907349525 ] ] } },
{ "type": "Feature", "properties": { "street": 35.0, "segment_id": "35-1", "name": "Great Castle Street" }, "geometry": { "type": "LineString", "coordinates": [ [ 529090.912671683239751, 181326.355471792805474 ], [ 529125.54421462258324, 181336.555679881537799 ] ] } },
{ "type": "Feature", "properties": { "street": 350.0, "segment_id": "350-1", "name": "New Burlington Mews" }, "geometry": { "type": "LineString", "coordinates": [ [ 529206.950297535397112, 180822.123507459007669 ], [ 529219.889043126371689, 180827.889311952283606 ] ] } },
{ "type": "Feature", "properties": { "street": 351.0, "segment_id": "351-1", "name": "Regent Street" }, "geometry": { "type": "LineString", "coordinates": [ [ 529219.889043126371689, 180827.889311952283606 ], [ 529226.4616135568358, 180817.18271290208213 ] ] } },
{ "type": "Feature", "properties": { "street": 352.0, "segment_id": "352-1", "name": "Macclesfield Street/Gerrard Street" }, "geometry": { "type": "LineString", "coordinates": [ [ 529716.900193841545843, 180818.02592019882286 ], [ 529785.613058821414597, 180860.168375451292377 ] ] } },
{ "type": "Feature", "properties": { "street": 352.0, "segment_id": "352-2", "name": "Macclesfield Street/Gerrard Street" }, "geometry": { "type": "LineString", "coordinates": [ [ 529785.613058821414597, 180860.168375451292377 ], [ 529771.358245607465506, 180886.988775664125569 ] ] } },
{ "type": "Feature", "properties": { "street": 353.0, "segment_id": "353-1", "name": "Princes Street (III)" }, "geometry": { "type": "LineString", "coordinates": [ [ 529705.126713344128802, 180842.579735424427781 ], [ 529716.900193841545843, 180818.02592019882286 ] ] } },
{ "type": "Feature", "properties": { "street": 354.0, "segment_id": "354-1", "name": "Boyle Street" }, "geometry": { "type": "LineString", "coordinates": [ [ 529097.452458749525249, 180820.894384413782973 ], [ 529089.832655746256933, 180834.681310744083021 ] ] } },
{ "type": "Feature", "properties": { "street": 354.0, "segment_id": "354-2", "name": "Boyle Street" }, "geometry": { "type": "LineString", "coordinates": [ [ 529089.832655746256933, 180834.681310744083021 ], [ 529050.74845196842216, 180808.834587303572334 ] ] } },
{ "type": "Feature", "properties": { "street": 355.0, "segment_id": "355-1", "name": "Archer Street" }, "geometry": { "type": "LineString", "coordinates": [ [ 529567.242091437801719, 180814.208449412602931 ], [ 529634.325002758414485, 180863.297519316198304 ] ] } },
{ "type": "Feature", "properties": { "street": 356.0, "segment_id": "356-1", "name": "Great Windmill Street" }, "geometry": { "type": "LineString", "coordinates": [ [ 529549.232429495197721, 180836.273531224869657 ], [ 529567.242091437801719, 180814.208449412602931 ] ] } },
{ "type": "Feature", "properties": { "street": 357.0, "segment_id": "357-1", "name": "Brewer Street" }, "geometry": { "type": "LineString", "coordinates": [ [ 529464.544244845979847, 180812.368087276467122 ], [ 529490.124590086052194, 180835.543921818665694 ] ] } },
{ "type": "Feature", "properties": { "street": 358.0, "segment_id": "358-1", "name": "Bridle Street" }, "geometry": { "type": "LineString", "coordinates": [ [ 529377.336709558963776, 180944.515573093667626 ], [ 529411.485728847561404, 180878.589254684688058 ] ] } },
{ "type": "Feature", "properties": { "street": 358.0, "segment_id": "358-2", "name": "Bridle Street" }, "geometry": { "type": "LineString", "coordinates": [ [ 529411.485728847561404, 180878.589254684688058 ], [ 529464.544244845979847, 180812.368087276467122 ] ] } },
{ "type": "Feature", "properties": { "street": 359.0, "segment_id": "359-1", "name": "Great Windmill Street" }, "geometry": { "type": "LineString", "coordinates": [ [ 529567.242091437801719, 180814.208449412602931 ], [ 529569.742895767907612, 180811.165420494391583 ] ] } },
{ "type": "Feature", "properties": { "street": 36.0, "segment_id": "36-1", "name": "John Street" }, "geometry": { "type": "LineString", "coordinates": [ [ 529090.912671683239751, 181326.355471792805474 ], [ 529073.93699825333897, 181384.176258978142869 ] ] } },
{ "type": "Feature", "properties": { "street": 361.0, "segment_id": "361-1", "name": "Ham Yard" }, "geometry": { "type": "LineString", "coordinates": [ [ 529556.45863572251983, 180799.953034089703579 ], [ 529553.957834551343694, 180802.996069467510097 ] ] } },
{ "type": "Feature", "properties": { "street": 361.0, "segment_id": "361-2", "name": "Ham Yard" }, "geometry": { "type": "LineString", "coordinates": [ [ 529553.957834551343694, 180802.996069467510097 ], [ 529569.742895767907612, 180811.165420494391583 ] ] } },
{ "type": "Feature", "properties": { "street": 362.0, "segment_id": "362-1", "name": "New Burlington Mews" }, "geometry": { "type": "LineString", "coordinates": [ [ 529162.499451955896802, 180797.692862773546949 ], [ 529206.950297535397112, 180822.123507459007669 ] ] } },
{ "type": "Feature", "properties": { "street": 363.0, "segment_id": "363-1", "name": "Smiths Court/Yard" }, "geometry": { "type": "LineString", "coordinates": [ [ 529491.538389550638385, 180799.07526537909871 ], [ 529506.157110804575495, 180814.981651675188914 ] ] } },
{ "type": "Feature", "properties": { "street": 363.0, "segment_id": "363-2", "name": "Smiths Court/Yard" }, "geometry": { "type": "LineString", "coordinates": [ [ 529506.157110804575495, 180814.981651675188914 ], [ 529514.60830102278851, 180806.653355512651615 ] ] } },
{ "type": "Feature", "properties": { "street": 363.0, "segment_id": "363-3", "name": "Smiths Court/Yard" }, "geometry": { "type": "LineString", "coordinates": [ [ 529514.60830102278851, 180806.653355512651615 ], [ 529549.232429495197721, 180836.273531224869657 ] ] } },
{ "type": "Feature", "properties": { "street": 364.0, "segment_id": "364-1", "name": "Ham Yard" }, "geometry": { "type": "LineString", "coordinates": [ [ 529536.136480871820822, 180798.658348062366713 ], [ 529552.751747134258039, 180812.285673586884513 ] ] } },
{ "type": "Feature", "properties": { "street": 365.0, "segment_id": "365-1", "name": "Ham Yard" }, "geometry": { "type": "LineString", "coordinates": [ [ 529543.331840855069458, 180820.589217375323642 ], [ 529529.138234875630587, 180807.02363933523884 ] ] } },
{ "type": "Feature", "properties": { "street": 365.0, "segment_id": "365-2", "name": "Ham Yard" }, "geometry": { "type": "LineString", "coordinates": [ [ 529529.138234875630587, 180807.02363933523884 ], [ 529536.136480871820822, 180798.658348062366713 ] ] } },
{ "type": "Feature", "properties": { "street": 366.0, "segment_id": "366-1", "name": "Princes Street (III)" }, "geometry": { "type": "LineString", "coordinates": [ [ 529716.900193841545843, 180818.02592019882286 ], [ 529726.577955546206795, 180799.63221002422506 ] ] } },
{ "type": "Feature", "properties": { "street": 367.0, "segment_id": "367-1", "name": "Heddon Court" }, "geometry": { "type": "LineString", "coordinates": [ [ 529183.888950917404145, 180795.129714101669379 ], [ 529226.4616135568358, 180817.18271290208213 ] ] } },
{ "type": "Feature", "properties": { "street": 368.0, "segment_id": "368-1", "name": "Golden Square" }, "geometry": { "type": "LineString", "coordinates": [ [ 529358.87096532038413, 180794.143487840949092 ], [ 529406.414833126706071, 180830.305060230894014 ] ] } },
{ "type": "Feature", "properties": { "street": 369.0, "segment_id": "369-1", "name": "Golden Square" }, "geometry": { "type": "LineString", "coordinates": [ [ 529358.87096532038413, 180794.143487840949092 ], [ 529324.207763278624043, 180842.19309341663029 ] ] } },
{ "type": "Feature", "properties": { "street": 370.0, "segment_id": "370-1", "name": "Lisle Street" }, "geometry": { "type": "LineString", "coordinates": [ [ 529770.771089197718538, 180796.100225738133304 ], [ 529797.981586693669669, 180812.32901148730889 ] ] } },
{ "type": "Feature", "properties": { "street": 371.0, "segment_id": "371-1", "name": "Warwick Street" }, "geometry": { "type": "LineString", "coordinates": [ [ 529254.089545786962844, 180855.16656164615415 ], [ 529297.341040355269797, 180793.354494645958766 ] ] } },
{ "type": "Feature", "properties": { "street": 372.0, "segment_id": "372-1", "name": "Ham Yard" }, "geometry": { "type": "LineString", "coordinates": [ [ 529544.607531563844532, 180789.553909454378299 ], [ 529556.45863572251983, 180799.953034089703579 ] ] } },
{ "type": "Feature", "properties": { "street": 373.0, "segment_id": "373-1", "name": "Ham Yard" }, "geometry": { "type": "LineString", "coordinates": [ [ 529536.136480871820822, 180798.658348062366713 ], [ 529544.607531563844532, 180789.553909454378299 ] ] } },
{ "type": "Feature", "properties": { "street": 374.0, "segment_id": "374-1", "name": "Brewer Street" }, "geometry": { "type": "LineString", "coordinates": [ [ 529437.06586906441953, 180787.59066406294005 ], [ 529453.64188511564862, 180802.770043370255735 ] ] } },
{ "type": "Feature", "properties": { "street": 374.0, "segment_id": "374-2", "name": "Brewer Street" }, "geometry": { "type": "LineString", "coordinates": [ [ 529453.64188511564862, 180802.770043370255735 ], [ 529464.544244845979847, 180812.368087276467122 ] ] } },
{ "type": "Feature", "properties": { "street": 375.0, "segment_id": "375-1", "name": "Lower James Street" }, "geometry": { "type": "LineString", "coordinates": [ [ 529437.06586906441953, 180787.59066406294005 ], [ 529406.414833126706071, 180830.305060230894014 ] ] } },
{ "type": "Feature", "properties": { "street": 376.0, "segment_id": "376-1", "name": "Ham Yard" }, "geometry": { "type": "LineString", "coordinates": [ [ 529556.45863572251983, 180799.953034089703579 ], [ 529565.977536602411419, 180787.768557574599981 ] ] } },
{ "type": "Feature", "properties": { "street": 377.0, "segment_id": "377-1", "name": "Heddon Court" }, "geometry": { "type": "LineString", "coordinates": [ [ 529164.366689343936741, 180781.429759496764746 ], [ 529183.888950917404145, 180795.129714101669379 ] ] } },
{ "type": "Feature", "properties": { "street": 378.0, "segment_id": "378-1", "name": "Lower John Street" }, "geometry": { "type": "LineString", "coordinates": [ [ 529373.371024228748865, 180776.648591190227307 ], [ 529358.87096532038413, 180794.143487840949092 ] ] } },
{ "type": "Feature", "properties": { "street": 379.0, "segment_id": "379-1", "name": "George Court (II)" }, "geometry": { "type": "LineString", "coordinates": [ [ 529676.761926837032661, 180776.613428643206134 ], [ 529726.577955546206795, 180799.63221002422506 ] ] } },
{ "type": "Feature", "properties": { "street": 38.0, "segment_id": "38-1", "name": "Oxford Street" }, "geometry": { "type": "LineString", "coordinates": [ [ 529483.03200977598317, 181323.128040074429009 ], [ 529517.761816184152849, 181329.449974774906877 ] ] } },
{ "type": "Feature", "properties": { "street": 38.0, "segment_id": "38-2", "name": "Oxford Street" }, "geometry": { "type": "LineString", "coordinates": [ [ 529517.761816184152849, 181329.449974774906877 ], [ 529529.809492165921256, 181332.087145032768603 ] ] } },
{ "type": "Feature", "properties": { "street": 380.0, "segment_id": "380-1", "name": "Rupert Street" }, "geometry": { "type": "LineString", "coordinates": [ [ 529650.655052451882511, 180831.092827638844028 ], [ 529666.520767945563421, 180798.099638889892958 ] ] } },
{ "type": "Feature", "properties": { "street": 380.0, "segment_id": "380-2", "name": "Rupert Street" }, "geometry": { "type": "LineString", "coordinates": [ [ 529666.520767945563421, 180798.099638889892958 ], [ 529676.761926837032661, 180776.613428643206134 ] ] } },
{ "type": "Feature", "properties": { "street": 381.0, "segment_id": "381-1", "name": "Conduit Street" }, "geometry": { "type": "LineString", "coordinates": [ [ 528946.149078044458292, 180767.345144660794176 ], [ 528984.950196969206445, 180823.474833038519137 ] ] } },
{ "type": "Feature", "properties": { "street": 382.0, "segment_id": "382-1", "name": "New Bond Street" }, "geometry": { "type": "LineString", "coordinates": [ [ 528946.149078044458292, 180767.345144660794176 ], [ 528908.445941381971352, 180820.75714475667337 ] ] } },
{ "type": "Feature", "properties": { "street": 383.0, "segment_id": "383-1", "name": "Lisle Street" }, "geometry": { "type": "LineString", "coordinates": [ [ 529736.374662750400603, 180776.581371562380809 ], [ 529770.771089197718538, 180796.100225738133304 ] ] } },
{ "type": "Feature", "properties": { "street": 384.0, "segment_id": "384-1", "name": "Princes Street (III)" }, "geometry": { "type": "LineString", "coordinates": [ [ 529726.577955546206795, 180799.63221002422506 ], [ 529736.374662750400603, 180776.581371562380809 ] ] } },
{ "type": "Feature", "properties": { "street": 385.0, "segment_id": "385-1", "name": "Coach & Horses Yard" }, "geometry": { "type": "LineString", "coordinates": [ [ 529050.74845196842216, 180808.834587303572334 ], [ 529022.724687813548371, 180786.375716341659427 ] ] } },
{ "type": "Feature", "properties": { "street": 385.0, "segment_id": "385-2", "name": "Coach & Horses Yard" }, "geometry": { "type": "LineString", "coordinates": [ [ 529022.724687813548371, 180786.375716341659427 ], [ 529019.413176442845725, 180783.184883197711315 ] ] } },
{ "type": "Feature", "properties": { "street": 385.0, "segment_id": "385-3", "name": "Coach & Horses Yard" }, "geometry": { "type": "LineString", "coordinates": [ [ 529019.413176442845725, 180783.184883197711315 ], [ 529020.055139223346487, 180776.987641599436756 ] ] } },
{ "type": "Feature", "properties": { "street": 385.0, "segment_id": "385-4", "name": "Coach & Horses Yard" }, "geometry": { "type": "LineString", "coordinates": [ [ 529020.055139223346487, 180776.987641599436756 ], [ 529019.145583649282344, 180774.634475781640504 ] ] } },
{ "type": "Feature", "properties": { "street": 385.0, "segment_id": "385-5", "name": "Coach & Horses Yard" }, "geometry": { "type": "LineString", "coordinates": [ [ 529019.145583649282344, 180774.634475781640504 ], [ 529007.234265293809585, 180766.565199883887544 ] ] } },
{ "type": "Feature", "properties": { "street": 386.0, "segment_id": "386-1", "name": "Great Windmill Street" }, "geometry": { "type": "LineString", "coordinates": [ [ 529569.742895767907612, 180811.165420494391583 ], [ 529576.514129609102383, 180792.697349683265202 ] ] } },
{ "type": "Feature", "properties": { "street": 386.0, "segment_id": "386-2", "name": "Great Windmill Street" }, "geometry": { "type": "LineString", "coordinates": [ [ 529576.514129609102383, 180792.697349683265202 ], [ 529585.766450629453175, 180771.962457506801002 ] ] } },
{ "type": "Feature", "properties": { "street": 387.0, "segment_id": "387-1", "name": "Leicester Street (I)" }, "geometry": { "type": "LineString", "coordinates": [ [ 529297.341040355269797, 180793.354494645958766 ], [ 529256.280675732647069, 180769.009277667209972 ] ] } },
{ "type": "Feature", "properties": { "street": 388.0, "segment_id": "388-1", "name": "Regent Street" }, "geometry": { "type": "LineString", "coordinates": [ [ 529226.4616135568358, 180817.18271290208213 ], [ 529256.280675732647069, 180769.009277667209972 ] ] } },
{ "type": "Feature", "properties": { "street": 389.0, "segment_id": "389-1", "name": "Old Burlington Street" }, "geometry": { "type": "LineString", "coordinates": [ [ 529081.416241988074034, 180765.341899884748273 ], [ 529050.74845196842216, 180808.834587303572334 ] ] } },
{ "type": "Feature", "properties": { "street": 39.0, "segment_id": "39-1", "name": "Market Place" }, "geometry": { "type": "LineString", "coordinates": [ [ 529191.009995860280469, 181315.69549318094505 ], [ 529194.222365808673203, 181322.767409661202691 ] ] } },
{ "type": "Feature", "properties": { "street": 39.0, "segment_id": "39-2", "name": "Market Place" }, "geometry": { "type": "LineString", "coordinates": [ [ 529194.222365808673203, 181322.767409661202691 ], [ 529187.601935832528397, 181354.443553024029825 ] ] } },
{ "type": "Feature", "properties": { "street": 390.0, "segment_id": "390-1", "name": "Bull Yard" }, "geometry": { "type": "LineString", "coordinates": [ [ 529585.766450629453175, 180771.962457506801002 ], [ 529563.101659486885183, 180767.501157017715741 ] ] } },
{ "type": "Feature", "properties": { "street": 390.0, "segment_id": "390-2", "name": "Bull Yard" }, "geometry": { "type": "LineString", "coordinates": [ [ 529563.101659486885183, 180767.501157017715741 ], [ 529556.063756866264157, 180777.418794715486001 ] ] } },
{ "type": "Feature", "properties": { "street": 391.0, "segment_id": "391-1", "name": "Orchard Place" }, "geometry": { "type": "LineString", "coordinates": [ [ 529458.040507566765882, 180763.270635857421439 ], [ 529479.380789774702862, 180781.678233115177136 ] ] } },
{ "type": "Feature", "properties": { "street": 392.0, "segment_id": "392-1", "name": "Sherrard Street" }, "geometry": { "type": "LineString", "coordinates": [ [ 529458.040507566765882, 180763.270635857421439 ], [ 529437.06586906441953, 180787.59066406294005 ] ] } },
{ "type": "Feature", "properties": { "street": 393.0, "segment_id": "393-1", "name": "Golden Place" }, "geometry": { "type": "LineString", "coordinates": [ [ 529345.902272651204839, 180770.512596097833011 ], [ 529353.404342685011216, 180761.383191883855034 ] ] } },
{ "type": "Feature", "properties": { "street": 393.0, "segment_id": "393-2", "name": "Golden Place" }, "geometry": { "type": "LineString", "coordinates": [ [ 529353.404342685011216, 180761.383191883855034 ], [ 529373.371024228748865, 180776.648591190227307 ] ] } },
{ "type": "Feature", "properties": { "street": 394.0, "segment_id": "394-1", "name": "Catherine Wheel Yard" }, "geometry": { "type": "LineString", "coordinates": [ [ 529588.96931676834356, 180760.393683125555981 ], [ 529609.034302424406633, 180771.779063659254462 ] ] } },
{ "type": "Feature", "properties": { "street": 394.0, "segment_id": "394-2", "name": "Catherine Wheel Yard" }, "geometry": { "type": "LineString", "coordinates": [ [ 529609.034302424406633, 180771.779063659254462 ], [ 529636.690152258379385, 180789.571708096598741 ] ] } },
{ "type": "Feature", "properties": { "street": 395.0, "segment_id": "395-1", "name": "Great Windmill Street" }, "geometry": { "type": "LineString", "coordinates": [ [ 529585.766450629453175, 180771.962457506801002 ], [ 529588.96931676834356, 180760.393683125555981 ] ] } },
{ "type": "Feature", "properties": { "street": 396.0, "segment_id": "396-1", "name": "Bruton Street" }, "geometry": { "type": "LineString", "coordinates": [ [ 528946.149078044458292, 180767.345144660794176 ], [ 528911.343929406953976, 180744.714876166428439 ] ] } },
{ "type": "Feature", "properties": { "street": 398.0, "segment_id": "398-1", "name": "Great Windmill Street" }, "geometry": { "type": "LineString", "coordinates": [ [ 529588.96931676834356, 180760.393683125555981 ], [ 529591.569113492732868, 180753.469708502816502 ] ] } },
{ "type": "Feature", "properties": { "street": 398.0, "segment_id": "398-2", "name": "Great Windmill Street" }, "geometry": { "type": "LineString", "coordinates": [ [ 529591.569113492732868, 180753.469708502816502 ], [ 529592.636741495225579, 180749.613451340817846 ] ] } },
{ "type": "Feature", "properties": { "street": 399.0, "segment_id": "399-1", "name": "Brewer Street" }, "geometry": { "type": "LineString", "coordinates": [ [ 529393.455759108066559, 180749.198877553630155 ], [ 529410.980938838911243, 180765.178965322673321 ] ] } },
{ "type": "Feature", "properties": { "street": 399.0, "segment_id": "399-2", "name": "Brewer Street" }, "geometry": { "type": "LineString", "coordinates": [ [ 529410.980938838911243, 180765.178965322673321 ], [ 529437.06586906441953, 180787.59066406294005 ] ] } },
{ "type": "Feature", "properties": { "street": 40.0, "segment_id": "40-1", "name": "Falconberg Court" }, "geometry": { "type": "LineString", "coordinates": [ [ 529770.933196315891109, 181321.151786379923578 ], [ 529779.531340506975539, 181326.031555177411065 ] ] } },
{ "type": "Feature", "properties": { "street": 400.0, "segment_id": "400-1", "name": "Lower John Street" }, "geometry": { "type": "LineString", "coordinates": [ [ 529393.455759108066559, 180749.198877553630155 ], [ 529373.371024228748865, 180776.648591190227307 ] ] } },
{ "type": "Feature", "properties": { "street": 401.0, "segment_id": "401-1", "name": "Leicester Street (I)" }, "geometry": { "type": "LineString", "coordinates": [ [ 529256.280675732647069, 180769.009277667209972 ], [ 529217.700808123336174, 180742.397392335231416 ] ] } },
{ "type": "Feature", "properties": { "street": 402.0, "segment_id": "402-1", "name": "Heddon Street" }, "geometry": { "type": "LineString", "coordinates": [ [ 529217.700808123336174, 180742.397392335231416 ], [ 529183.888950917404145, 180795.129714101669379 ] ] } },
{ "type": "Feature", "properties": { "street": 403.0, "segment_id": "403-1", "name": "Queen Street (III)" }, "geometry": { "type": "LineString", "coordinates": [ [ 529592.636741495225579, 180749.613451340817846 ], [ 529537.056713815312833, 180743.536421897239052 ] ] } },
{ "type": "Feature", "properties": { "street": 404.0, "segment_id": "404-1", "name": "Wellington Mews" }, "geometry": { "type": "LineString", "coordinates": [ [ 529485.687162100570276, 180762.421516578353476 ], [ 529515.6266801886959, 180785.708531110605691 ] ] } },
{ "type": "Feature", "properties": { "street": 404.0, "segment_id": "404-2", "name": "Wellington Mews" }, "geometry": { "type": "LineString", "coordinates": [ [ 529515.6266801886959, 180785.708531110605691 ], [ 529525.105942607158795, 180775.076362082501873 ] ] } },
{ "type": "Feature", "properties": { "street": 404.0, "segment_id": "404-3", "name": "Wellington Mews" }, "geometry": { "type": "LineString", "coordinates": [ [ 529525.105942607158795, 180775.076362082501873 ], [ 529529.039960401365533, 180772.846534054551739 ] ] } },
{ "type": "Feature", "properties": { "street": 404.0, "segment_id": "404-4", "name": "Wellington Mews" }, "geometry": { "type": "LineString", "coordinates": [ [ 529529.039960401365533, 180772.846534054551739 ], [ 529535.010231984662823, 180766.785128113231622 ] ] } },
{ "type": "Feature", "properties": { "street": 404.0, "segment_id": "404-5", "name": "Wellington Mews" }, "geometry": { "type": "LineString", "coordinates": [ [ 529535.010231984662823, 180766.785128113231622 ], [ 529537.056713815312833, 180743.536421897239052 ] ] } },
{ "type": "Feature", "properties": { "street": 406.0, "segment_id": "406-1", "name": "Leicester Street (II)" }, "geometry": { "type": "LineString", "coordinates": [ [ 529770.771089197718538, 180796.100225738133304 ], [ 529799.785456918762065, 180741.695637760800309 ] ] } },
{ "type": "Feature", "properties": { "street": 407.0, "segment_id": "407-1", "name": "Clifford Street" }, "geometry": { "type": "LineString", "coordinates": [ [ 529036.173004675889388, 180733.902052614139393 ], [ 529081.416241988074034, 180765.341899884748273 ] ] } },
{ "type": "Feature", "properties": { "street": 408.0, "segment_id": "408-1", "name": "Regent Street" }, "geometry": { "type": "LineString", "coordinates": [ [ 529256.280675732647069, 180769.009277667209972 ], [ 529274.990745760849677, 180738.417386750865262 ] ] } },
{ "type": "Feature", "properties": { "street": 409.0, "segment_id": "409-1", "name": "Leicester Street (I)" }, "geometry": { "type": "LineString", "coordinates": [ [ 529217.700808123336174, 180742.397392335231416 ], [ 529207.183522959705442, 180736.693160385126248 ] ] } },
{ "type": "Feature", "properties": { "street": 41.0, "segment_id": "41-1", "name": "Falconberg Mews" }, "geometry": { "type": "LineString", "coordinates": [ [ 529727.12980579782743, 181328.577019931282848 ], [ 529762.204876414965838, 181340.346336820744909 ] ] } },
{ "type": "Feature", "properties": { "street": 41.0, "segment_id": "41-2", "name": "Falconberg Mews" }, "geometry": { "type": "LineString", "coordinates": [ [ 529762.204876414965838, 181340.346336820744909 ], [ 529770.933196315891109, 181321.151786379923578 ] ] } },
{ "type": "Feature", "properties": { "street": 410.0, "segment_id": "410-1", "name": "Queen Street (III)" }, "geometry": { "type": "LineString", "coordinates": [ [ 529481.51612614071928, 180735.907620119338389 ], [ 529537.056713815312833, 180743.536421897239052 ] ] } },
{ "type": "Feature", "properties": { "street": 411.0, "segment_id": "411-1", "name": "Sherrard Street" }, "geometry": { "type": "LineString", "coordinates": [ [ 529481.51612614071928, 180735.907620119338389 ], [ 529458.040507566765882, 180763.270635857421439 ] ] } },
{ "type": "Feature", "properties": { "street": 412.0, "segment_id": "412-1", "name": "Leicester Street (I)" }, "geometry": { "type": "LineString", "coordinates": [ [ 529207.183522959705442, 180736.693160385126248 ], [ 529203.89181945763994, 180732.726014136860613 ] ] } },
{ "type": "Feature", "properties": { "street": 413.0, "segment_id": "413-1", "name": "Unknown-A1" }, "geometry": { "type": "LineString", "coordinates": [ [ 529262.575641228468157, 180731.111379870853852 ], [ 529274.990745760849677, 180738.417386750865262 ] ] } },
{ "type": "Feature", "properties": { "street": 414.0, "segment_id": "414-1", "name": "Sidney Alley" }, "geometry": { "type": "LineString", "coordinates": [ [ 529799.785456918762065, 180741.695637760800309 ], [ 529758.123657862422988, 180721.99110951408511 ] ] } },
{ "type": "Feature", "properties": { "street": 415.0, "segment_id": "415-1", "name": "Princes Street (III)" }, "geometry": { "type": "LineString", "coordinates": [ [ 529736.374662750400603, 180776.581371562380809 ], [ 529750.204666004516184, 180747.419937960687093 ] ] } },
{ "type": "Feature", "properties": { "street": 415.0, "segment_id": "415-2", "name": "Princes Street (III)" }, "geometry": { "type": "LineString", "coordinates": [ [ 529750.204666004516184, 180747.419937960687093 ], [ 529757.540237769717351, 180725.859698968881276 ] ] } },
{ "type": "Feature", "properties": { "street": 415.0, "segment_id": "415-3", "name": "Princes Street (III)" }, "geometry": { "type": "LineString", "coordinates": [ [ 529757.540237769717351, 180725.859698968881276 ], [ 529758.123657862422988, 180721.99110951408511 ] ] } },
{ "type": "Feature", "properties": { "street": 416.0, "segment_id": "416-1", "name": "Great Windmill Street" }, "geometry": { "type": "LineString", "coordinates": [ [ 529592.636741495225579, 180749.613451340817846 ], [ 529599.289374700980261, 180735.802557017595973 ] ] } },
{ "type": "Feature", "properties": { "street": 416.0, "segment_id": "416-2", "name": "Great Windmill Street" }, "geometry": { "type": "LineString", "coordinates": [ [ 529599.289374700980261, 180735.802557017595973 ], [ 529604.469231115072034, 180722.730810399109032 ] ] } },
{ "type": "Feature", "properties": { "street": 417.0, "segment_id": "417-1", "name": "Unknown-C" }, "geometry": { "type": "LineString", "coordinates": [ [ 529207.183522959705442, 180736.693160385126248 ], [ 529218.737690922454931, 180720.676337946322747 ] ] } },
{ "type": "Feature", "properties": { "street": 418.0, "segment_id": "418-1", "name": "Unknown-A2" }, "geometry": { "type": "LineString", "coordinates": [ [ 529242.529507753672078, 180718.951191914093215 ], [ 529262.575641228468157, 180731.111379870853852 ] ] } },
{ "type": "Feature", "properties": { "street": 42.0, "segment_id": "42-1", "name": "Oxford Street" }, "geometry": { "type": "LineString", "coordinates": [ [ 529442.550053170649335, 181314.329732934362255 ], [ 529464.728176252101548, 181318.778198032989167 ] ] } },
{ "type": "Feature", "properties": { "street": 42.0, "segment_id": "42-2", "name": "Oxford Street" }, "geometry": { "type": "LineString", "coordinates": [ [ 529464.728176252101548, 181318.778198032989167 ], [ 529483.03200977598317, 181323.128040074429009 ] ] } },
{ "type": "Feature", "properties": { "street": 420.0, "segment_id": "420-1", "name": "Angel Court" }, "geometry": { "type": "LineString", "coordinates": [ [ 529568.766633784980513, 180716.383658356906381 ], [ 529604.469231115072034, 180722.730810399109032 ] ] } },
{ "type": "Feature", "properties": { "street": 421.0, "segment_id": "421-1", "name": "Brewer Street" }, "geometry": { "type": "LineString", "coordinates": [ [ 529356.526973292930052, 180714.861007388972212 ], [ 529393.455759108066559, 180749.198877553630155 ] ] } },
{ "type": "Feature", "properties": { "street": 422.0, "segment_id": "422-1", "name": "Warwick Street" }, "geometry": { "type": "LineString", "coordinates": [ [ 529297.341040355269797, 180793.354494645958766 ], [ 529327.062163285329007, 180749.062422097893432 ] ] } },
{ "type": "Feature", "properties": { "street": 422.0, "segment_id": "422-2", "name": "Warwick Street" }, "geometry": { "type": "LineString", "coordinates": [ [ 529327.062163285329007, 180749.062422097893432 ], [ 529356.526973292930052, 180714.861007388972212 ] ] } },
{ "type": "Feature", "properties": { "street": 423.0, "segment_id": "423-1", "name": "Marylebone Street" }, "geometry": { "type": "LineString", "coordinates": [ [ 529356.526973292930052, 180714.861007388972212 ], [ 529348.273445701343007, 180715.427648625453003 ] ] } },
{ "type": "Feature", "properties": { "street": 424.0, "segment_id": "424-1", "name": "Clifford Street" }, "geometry": { "type": "LineString", "coordinates": [ [ 528988.913056399207562, 180705.51821915875189 ], [ 529036.173004675889388, 180733.902052614139393 ] ] } },
{ "type": "Feature", "properties": { "street": 425.0, "segment_id": "425-1", "name": "New Bond Street" }, "geometry": { "type": "LineString", "coordinates": [ [ 528988.913056399207562, 180705.51821915875189 ], [ 528946.149078044458292, 180767.345144660794176 ] ] } },
{ "type": "Feature", "properties": { "street": 426.0, "segment_id": "426-1", "name": "Princes Street (III)" }, "geometry": { "type": "LineString", "coordinates": [ [ 529758.123657862422988, 180721.99110951408511 ], [ 529759.270683822687715, 180715.030121747637168 ] ] } },
{ "type": "Feature", "properties": { "street": 426.0, "segment_id": "426-2", "name": "Princes Street (III)" }, "geometry": { "type": "LineString", "coordinates": [ [ 529759.270683822687715, 180715.030121747637168 ], [ 529760.417712290538475, 180708.069134260120336 ] ] } },
{ "type": "Feature", "properties": { "street": 427.0, "segment_id": "427-1", "name": "Francis Street" }, "geometry": { "type": "LineString", "coordinates": [ [ 529408.084362298133783, 180707.629810671962332 ], [ 529393.455759108066559, 180749.198877553630155 ] ] } },
{ "type": "Feature", "properties": { "street": 428.0, "segment_id": "428-1", "name": "Marylebone Street" }, "geometry": { "type": "LineString", "coordinates": [ [ 529408.084362298133783, 180707.629810671962332 ], [ 529356.526973292930052, 180714.861007388972212 ] ] } },
{ "type": "Feature", "properties": { "street": 429.0, "segment_id": "429-1", "name": "Kings Arms Yard" }, "geometry": { "type": "LineString", "coordinates": [ [ 529426.064253454678692, 180705.757544249063358 ], [ 529424.986954069696367, 180729.030952845001593 ] ] } },
{ "type": "Feature", "properties": { "street": 429.0, "segment_id": "429-2", "name": "Kings Arms Yard" }, "geometry": { "type": "LineString", "coordinates": [ [ 529424.986954069696367, 180729.030952845001593 ], [ 529435.909299802500755, 180737.852739442023449 ] ] } },
{ "type": "Feature", "properties": { "street": 43.0, "segment_id": "43-1", "name": "Berners Street" }, "geometry": { "type": "LineString", "coordinates": [ [ 529442.550053170649335, 181314.329732934362255 ], [ 529407.059046278940514, 181394.978827494487632 ] ] } },
{ "type": "Feature", "properties": { "street": 430.0, "segment_id": "430-1", "name": "Marylebone Street" }, "geometry": { "type": "LineString", "coordinates": [ [ 529426.064253454678692, 180705.757544249063358 ], [ 529419.748060939833522, 180706.373404065321665 ] ] } },
{ "type": "Feature", "properties": { "street": 430.0, "segment_id": "430-2", "name": "Marylebone Street" }, "geometry": { "type": "LineString", "coordinates": [ [ 529419.748060939833522, 180706.373404065321665 ], [ 529408.084362298133783, 180707.629810671962332 ] ] } },
{ "type": "Feature", "properties": { "street": 431.0, "segment_id": "431-1", "name": "North Coventry Street" }, "geometry": { "type": "LineString", "coordinates": [ [ 529768.365342993638478, 180700.505077634821646 ], [ 529799.431278353440575, 180717.608982450154144 ] ] } },
{ "type": "Feature", "properties": { "street": 432.0, "segment_id": "432-1", "name": "Princes Street (III)" }, "geometry": { "type": "LineString", "coordinates": [ [ 529760.417712290538475, 180708.069134260120336 ], [ 529768.365342993638478, 180700.505077634821646 ] ] } },
{ "type": "Feature", "properties": { "street": 433.0, "segment_id": "433-1", "name": "Coventry Street" }, "geometry": { "type": "LineString", "coordinates": [ [ 529760.417712290538475, 180708.069134260120336 ], [ 529718.982302313437685, 180698.467780468927231 ] ] } },
{ "type": "Feature", "properties": { "street": 434.0, "segment_id": "434-1", "name": "Rupert Street" }, "geometry": { "type": "LineString", "coordinates": [ [ 529676.761926837032661, 180776.613428643206134 ], [ 529693.033073103055358, 180746.737441726087127 ] ] } },
{ "type": "Feature", "properties": { "street": 434.0, "segment_id": "434-2", "name": "Rupert Street" }, "geometry": { "type": "LineString", "coordinates": [ [ 529693.033073103055358, 180746.737441726087127 ], [ 529718.982302313437685, 180698.467780468927231 ] ] } },
{ "type": "Feature", "properties": { "street": 435.0, "segment_id": "435-1", "name": "Glasshouse Street" }, "geometry": { "type": "LineString", "coordinates": [ [ 529348.273445701343007, 180715.427648625453003 ], [ 529298.297042752383277, 180698.622153368080035 ] ] } },
{ "type": "Feature", "properties": { "street": 436.0, "segment_id": "436-1", "name": "Regent Street" }, "geometry": { "type": "LineString", "coordinates": [ [ 529274.990745760849677, 180738.417386750865262 ], [ 529298.297042752383277, 180698.622153368080035 ] ] } },
{ "type": "Feature", "properties": { "street": 437.0, "segment_id": "437-1", "name": "Coventry Street" }, "geometry": { "type": "LineString", "coordinates": [ [ 529718.982302313437685, 180698.467780468927231 ], [ 529707.397716233157553, 180696.618737521755975 ] ] } },
{ "type": "Feature", "properties": { "street": 438.0, "segment_id": "438-1", "name": "Sherrard Street" }, "geometry": { "type": "LineString", "coordinates": [ [ 529510.191403132514097, 180694.696679799293634 ], [ 529497.025005574105307, 180716.885363515291829 ] ] } },
{ "type": "Feature", "properties": { "street": 438.0, "segment_id": "438-2", "name": "Sherrard Street" }, "geometry": { "type": "LineString", "coordinates": [ [ 529497.025005574105307, 180716.885363515291829 ], [ 529481.51612614071928, 180735.907620119338389 ] ] } },
{ "type": "Feature", "properties": { "street": 439.0, "segment_id": "439-1", "name": "Marylebone Street" }, "geometry": { "type": "LineString", "coordinates": [ [ 529510.191403132514097, 180694.696679799293634 ], [ 529426.064253454678692, 180705.757544249063358 ] ] } },
{ "type": "Feature", "properties": { "street": 44.0, "segment_id": "44-1", "name": "Adam and Eve Court" }, "geometry": { "type": "LineString", "coordinates": [ [ 529339.43736283830367, 181310.150827414356172 ], [ 529307.318170572514646, 181391.663070177077316 ] ] } },
{ "type": "Feature", "properties": { "street": 440.0, "segment_id": "440-1", "name": "New Bond Street" }, "geometry": { "type": "LineString", "coordinates": [ [ 529004.014577050576918, 180683.377426174178254 ], [ 528988.913056399207562, 180705.51821915875189 ] ] } },
{ "type": "Feature", "properties": { "street": 441.0, "segment_id": "441-1", "name": "Coventry Street" }, "geometry": { "type": "LineString", "coordinates": [ [ 529707.397716233157553, 180696.618737521755975 ], [ 529678.979972749948502, 180689.680030920368154 ] ] } },
{ "type": "Feature", "properties": { "street": 442.0, "segment_id": "442-1", "name": "Arundel Street" }, "geometry": { "type": "LineString", "coordinates": [ [ 529678.979972749948502, 180689.680030920368154 ], [ 529645.775180929689668, 180756.405509001400787 ] ] } },
{ "type": "Feature", "properties": { "street": 443.0, "segment_id": "443-1", "name": "Coventry Street" }, "geometry": { "type": "LineString", "coordinates": [ [ 529678.979972749948502, 180689.680030920368154 ], [ 529673.187665144097991, 180688.755552031449042 ] ] } },
{ "type": "Feature", "properties": { "street": 444.0, "segment_id": "444-1", "name": "Tichborne Street" }, "geometry": { "type": "LineString", "coordinates": [ [ 529532.708504013018683, 180685.950143399648368 ], [ 529516.062841810518876, 180692.516207470383961 ] ] } },
{ "type": "Feature", "properties": { "street": 444.0, "segment_id": "444-2", "name": "Tichborne Street" }, "geometry": { "type": "LineString", "coordinates": [ [ 529516.062841810518876, 180692.516207470383961 ], [ 529510.191403132514097, 180694.696679799293634 ] ] } },
{ "type": "Feature", "properties": { "street": 445.0, "segment_id": "445-1", "name": "Vigo Street" }, "geometry": { "type": "LineString", "coordinates": [ [ 529298.297042752383277, 180698.622153368080035 ], [ 529246.422431151848286, 180680.215506591310259 ] ] } },
{ "type": "Feature", "properties": { "street": 446.0, "segment_id": "446-1", "name": "Coventry Street" }, "geometry": { "type": "LineString", "coordinates": [ [ 529673.187665144097991, 180688.755552031449042 ], [ 529648.180040114442818, 180681.127328714181203 ] ] } },
{ "type": "Feature", "properties": { "street": 446.0, "segment_id": "446-2", "name": "Coventry Street" }, "geometry": { "type": "LineString", "coordinates": [ [ 529648.180040114442818, 180681.127328714181203 ], [ 529640.489940795465373, 180678.601087090093642 ] ] } },
{ "type": "Feature", "properties": { "street": 446.0, "segment_id": "446-3", "name": "Coventry Street" }, "geometry": { "type": "LineString", "coordinates": [ [ 529640.489940795465373, 180678.601087090093642 ], [ 529627.047096445574425, 180673.598049287160393 ] ] } },
{ "type": "Feature", "properties": { "street": 447.0, "segment_id": "447-1", "name": "Great Windmill Street" }, "geometry": { "type": "LineString", "coordinates": [ [ 529604.469231115072034, 180722.730810399109032 ], [ 529606.041006453800946, 180718.110715382616036 ] ] } },
{ "type": "Feature", "properties": { "street": 447.0, "segment_id": "447-2", "name": "Great Windmill Street" }, "geometry": { "type": "LineString", "coordinates": [ [ 529606.041006453800946, 180718.110715382616036 ], [ 529618.802725503919646, 180692.805190380371641 ] ] } },
{ "type": "Feature", "properties": { "street": 447.0, "segment_id": "447-3", "name": "Great Windmill Street" }, "geometry": { "type": "LineString", "coordinates": [ [ 529618.802725503919646, 180692.805190380371641 ], [ 529627.047096445574425, 180673.598049287160393 ] ] } },
{ "type": "Feature", "properties": { "street": 448.0, "segment_id": "448-1", "name": "Princes Street (III)" }, "geometry": { "type": "LineString", "coordinates": [ [ 529768.365342993638478, 180700.505077634821646 ], [ 529783.688383585074916, 180669.828448820626363 ] ] } },
{ "type": "Feature", "properties": { "street": 449.0, "segment_id": "449-1", "name": "Tichborne Street" }, "geometry": { "type": "LineString", "coordinates": [ [ 529627.047096445574425, 180673.598049287160393 ], [ 529619.841320555307902, 180671.084191946021747 ] ] } },
{ "type": "Feature", "properties": { "street": 449.0, "segment_id": "449-2", "name": "Tichborne Street" }, "geometry": { "type": "LineString", "coordinates": [ [ 529619.841320555307902, 180671.084191946021747 ], [ 529611.627262055175379, 180670.098024725506548 ] ] } },
{ "type": "Feature", "properties": { "street": 449.0, "segment_id": "449-3", "name": "Tichborne Street" }, "geometry": { "type": "LineString", "coordinates": [ [ 529611.627262055175379, 180670.098024725506548 ], [ 529602.928856517537497, 180669.099520501506049 ] ] } },
{ "type": "Feature", "properties": { "street": 449.0, "segment_id": "449-4", "name": "Tichborne Street" }, "geometry": { "type": "LineString", "coordinates": [ [ 529602.928856517537497, 180669.099520501506049 ], [ 529593.222177939140238, 180669.628714576188941 ] ] } },
{ "type": "Feature", "properties": { "street": 449.0, "segment_id": "449-5", "name": "Tichborne Street" }, "geometry": { "type": "LineString", "coordinates": [ [ 529593.222177939140238, 180669.628714576188941 ], [ 529575.647266001789831, 180674.617504484136589 ] ] } },
{ "type": "Feature", "properties": { "street": 449.0, "segment_id": "449-6", "name": "Tichborne Street" }, "geometry": { "type": "LineString", "coordinates": [ [ 529575.647266001789831, 180674.617504484136589 ], [ 529542.474489386891946, 180683.092260676436126 ] ] } },
{ "type": "Feature", "properties": { "street": 449.0, "segment_id": "449-7", "name": "Tichborne Street" }, "geometry": { "type": "LineString", "coordinates": [ [ 529542.474489386891946, 180683.092260676436126 ], [ 529532.708504013018683, 180685.950143399648368 ] ] } },
{ "type": "Feature", "properties": { "street": 45.0, "segment_id": "45-1", "name": "Market Place" }, "geometry": { "type": "LineString", "coordinates": [ [ 529157.346986840013415, 181305.519456616719253 ], [ 529191.009995860280469, 181315.69549318094505 ] ] } },
{ "type": "Feature", "properties": { "street": 450.0, "segment_id": "450-1", "name": "Vigo Street" }, "geometry": { "type": "LineString", "coordinates": [ [ 529246.422431151848286, 180680.215506591310259 ], [ 529208.010447471868247, 180666.035090197343379 ] ] } },
{ "type": "Feature", "properties": { "street": 450.0, "segment_id": "450-2", "name": "Vigo Street" }, "geometry": { "type": "LineString", "coordinates": [ [ 529208.010447471868247, 180666.035090197343379 ], [ 529198.807909924769774, 180665.801158428017516 ] ] } },
{ "type": "Feature", "properties": { "street": 451.0, "segment_id": "451-1", "name": "Saville Row" }, "geometry": { "type": "LineString", "coordinates": [ [ 529198.807909924769774, 180665.801158428017516 ], [ 529097.452458749525249, 180820.894384413782973 ] ] } },
{ "type": "Feature", "properties": { "street": 452.0, "segment_id": "452-1", "name": "Tichborne Street" }, "geometry": { "type": "LineString", "coordinates": [ [ 529627.047096445574425, 180673.598049287160393 ], [ 529629.607389840297401, 180668.22647556749871 ] ] } },
{ "type": "Feature", "properties": { "street": 453.0, "segment_id": "453-1", "name": "Regents Quadrant" }, "geometry": { "type": "LineString", "coordinates": [ [ 529519.641394003876485, 180666.199758989154361 ], [ 529532.708504013018683, 180685.950143399648368 ] ] } },
{ "type": "Feature", "properties": { "street": 454.0, "segment_id": "454-1", "name": "Grafton Street" }, "geometry": { "type": "LineString", "coordinates": [ [ 528964.36562761652749, 180660.623872711323202 ], [ 529004.014577050576918, 180683.377426174178254 ] ] } },
{ "type": "Feature", "properties": { "street": 455.0, "segment_id": "455-1", "name": "Regents Quadrant" }, "geometry": { "type": "LineString", "coordinates": [ [ 529298.297042752383277, 180698.622153368080035 ], [ 529299.324962719110772, 180696.318221363879275 ] ] } },
{ "type": "Feature", "properties": { "street": 455.0, "segment_id": "455-2", "name": "Regents Quadrant" }, "geometry": { "type": "LineString", "coordinates": [ [ 529299.324962719110772, 180696.318221363879275 ], [ 529302.893069830024615, 180689.418748267344199 ] ] } },
{ "type": "Feature", "properties": { "street": 455.0, "segment_id": "455-3", "name": "Regents Quadrant" }, "geometry": { "type": "LineString", "coordinates": [ [ 529302.893069830024615, 180689.418748267344199 ], [ 529307.914214063086547, 180682.556243952189106 ] ] } },
{ "type": "Feature", "properties": { "street": 455.0, "segment_id": "455-4", "name": "Regents Quadrant" }, "geometry": { "type": "LineString", "coordinates": [ [ 529307.914214063086547, 180682.556243952189106 ], [ 529315.337339776102453, 180676.53154986014124 ] ] } },
{ "type": "Feature", "properties": { "street": 455.0, "segment_id": "455-5", "name": "Regents Quadrant" }, "geometry": { "type": "LineString", "coordinates": [ [ 529315.337339776102453, 180676.53154986014124 ], [ 529325.725795315811411, 180668.252234268642496 ] ] } },
{ "type": "Feature", "properties": { "street": 455.0, "segment_id": "455-6", "name": "Regents Quadrant" }, "geometry": { "type": "LineString", "coordinates": [ [ 529325.725795315811411, 180668.252234268642496 ], [ 529338.961098508560099, 180662.375463808130007 ] ] } },
{ "type": "Feature", "properties": { "street": 456.0, "segment_id": "456-1", "name": "Cork Street" }, "geometry": { "type": "LineString", "coordinates": [ [ 529090.551389090716839, 180653.7301820073626 ], [ 529036.173004675889388, 180733.902052614139393 ] ] } },
{ "type": "Feature", "properties": { "street": 457.0, "segment_id": "457-1", "name": "Burlington Gardens" }, "geometry": { "type": "LineString", "coordinates": [ [ 529198.807909924769774, 180665.801158428017516 ], [ 529187.203380333608948, 180664.729497821943369 ] ] } },
{ "type": "Feature", "properties": { "street": 457.0, "segment_id": "457-2", "name": "Burlington Gardens" }, "geometry": { "type": "LineString", "coordinates": [ [ 529187.203380333608948, 180664.729497821943369 ], [ 529158.112038169521838, 180646.126224422943778 ] ] } },
{ "type": "Feature", "properties": { "street": 458.0, "segment_id": "458-1", "name": "Old Burlington Street" }, "geometry": { "type": "LineString", "coordinates": [ [ 529158.112038169521838, 180646.126224422943778 ], [ 529081.416241988074034, 180765.341899884748273 ] ] } },
{ "type": "Feature", "properties": { "street": 459.0, "segment_id": "459-1", "name": "Cork Mews" }, "geometry": { "type": "LineString", "coordinates": [ [ 529090.551389090716839, 180653.7301820073626 ], [ 529061.904579031397589, 180636.692151406779885 ] ] } },
{ "type": "Feature", "properties": { "street": 459.0, "segment_id": "459-2", "name": "Cork Mews" }, "geometry": { "type": "LineString", "coordinates": [ [ 529061.904579031397589, 180636.692151406779885 ], [ 529048.917418789002113, 180651.896239441703074 ] ] } },
{ "type": "Feature", "properties": { "street": 459.0, "segment_id": "459-3", "name": "Cork Mews" }, "geometry": { "type": "LineString", "coordinates": [ [ 529048.917418789002113, 180651.896239441703074 ], [ 529034.497008647653274, 180666.287279393116478 ] ] } },
{ "type": "Feature", "properties": { "street": 459.0, "segment_id": "459-4", "name": "Cork Mews" }, "geometry": { "type": "LineString", "coordinates": [ [ 529034.497008647653274, 180666.287279393116478 ], [ 529021.974641736363992, 180682.279922480636742 ] ] } },
{ "type": "Feature", "properties": { "street": 46.0, "segment_id": "46-1", "name": "Market Place" }, "geometry": { "type": "LineString", "coordinates": [ [ 529154.965027322643436, 181303.905528458824847 ], [ 529157.346986840013415, 181305.519456616719253 ] ] } },
{ "type": "Feature", "properties": { "street": 460.0, "segment_id": "460-1", "name": "Picadilly" }, "geometry": { "type": "LineString", "coordinates": [ [ 529629.607389840297401, 180668.22647556749871 ], [ 529580.333346844650805, 180642.892451933177654 ] ] } },
{ "type": "Feature", "properties": { "street": 461.0, "segment_id": "461-1", "name": "Whitcomb Court" }, "geometry": { "type": "LineString", "coordinates": [ [ 529741.700079132569954, 180643.902174552087672 ], [ 529783.688383585074916, 180669.828448820626363 ] ] } },
{ "type": "Feature", "properties": { "street": 462.0, "segment_id": "462-1", "name": "Oxendon Street" }, "geometry": { "type": "LineString", "coordinates": [ [ 529741.700079132569954, 180643.902174552087672 ], [ 529707.397716233157553, 180696.618737521755975 ] ] } },
{ "type": "Feature", "properties": { "street": 463.0, "segment_id": "463-1", "name": "Regents Quadrant" }, "geometry": { "type": "LineString", "coordinates": [ [ 529441.770593274151906, 180640.915163083234802 ], [ 529452.386685585486703, 180642.738924583070911 ] ] } },
{ "type": "Feature", "properties": { "street": 463.0, "segment_id": "463-10", "name": "Regents Quadrant" }, "geometry": { "type": "LineString", "coordinates": [ [ 529510.478403592249379, 180664.412879955722019 ], [ 529519.641394003876485, 180666.199758989154361 ] ] } },
{ "type": "Feature", "properties": { "street": 463.0, "segment_id": "463-2", "name": "Regents Quadrant" }, "geometry": { "type": "LineString", "coordinates": [ [ 529452.386685585486703, 180642.738924583070911 ], [ 529460.581038568285294, 180644.501024332945235 ] ] } },
{ "type": "Feature", "properties": { "street": 463.0, "segment_id": "463-3", "name": "Regents Quadrant" }, "geometry": { "type": "LineString", "coordinates": [ [ 529460.581038568285294, 180644.501024332945235 ], [ 529468.755614898633212, 180647.039328662620392 ] ] } },
{ "type": "Feature", "properties": { "street": 463.0, "segment_id": "463-4", "name": "Regents Quadrant" }, "geometry": { "type": "LineString", "coordinates": [ [ 529468.755614898633212, 180647.039328662620392 ], [ 529474.528225600603037, 180648.739764279220253 ] ] } },
{ "type": "Feature", "properties": { "street": 463.0, "segment_id": "463-5", "name": "Regents Quadrant" }, "geometry": { "type": "LineString", "coordinates": [ [ 529474.528225600603037, 180648.739764279220253 ], [ 529481.734097133157775, 180651.253413749160245 ] ] } },
{ "type": "Feature", "properties": { "street": 463.0, "segment_id": "463-6", "name": "Regents Quadrant" }, "geometry": { "type": "LineString", "coordinates": [ [ 529481.734097133157775, 180651.253413749160245 ], [ 529490.818019869853742, 180656.145005325321108 ] ] } },
{ "type": "Feature", "properties": { "street": 463.0, "segment_id": "463-7", "name": "Regents Quadrant" }, "geometry": { "type": "LineString", "coordinates": [ [ 529490.818019869853742, 180656.145005325321108 ], [ 529498.972787849139422, 180659.459550132392906 ] ] } },
{ "type": "Feature", "properties": { "street": 463.0, "segment_id": "463-8", "name": "Regents Quadrant" }, "geometry": { "type": "LineString", "coordinates": [ [ 529498.972787849139422, 180659.459550132392906 ], [ 529506.662978121777996, 180661.985575850238092 ] ] } },
{ "type": "Feature", "properties": { "street": 463.0, "segment_id": "463-9", "name": "Regents Quadrant" }, "geometry": { "type": "LineString", "coordinates": [ [ 529506.662978121777996, 180661.985575850238092 ], [ 529510.478403592249379, 180664.412879955722019 ] ] } },
{ "type": "Feature", "properties": { "street": 464.0, "segment_id": "464-1", "name": "Air Street" }, "geometry": { "type": "LineString", "coordinates": [ [ 529441.770593274151906, 180640.915163083234802 ], [ 529408.084362298133783, 180707.629810671962332 ] ] } },
{ "type": "Feature", "properties": { "street": 466.0, "segment_id": "466-1", "name": "Princes Street (III)" }, "geometry": { "type": "LineString", "coordinates": [ [ 529783.688383585074916, 180669.828448820626363 ], [ 529802.88637885346543, 180639.250817856751382 ] ] } },
{ "type": "Feature", "properties": { "street": 467.0, "segment_id": "467-1", "name": "Grafton Street" }, "geometry": { "type": "LineString", "coordinates": [ [ 528918.152040687506087, 180629.160529103712179 ], [ 528964.36562761652749, 180660.623872711323202 ] ] } },
{ "type": "Feature", "properties": { "street": 468.0, "segment_id": "468-1", "name": "Grafton Street" }, "geometry": { "type": "LineString", "coordinates": [ [ 528915.749991814838722, 180628.322912974632345 ], [ 528918.152040687506087, 180629.160529103712179 ] ] } },
{ "type": "Feature", "properties": { "street": 47.0, "segment_id": "47-1", "name": "Market Place" }, "geometry": { "type": "LineString", "coordinates": [ [ 529141.911104068043642, 181340.855066085001454 ], [ 529154.965027322643436, 181303.905528458824847 ] ] } },
{ "type": "Feature", "properties": { "street": 470.0, "segment_id": "470-1", "name": "Haymarket" }, "geometry": { "type": "LineString", "coordinates": [ [ 529629.607389840297401, 180668.22647556749871 ], [ 529640.18377780134324, 180671.603013788699172 ] ] } },
{ "type": "Feature", "properties": { "street": 470.0, "segment_id": "470-2", "name": "Haymarket" }, "geometry": { "type": "LineString", "coordinates": [ [ 529640.18377780134324, 180671.603013788699172 ], [ 529671.341852998826653, 180628.1261570508359 ] ] } },
{ "type": "Feature", "properties": { "street": 471.0, "segment_id": "471-1", "name": "Picadilly" }, "geometry": { "type": "LineString", "coordinates": [ [ 529580.333346844650805, 180642.892451933177654 ], [ 529543.009292815811932, 180624.077043002936989 ] ] } },
{ "type": "Feature", "properties": { "street": 472.0, "segment_id": "472-1", "name": "Regent Street" }, "geometry": { "type": "LineString", "coordinates": [ [ 529519.641394003876485, 180666.199758989154361 ], [ 529543.009292815811932, 180624.077043002936989 ] ] } },
{ "type": "Feature", "properties": { "street": 473.0, "segment_id": "473-1", "name": "Arundel Place" }, "geometry": { "type": "LineString", "coordinates": [ [ 529672.389759636367671, 180625.046106900146697 ], [ 529703.416856683557853, 180643.701792198116891 ] ] } },
{ "type": "Feature", "properties": { "street": 473.0, "segment_id": "473-2", "name": "Arundel Place" }, "geometry": { "type": "LineString", "coordinates": [ [ 529703.416856683557853, 180643.701792198116891 ], [ 529673.187665144097991, 180688.755552031449042 ] ] } },
{ "type": "Feature", "properties": { "street": 474.0, "segment_id": "474-1", "name": "Haymarket" }, "geometry": { "type": "LineString", "coordinates": [ [ 529671.341852998826653, 180628.1261570508359 ], [ 529672.389759636367671, 180625.046106900146697 ] ] } },
{ "type": "Feature", "properties": { "street": 475.0, "segment_id": "475-1", "name": "Burlington Gardens" }, "geometry": { "type": "LineString", "coordinates": [ [ 529158.112038169521838, 180646.126224422943778 ], [ 529113.293334540794604, 180617.026587412634399 ] ] } },
{ "type": "Feature", "properties": { "street": 476.0, "segment_id": "476-1", "name": "Cork Street" }, "geometry": { "type": "LineString", "coordinates": [ [ 529113.293334540794604, 180617.026587412634399 ], [ 529090.551389090716839, 180653.7301820073626 ] ] } },
{ "type": "Feature", "properties": { "street": 477.0, "segment_id": "477-1", "name": "Haymarket" }, "geometry": { "type": "LineString", "coordinates": [ [ 529672.389759636367671, 180625.046106900146697 ], [ 529679.912436277605593, 180615.140983072924428 ] ] } },
{ "type": "Feature", "properties": { "street": 478.0, "segment_id": "478-1", "name": "Panton Street" }, "geometry": { "type": "LineString", "coordinates": [ [ 529759.425037151318975, 180614.063483612088021 ], [ 529802.88637885346543, 180639.250817856751382 ] ] } },
{ "type": "Feature", "properties": { "street": 479.0, "segment_id": "479-1", "name": "Oxendon Street" }, "geometry": { "type": "LineString", "coordinates": [ [ 529759.425037151318975, 180614.063483612088021 ], [ 529741.700079132569954, 180643.902174552087672 ] ] } },
{ "type": "Feature", "properties": { "street": 48.0, "segment_id": "48-1", "name": "Great Castle Street" }, "geometry": { "type": "LineString", "coordinates": [ [ 529004.333243321860209, 181300.855995125661138 ], [ 529090.912671683239751, 181326.355471792805474 ] ] } },
{ "type": "Feature", "properties": { "street": 480.0, "segment_id": "480-1", "name": "Burlington Gardens" }, "geometry": { "type": "LineString", "coordinates": [ [ 529113.293334540794604, 180617.026587412634399 ], [ 529075.640837586252019, 180591.992807420494501 ] ] } },
{ "type": "Feature", "properties": { "street": 481.0, "segment_id": "481-1", "name": "New Bond Street" }, "geometry": { "type": "LineString", "coordinates": [ [ 529075.640837586252019, 180591.992807420494501 ], [ 529004.014577050576918, 180683.377426174178254 ] ] } },
{ "type": "Feature", "properties": { "street": 482.0, "segment_id": "482-1", "name": "Jermyn Street" }, "geometry": { "type": "LineString", "coordinates": [ [ 529622.166572167887352, 180598.910777915734798 ], [ 529671.341852998826653, 180628.1261570508359 ] ] } },
{ "type": "Feature", "properties": { "street": 484.0, "segment_id": "484-1", "name": "Oxendon Street" }, "geometry": { "type": "LineString", "coordinates": [ [ 529771.040700971265323, 180595.719315670605283 ], [ 529759.425037151318975, 180614.063483612088021 ] ] } },
{ "type": "Feature", "properties": { "street": 485.0, "segment_id": "485-1", "name": "Jermyn Street" }, "geometry": { "type": "LineString", "coordinates": [ [ 529611.688984249718487, 180591.653325159859378 ], [ 529622.166572167887352, 180598.910777915734798 ] ] } },
{ "type": "Feature", "properties": { "street": 486.0, "segment_id": "486-1", "name": "White Bear Yard" }, "geometry": { "type": "LineString", "coordinates": [ [ 529611.688984249718487, 180591.653325159859378 ], [ 529580.333346844650805, 180642.892451933177654 ] ] } },
{ "type": "Feature", "properties": { "street": 488.0, "segment_id": "488-1", "name": "Panton Street" }, "geometry": { "type": "LineString", "coordinates": [ [ 529730.355160724255256, 180594.680714813934173 ], [ 529759.425037151318975, 180614.063483612088021 ] ] } },
{ "type": "Feature", "properties": { "street": 49.0, "segment_id": "49-1", "name": "Regent Street" }, "geometry": { "type": "LineString", "coordinates": [ [ 528987.803373271017335, 181360.241733375820331 ], [ 529004.333243321860209, 181300.855995125661138 ] ] } },
{ "type": "Feature", "properties": { "street": 490.0, "segment_id": "490-1", "name": "Haymarket" }, "geometry": { "type": "LineString", "coordinates": [ [ 529679.912436277605593, 180615.140983072924428 ], [ 529694.552745906170458, 180592.213645360432565 ] ] } },
{ "type": "Feature", "properties": { "street": 492.0, "segment_id": "492-1", "name": "St James's Market" }, "geometry": { "type": "LineString", "coordinates": [ [ 529636.470112122246064, 180589.178523957263678 ], [ 529679.912436277605593, 180615.140983072924428 ] ] } },
{ "type": "Feature", "properties": { "street": 494.0, "segment_id": "494-1", "name": "Market Street (II)" }, "geometry": { "type": "LineString", "coordinates": [ [ 529622.166572167887352, 180598.910777915734798 ], [ 529628.236126905540004, 180588.968523001065478 ] ] } },
{ "type": "Feature", "properties": { "street": 496.0, "segment_id": "496-1", "name": "Jermyn Street" }, "geometry": { "type": "LineString", "coordinates": [ [ 529603.573753900476731, 180586.786218254710548 ], [ 529611.688984249718487, 180591.653325159859378 ] ] } },
{ "type": "Feature", "properties": { "street": 497.0, "segment_id": "497-1", "name": "Vine Street" }, "geometry": { "type": "LineString", "coordinates": [ [ 529355.951177038718015, 180585.138424064789433 ], [ 529375.068418743670918, 180595.722013522754423 ] ] } },
{ "type": "Feature", "properties": { "street": 499.0, "segment_id": "499-1", "name": "Regent Street" }, "geometry": { "type": "LineString", "coordinates": [ [ 529563.85686832468491, 180585.773653257521801 ], [ 529543.009292815811932, 180624.077043002936989 ] ] } },
{ "type": "Feature", "properties": { "street": 50.0, "segment_id": "50-1", "name": "Oxford Street" }, "geometry": { "type": "LineString", "coordinates": [ [ 529382.755921299802139, 181302.709926300798543 ], [ 529406.851503827841952, 181307.983650593436323 ] ] } },
{ "type": "Feature", "properties": { "street": 50.0, "segment_id": "50-2", "name": "Oxford Street" }, "geometry": { "type": "LineString", "coordinates": [ [ 529406.851503827841952, 181307.983650593436323 ], [ 529442.550053170649335, 181314.329732934362255 ] ] } },
{ "type": "Feature", "properties": { "street": 501.0, "segment_id": "501-1", "name": "Picadilly" }, "geometry": { "type": "LineString", "coordinates": [ [ 529543.009292815811932, 180624.077043002936989 ], [ 529467.955108259920962, 180583.329960503557231 ] ] } },
{ "type": "Feature", "properties": { "street": 502.0, "segment_id": "502-1", "name": "Air Street" }, "geometry": { "type": "LineString", "coordinates": [ [ 529467.955108259920962, 180583.329960503557231 ], [ 529441.770593274151906, 180640.915163083234802 ] ] } },
{ "type": "Feature", "properties": { "street": 504.0, "segment_id": "504-1", "name": "George Court (I)" }, "geometry": { "type": "LineString", "coordinates": [ [ 529375.068418743670918, 180595.722013522754423 ], [ 529383.697548062191345, 180580.407777522923425 ] ] } },
{ "type": "Feature", "properties": { "street": 506.0, "segment_id": "506-1", "name": "Swallow Street" }, "geometry": { "type": "LineString", "coordinates": [ [ 529355.951177038718015, 180585.138424064789433 ], [ 529359.499676113249734, 180579.015180700924248 ] ] } },
{ "type": "Feature", "properties": { "street": 508.0, "segment_id": "508-1", "name": "Sackville Street" }, "geometry": { "type": "LineString", "coordinates": [ [ 529246.422431151848286, 180680.215506591310259 ], [ 529308.642649578861892, 180577.721105279691983 ] ] } },
{ "type": "Feature", "properties": { "street": 51.0, "segment_id": "51-1", "name": "Oxford Street" }, "geometry": { "type": "LineString", "coordinates": [ [ 529379.869981716154143, 181301.859753349388484 ], [ 529382.755921299802139, 181302.709926300798543 ] ] } },
{ "type": "Feature", "properties": { "street": 510.0, "segment_id": "510-1", "name": "Albany Street" }, "geometry": { "type": "LineString", "coordinates": [ [ 529253.426443962613121, 180576.316686090372968 ], [ 529198.807909924769774, 180665.801158428017516 ] ] } },
{ "type": "Feature", "properties": { "street": 512.0, "segment_id": "512-1", "name": "Burlington Arcade" }, "geometry": { "type": "LineString", "coordinates": [ [ 529113.293334540794604, 180617.026587412634399 ], [ 529141.619841618696228, 180570.367964472970925 ] ] } },
{ "type": "Feature", "properties": { "street": 514.0, "segment_id": "514-1", "name": "New Bond Street" }, "geometry": { "type": "LineString", "coordinates": [ [ 529075.640837586252019, 180591.992807420494501 ], [ 529092.255249988054857, 180567.560593379370403 ] ] } },
{ "type": "Feature", "properties": { "street": 516.0, "segment_id": "516-1", "name": "Albemarle Street" }, "geometry": { "type": "LineString", "coordinates": [ [ 528964.36562761652749, 180660.623872711323202 ], [ 529025.87914147390984, 180566.651921090611722 ] ] } },
{ "type": "Feature", "properties": { "street": 518.0, "segment_id": "518-1", "name": "Dover Street" }, "geometry": { "type": "LineString", "coordinates": [ [ 528918.152040687506087, 180629.160529103712179 ], [ 528962.468245582771488, 180563.489274272054899 ] ] } },
{ "type": "Feature", "properties": { "street": 52.0, "segment_id": "52-1", "name": "Allens Court" }, "geometry": { "type": "LineString", "coordinates": [ [ 529483.03200977598317, 181323.128040074429009 ], [ 529493.805513703497127, 181280.684292024001479 ] ] } },
{ "type": "Feature", "properties": { "street": 52.0, "segment_id": "52-2", "name": "Allens Court" }, "geometry": { "type": "LineString", "coordinates": [ [ 529493.805513703497127, 181280.684292024001479 ], [ 529497.195514869177714, 181280.770679077133536 ] ] } },
{ "type": "Feature", "properties": { "street": 520.0, "segment_id": "520-1", "name": "Vine Street" }, "geometry": { "type": "LineString", "coordinates": [ [ 529360.993667215923779, 180653.61584394145757 ], [ 529367.76494465873111, 180673.205543067131657 ] ] } },
{ "type": "Feature", "properties": { "street": 520.0, "segment_id": "520-2", "name": "Vine Street" }, "geometry": { "type": "LineString", "coordinates": [ [ 529367.76494465873111, 180673.205543067131657 ], [ 529348.273445701343007, 180715.427648625453003 ] ] } },
{ "type": "Feature", "properties": { "street": 521.0, "segment_id": "521-1", "name": "Vine Street" }, "geometry": { "type": "LineString", "coordinates": [ [ 529360.993667215923779, 180653.61584394145757 ], [ 529359.619650071486831, 180650.474096800317056 ] ] } },
{ "type": "Feature", "properties": { "street": 522.0, "segment_id": "522-1", "name": "Regents Quadrant" }, "geometry": { "type": "LineString", "coordinates": [ [ 529338.961098508560099, 180662.375463808130007 ], [ 529349.833967307349667, 180654.108521749149077 ] ] } },
{ "type": "Feature", "properties": { "street": 522.0, "segment_id": "522-2", "name": "Regents Quadrant" }, "geometry": { "type": "LineString", "coordinates": [ [ 529349.833967307349667, 180654.108521749149077 ], [ 529359.619650071486831, 180650.474096800317056 ] ] } },
{ "type": "Feature", "properties": { "street": 523.0, "segment_id": "523-1", "name": "Regents Quadrant" }, "geometry": { "type": "LineString", "coordinates": [ [ 529359.619650071486831, 180650.474096800317056 ], [ 529370.838629368343391, 180647.652866120741237 ] ] } },
{ "type": "Feature", "properties": { "street": 523.0, "segment_id": "523-2", "name": "Regents Quadrant" }, "geometry": { "type": "LineString", "coordinates": [ [ 529370.838629368343391, 180647.652866120741237 ], [ 529381.59303381794598, 180644.043139463523403 ] ] } },
{ "type": "Feature", "properties": { "street": 523.0, "segment_id": "523-3", "name": "Regents Quadrant" }, "geometry": { "type": "LineString", "coordinates": [ [ 529381.59303381794598, 180644.043139463523403 ], [ 529388.917508170823567, 180641.899507959024049 ] ] } },
{ "type": "Feature", "properties": { "street": 524.0, "segment_id": "524-1", "name": "Regents Quadrant" }, "geometry": { "type": "LineString", "coordinates": [ [ 529388.917508170823567, 180641.899507959024049 ], [ 529392.327694536186755, 180641.20962671894813 ] ] } },
{ "type": "Feature", "properties": { "street": 524.0, "segment_id": "524-2", "name": "Regents Quadrant" }, "geometry": { "type": "LineString", "coordinates": [ [ 529392.327694536186755, 180641.20962671894813 ], [ 529402.0541515260702, 180639.903856881079264 ] ] } },
{ "type": "Feature", "properties": { "street": 524.0, "segment_id": "524-3", "name": "Regents Quadrant" }, "geometry": { "type": "LineString", "coordinates": [ [ 529402.0541515260702, 180639.903856881079264 ], [ 529419.510402418673038, 180639.571615364635363 ] ] } },
{ "type": "Feature", "properties": { "street": 524.0, "segment_id": "524-4", "name": "Regents Quadrant" }, "geometry": { "type": "LineString", "coordinates": [ [ 529419.510402418673038, 180639.571615364635363 ], [ 529430.166034704190679, 180639.842947534518316 ] ] } },
{ "type": "Feature", "properties": { "street": 524.0, "segment_id": "524-5", "name": "Regents Quadrant" }, "geometry": { "type": "LineString", "coordinates": [ [ 529430.166034704190679, 180639.842947534518316 ], [ 529437.431238415534608, 180640.027959568600636 ] ] } },
{ "type": "Feature", "properties": { "street": 524.0, "segment_id": "524-6", "name": "Regents Quadrant" }, "geometry": { "type": "LineString", "coordinates": [ [ 529437.431238415534608, 180640.027959568600636 ], [ 529441.770593274151906, 180640.915163083234802 ] ] } },
{ "type": "Feature", "properties": { "street": 525.0, "segment_id": "525-1", "name": "Vine Street" }, "geometry": { "type": "LineString", "coordinates": [ [ 529394.264621710055508, 180603.200911040185019 ], [ 529401.450833265436813, 180606.490636136673857 ] ] } },
{ "type": "Feature", "properties": { "street": 526.0, "segment_id": "526-1", "name": "Vine Street" }, "geometry": { "type": "LineString", "coordinates": [ [ 529388.917508170823567, 180641.899507959024049 ], [ 529385.516942223999649, 180623.172277632751502 ] ] } },
{ "type": "Feature", "properties": { "street": 526.0, "segment_id": "526-2", "name": "Vine Street" }, "geometry": { "type": "LineString", "coordinates": [ [ 529385.516942223999649, 180623.172277632751502 ], [ 529394.264621710055508, 180603.200911040185019 ] ] } },
{ "type": "Feature", "properties": { "street": 527.0, "segment_id": "527-1", "name": "Vine Street" }, "geometry": { "type": "LineString", "coordinates": [ [ 529375.068418743670918, 180595.722013522754423 ], [ 529394.264621710055508, 180603.200911040185019 ] ] } },
{ "type": "Feature", "properties": { "street": 528.0, "segment_id": "528-1", "name": "Swallow Street" }, "geometry": { "type": "LineString", "coordinates": [ [ 529338.961098508560099, 180662.375463808130007 ], [ 529325.082492959336378, 180636.39141213754192 ] ] } },
{ "type": "Feature", "properties": { "street": 528.0, "segment_id": "528-2", "name": "Swallow Street" }, "geometry": { "type": "LineString", "coordinates": [ [ 529325.082492959336378, 180636.39141213754192 ], [ 529355.951177038718015, 180585.138424064789433 ] ] } },
{ "type": "Feature", "properties": { "street": 529.0, "segment_id": "529-1", "name": "Clifford Street" }, "geometry": { "type": "LineString", "coordinates": [ [ 529117.653812986216508, 180788.786453043227084 ], [ 529081.416241988074034, 180765.341899884748273 ] ] } },
{ "type": "Feature", "properties": { "street": 53.0, "segment_id": "53-1", "name": "Great Chapel Street" }, "geometry": { "type": "LineString", "coordinates": [ [ 529548.124680422479287, 181278.961989425763022 ], [ 529529.809492165921256, 181332.087145032768603 ] ] } },
{ "type": "Feature", "properties": { "street": 54.0, "segment_id": "54-1", "name": "Titchfield Street" }, "geometry": { "type": "LineString", "coordinates": [ [ 529551.327218366903253, 181267.393189489492215 ], [ 529590.702269873465411, 181281.601002095208969 ] ] } },
{ "type": "Feature", "properties": { "street": 55.0, "segment_id": "55-1", "name": "Great Chapel Street" }, "geometry": { "type": "LineString", "coordinates": [ [ 529548.124680422479287, 181278.961989425763022 ], [ 529551.327218366903253, 181267.393189489492215 ] ] } },
{ "type": "Feature", "properties": { "street": 56.0, "segment_id": "56-1", "name": "Hollen Street" }, "geometry": { "type": "LineString", "coordinates": [ [ 529479.218104674713686, 181244.584581740782596 ], [ 529537.549529510433786, 181275.585620782279875 ] ] } },
{ "type": "Feature", "properties": { "street": 56.0, "segment_id": "56-2", "name": "Hollen Street" }, "geometry": { "type": "LineString", "coordinates": [ [ 529537.549529510433786, 181275.585620782279875 ], [ 529548.124680422479287, 181278.961989425763022 ] ] } },
{ "type": "Feature", "properties": { "street": 57.0, "segment_id": "57-1", "name": "Wardour Street" }, "geometry": { "type": "LineString", "coordinates": [ [ 529479.218104674713686, 181244.584581740782596 ], [ 529442.550053170649335, 181314.329732934362255 ] ] } },
{ "type": "Feature", "properties": { "street": 58.0, "segment_id": "58-1", "name": "Great Chapel Street" }, "geometry": { "type": "LineString", "coordinates": [ [ 529551.327218366903253, 181267.393189489492215 ], [ 529559.669490723172203, 181244.304983478505164 ] ] } },
{ "type": "Feature", "properties": { "street": 58.0, "segment_id": "58-2", "name": "Great Chapel Street" }, "geometry": { "type": "LineString", "coordinates": [ [ 529559.669490723172203, 181244.304983478505164 ], [ 529562.852282141917385, 181233.512382361339405 ] ] } },
{ "type": "Feature", "properties": { "street": 59.0, "segment_id": "59-1", "name": "Noel Street" }, "geometry": { "type": "LineString", "coordinates": [ [ 529455.28046349727083, 181233.100983003969304 ], [ 529479.218104674713686, 181244.584581740782596 ] ] } },
{ "type": "Feature", "properties": { "street": 60.0, "segment_id": "60-1", "name": "Wardour Street" }, "geometry": { "type": "LineString", "coordinates": [ [ 529502.118812916451134, 181201.673159835976548 ], [ 529479.218104674713686, 181244.584581740782596 ] ] } },
{ "type": "Feature", "properties": { "street": 61.0, "segment_id": "61-1", "name": "Wells Street" }, "geometry": { "type": "LineString", "coordinates": [ [ 529379.869981716154143, 181301.859753349388484 ], [ 529341.68193823704496, 181393.314327926142141 ] ] } },
{ "type": "Feature", "properties": { "street": 63.0, "segment_id": "63-1", "name": "Falconberg Mews" }, "geometry": { "type": "LineString", "coordinates": [ [ 529770.933196315891109, 181321.151786379923578 ], [ 529781.154077512444928, 181300.441972085274756 ] ] } },
{ "type": "Feature", "properties": { "street": 64.0, "segment_id": "64-1", "name": "Oxford Street" }, "geometry": { "type": "LineString", "coordinates": [ [ 529320.07558874390088, 181290.240689542144537 ], [ 529379.869981716154143, 181301.859753349388484 ] ] } },
{ "type": "Feature", "properties": { "street": 65.0, "segment_id": "65-1", "name": "Princes Street (I)" }, "geometry": { "type": "LineString", "coordinates": [ [ 528915.713100575027056, 181336.664950676495209 ], [ 528942.1758281448856, 181286.85134702315554 ] ] } },
{ "type": "Feature", "properties": { "street": 66.0, "segment_id": "66-1", "name": "Market Row" }, "geometry": { "type": "LineString", "coordinates": [ [ 529154.965027322643436, 181303.905528458824847 ], [ 529101.060542361577973, 181289.331987961311825 ] ] } },
{ "type": "Feature", "properties": { "street": 67.0, "segment_id": "67-1", "name": "John Street" }, "geometry": { "type": "LineString", "coordinates": [ [ 529101.060542361577973, 181289.331987961311825 ], [ 529090.912671683239751, 181326.355471792805474 ] ] } },
{ "type": "Feature", "properties": { "street": 68.0, "segment_id": "68-1", "name": "Oxford Street" }, "geometry": { "type": "LineString", "coordinates": [ [ 529301.751769921858795, 181286.667631315009203 ], [ 529320.07558874390088, 181290.240689542144537 ] ] } },
{ "type": "Feature", "properties": { "street": 69.0, "segment_id": "69-1", "name": "Great Castle Street" }, "geometry": { "type": "LineString", "coordinates": [ [ 528946.168277878663503, 181282.29249823425198 ], [ 529004.333243321860209, 181300.855995125661138 ] ] } },
{ "type": "Feature", "properties": { "street": 70.0, "segment_id": "70-1", "name": "Princes Street (I)" }, "geometry": { "type": "LineString", "coordinates": [ [ 528942.1758281448856, 181286.85134702315554 ], [ 528946.168277878663503, 181282.29249823425198 ] ] } },
{ "type": "Feature", "properties": { "street": 71.0, "segment_id": "71-1", "name": "Charles Street" }, "geometry": { "type": "LineString", "coordinates": [ [ 529651.817677066545002, 181355.392732041946147 ], [ 529683.566312765702605, 181288.630221191444434 ] ] } },
{ "type": "Feature", "properties": { "street": 72.0, "segment_id": "72-1", "name": "Oxford Street" }, "geometry": { "type": "LineString", "coordinates": [ [ 529273.297427267068997, 181281.283529029926285 ], [ 529301.751769921858795, 181286.667631315009203 ] ] } },
{ "type": "Feature", "properties": { "street": 73.0, "segment_id": "73-1", "name": "Winsley Street" }, "geometry": { "type": "LineString", "coordinates": [ [ 529236.603515517897904, 181371.223438627261203 ], [ 529273.297427267068997, 181281.283529029926285 ] ] } },
{ "type": "Feature", "properties": { "street": 75.0, "segment_id": "75-1", "name": "Dean Street" }, "geometry": { "type": "LineString", "coordinates": [ [ 529570.795255042030476, 181340.122309060127009 ], [ 529590.702269873465411, 181281.601002095208969 ] ] } },
{ "type": "Feature", "properties": { "street": 76.0, "segment_id": "76-1", "name": "Oxford Street" }, "geometry": { "type": "LineString", "coordinates": [ [ 529227.507428976241499, 181271.575240633625071 ], [ 529273.297427267068997, 181281.283529029926285 ] ] } },
{ "type": "Feature", "properties": { "street": 77.0, "segment_id": "77-1", "name": "Turks Head Yard" }, "geometry": { "type": "LineString", "coordinates": [ [ 529219.433894705143757, 181303.214398347132374 ], [ 529227.507428976241499, 181271.575240633625071 ] ] } },
{ "type": "Feature", "properties": { "street": 78.0, "segment_id": "78-1", "name": "Phoenix Yard" }, "geometry": { "type": "LineString", "coordinates": [ [ 528942.1758281448856, 181286.85134702315554 ], [ 528899.487969080917537, 181269.457829871564172 ] ] } },
{ "type": "Feature", "properties": { "street": 80.0, "segment_id": "80-1", "name": "Oxford Street" }, "geometry": { "type": "LineString", "coordinates": [ [ 529207.246344218146987, 181267.95326427713735 ], [ 529227.507428976241499, 181271.575240633625071 ] ] } },
{ "type": "Feature", "properties": { "street": 81.0, "segment_id": "81-1", "name": "Oxford Street" }, "geometry": { "type": "LineString", "coordinates": [ [ 529204.380094362655655, 181266.326999588112812 ], [ 529207.246344218146987, 181267.95326427713735 ] ] } },
{ "type": "Feature", "properties": { "street": 82.0, "segment_id": "82-1", "name": "Market Street (I)" }, "geometry": { "type": "LineString", "coordinates": [ [ 529191.009995860280469, 181315.69549318094505 ], [ 529204.380094362655655, 181266.326999588112812 ] ] } },
{ "type": "Feature", "properties": { "street": 83.0, "segment_id": "83-1", "name": "Oxford Street" }, "geometry": { "type": "LineString", "coordinates": [ [ 529168.216418458847329, 181259.194099876098335 ], [ 529204.380094362655655, 181266.326999588112812 ] ] } },
{ "type": "Feature", "properties": { "street": 84.0, "segment_id": "84-1", "name": "Market Court" }, "geometry": { "type": "LineString", "coordinates": [ [ 529157.346986840013415, 181305.519456616719253 ], [ 529168.216418458847329, 181259.194099876098335 ] ] } },
{ "type": "Feature", "properties": { "street": 85.0, "segment_id": "85-1", "name": "Sutton Street" }, "geometry": { "type": "LineString", "coordinates": [ [ 529739.32971849385649, 181268.306080343551002 ], [ 529781.491074906196445, 181287.246716925990768 ] ] } },
{ "type": "Feature", "properties": { "street": 86.0, "segment_id": "86-1", "name": "Soho Square" }, "geometry": { "type": "LineString", "coordinates": [ [ 529739.32971849385649, 181268.306080343551002 ], [ 529721.912857683142647, 181305.142917386139743 ] ] } },
{ "type": "Feature", "properties": { "street": 86.0, "segment_id": "86-2", "name": "Soho Square" }, "geometry": { "type": "LineString", "coordinates": [ [ 529721.912857683142647, 181305.142917386139743 ], [ 529683.566312765702605, 181288.630221191444434 ] ] } },
{ "type": "Feature", "properties": { "street": 87.0, "segment_id": "87-1", "name": "Oxford Street" }, "geometry": { "type": "LineString", "coordinates": [ [ 529141.175222870660946, 181255.400056734506506 ], [ 529168.216418458847329, 181259.194099876098335 ] ] } },
{ "type": "Feature", "properties": { "street": 88.0, "segment_id": "88-1", "name": "Phoenix Yard" }, "geometry": { "type": "LineString", "coordinates": [ [ 528904.823059264570475, 181250.17585550097283 ], [ 528926.438781215343624, 181257.714443937409669 ] ] } },
{ "type": "Feature", "properties": { "street": 89.0, "segment_id": "89-1", "name": "Phoenix Yard" }, "geometry": { "type": "LineString", "coordinates": [ [ 528899.487969080917537, 181269.457829871564172 ], [ 528904.823059264570475, 181250.17585550097283 ] ] } },
{ "type": "Feature", "properties": { "street": 90.0, "segment_id": "90-1", "name": "Oxford Street" }, "geometry": { "type": "LineString", "coordinates": [ [ 529113.204858586541377, 181250.029164348961785 ], [ 529141.175222870660946, 181255.400056734506506 ] ] } },
{ "type": "Feature", "properties": { "street": 91.0, "segment_id": "91-1", "name": "John Street" }, "geometry": { "type": "LineString", "coordinates": [ [ 529113.204858586541377, 181250.029164348961785 ], [ 529101.060542361577973, 181289.331987961311825 ] ] } },
{ "type": "Feature", "properties": { "street": 92.0, "segment_id": "92-1", "name": "Dean Street" }, "geometry": { "type": "LineString", "coordinates": [ [ 529590.702269873465411, 181281.601002095208969 ], [ 529605.034328219830059, 181251.675346081960015 ] ] } },
{ "type": "Feature", "properties": { "street": 93.0, "segment_id": "93-1", "name": "Norris's Place" }, "geometry": { "type": "LineString", "coordinates": [ [ 529301.751769921858795, 181286.667631315009203 ], [ 529313.472628127550706, 181245.024363023461774 ] ] } },
{ "type": "Feature", "properties": { "street": 94.0, "segment_id": "94-1", "name": "Oxford Street" }, "geometry": { "type": "LineString", "coordinates": [ [ 529071.753216186887585, 181241.209224495396484 ], [ 529113.204858586541377, 181250.029164348961785 ] ] } },
{ "type": "Feature", "properties": { "street": 95.0, "segment_id": "95-1", "name": "Oxford Street" }, "geometry": { "type": "LineString", "coordinates": [ [ 529020.694474330870435, 181229.038933441392146 ], [ 529071.753216186887585, 181241.209224495396484 ] ] } },
{ "type": "Feature", "properties": { "street": 96.0, "segment_id": "96-1", "name": "Regent Street" }, "geometry": { "type": "LineString", "coordinates": [ [ 529004.333243321860209, 181300.855995125661138 ], [ 529020.694474330870435, 181229.038933441392146 ] ] } },
{ "type": "Feature", "properties": { "street": 97.0, "segment_id": "97-1", "name": "Crown Court" }, "geometry": { "type": "LineString", "coordinates": [ [ 529562.852282141917385, 181233.512382361339405 ], [ 529605.034328219830059, 181251.675346081960015 ] ] } },
{ "type": "Feature", "properties": { "street": 98.0, "segment_id": "98-1", "name": "Soho Square" }, "geometry": { "type": "LineString", "coordinates": [ [ 529683.566312765702605, 181288.630221191444434 ], [ 529644.290557967615314, 181270.540725145023316 ] ] } },
{ "type": "Feature", "properties": { "street": 98.0, "segment_id": "98-2", "name": "Soho Square" }, "geometry": { "type": "LineString", "coordinates": [ [ 529644.290557967615314, 181270.540725145023316 ], [ 529662.250651980401017, 181231.387412841490004 ] ] } },
{ "type": "Feature", "properties": { "street": 99.0, "segment_id": "99-1", "name": "Oxford Street" }, "geometry": { "type": "LineString", "coordinates": [ [ 528984.026334539987147, 181222.671250865212642 ], [ 529020.694474330870435, 181229.038933441392146 ] ] } }
]
}
