,simulation,model,scale1_post_mean,scale1_rhat,scale1_ess_bulk,scale1_bias,scale1_abs_bias,scale1_relative_error,scale1_covered,scale1_converged,exponent1_post_mean,exponent1_rhat,exponent1_ess_bulk,exponent1_bias,exponent1_abs_bias,exponent1_relative_error,exponent1_covered,exponent1_converged,scale2_post_mean,scale2_rhat,scale2_ess_bulk,scale2_bias,scale2_abs_bias,scale2_relative_error,scale2_covered,scale2_converged,exponent2_post_mean,exponent2_rhat,exponent2_ess_bulk,exponent2_bias,exponent2_abs_bias,exponent2_relative_error,exponent2_covered,exponent2_converged,weight_post_mean,weight_rhat,weight_ess_bulk,weight_bias,weight_abs_bias,weight_relative_error,weight_covered,weight_converged,q_param_post_mean,q_param_rhat,q_param_ess_bulk,q_param_bias,q_param_abs_bias,q_param_relative_error,q_param_covered,q_param_converged,pi0_post_mean,pi0_rhat,pi0_ess_bulk,pi0_bias,pi0_abs_bias,pi0_relative_error,pi0_covered,pi0_converged,phi_post_mean,phi_rhat,phi_ess_bulk,phi_bias,phi_abs_bias,phi_relative_error,phi_covered,phi_converged,n_fx1,fx1_post_mean_avg,fx1_post_mean_sd,fx1_post_mean_min,fx1_post_mean_max,fx1_bias_mean,fx1_bias_sd,fx1_rmse,fx1_mae,fx1_coverage_rate,fx1_n_covered,fx1_n_rhat_nan,fx1_rhat_mean,fx1_rhat_max,fx1_n_rhat_above_1.01,fx1_ess_bulk_min,fx1_ess_bulk_mean,fx1_n_ess_below_400,n_fx2,fx2_post_mean_avg,fx2_post_mean_sd,fx2_post_mean_min,fx2_post_mean_max,fx2_bias_mean,fx2_bias_sd,fx2_rmse,fx2_mae,fx2_coverage_rate,fx2_n_covered,fx2_n_rhat_nan,fx2_rhat_mean,fx2_rhat_max,fx2_n_rhat_above_1.01,fx2_ess_bulk_min,fx2_ess_bulk_mean,fx2_n_ess_below_400,n_fy1,fy1_post_mean_avg,fy1_post_mean_sd,fy1_post_mean_min,fy1_post_mean_max,fy1_bias_mean,fy1_bias_sd,fy1_rmse,fy1_mae,fy1_coverage_rate,fy1_n_covered,fy1_n_rhat_nan,fy1_rhat_mean,fy1_rhat_max,fy1_n_rhat_above_1.01,fy1_ess_bulk_min,fy1_ess_bulk_mean,fy1_n_ess_below_400,n_fy2,fy2_post_mean_avg,fy2_post_mean_sd,fy2_post_mean_min,fy2_post_mean_max,fy2_bias_mean,fy2_bias_sd,fy2_rmse,fy2_mae,fy2_coverage_rate,fy2_n_covered,fy2_n_rhat_nan,fy2_rhat_mean,fy2_rhat_max,fy2_n_rhat_above_1.01,fy2_ess_bulk_min,fy2_ess_bulk_mean,fy2_n_ess_below_400
0,0,power_law,5.002,1.0,16613.0,0.0019999999999997797,0.0019999999999997797,0.039999999999995595,1,1,2.137,1.0,16462.0,0.137,0.137,6.8500000000000005,1,1,4.315,1.0,14815.0,-0.6849999999999996,0.6849999999999996,13.699999999999992,1,1,2.013,1.0,14547.0,0.0129999999999999,0.0129999999999999,0.649999999999995,1,1,0.664,1.0,18939.0,-0.136,0.136,17.0,1,1,0.011,1.0,48615.0,0.0009999999999999992,0.0009999999999999992,9.999999999999991,1,1,0.326,1.0,45731.0,0.026000000000000023,0.026000000000000023,8.666666666666675,1,1,17.411,1.0,33684.0,-0.5889999999999986,0.5889999999999986,3.2722222222222146,1,1,4,0.08725000000000001,0.043332291654146336,0.036,0.156,0.08725000000000001,0.043332291654146336,0.0974179141636691,0.08725000000000001,1.0,4,0,1.0,1.0,0,10586.0,19275.0,0,4,0.46875,0.15837672650992635,0.293,0.635,0.46875,0.15837672650992635,0.4947825279857808,0.46875,1.0,4,0,1.0,1.0,0,9226.0,11337.0,0,4,-0.1005,0.17415582103392352,-0.383,0.046,-0.1005,0.17415582103392352,0.20107336969375134,0.144,1.0,4,0,1.0,1.0,0,31071.0,33071.0,0,4,50.633,0.6631632529023298,49.604,51.413,0.6329999999999991,0.6631632529023299,0.9167739634173727,0.8309999999999995,1.0,4,0,1.0,1.0,0,10166.0,14110.25,0
1,1,power_law,4.018,1.0,20638.0,-0.9820000000000002,0.9820000000000002,19.640000000000004,1,1,1.816,1.0,21134.0,-0.18399999999999994,0.18399999999999994,9.199999999999998,1,1,5.404,1.0,15158.0,0.4039999999999999,0.4039999999999999,8.079999999999998,1,1,2.196,1.0,14005.0,0.19600000000000017,0.19600000000000017,9.800000000000008,1,1,0.658,1.0,14565.0,-0.14200000000000002,0.14200000000000002,17.750000000000004,1,1,0.011,1.0,47822.0,0.0009999999999999992,0.0009999999999999992,9.999999999999991,1,1,0.286,1.0,52155.0,-0.014000000000000012,0.014000000000000012,4.666666666666671,1,1,17.684,1.0,35747.0,-0.31599999999999895,0.31599999999999895,1.7555555555555498,1,1,4,0.10375,0.033409392391960675,0.06,0.154,0.10375,0.033409392391960675,0.10899655957873165,0.10375,1.0,4,0,1.0,1.0,0,9866.0,15298.0,0,4,0.6054999999999999,0.2788247657579936,0.326,1.065,0.6054999999999999,0.2788247657579936,0.6666134562098188,0.6054999999999999,1.0,4,0,1.0,1.0,0,5255.0,12796.25,0,4,-0.06825,0.18448763508701604,-0.375,0.095,-0.06825,0.18448763508701604,0.1967072698199027,0.14275,1.0,4,0,1.0,1.0,0,22715.0,31218.25,0,4,50.85225,0.5278481670897419,50.41,51.751,0.852249999999998,0.5278481670897419,1.002473815119376,0.852249999999998,0.75,3,0,1.0,1.0,0,11930.0,13631.5,0
2,2,power_law,4.312,1.0,15751.0,-0.6879999999999997,0.6879999999999997,13.759999999999994,1,1,1.923,1.0,16294.0,-0.07699999999999996,0.07699999999999996,3.849999999999998,1,1,6.309,1.0,15009.0,1.3090000000000002,1.3090000000000002,26.180000000000003,1,1,2.446,1.0,13720.0,0.4460000000000002,0.4460000000000002,22.300000000000008,1,1,0.646,1.0,12665.0,-0.15400000000000003,0.15400000000000003,19.250000000000004,1,1,0.018,1.0,41644.0,0.007999999999999998,0.007999999999999998,79.99999999999999,1,1,0.301,1.0,44556.0,0.0010000000000000009,0.0010000000000000009,0.33333333333333365,1,1,17.925,1.0,37427.0,-0.07499999999999929,0.07499999999999929,0.41666666666666274,1,1,4,0.07625,0.03406152521540984,0.026,0.122,0.07625,0.03406152521540984,0.08351197518919068,0.07625,1.0,4,0,1.0,1.0,0,13295.0,22122.5,0,4,0.86225,0.18228737613998397,0.601,1.058,0.86225,0.18228737613998397,0.8813079768162773,0.86225,1.0,4,0,1.0,1.0,0,5237.0,7337.25,0,4,0.006000000000000002,0.10261822450227835,-0.098,0.162,0.006000000000000002,0.10261822450227835,0.10279348228365455,0.0915,1.0,4,0,1.0,1.0,0,23813.0,30419.0,0,4,50.11225,0.5401978225613296,49.561,50.889,0.11224999999999952,0.5401978225613296,0.5517370297524009,0.5032500000000013,1.0,4,0,1.0,1.0,0,11496.0,14418.0,0
3,3,power_law,4.78,1.0,16842.0,-0.21999999999999975,0.21999999999999975,4.399999999999995,1,1,2.145,1.0,17530.0,0.14500000000000002,0.14500000000000002,7.250000000000001,1,1,3.952,1.0,16741.0,-1.048,1.048,20.96,1,1,1.856,1.0,16788.0,-0.1439999999999999,0.1439999999999999,7.199999999999996,1,1,0.708,1.0,17725.0,-0.09200000000000008,0.09200000000000008,11.50000000000001,1,1,0.008,1.0,46159.0,-0.002,0.002,20.0,1,1,0.295,1.0,55039.0,-0.0050000000000000044,0.0050000000000000044,1.6666666666666683,1,1,18.116,1.0,37920.0,0.11599999999999966,0.11599999999999966,0.6444444444444425,1,1,4,0.14024999999999999,0.05458651390224512,0.074,0.219,0.14024999999999999,0.05458651390224512,0.1504983388612645,0.14024999999999999,1.0,4,0,1.0,1.0,0,3751.0,8436.5,0,4,0.39675,0.2190654867842034,0.171,0.72,0.39675,0.2190654867842034,0.453211043554766,0.39675,1.0,4,0,1.0,1.0,0,8921.0,15229.75,0,4,-0.20224999999999999,0.2843073820708847,-0.607,0.119,-0.20224999999999999,0.2843073820708847,0.348906506101563,0.26275,1.0,4,0,1.0,1.0,0,22463.0,36727.0,0,4,49.93175,0.24131242715616644,49.713,50.31,-0.06824999999999903,0.24131242715616644,0.2507782885339159,0.22325000000000017,1.0,4,0,1.0,1.0,0,27571.0,30024.5,0
4,4,power_law,3.336,1.0,5777.0,-1.6640000000000001,1.6640000000000001,33.28,1,1,1.818,1.0,2275.0,-0.18199999999999994,0.18199999999999994,9.099999999999998,1,1,4.452,1.0,979.0,-0.548,0.548,10.96,1,1,1.968,1.0,991.0,-0.03200000000000003,0.03200000000000003,1.6000000000000014,1,1,0.692,1.01,15859.0,-0.1080000000000001,0.1080000000000001,13.500000000000012,1,1,0.016,1.01,4818.0,0.006,0.006,60.0,1,1,0.307,1.0,5213.0,0.007000000000000006,0.007000000000000006,2.3333333333333357,1,1,19.295,1.0,4447.0,1.2950000000000017,1.2950000000000017,7.1944444444444535,1,1,4,0.08225,0.04859719642119286,0.009,0.131,0.08225,0.04859719642119286,0.09553402535222726,0.08225,1.0,4,0,1.0025,1.01,0,1454.0,3302.75,0,4,0.852,0.5944434371746399,0.441,1.877,0.852,0.5944434371746399,1.0388777598928567,0.852,1.0,4,0,1.0025,1.01,0,3394.0,5748.5,0,4,-0.16725,0.2875737948770715,-0.656,0.08,-0.16725,0.2875737948770715,0.33267288738338746,0.20725,0.75,3,0,1.0,1.0,0,2624.0,14851.75,0,4,50.902,0.992889973763457,49.897,52.547,0.9019999999999992,0.992889973763457,1.341430020537783,0.9535,0.75,3,0,1.0025,1.01,0,1757.0,7067.75,0
5,5,power_law,4.808,1.0,14706.0,-0.19200000000000017,0.19200000000000017,3.840000000000003,1,1,2.12,1.0,14836.0,0.1200000000000001,0.1200000000000001,6.000000000000005,1,1,3.171,1.0,8329.0,-1.8290000000000002,1.8290000000000002,36.58,1,1,1.775,1.0,9636.0,-0.2250000000000001,0.2250000000000001,11.250000000000004,1,1,0.664,1.0,1575.0,-0.136,0.136,17.0,1,1,0.006,1.0,31217.0,-0.004,0.004,40.0,1,1,0.324,1.0,4742.0,0.02400000000000002,0.02400000000000002,8.000000000000007,1,1,17.388,1.0,24460.0,-0.6119999999999983,0.6119999999999983,3.3999999999999906,1,1,4,0.1395,0.045773900860643285,0.105,0.218,0.1395,0.045773900860643285,0.1468179144382592,0.1395,1.0,4,0,1.0,1.0,0,2141.0,8434.25,0,4,0.47250000000000003,0.27819103148735763,0.198,0.827,0.47250000000000003,0.27819103148735763,0.548312410948357,0.47250000000000003,1.0,4,0,1.0,1.0,0,2821.0,7670.75,0,4,-0.248,0.2718777298713523,-0.664,0.055,-0.248,0.2718777298713523,0.36799660324519307,0.2755,1.0,4,0,1.0,1.0,0,8684.0,22907.5,0,4,49.720000000000006,0.8722938151792679,48.294,50.47,-0.28000000000000114,0.872293815179268,0.9161312678868696,0.709500000000002,1.0,4,0,1.0,1.0,0,6745.0,10781.5,0
6,6,power_law,4.294,1.0,17358.0,-0.7060000000000004,0.7060000000000004,14.120000000000008,1,1,1.923,1.0,17665.0,-0.07699999999999996,0.07699999999999996,3.849999999999998,1,1,6.814,1.0,16220.0,1.814,1.814,36.28,1,1,2.584,1.0,17011.0,0.5840000000000001,0.5840000000000001,29.200000000000003,1,1,0.654,1.0,6701.0,-0.14600000000000002,0.14600000000000002,18.250000000000004,0,1,0.011,1.0,40859.0,0.0009999999999999992,0.0009999999999999992,9.999999999999991,1,1,0.287,1.0,38732.0,-0.013000000000000012,0.013000000000000012,4.3333333333333375,1,1,16.349,1.0,5760.0,-1.6509999999999998,1.6509999999999998,9.17222222222222,1,1,4,0.0985,0.06280724480503821,0.034,0.196,0.0985,0.06280724480503821,0.116820374935197,0.0985,1.0,4,0,1.0,1.0,0,6406.0,10529.5,0,4,1.00825,0.15993338456995151,0.901,1.284,1.00825,0.15993338456995151,1.020855890907233,1.00825,1.0,4,0,1.0025,1.01,0,667.0,4878.75,0,4,-0.25225,0.19206427960451158,-0.508,-0.009,-0.25225,0.19206427960451158,0.3170469208177238,0.25225,0.75,3,0,1.0025,1.01,0,851.0,4181.5,0,4,50.82925,0.5717990796599808,50.329,51.801,0.82925,0.5717990796599808,1.007278387537428,0.82925,1.0,4,0,1.0025,1.01,0,696.0,5027.5,0
7,7,power_law,3.793,1.0,19267.0,-1.2069999999999999,1.2069999999999999,24.139999999999997,1,1,1.865,1.0,19114.0,-0.135,0.135,6.75,1,1,3.844,1.0,12862.0,-1.1560000000000001,1.1560000000000001,23.12,1,1,2.009,1.0,13487.0,0.008999999999999897,0.008999999999999897,0.44999999999999485,1,1,0.633,1.0,13122.0,-0.16700000000000004,0.16700000000000004,20.875000000000004,0,1,0.01,1.0,11734.0,0.0,0.0,0.0,1,1,0.309,1.0,53089.0,0.009000000000000008,0.009000000000000008,3.0000000000000027,1,1,18.586,1.0,8572.0,0.5859999999999985,0.5859999999999985,3.2555555555555475,1,1,4,0.08125,0.03205756540974376,0.034,0.115,0.08125,0.03205756540974376,0.08734557802201552,0.08125,1.0,4,0,1.0,1.0,0,8231.0,13061.5,0,4,0.4145,0.2835864065853651,0.154,0.891,0.4145,0.2835864065853651,0.502226542508458,0.4145,1.0,4,0,1.0,1.0,0,1881.0,9860.25,0,4,-0.021000000000000005,0.20705917028714282,-0.187,0.327,-0.021000000000000005,0.20705917028714282,0.2081213588270075,0.1845,1.0,4,0,1.0,1.0,0,14999.0,27545.25,0,4,50.19475,0.5461141707555303,49.602,50.908,0.1947499999999991,0.5461141707555303,0.5798001810969018,0.5282499999999999,1.0,4,0,1.0,1.0,0,11979.0,15052.0,0
8,8,power_law,6.71,1.0,16550.0,1.71,1.71,34.199999999999996,1,1,2.532,1.0,17256.0,0.532,0.532,26.6,1,1,5.211,1.0,12762.0,0.2110000000000003,0.2110000000000003,4.220000000000006,1,1,1.969,1.0,12955.0,-0.030999999999999917,0.030999999999999917,1.5499999999999958,1,1,0.698,1.0,15018.0,-0.10200000000000009,0.10200000000000009,12.75000000000001,1,1,0.008,1.0,39081.0,-0.002,0.002,20.0,1,1,0.296,1.0,54854.0,-0.0040000000000000036,0.0040000000000000036,1.3333333333333346,1,1,16.829,1.0,41960.0,-1.1709999999999994,1.1709999999999994,6.505555555555552,1,1,4,0.23525000000000001,0.12612766350012197,0.071,0.389,0.23525000000000001,0.12612766350012197,0.26692836117580315,0.23525000000000001,1.0,4,0,1.0,1.0,0,4095.0,9417.0,0,4,0.78925,0.1382703420839046,0.584,0.974,0.78925,0.1382703420839046,0.8012703975562806,0.78925,1.0,4,0,1.0,1.0,0,8118.0,10954.75,0,4,-0.026500000000000003,0.2559965820084323,-0.315,0.285,-0.026500000000000003,0.2559965820084323,0.257364527470279,0.251,1.0,4,0,1.0,1.0,0,28123.0,32288.0,0,4,50.418,0.1864926272001116,50.226,50.72,0.41799999999999926,0.1864926272001116,0.4577155230052824,0.41799999999999926,1.0,4,0,1.0,1.0,0,9547.0,11214.5,0
9,9,power_law,4.289,1.0,18477.0,-0.7110000000000003,0.7110000000000003,14.220000000000004,1,1,2.047,1.0,17887.0,0.04700000000000015,0.04700000000000015,2.3500000000000076,1,1,2.926,1.0,10326.0,-2.074,2.074,41.48,1,1,1.593,1.0,10321.0,-0.40700000000000003,0.40700000000000003,20.35,1,1,0.664,1.0,16995.0,-0.136,0.136,17.0,0,1,0.014,1.0,49382.0,0.004,0.004,40.0,1,1,0.298,1.0,57189.0,-0.0020000000000000018,0.0020000000000000018,0.6666666666666673,1,1,18.639,1.0,37099.0,0.6389999999999993,0.6389999999999993,3.5499999999999963,1,1,4,0.05675,0.02546934431821911,0.029,0.098,0.05675,0.02546934431821911,0.06220329573262176,0.05675,1.0,4,0,1.0,1.0,0,17712.0,23897.75,0,4,0.27375,0.13338173600609643,0.121,0.479,0.27375,0.13338173600609643,0.3045155989436338,0.27375,1.0,4,0,1.0,1.0,0,12952.0,13980.0,0,4,-0.22125,0.06962174588445769,-0.299,-0.127,-0.22125,0.06962174588445769,0.23194557551287762,0.22125,1.0,4,0,1.0,1.0,0,38074.0,43903.75,0,4,49.94349999999999,0.29144939526442903,49.586,50.27,-0.05649999999999977,0.2914493952644291,0.296875394736582,0.28550000000000253,1.0,4,0,1.0,1.0,0,14410.0,23047.75,0
10,10,power_law,4.42,1.0,19354.0,-0.5800000000000001,0.5800000000000001,11.600000000000001,1,1,1.995,1.0,19854.0,-0.004999999999999893,0.004999999999999893,0.24999999999999467,1,1,5.486,1.0,16006.0,0.48599999999999977,0.48599999999999977,9.719999999999995,1,1,2.195,1.0,14951.0,0.19499999999999984,0.19499999999999984,9.749999999999993,1,1,0.678,1.0,16989.0,-0.122,0.122,15.25,1,1,0.007,1.0,50251.0,-0.003,0.003,30.0,1,1,0.311,1.0,55293.0,0.01100000000000001,0.01100000000000001,3.66666666666667,1,1,19.305,1.0,33382.0,1.3049999999999997,1.3049999999999997,7.249999999999998,1,1,4,0.103,0.05291030145444269,0.022,0.17,0.103,0.05291030145444269,0.11579507761558779,0.103,1.0,4,0,1.0,1.0,0,6258.0,14012.75,0,4,0.7845000000000001,0.3925611417346348,0.451,1.447,0.7845000000000001,0.3925611417346348,0.8772368551309275,0.7845000000000001,1.0,4,0,1.0,1.0,0,4932.0,9018.75,0,4,-0.05625,0.09982578574697021,-0.162,0.104,-0.05625,0.09982578574697021,0.1145829393932622,0.10825000000000001,1.0,4,0,1.0,1.0,0,36019.0,39474.75,0,4,50.349,0.4631916450023677,49.664,50.85,0.3490000000000002,0.4631916450023677,0.5799547396133594,0.5169999999999995,1.0,4,0,1.0,1.0,0,11746.0,13549.5,0
11,11,power_law,4.398,1.0,17411.0,-0.6020000000000003,0.6020000000000003,12.040000000000006,1,1,1.927,1.0,17772.0,-0.07299999999999995,0.07299999999999995,3.6499999999999977,1,1,5.134,1.0,18507.0,0.13400000000000034,0.13400000000000034,2.680000000000007,1,1,2.49,1.0,18373.0,0.4900000000000002,0.4900000000000002,24.50000000000001,1,1,0.63,1.0,16671.0,-0.17000000000000004,0.17000000000000004,21.250000000000004,0,1,0.009,1.0,44618.0,-0.0010000000000000009,0.0010000000000000009,10.000000000000009,1,1,0.294,1.0,54399.0,-0.006000000000000005,0.006000000000000005,2.0000000000000018,1,1,17.888,1.0,44058.0,-0.11199999999999832,0.11199999999999832,0.6222222222222129,1,1,4,0.07849999999999999,0.048798053239857836,0.026,0.141,0.07849999999999999,0.048798053239857836,0.09243105538724525,0.07849999999999999,1.0,4,0,1.0,1.0,0,9746.0,20781.0,0,4,0.5045,0.2734542923415173,0.214,0.892,0.5045,0.2734542923415173,0.5738444911297834,0.5045,1.0,4,0,1.0,1.0,0,5037.0,11958.25,0,4,0.10074999999999999,0.0876965649270255,-0.048,0.178,0.10074999999999999,0.0876965649270255,0.1335711420928937,0.12474999999999999,1.0,4,0,1.0,1.0,0,37883.0,41422.25,0,4,50.405249999999995,0.529243032547429,49.891,51.291,0.4052499999999988,0.529243032547429,0.6665776398890065,0.45974999999999966,0.75,3,0,1.0,1.0,0,16604.0,20602.5,0
12,12,power_law,4.576,1.0,20060.0,-0.4240000000000004,0.4240000000000004,8.480000000000008,1,1,1.96,1.0,20419.0,-0.040000000000000036,0.040000000000000036,2.0000000000000018,1,1,6.719,1.0,16069.0,1.7190000000000003,1.7190000000000003,34.38,1,1,2.941,1.0,15125.0,0.9409999999999998,0.9409999999999998,47.04999999999999,1,1,0.614,1.0,14377.0,-0.18600000000000005,0.18600000000000005,23.250000000000007,0,1,0.017,1.0,45729.0,0.007000000000000001,0.007000000000000001,70.0,1,1,0.315,1.0,45651.0,0.015000000000000013,0.015000000000000013,5.000000000000004,1,1,18.581,1.0,45490.0,0.5809999999999995,0.5809999999999995,3.227777777777775,1,1,4,0.08075,0.037916849816407486,0.032,0.138,0.08075,0.037916849816407486,0.08920902420719554,0.08075,1.0,4,0,1.0,1.0,0,10603.0,17972.5,0,4,0.7989999999999999,0.44780185350219354,0.409,1.552,0.7989999999999999,0.44780185350219354,0.915929855392868,0.7989999999999999,1.0,4,0,1.0025,1.01,0,1444.0,7130.25,0,4,-0.25325,0.08159465362387416,-0.342,-0.158,-0.25325,0.08159465362387416,0.2660700095839439,0.25325,1.0,4,0,1.0,1.0,0,32000.0,34471.5,0,4,50.38925,0.4954308100027698,49.546,50.82,0.38925000000000054,0.4954308100027698,0.6300533707552091,0.6162500000000009,1.0,4,0,1.0,1.0,0,13705.0,18865.25,0
13,13,power_law,4.379,1.0,1547.0,-0.6210000000000004,0.6210000000000004,12.420000000000009,1,1,1.957,1.0,3010.0,-0.04299999999999993,0.04299999999999993,2.1499999999999964,1,1,4.65,1.0,12976.0,-0.34999999999999964,0.34999999999999964,6.999999999999992,1,1,2.243,1.0,11975.0,0.24299999999999988,0.24299999999999988,12.149999999999995,1,1,0.656,1.0,13248.0,-0.14400000000000002,0.14400000000000002,18.000000000000004,0,1,0.008,1.0,7417.0,-0.002,0.002,20.0,1,1,0.3,1.0,50090.0,0.0,0.0,0.0,1,1,18.736,1.0,35013.0,0.7360000000000007,0.7360000000000007,4.088888888888893,1,1,4,0.0895,0.038791107228332636,0.027,0.129,0.0895,0.038791107228332636,0.09754486147409304,0.0895,1.0,4,0,1.0,1.0,0,11538.0,16225.0,0,4,0.42874999999999996,0.158191932474447,0.286,0.688,0.42874999999999996,0.158191932474447,0.4570024617001532,0.42874999999999996,1.0,4,0,1.0,1.0,0,6169.0,8534.25,0,4,-0.07025,0.2566177848474263,-0.501,0.15,-0.07025,0.2566177848474263,0.266059673757599,0.19275,1.0,4,0,1.0,1.0,0,8966.0,26321.75,0,4,50.43825,0.7481752384969705,49.78,51.623,0.43824999999999825,0.7481752384969705,0.8670808785805377,0.6422499999999989,0.75,3,0,1.0,1.0,0,6599.0,14111.25,0
14,14,power_law,4.669,1.0,16735.0,-0.3310000000000004,0.3310000000000004,6.620000000000008,1,1,1.999,1.0,17495.0,-0.0009999999999998899,0.0009999999999998899,0.04999999999999449,1,1,6.827,1.0,20508.0,1.827,1.827,36.54,1,1,2.557,1.0,20425.0,0.5569999999999999,0.5569999999999999,27.849999999999998,1,1,0.658,1.0,17243.0,-0.14200000000000002,0.14200000000000002,17.750000000000004,1,1,0.009,1.0,36996.0,-0.0010000000000000009,0.0010000000000000009,10.000000000000009,1,1,0.304,1.0,48046.0,0.0040000000000000036,0.0040000000000000036,1.3333333333333346,1,1,18.338,1.0,44800.0,0.33800000000000097,0.33800000000000097,1.877777777777783,1,1,4,0.094,0.039553760883132213,0.057,0.16,0.094,0.039553760883132213,0.10198284169408108,0.094,1.0,4,0,1.0,1.0,0,6290.0,15858.25,0,4,1.1139999999999999,0.33143853125428857,0.786,1.601,1.1139999999999999,0.33143853125428857,1.1622596525733826,1.1139999999999999,1.0,4,0,1.0,1.0,0,3491.0,5570.5,0,4,-0.15449999999999997,0.3179170489294338,-0.46,0.367,-0.15449999999999997,0.3179170489294338,0.35347064941802453,0.33799999999999997,1.0,4,0,1.0,1.0,0,28580.0,34500.0,0,4,49.941750000000006,0.6431416543033105,49.258,50.859,-0.05824999999999925,0.6431416543033105,0.6457741478256921,0.5997499999999985,1.0,4,0,1.0,1.0,0,13768.0,16676.0,0
15,15,power_law,4.724,1.0,15802.0,-0.2759999999999998,0.2759999999999998,5.519999999999996,1,1,2.049,1.0,16764.0,0.04899999999999993,0.04899999999999993,2.4499999999999966,1,1,5.758,1.0,12702.0,0.758,0.758,15.160000000000002,1,1,2.259,1.0,12398.0,0.2589999999999999,0.2589999999999999,12.949999999999996,1,1,0.648,1.0,14209.0,-0.15200000000000002,0.15200000000000002,19.000000000000004,0,1,0.012,1.0,42317.0,0.002,0.002,20.0,1,1,0.302,1.0,46452.0,0.0020000000000000018,0.0020000000000000018,0.6666666666666673,1,1,17.238,1.0,39323.0,-0.7620000000000005,0.7620000000000005,4.233333333333336,1,1,4,0.126,0.03020761493398643,0.075,0.154,0.126,0.03020761493398643,0.12957044416069585,0.126,1.0,4,0,1.0,1.0,0,8961.0,12688.5,0,4,0.7315,0.191093563470882,0.52,1.02,0.7315,0.191093563470882,0.7560482788817127,0.7315,1.0,4,0,1.0,1.0,0,7533.0,9443.0,0,4,-0.0375,0.22653752448545916,-0.341,0.264,-0.0375,0.22653752448545916,0.22962033882041025,0.204,1.0,4,0,1.0,1.0,0,21302.0,33402.5,0,4,50.81549999999999,0.28966316645372614,50.552,51.294,0.8155000000000001,0.28966316645372614,0.8654160848978942,0.8155000000000001,1.0,4,0,1.0,1.0,0,11447.0,12268.75,0
16,16,power_law,2.849,1.0,17854.0,-2.151,2.151,43.019999999999996,0,1,1.642,1.0,19074.0,-0.3580000000000001,0.3580000000000001,17.900000000000006,1,1,4.365,1.0,18083.0,-0.6349999999999998,0.6349999999999998,12.699999999999994,1,1,2.268,1.0,18340.0,0.2679999999999998,0.2679999999999998,13.39999999999999,1,1,0.692,1.0,18668.0,-0.1080000000000001,0.1080000000000001,13.500000000000012,1,1,0.014,1.0,41727.0,0.004,0.004,40.0,1,1,0.328,1.0,48206.0,0.028000000000000025,0.028000000000000025,9.333333333333343,1,1,18.392,1.0,36230.0,0.39199999999999946,0.39199999999999946,2.1777777777777745,1,1,4,0.050499999999999996,0.02315707235381882,0.03,0.087,0.050499999999999996,0.02315707235381882,0.05555627777308339,0.050499999999999996,1.0,4,0,1.0,1.0,0,10901.0,18027.25,0,4,0.41224999999999995,0.1795165382353392,0.188,0.606,0.41224999999999995,0.1795165382353392,0.44964013388486573,0.41224999999999995,1.0,4,0,1.0,1.0,0,10095.0,13576.0,0,4,0.134,0.17144532656214342,-0.101,0.382,0.134,0.17144532656214342,0.2175994025727093,0.1845,0.75,3,0,1.0,1.0,0,35395.0,39149.25,0,4,50.14875000000001,0.29953745592162667,49.845,50.466,0.14874999999999972,0.2995374559216266,0.3344387088840052,0.2992500000000007,1.0,4,0,1.0,1.0,0,21372.0,25526.5,0
17,17,power_law,3.052,1.0,16646.0,-1.948,1.948,38.96,0,1,1.661,1.0,17576.0,-0.33899999999999997,0.33899999999999997,16.95,1,1,2.914,1.0,9321.0,-2.086,2.086,41.72,1,1,1.754,1.0,10986.0,-0.246,0.246,12.3,1,1,0.672,1.0,17313.0,-0.128,0.128,16.0,0,1,0.018,1.0,36784.0,0.007999999999999998,0.007999999999999998,79.99999999999999,1,1,0.303,1.0,44576.0,0.0030000000000000027,0.0030000000000000027,1.0000000000000009,1,1,19.053,1.0,24595.0,1.0530000000000008,1.0530000000000008,5.850000000000004,1,1,4,0.08800000000000001,0.07552152011181978,0.029,0.217,0.08800000000000001,0.07552152011181978,0.11596335628119774,0.08800000000000001,1.0,4,0,1.0,1.0,0,3895.0,11219.0,0,4,0.399,0.42419158407493185,0.07,1.128,0.399,0.42419158407493185,0.582356849363,0.399,1.0,4,0,1.0,1.0,0,850.0,12005.0,0,4,-0.05200000000000001,0.13406528260515474,-0.269,0.098,-0.05200000000000001,0.13406528260515474,0.14379673153448239,0.101,1.0,4,0,1.0,1.0,0,10193.0,20021.25,0,4,50.1755,0.2784317690207063,49.948,50.652,0.17550000000000132,0.2784317690207063,0.32912687523203027,0.20150000000000112,1.0,4,0,1.0,1.0,0,15788.0,19395.5,0
18,18,power_law,2.847,1.0,16720.0,-2.153,2.153,43.059999999999995,0,1,1.639,1.0,17068.0,-0.361,0.361,18.05,1,1,4.859,1.0,16598.0,-0.14100000000000001,0.14100000000000001,2.8200000000000003,1,1,2.366,1.0,17436.0,0.3660000000000001,0.3660000000000001,18.300000000000004,1,1,0.669,1.0,20239.0,-0.131,0.131,16.375,0,1,0.014,1.0,37629.0,0.004,0.004,40.0,1,1,0.324,1.0,40426.0,0.02400000000000002,0.02400000000000002,8.000000000000007,1,1,19.262,1.0,35734.0,1.2620000000000005,1.2620000000000005,7.011111111111114,1,1,4,0.05525,0.03823856038085117,0.016,0.117,0.05525,0.03823856038085117,0.0671918893915032,0.05525,1.0,4,0,1.0,1.0,0,6309.0,19519.5,0,4,0.5349999999999999,0.3839557266144106,0.105,1.073,0.5349999999999999,0.3839557266144106,0.6585187924425543,0.5349999999999999,1.0,4,0,1.0,1.0,0,1758.0,11770.25,0,4,0.024499999999999994,0.163744465555328,-0.196,0.232,0.024499999999999994,0.163744465555328,0.1655672068979845,0.151,1.0,4,0,1.0,1.0,0,32011.0,35435.75,0,4,50.593500000000006,0.4051953232701492,50.156,51.146,0.5935000000000006,0.4051953232701492,0.7186275113019271,0.5935000000000006,1.0,4,0,1.0,1.0,0,18041.0,19684.5,0
19,19,power_law,5.47,1.0,14651.0,0.46999999999999975,0.46999999999999975,9.399999999999995,1,1,2.234,1.0,15321.0,0.23399999999999999,0.23399999999999999,11.7,1,1,4.124,1.0,11910.0,-0.8760000000000003,0.8760000000000003,17.520000000000007,1,1,2.088,1.0,16103.0,0.08800000000000008,0.08800000000000008,4.400000000000004,1,1,0.654,1.0,17844.0,-0.14600000000000002,0.14600000000000002,18.250000000000004,0,1,0.015,1.0,49231.0,0.004999999999999999,0.004999999999999999,49.999999999999986,1,1,0.319,1.0,47216.0,0.019000000000000017,0.019000000000000017,6.333333333333339,1,1,19.671,1.0,37564.0,1.6709999999999994,1.6709999999999994,9.28333333333333,1,1,4,0.16899999999999998,0.04763402145525822,0.09,0.212,0.16899999999999998,0.04763402145525822,0.17558473737771174,0.16899999999999998,1.0,4,0,1.0,1.0,0,4688.0,9871.5,0,4,0.35474999999999995,0.20975864106157818,0.144,0.696,0.35474999999999995,0.20975864106157818,0.41212407112421856,0.35474999999999995,1.0,4,0,1.0,1.0,0,5889.0,12376.25,0,4,-0.258,0.18725517349328427,-0.581,-0.124,-0.258,0.18725517349328427,0.31879225210158413,0.258,1.0,4,0,1.0,1.0,0,33408.0,35200.5,0,4,49.6305,0.2350452084174443,49.344,49.957,-0.3695000000000004,0.2350452084174443,0.43792293842638585,0.3695000000000004,1.0,4,0,1.0,1.0,0,7592.0,27582.25,0
20,20,power_law,7.383,1.0,16023.0,2.383,2.383,47.660000000000004,1,1,2.577,1.0,16276.0,0.577,0.577,28.849999999999998,1,1,5.93,1.0,16562.0,0.9299999999999997,0.9299999999999997,18.599999999999994,1,1,2.446,1.0,16523.0,0.4460000000000002,0.4460000000000002,22.300000000000008,1,1,0.611,1.0,11110.0,-0.18900000000000006,0.18900000000000006,23.625000000000007,0,1,0.007,1.0,37615.0,-0.003,0.003,30.0,1,1,0.295,1.0,40707.0,-0.0050000000000000044,0.0050000000000000044,1.6666666666666683,1,1,19.091,1.0,18322.0,1.091000000000001,1.091000000000001,6.061111111111117,1,1,4,0.159,0.045934736311423405,0.091,0.205,0.159,0.045934736311423405,0.16550226584551644,0.159,1.0,4,0,1.0,1.0,0,9710.0,13759.5,0,4,0.78025,0.24760187297352984,0.399,1.084,0.78025,0.24760187297352984,0.8185943745225714,0.78025,1.0,4,0,1.0,1.0,0,3948.0,7135.25,0,4,-0.07225,0.08816001077586141,-0.184,0.018,-0.07225,0.08816001077586141,0.11398355144493437,0.08625000000000001,1.0,4,0,1.0,1.0,0,24801.0,31391.0,0,4,50.055,0.528670502297982,49.512,50.783,0.05500000000000149,0.528670502297982,0.5315237529969857,0.5035000000000007,1.0,4,0,1.0,1.0,0,9300.0,13582.75,0
21,21,power_law,3.676,1.0,8067.0,-1.3239999999999998,1.3239999999999998,26.479999999999997,1,1,1.75,1.0,6923.0,-0.25,0.25,12.5,1,1,4.853,1.0,12614.0,-0.14700000000000024,0.14700000000000024,2.940000000000005,1,1,2.255,1.0,13610.0,0.2549999999999999,0.2549999999999999,12.749999999999995,1,1,0.642,1.0,3035.0,-0.15800000000000003,0.15800000000000003,19.750000000000004,0,1,0.011,1.0,23829.0,0.0009999999999999992,0.0009999999999999992,9.999999999999991,1,1,0.299,1.0,10189.0,-0.0010000000000000009,0.0010000000000000009,0.33333333333333365,1,1,15.9,1.0,11348.0,-2.0999999999999996,2.0999999999999996,11.666666666666664,0,1,4,0.11725,0.06052014127544647,0.045,0.204,0.11725,0.06052014127544647,0.1319479063873315,0.11725,1.0,4,0,1.0,1.0,0,2944.0,7210.75,0,4,0.41125,0.14688835045707335,0.185,0.544,0.41125,0.14688835045707335,0.43669525987809854,0.41125,1.0,4,0,1.0,1.0,0,5126.0,6205.5,0,4,0.02225,0.23192603885721844,-0.297,0.252,0.02225,0.23192603885721844,0.23299087964982665,0.22125,1.0,4,0,1.0,1.0,0,4009.0,12708.75,0,4,50.381,0.5589597481035656,49.803,51.267,0.3810000000000002,0.5589597481035656,0.6764591635863925,0.4795000000000016,1.0,4,0,1.0,1.0,0,6038.0,11249.75,0
22,22,power_law,7.061,1.0,14865.0,2.061,2.061,41.22,1,1,2.642,1.0,15567.0,0.6419999999999999,0.6419999999999999,32.099999999999994,1,1,4.862,1.0,11617.0,-0.1379999999999999,0.1379999999999999,2.759999999999998,1,1,1.973,1.0,10828.0,-0.026999999999999913,0.026999999999999913,1.3499999999999956,1,1,0.662,1.0,16377.0,-0.138,0.138,17.25,0,1,0.004,1.0,37476.0,-0.006,0.006,60.0,0,1,0.337,1.0,45305.0,0.03700000000000003,0.03700000000000003,12.333333333333345,0,1,20.506,1.0,36779.0,2.5060000000000002,2.5060000000000002,13.922222222222224,0,1,4,0.31399999999999995,0.19467023398557878,0.118,0.573,0.31399999999999995,0.19467023398557878,0.36944891392451,0.31399999999999995,1.0,4,0,1.0,1.0,0,1025.0,5582.25,0,4,0.5650000000000001,0.17804774640528312,0.39,0.802,0.5650000000000001,0.17804774640528312,0.5923900741909844,0.5650000000000001,1.0,4,0,1.0,1.0,0,7984.0,10914.0,0,4,-0.1145,0.2207289061269502,-0.485,0.064,-0.1145,0.2207289061269502,0.24865940561338112,0.16749999999999998,1.0,4,0,1.0,1.0,0,25910.0,28686.5,0,4,51.158500000000004,0.4899420884145406,50.409,51.764,1.1585000000000019,0.4899420884145406,1.2578416037005637,1.1585000000000019,1.0,4,0,1.0,1.0,0,10440.0,11873.25,0
23,23,power_law,3.763,1.0,16767.0,-1.237,1.237,24.740000000000002,1,1,1.769,1.0,17636.0,-0.2310000000000001,0.2310000000000001,11.550000000000004,1,1,3.163,1.0,17392.0,-1.8370000000000002,1.8370000000000002,36.74000000000001,1,1,2.163,1.0,18727.0,0.1629999999999998,0.1629999999999998,8.149999999999991,1,1,0.65,1.0,18993.0,-0.15000000000000002,0.15000000000000002,18.750000000000004,0,1,0.008,1.0,32238.0,-0.002,0.002,20.0,1,1,0.304,1.0,13334.0,0.0040000000000000036,0.0040000000000000036,1.3333333333333346,1,1,20.224,1.0,37838.0,2.224,2.224,12.355555555555558,1,1,4,0.13124999999999998,0.08607373292706666,0.036,0.243,0.13124999999999998,0.08607373292706666,0.15695620408254018,0.13124999999999998,1.0,4,0,1.0,1.0,0,2912.0,8675.0,0,4,0.267,0.14433121630472046,0.07,0.467,0.267,0.14433121630472046,0.30351359112896414,0.267,1.0,4,0,1.0,1.0,0,3601.0,11624.5,0,4,-0.17025,0.15183111505880473,-0.41,-0.019,-0.17025,0.15183111505880473,0.2281178423534643,0.17025,1.0,4,0,1.0,1.0,0,11506.0,23853.5,0,4,50.031000000000006,0.33524244957940647,49.464,50.337,0.031000000000000583,0.33524244957940647,0.33667268971510134,0.29900000000000126,1.0,4,0,1.0,1.0,0,19382.0,29049.0,0
24,24,power_law,4.041,1.0,16798.0,-0.9589999999999996,0.9589999999999996,19.179999999999993,1,1,1.836,1.0,16841.0,-0.16399999999999992,0.16399999999999992,8.199999999999996,1,1,4.414,1.0,16003.0,-0.5860000000000003,0.5860000000000003,11.720000000000006,1,1,2.228,1.0,14822.0,0.2280000000000002,0.2280000000000002,11.40000000000001,1,1,0.63,1.0,15222.0,-0.17000000000000004,0.17000000000000004,21.250000000000004,0,1,0.013,1.0,48039.0,0.002999999999999999,0.002999999999999999,29.999999999999993,1,1,0.267,1.0,45959.0,-0.032999999999999974,0.032999999999999974,10.999999999999991,0,1,19.112,1.0,41668.0,1.1119999999999983,1.1119999999999983,6.177777777777768,1,1,4,0.098,0.05148786264742401,0.031,0.167,0.098,0.05148786264742401,0.11070230349906908,0.098,1.0,4,0,1.0,1.0,0,5110.0,15693.0,0,4,0.404,0.16852744583598245,0.157,0.63,0.404,0.16852744583598245,0.4377413619935863,0.404,1.0,4,0,1.0,1.0,0,8879.0,11044.75,0,4,-0.0375,0.18183302780298194,-0.35,0.095,-0.0375,0.18183302780298194,0.18565963481597175,0.13749999999999998,0.75,3,0,1.0,1.0,0,36797.0,41542.25,0,4,50.45,0.5762842180729911,49.673,51.293,0.45000000000000107,0.5762842180729911,0.7311658498589767,0.6135000000000002,1.0,4,0,1.0,1.0,0,17503.0,17995.25,0
25,25,power_law,5.6,1.0,14778.0,0.5999999999999996,0.5999999999999996,11.999999999999993,1,1,2.112,1.0,17732.0,0.1120000000000001,0.1120000000000001,5.600000000000005,1,1,4.225,1.0,16430.0,-0.7750000000000004,0.7750000000000004,15.500000000000009,1,1,2.18,1.0,16669.0,0.18000000000000016,0.18000000000000016,9.000000000000007,1,1,0.641,1.0,10081.0,-0.15900000000000003,0.15900000000000003,19.875000000000004,0,1,0.013,1.01,733.0,0.002999999999999999,0.002999999999999999,29.999999999999993,1,1,0.306,1.01,942.0,0.006000000000000005,0.006000000000000005,2.0000000000000018,1,1,15.633,1.0,999.0,-2.367000000000001,2.367000000000001,13.150000000000006,0,1,4,0.15475,0.061083447021267556,0.095,0.256,0.15475,0.061083447021267556,0.1663693180847959,0.15475,1.0,4,0,1.0,1.0,0,5254.0,7969.5,0,4,0.318,0.13220060514233664,0.141,0.513,0.318,0.13220060514233664,0.3443849590211512,0.318,1.0,4,0,1.0,1.0,0,1575.0,6486.0,0,4,-0.10375000000000001,0.12353010766610706,-0.281,0.022,-0.10375000000000001,0.12353010766610706,0.16131878377919914,0.11525,1.0,4,0,1.0,1.0,0,1443.0,16994.75,0,4,49.5775,0.125472108454428,49.378,49.705,-0.4225000000000012,0.12547210845442797,0.4407374501900204,0.4225000000000012,1.0,4,0,1.0025,1.01,0,2562.0,17822.0,0
26,26,power_law,6.289,1.0,17249.0,1.2889999999999997,1.2889999999999997,25.77999999999999,1,1,2.386,1.0,17952.0,0.3860000000000001,0.3860000000000001,19.300000000000004,1,1,5.709,1.0,15599.0,0.7089999999999996,0.7089999999999996,14.179999999999993,1,1,2.213,1.0,14098.0,0.21300000000000008,0.21300000000000008,10.650000000000004,1,1,0.631,1.0,15887.0,-0.16900000000000004,0.16900000000000004,21.125000000000004,0,1,0.007,1.0,42379.0,-0.003,0.003,30.0,1,1,0.29,1.0,41970.0,-0.010000000000000009,0.010000000000000009,3.3333333333333366,1,1,17.954,1.0,38193.0,-0.045999999999999375,0.045999999999999375,0.2555555555555521,1,1,4,0.15649999999999997,0.0763626217465063,0.102,0.288,0.15649999999999997,0.0763626217465063,0.17413644075838922,0.15649999999999997,1.0,4,0,1.0,1.0,0,5915.0,12510.0,0,4,0.9109999999999999,0.3628987462089116,0.392,1.417,0.9109999999999999,0.3628987462089116,0.9806204668473935,0.9109999999999999,1.0,4,0,1.0,1.0,0,6622.0,9559.0,0,4,-0.097,0.10324485459334039,-0.224,0.063,-0.097,0.10324485459334039,0.14166333329411673,0.1285,1.0,4,0,1.0,1.0,0,28413.0,31802.0,0,4,51.35549999999999,0.8532518678561455,50.546,52.744,1.3554999999999993,0.8532518678561455,1.6016925422814452,1.3554999999999993,1.0,4,0,1.0,1.0,0,10304.0,11244.5,0
27,27,power_law,4.78,1.0,18974.0,-0.21999999999999975,0.21999999999999975,4.399999999999995,1,1,2.046,1.0,18271.0,0.04599999999999982,0.04599999999999982,2.299999999999991,1,1,4.381,1.0,19573.0,-0.6189999999999998,0.6189999999999998,12.379999999999995,1,1,2.294,1.0,15234.0,0.29400000000000004,0.29400000000000004,14.700000000000003,1,1,0.655,1.0,19620.0,-0.14500000000000002,0.14500000000000002,18.125000000000004,1,1,0.013,1.0,40898.0,0.002999999999999999,0.002999999999999999,29.999999999999993,1,1,0.323,1.0,51241.0,0.02300000000000002,0.02300000000000002,7.666666666666674,1,1,18.991,1.0,32952.0,0.9909999999999997,0.9909999999999997,5.505555555555554,1,1,4,0.0945,0.013720422734012245,0.082,0.117,0.0945,0.013720422734012245,0.0954908372567756,0.0945,1.0,4,0,1.0,1.0,0,12452.0,15457.0,0,4,0.5449999999999999,0.24362676371860295,0.205,0.839,0.5449999999999999,0.24362676371860295,0.5969748738431124,0.5449999999999999,1.0,4,0,1.0,1.0,0,2960.0,7232.5,0,4,-0.11374999999999999,0.31024697822863645,-0.523,0.27,-0.11374999999999999,0.31024697822863645,0.33044250634565764,0.29175,0.75,3,0,1.0,1.0,0,26261.0,31554.25,0,4,49.87825000000001,0.25462460112879887,49.607,50.293,-0.12175000000000047,0.25462460112879887,0.28223527419512967,0.2682500000000001,1.0,4,0,1.0,1.0,0,20149.0,25638.25,0
28,28,power_law,5.301,1.0,21129.0,0.30100000000000016,0.30100000000000016,6.020000000000003,1,1,2.083,1.0,22420.0,0.08300000000000018,0.08300000000000018,4.150000000000009,1,1,6.655,1.0,16806.0,1.6550000000000002,1.6550000000000002,33.10000000000001,1,1,2.803,1.0,18184.0,0.8029999999999999,0.8029999999999999,40.15,1,1,0.614,1.0,17035.0,-0.18600000000000005,0.18600000000000005,23.250000000000007,0,1,0.012,1.0,37521.0,0.002,0.002,20.0,1,1,0.315,1.0,14684.0,0.015000000000000013,0.015000000000000013,5.000000000000004,1,1,17.787,1.0,41139.0,-0.21300000000000097,0.21300000000000097,1.1833333333333387,1,1,4,0.0905,0.03219083720563975,0.047,0.13,0.0905,0.03219083720563975,0.09605467193218663,0.0905,1.0,4,0,1.0,1.0,0,12317.0,17242.75,0,4,0.8927499999999999,0.2974545133293492,0.469,1.301,0.8927499999999999,0.2974545133293492,0.9410003985121366,0.8927499999999999,1.0,4,0,1.0,1.0,0,3443.0,7210.75,0,4,0.0024999999999999935,0.21074807235180112,-0.268,0.31,0.0024999999999999935,0.21074807235180112,0.21076289996107003,0.17850000000000002,1.0,4,0,1.0,1.0,0,16523.0,30311.25,0,4,50.55300000000001,0.6029697339004665,49.645,51.286,0.5530000000000026,0.6029697339004666,0.8181573809481903,0.730500000000001,1.0,4,0,1.0,1.0,0,10724.0,16466.0,0
29,29,power_law,5.549,1.0,15056.0,0.5490000000000004,0.5490000000000004,10.980000000000008,1,1,2.4,1.0,16620.0,0.3999999999999999,0.3999999999999999,19.999999999999996,1,1,5.992,1.0,4172.0,0.992,0.992,19.84,1,1,2.222,1.0,9936.0,0.22199999999999998,0.22199999999999998,11.099999999999998,1,1,0.649,1.0,11598.0,-0.15100000000000002,0.15100000000000002,18.875000000000004,0,1,0.01,1.0,1690.0,0.0,0.0,0.0,1,1,0.312,1.0,38863.0,0.01200000000000001,0.01200000000000001,4.0000000000000036,1,1,19.909,1.0,29027.0,1.908999999999999,1.908999999999999,10.60555555555555,1,1,4,0.07925,0.04855087537830806,0.035,0.159,0.07925,0.04855087537830806,0.09293949644795801,0.07925,1.0,4,0,1.0025,1.01,0,1541.0,13131.25,0,4,0.8240000000000001,0.17344019142055855,0.64,1.055,0.8240000000000001,0.17344019142055855,0.8420555207348267,0.8240000000000001,1.0,4,0,1.0,1.0,0,2547.0,6899.25,0,4,0.036,0.16796577032240825,-0.216,0.257,0.036,0.16796577032240825,0.1717803830476577,0.144,1.0,4,0,1.0,1.0,0,3155.0,15804.5,0,4,51.5775,0.4575726718238302,51.045,52.281,1.5775000000000006,0.4575726718238302,1.6425221459694235,1.5775000000000006,0.75,3,0,1.0,1.0,0,6848.0,8858.75,0
30,30,power_law,5.61,1.0,12035.0,0.6100000000000003,0.6100000000000003,12.200000000000006,1,1,2.176,1.0,10281.0,0.17600000000000016,0.17600000000000016,8.800000000000008,1,1,7.031,1.0,16516.0,2.0309999999999997,2.0309999999999997,40.62,1,1,2.342,1.0,14726.0,0.3420000000000001,0.3420000000000001,17.100000000000005,1,1,0.611,1.0,10580.0,-0.18900000000000006,0.18900000000000006,23.625000000000007,0,1,0.007,1.0,39865.0,-0.003,0.003,30.0,1,1,0.286,1.0,18972.0,-0.014000000000000012,0.014000000000000012,4.666666666666671,1,1,16.957,1.0,42889.0,-1.0429999999999993,1.0429999999999993,5.79444444444444,1,1,4,0.0945,0.03873951471043487,0.049,0.147,0.0945,0.03873951471043487,0.10213226718329521,0.0945,1.0,4,0,1.0,1.0,0,14318.0,20730.75,0,4,1.4277499999999999,0.29132574122449256,1.16,1.903,1.4277499999999999,0.29132574122449256,1.4571687445179435,1.4277499999999999,1.0,4,0,1.0,1.0,0,8332.0,16703.5,0,4,0.01875,0.09133831342870306,-0.074,0.151,0.01875,0.09133831342870306,0.09324296220090823,0.08474999999999999,1.0,4,0,1.0,1.0,0,33089.0,35869.75,0,4,52.47175,0.9105189111160735,50.931,53.224,2.4717499999999983,0.9105189111160735,2.6341208685252075,2.4717499999999983,0.75,3,0,1.0,1.0,0,12587.0,13405.0,0
31,31,power_law,3.89,1.0,15938.0,-1.1099999999999999,1.1099999999999999,22.199999999999996,1,1,1.872,1.0,15785.0,-0.1279999999999999,0.1279999999999999,6.399999999999995,1,1,5.101,1.0,18100.0,0.10099999999999998,0.10099999999999998,2.0199999999999996,1,1,2.3,1.0,17330.0,0.2999999999999998,0.2999999999999998,14.999999999999991,1,1,0.643,1.0,16457.0,-0.15700000000000003,0.15700000000000003,19.625000000000004,0,1,0.009,1.0,47582.0,-0.0010000000000000009,0.0010000000000000009,10.000000000000009,1,1,0.299,1.0,57918.0,-0.0010000000000000009,0.0010000000000000009,0.33333333333333365,1,1,17.631,1.0,42758.0,-0.3689999999999998,0.3689999999999998,2.0499999999999985,1,1,4,0.09125,0.04245217897823385,0.029,0.148,0.09125,0.04245217897823385,0.10064169116226138,0.09125,1.0,4,0,1.0,1.0,0,8867.0,18323.75,0,4,0.62175,0.29827200254130454,0.434,1.138,0.62175,0.29827200254130454,0.689593539702918,0.62175,1.0,4,0,1.0,1.0,0,3516.0,9321.25,0,4,-0.0075,0.1895422116574564,-0.267,0.261,-0.0075,0.1895422116574564,0.18969053745508763,0.15500000000000003,1.0,4,0,1.0,1.0,0,31368.0,38677.75,0,4,50.13175,0.5102319938028207,49.763,51.011,0.13175000000000026,0.5102319938028207,0.5269675037419306,0.37375000000000114,1.0,4,0,1.0,1.0,0,13261.0,19709.75,0
32,32,power_law,3.263,1.0,16803.0,-1.737,1.737,34.74,1,1,1.717,1.0,17237.0,-0.2829999999999999,0.2829999999999999,14.149999999999995,1,1,3.581,1.0,17022.0,-1.419,1.419,28.38,1,1,1.923,1.0,16251.0,-0.07699999999999996,0.07699999999999996,3.849999999999998,1,1,0.672,1.0,20322.0,-0.128,0.128,16.0,1,1,0.004,1.0,39744.0,-0.006,0.006,60.0,0,1,0.324,1.0,50978.0,0.02400000000000002,0.02400000000000002,8.000000000000007,1,1,16.524,1.0,39981.0,-1.475999999999999,1.475999999999999,8.199999999999994,1,1,4,0.0895,0.05523812089490373,0.054,0.185,0.0895,0.05523812089490373,0.10517366590549176,0.0895,1.0,4,0,1.0,1.0,0,4072.0,17875.75,0,4,0.388,0.22040303990644047,0.152,0.749,0.388,0.22040303990644047,0.446230321694974,0.388,1.0,4,0,1.0,1.0,0,9702.0,15641.0,0,4,-0.1155,0.1789532061741281,-0.387,0.108,-0.1155,0.1789532061741281,0.2129894363577687,0.1695,1.0,4,0,1.0,1.0,0,27839.0,36637.5,0,4,50.60025,0.7755309068631625,49.485,51.486,0.6002499999999991,0.7755309068631625,0.9806876414027038,0.8577499999999993,1.0,4,0,1.0,1.0,0,20053.0,21406.5,0
33,33,power_law,5.215,1.0,16446.0,0.21499999999999986,0.21499999999999986,4.299999999999997,1,1,2.105,1.0,17202.0,0.10499999999999998,0.10499999999999998,5.249999999999999,1,1,5.537,1.0,15876.0,0.5369999999999999,0.5369999999999999,10.739999999999998,1,1,2.22,1.0,13647.0,0.2200000000000002,0.2200000000000002,11.00000000000001,1,1,0.664,1.0,2140.0,-0.136,0.136,17.0,1,1,0.01,1.0,48294.0,0.0,0.0,0.0,1,1,0.317,1.0,2408.0,0.017000000000000015,0.017000000000000015,5.666666666666672,1,1,16.474,1.0,35158.0,-1.5259999999999998,1.5259999999999998,8.477777777777778,1,1,4,0.123,0.06367495583037337,0.046,0.223,0.123,0.06367495583037337,0.13850451256186566,0.123,1.0,4,0,1.0,1.0,0,1581.0,11502.0,0,4,0.63625,0.15624719997491154,0.436,0.835,0.63625,0.15624719997491154,0.655154371121799,0.63625,1.0,4,0,1.0,1.0,0,7026.0,8811.5,0,4,-0.15525,0.1985615458743208,-0.486,0.024,-0.15525,0.1985615458743208,0.2520500942273182,0.16725,1.0,4,0,1.0,1.0,0,7638.0,21405.75,0,4,50.453,0.4739752103222263,49.996,51.245,0.4529999999999994,0.4739752103222263,0.6556382386651941,0.4549999999999983,1.0,4,0,1.0,1.0,0,9010.0,11429.25,0
34,34,power_law,4.268,1.0,13362.0,-0.7320000000000002,0.7320000000000002,14.640000000000002,1,1,1.917,1.0,13793.0,-0.08299999999999996,0.08299999999999996,4.149999999999999,1,1,4.922,1.0,11495.0,-0.07800000000000029,0.07800000000000029,1.5600000000000058,1,1,2.051,1.0,11205.0,0.051000000000000156,0.051000000000000156,2.550000000000008,1,1,0.658,1.0,11795.0,-0.14200000000000002,0.14200000000000002,17.750000000000004,1,1,0.012,1.0,34456.0,0.002,0.002,20.0,1,1,0.317,1.0,46602.0,0.017000000000000015,0.017000000000000015,5.666666666666672,1,1,17.021,1.0,30785.0,-0.9789999999999992,0.9789999999999992,5.438888888888885,1,1,4,0.18125,0.1315358791356944,0.038,0.39,0.18125,0.1315358791356944,0.22394921299258902,0.18125,1.0,4,0,1.0,1.0,0,4529.0,13464.0,0,4,0.71575,0.12990453225349763,0.573,0.882,0.71575,0.12990453225349763,0.7274429530897939,0.71575,1.0,4,0,1.0,1.0,0,6496.0,9536.25,0,4,-0.0040000000000000036,0.2371086248958481,-0.394,0.241,-0.0040000000000000036,0.2371086248958481,0.23714236230585206,0.193,1.0,4,0,1.0,1.0,0,29501.0,33936.0,0,4,50.793499999999995,0.399041664491316,50.328,51.417,0.7934999999999999,0.399041664491316,0.8881871987368427,0.7934999999999999,1.0,4,0,1.0,1.0,0,6706.0,8375.25,0
35,35,power_law,5.542,1.0,9023.0,0.5419999999999998,0.5419999999999998,10.839999999999996,1,1,2.209,1.0,5119.0,0.20900000000000007,0.20900000000000007,10.450000000000003,1,1,5.42,1.0,3503.0,0.41999999999999993,0.41999999999999993,8.399999999999999,1,1,2.184,1.0,2367.0,0.18400000000000016,0.18400000000000016,9.200000000000008,1,1,0.651,1.0,1987.0,-0.14900000000000002,0.14900000000000002,18.625000000000004,1,1,0.009,1.0,30247.0,-0.0010000000000000009,0.0010000000000000009,10.000000000000009,1,1,0.295,1.0,46165.0,-0.0050000000000000044,0.0050000000000000044,1.6666666666666683,1,1,17.789,1.0,2796.0,-0.21099999999999852,0.21099999999999852,1.172222222222214,1,1,4,0.13975,0.04420053732705067,0.065,0.178,0.13975,0.04420053732705067,0.14657336047181288,0.13975,1.0,4,0,1.0,1.0,0,5769.0,8367.25,0,4,0.7075,0.280523171948415,0.326,1.113,0.7075,0.280523171948415,0.7610844237008139,0.7075,1.0,4,0,1.0,1.0,0,4499.0,7752.25,0,4,-0.05349999999999999,0.2613068120045859,-0.504,0.137,-0.05349999999999999,0.2613068120045859,0.2667273889198483,0.1985,1.0,4,0,1.0,1.0,0,4723.0,22804.5,0,4,50.214749999999995,0.4998941763013455,49.439,50.831,0.21475000000000044,0.4998941763013456,0.5440696187070189,0.4952500000000004,1.0,4,0,1.0,1.0,0,4920.0,8747.5,0
36,36,power_law,3.716,1.0,18648.0,-1.2839999999999998,1.2839999999999998,25.679999999999996,1,1,1.878,1.0,19209.0,-0.12200000000000011,0.12200000000000011,6.100000000000005,1,1,5.9,1.0,17596.0,0.9000000000000004,0.9000000000000004,18.000000000000007,1,1,2.408,1.0,17052.0,0.4079999999999999,0.4079999999999999,20.399999999999995,1,1,0.683,1.0,14248.0,-0.11699999999999999,0.11699999999999999,14.625,1,1,0.008,1.0,45808.0,-0.002,0.002,20.0,1,1,0.311,1.0,53490.0,0.01100000000000001,0.01100000000000001,3.66666666666667,1,1,19.647,1.0,45033.0,1.6469999999999985,1.6469999999999985,9.149999999999991,1,1,4,0.08700000000000001,0.05908045362046571,0.013,0.178,0.08700000000000001,0.05908045362046571,0.10516415739214573,0.08700000000000001,1.0,4,0,1.0,1.0,0,5196.0,17149.25,0,4,0.8292499999999999,0.4055874597420388,0.532,1.517,0.8292499999999999,0.4055874597420388,0.9231233666200851,0.8292499999999999,1.0,4,0,1.0,1.0,0,1935.0,9222.0,0,4,-0.048,0.1691907207857452,-0.19,0.241,-0.048,0.1691907207857452,0.17586784811329215,0.16849999999999998,1.0,4,0,1.0,1.0,0,35234.0,43420.0,0,4,50.464000000000006,0.7301534085382325,49.398,51.154,0.4640000000000004,0.7301534085382325,0.865112709419992,0.7649999999999988,1.0,4,0,1.0,1.0,0,11399.0,16323.75,0
37,37,power_law,5.462,1.0,16549.0,0.46199999999999974,0.46199999999999974,9.239999999999995,1,1,2.196,1.0,13208.0,0.19600000000000017,0.19600000000000017,9.800000000000008,1,1,4.703,1.0,14629.0,-0.2969999999999997,0.2969999999999997,5.939999999999994,1,1,2.32,1.0,14086.0,0.31999999999999984,0.31999999999999984,15.999999999999993,1,1,0.655,1.0,10873.0,-0.14500000000000002,0.14500000000000002,18.125000000000004,0,1,0.015,1.0,39531.0,0.004999999999999999,0.004999999999999999,49.999999999999986,1,1,0.308,1.0,34897.0,0.008000000000000007,0.008000000000000007,2.666666666666669,1,1,18.859,1.0,29024.0,0.8590000000000018,0.8590000000000018,4.772222222222232,1,1,4,0.12725,0.05127072751580574,0.048,0.175,0.12725,0.05127072751580574,0.1371905608997937,0.12725,1.0,4,0,1.0,1.0,0,4264.0,11262.25,0,4,0.57225,0.37583731520433145,0.191,1.19,0.57225,0.37583731520433145,0.6846340263235534,0.57225,1.0,4,0,1.0025,1.01,0,636.0,6108.5,0,4,-0.061749999999999985,0.1362192625879321,-0.285,0.08,-0.061749999999999985,0.1362192625879321,0.14956186011146022,0.10225,1.0,4,0,1.0,1.0,0,3379.0,16209.25,0,4,49.673,0.4036948104694933,49.18,50.265,-0.32699999999999996,0.4036948104694933,0.5195175646693767,0.45950000000000024,1.0,4,0,1.0,1.0,0,19914.0,24067.5,0
38,38,power_law,3.15,1.0,5492.0,-1.85,1.85,37.0,0,1,1.711,1.01,15653.0,-0.2889999999999999,0.2889999999999999,14.449999999999996,1,1,5.411,1.0,14742.0,0.4109999999999996,0.4109999999999996,8.219999999999992,1,1,2.559,1.0,15162.0,0.5590000000000002,0.5590000000000002,27.95000000000001,1,1,0.659,1.0,12695.0,-0.14100000000000001,0.14100000000000001,17.625,0,1,0.008,1.0,39933.0,-0.002,0.002,20.0,1,1,0.291,1.0,1361.0,-0.009000000000000008,0.009000000000000008,3.0000000000000027,1,1,17.54,1.01,992.0,-0.46000000000000085,0.46000000000000085,2.5555555555555602,1,1,4,0.114,0.08014050162059132,0.011,0.205,0.114,0.08014050162059132,0.1393502780765076,0.114,1.0,4,0,1.0,1.0,0,2420.0,10795.0,0,4,0.41600000000000004,0.22038262181941662,0.194,0.779,0.41600000000000004,0.22038262181941662,0.47077011374980043,0.41600000000000004,1.0,4,0,1.0,1.0,0,997.0,2601.0,0,4,-0.072,0.3248022475291697,-0.411,0.428,-0.072,0.3248022475291697,0.33268678963854276,0.286,1.0,4,0,1.0025,1.01,0,658.0,8765.5,0,4,50.84725,0.3582418003248653,50.239,51.165,0.847249999999999,0.3582418003248653,0.919874855618958,0.847249999999999,1.0,4,0,1.0,1.0,0,1195.0,6631.5,0
39,39,power_law,2.841,1.0,19597.0,-2.159,2.159,43.17999999999999,0,1,1.616,1.0,20715.0,-0.3839999999999999,0.3839999999999999,19.199999999999996,0,1,5.235,1.0,17105.0,0.23500000000000032,0.23500000000000032,4.700000000000006,1,1,2.589,1.0,20655.0,0.589,0.589,29.45,1,1,0.673,1.0,21498.0,-0.127,0.127,15.875,0,1,0.014,1.0,45416.0,0.004,0.004,40.0,1,1,0.302,1.0,47662.0,0.0020000000000000018,0.0020000000000000018,0.6666666666666673,1,1,17.606,1.0,41754.0,-0.39399999999999835,0.39399999999999835,2.18888888888888,1,1,4,0.06175,0.04121513678249777,0.03,0.131,0.06175,0.04121513678249777,0.07424116109005839,0.06175,1.0,4,0,1.0,1.0,0,5209.0,19601.25,0,4,0.3995,0.10874396534980688,0.258,0.525,0.3995,0.10874396534980688,0.41403562648641723,0.3995,1.0,4,0,1.0,1.0,0,6257.0,11334.0,0,4,0.11074999999999999,0.11789057426274586,-0.01,0.245,0.11074999999999999,0.11789057426274586,0.16175212517923837,0.11725,1.0,4,0,1.0,1.0,0,38069.0,40410.25,0,4,50.212,0.21812954866317394,49.863,50.464,0.21199999999999974,0.2181295486631739,0.3041784016001134,0.28049999999999997,1.0,4,0,1.0,1.0,0,22266.0,24573.0,0
40,40,power_law,3.432,1.0,16229.0,-1.568,1.568,31.36,1,1,1.632,1.0,17134.0,-0.3680000000000001,0.3680000000000001,18.400000000000006,1,1,4.098,1.0,21621.0,-0.9020000000000001,0.9020000000000001,18.040000000000003,1,1,2.335,1.0,21551.0,0.33499999999999996,0.33499999999999996,16.75,1,1,0.627,1.0,18405.0,-0.17300000000000004,0.17300000000000004,21.625000000000007,0,1,0.015,1.0,44643.0,0.004999999999999999,0.004999999999999999,49.999999999999986,1,1,0.293,1.0,59810.0,-0.007000000000000006,0.007000000000000006,2.3333333333333357,1,1,19.174,1.0,44243.0,1.1739999999999995,1.1739999999999995,6.5222222222222195,1,1,4,0.09275,0.05745161007317376,0.034,0.17,0.09275,0.05745161007317376,0.10910201647998996,0.09275,1.0,4,0,1.0,1.0,0,5453.0,19359.0,0,4,0.27975,0.09203362157385743,0.151,0.41,0.27975,0.09203362157385743,0.2945,0.27975,1.0,4,0,1.0,1.0,0,6558.0,13010.0,0,4,0.21775000000000003,0.20530997905606052,0.02,0.562,0.21775000000000003,0.20530997905606052,0.29927788090669183,0.21775000000000003,0.75,3,0,1.0,1.0,0,33521.0,41757.0,0,4,50.19625,0.3496243519836684,49.692,50.588,0.19624999999999915,0.3496243519836684,0.4009379627822735,0.35024999999999906,1.0,4,0,1.0,1.0,0,16455.0,31881.75,0
41,41,power_law,6.726,1.0,19335.0,1.726,1.726,34.52,1,1,2.466,1.0,19455.0,0.4660000000000002,0.4660000000000002,23.30000000000001,1,1,6.613,1.0,18890.0,1.6130000000000004,1.6130000000000004,32.26000000000001,1,1,2.325,1.0,17232.0,0.3250000000000002,0.3250000000000002,16.250000000000007,1,1,0.659,1.0,12876.0,-0.14100000000000001,0.14100000000000001,17.625,1,1,0.01,1.0,50878.0,0.0,0.0,0.0,1,1,0.319,1.0,52506.0,0.019000000000000017,0.019000000000000017,6.333333333333339,1,1,16.983,1.0,40334.0,-1.0169999999999995,1.0169999999999995,5.649999999999997,1,1,4,0.14900000000000002,0.07892718162965152,0.034,0.257,0.14900000000000002,0.07892718162965152,0.16861346328214719,0.14900000000000002,1.0,4,0,1.0,1.0,0,8306.0,16243.0,0,4,1.308,0.6879124217514903,0.414,2.2,1.308,0.6879124217514903,1.4778658599480536,1.308,1.0,4,0,1.0,1.0,0,5705.0,11895.25,0,4,-0.043000000000000003,0.21459846224984933,-0.404,0.153,-0.043000000000000003,0.21459846224984933,0.21886411309303314,0.159,1.0,4,0,1.0,1.0,0,20257.0,31289.5,0,4,51.08025000000001,1.0407788850183306,49.408,52.237,1.0802499999999995,1.0407788850183306,1.500053582376309,1.3762499999999989,1.0,4,0,1.0,1.0,0,13079.0,17029.0,0
42,42,power_law,4.195,1.0,11289.0,-0.8049999999999997,0.8049999999999997,16.099999999999994,1,1,1.905,1.0,11643.0,-0.09499999999999997,0.09499999999999997,4.749999999999998,1,1,5.527,1.0,15225.0,0.5270000000000001,0.5270000000000001,10.540000000000003,1,1,2.403,1.0,16158.0,0.403,0.403,20.150000000000002,1,1,0.652,1.0,18340.0,-0.14800000000000002,0.14800000000000002,18.500000000000004,0,1,0.012,1.0,21373.0,0.002,0.002,20.0,1,1,0.303,1.0,48186.0,0.0030000000000000027,0.0030000000000000027,1.0000000000000009,1,1,15.766,1.0,34469.0,-2.234,2.234,12.411111111111111,0,1,4,0.10025,0.047913333217383246,0.026,0.159,0.10025,0.047913333217383246,0.11111143055509635,0.10025,1.0,4,0,1.0,1.0,0,9014.0,15879.25,0,4,0.731,0.25243514018456303,0.294,0.89,0.731,0.25243514018456303,0.7733592308882076,0.731,1.0,4,0,1.0,1.0,0,4954.0,8568.5,0,4,-0.022250000000000006,0.22599377756920652,-0.352,0.282,-0.022250000000000006,0.22599377756920652,0.22708643728765482,0.17675,1.0,4,0,1.0,1.0,0,29525.0,37800.75,0,4,50.33,0.48998826516560534,49.856,51.024,0.33000000000000007,0.48998826516560534,0.5907524862410649,0.46149999999999913,1.0,4,0,1.0,1.0,0,12125.0,16541.25,0
43,43,power_law,4.051,1.0,17310.0,-0.9489999999999998,0.9489999999999998,18.979999999999997,1,1,2.052,1.0,18073.0,0.052000000000000046,0.052000000000000046,2.6000000000000023,1,1,5.509,1.0,15152.0,0.5090000000000003,0.5090000000000003,10.180000000000007,1,1,2.273,1.0,14750.0,0.27300000000000013,0.27300000000000013,13.650000000000006,1,1,0.719,1.0,19137.0,-0.08100000000000007,0.08100000000000007,10.125000000000009,1,1,0.011,1.0,42668.0,0.0009999999999999992,0.0009999999999999992,9.999999999999991,1,1,0.312,1.0,47329.0,0.01200000000000001,0.01200000000000001,4.0000000000000036,1,1,20.674,1.0,35571.0,2.6739999999999995,2.6739999999999995,14.855555555555553,0,1,4,0.10350000000000001,0.06972983579501676,0.023,0.203,0.10350000000000001,0.06972983579501676,0.12479783651970895,0.10350000000000001,1.0,4,0,1.0,1.0,0,1873.0,10647.0,0,4,0.4835,0.1753603432934596,0.305,0.748,0.4835,0.1753603432934596,0.5143184810990171,0.4835,1.0,4,0,1.0,1.0,0,9594.0,13315.25,0,4,-0.06575,0.17908290677783853,-0.315,0.185,-0.06575,0.17908290677783853,0.19077146012965357,0.15825,1.0,4,0,1.0,1.0,0,31098.0,35412.0,0,4,50.533,0.6413676792605002,49.765,51.512,0.5330000000000013,0.6413676792605002,0.8339313520908068,0.650500000000001,1.0,4,0,1.0,1.0,0,16056.0,17765.75,0
44,44,power_law,6.507,1.0,15960.0,1.5069999999999997,1.5069999999999997,30.139999999999993,1,1,2.239,1.0,16321.0,0.23899999999999988,0.23899999999999988,11.949999999999994,1,1,5.78,1.0,12069.0,0.7800000000000002,0.7800000000000002,15.600000000000005,1,1,2.439,1.0,11376.0,0.43900000000000006,0.43900000000000006,21.950000000000003,1,1,0.595,1.0,12260.0,-0.20500000000000007,0.20500000000000007,25.625000000000007,0,1,0.008,1.0,46066.0,-0.002,0.002,20.0,1,1,0.302,1.0,50315.0,0.0020000000000000018,0.0020000000000000018,0.6666666666666673,1,1,17.6,1.0,37773.0,-0.3999999999999986,0.3999999999999986,2.2222222222222143,1,1,4,0.14775,0.04129391601676935,0.104,0.214,0.14775,0.04129391601676935,0.15341202690793182,0.14775,1.0,4,0,1.0,1.0,0,11166.0,15222.0,0,4,1.012,0.4633038959473577,0.483,1.673,1.012,0.4633038959473577,1.1130114554666541,1.012,1.0,4,0,1.0,1.0,0,1786.0,9856.0,0,4,-0.30625,0.19637639242027033,-0.547,-0.08,-0.30625,0.19637639242027033,0.3638031748074775,0.30625,1.0,4,0,1.0,1.0,0,20692.0,29924.75,0,4,50.776250000000005,1.0963472020760565,49.048,51.866,0.7762499999999992,1.0963472020760565,1.3433321443336328,1.2522499999999983,1.0,4,0,1.0,1.0,0,7304.0,11447.5,0
45,45,power_law,3.096,1.0,15688.0,-1.904,1.904,38.08,0,1,1.69,1.0,16222.0,-0.31000000000000005,0.31000000000000005,15.500000000000004,1,1,6.434,1.0,13827.0,1.4340000000000002,1.4340000000000002,28.680000000000007,1,1,2.366,1.0,14439.0,0.3660000000000001,0.3660000000000001,18.300000000000004,1,1,0.665,1.0,16822.0,-0.135,0.135,16.875,0,1,0.007,1.0,37798.0,-0.003,0.003,30.0,1,1,0.312,1.0,45458.0,0.01200000000000001,0.01200000000000001,4.0000000000000036,1,1,16.299,1.0,33299.0,-1.7010000000000005,1.7010000000000005,9.450000000000003,1,1,4,0.08,0.04456455991031439,0.022,0.13,0.08,0.04456455991031439,0.09157510578754469,0.08,1.0,4,0,1.0,1.0,0,10128.0,17388.75,0,4,0.88875,0.17433355242178714,0.745,1.185,0.88875,0.17433355242178714,0.9056868940202237,0.88875,1.0,4,0,1.0,1.0,0,11266.0,13468.0,0,4,-0.0915,0.18765993179152549,-0.388,0.12,-0.0915,0.18765993179152549,0.20877859085643816,0.1515,1.0,4,0,1.0,1.0,0,31388.0,35445.0,0,4,51.47749999999999,0.3238838526385641,50.987,51.785,1.4774999999999991,0.3238838526385641,1.5125828902906433,1.4774999999999991,1.0,4,0,1.0,1.0,0,12875.0,13344.25,0
46,46,power_law,4.799,1.0,12288.0,-0.20099999999999962,0.20099999999999962,4.0199999999999925,1,1,1.952,1.0,14224.0,-0.04800000000000004,0.04800000000000004,2.400000000000002,1,1,4.569,1.0,14292.0,-0.43100000000000005,0.43100000000000005,8.620000000000001,1,1,2.202,1.0,12528.0,0.20199999999999996,0.20199999999999996,10.099999999999998,1,1,0.644,1.0,16348.0,-0.15600000000000003,0.15600000000000003,19.500000000000004,0,1,0.015,1.0,2201.0,0.004999999999999999,0.004999999999999999,49.999999999999986,1,1,0.3,1.0,2348.0,0.0,0.0,0.0,1,1,16.408,1.0,35888.0,-1.5919999999999987,1.5919999999999987,8.844444444444438,1,1,4,0.12525,0.040683995624815415,0.08,0.189,0.12525,0.040683995624815415,0.13169187522394843,0.12525,1.0,4,0,1.0,1.0,0,3610.0,11266.25,0,4,0.42625,0.1823148032936437,0.179,0.689,0.42625,0.1823148032936437,0.46360300904976876,0.42625,1.0,4,0,1.0,1.0,0,3710.0,6038.5,0,4,-0.07025,0.33180293473687056,-0.509,0.424,-0.07025,0.33180293473687056,0.33915814895119356,0.28225,1.0,4,0,1.0,1.0,0,13802.0,24260.0,0,4,50.173,0.39594633474752655,49.497,50.468,0.17300000000000004,0.39594633474752655,0.43209084692920813,0.4245000000000001,1.0,4,0,1.0,1.0,0,7510.0,15903.5,0
47,47,power_law,2.781,1.0,17638.0,-2.219,2.219,44.379999999999995,0,1,1.559,1.0,18317.0,-0.44100000000000006,0.44100000000000006,22.050000000000004,0,1,4.128,1.0,16643.0,-0.8719999999999999,0.8719999999999999,17.439999999999998,1,1,2.325,1.0,15869.0,0.3250000000000002,0.3250000000000002,16.250000000000007,1,1,0.681,1.0,14792.0,-0.119,0.119,14.875,1,1,0.007,1.0,33015.0,-0.003,0.003,30.0,1,1,0.288,1.0,43456.0,-0.01200000000000001,0.01200000000000001,4.0000000000000036,1,1,19.059,1.0,34005.0,1.059000000000001,1.059000000000001,5.883333333333339,1,1,4,0.07375000000000001,0.043973713739005486,0.02,0.137,0.07375000000000001,0.043973713739005486,0.08586471918081373,0.07375000000000001,1.0,4,0,1.0,1.0,0,5784.0,16933.75,0,4,0.38025,0.1563927348056808,0.16,0.529,0.38025,0.1563927348056808,0.41115538425271775,0.38025,1.0,4,0,1.0,1.0,0,4005.0,9571.25,0,4,-0.057249999999999995,0.24841434640535562,-0.467,0.15,-0.057249999999999995,0.24841434640535562,0.2549259696460916,0.19825000000000004,1.0,4,0,1.0,1.0,0,30160.0,38318.0,0,4,50.36775,0.6084177738199305,49.506,51.088,0.3677500000000009,0.6084177738199305,0.7109235190932993,0.6147500000000008,1.0,4,0,1.0,1.0,0,15472.0,18928.75,0
48,48,power_law,5.213,1.0,19403.0,0.21300000000000008,0.21300000000000008,4.260000000000002,1,1,2.162,1.0,20095.0,0.16199999999999992,0.16199999999999992,8.099999999999996,1,1,5.337,1.0,13457.0,0.33699999999999974,0.33699999999999974,6.739999999999995,1,1,2.338,1.0,12888.0,0.3380000000000001,0.3380000000000001,16.900000000000006,1,1,0.632,1.0,11988.0,-0.16800000000000004,0.16800000000000004,21.000000000000004,0,1,0.013,1.0,39730.0,0.002999999999999999,0.002999999999999999,29.999999999999993,1,1,0.293,1.0,43291.0,-0.007000000000000006,0.007000000000000006,2.3333333333333357,1,1,18.658,1.0,35419.0,0.6580000000000013,0.6580000000000013,3.6555555555555626,1,1,4,0.15025,0.17212549927305948,0.042,0.448,0.15025,0.17212549927305948,0.22847811711409038,0.15025,1.0,4,0,1.0,1.0,0,2521.0,18392.75,0,4,0.8099999999999999,0.48653725448314844,0.396,1.632,0.8099999999999999,0.48653725448314844,0.9448907344238274,0.8099999999999999,1.0,4,0,1.0,1.0,0,6042.0,12821.5,0,4,0.002249999999999995,0.1901201922469047,-0.327,0.117,0.002249999999999995,0.1901201922469047,0.19013350572689708,0.16575,1.0,4,0,1.0,1.0,0,32969.0,38841.25,0,4,51.6695,0.0639902336298263,51.569,51.727,1.6694999999999993,0.0639902336298263,1.670725890144759,1.6694999999999993,1.0,4,0,1.0,1.0,0,8343.0,10060.75,0
49,49,power_law,8.693,1.0,18859.0,3.6929999999999996,3.6929999999999996,73.85999999999999,1,1,2.99,1.0,19695.0,0.9900000000000002,0.9900000000000002,49.500000000000014,0,1,5.896,1.0,15839.0,0.8959999999999999,0.8959999999999999,17.919999999999998,1,1,2.4,1.0,14331.0,0.3999999999999999,0.3999999999999999,19.999999999999996,1,1,0.632,1.0,15695.0,-0.16800000000000004,0.16800000000000004,21.000000000000004,0,1,0.008,1.0,44557.0,-0.002,0.002,20.0,1,1,0.305,1.0,41500.0,0.0050000000000000044,0.0050000000000000044,1.6666666666666683,1,1,19.693,1.0,41753.0,1.6930000000000014,1.6930000000000014,9.405555555555562,1,1,4,0.2225,0.05357938036222517,0.132,0.272,0.2225,0.05357938036222517,0.22886021934796796,0.2225,1.0,4,0,1.0,1.0,0,4617.0,7775.25,0,4,0.93825,0.5393140898400486,0.219,1.541,0.93825,0.5393140898400486,1.0822073507419916,0.93825,1.0,4,0,1.0,1.0,0,3911.0,13363.0,0,4,-0.17074999999999999,0.2385438900915301,-0.583,-0.011,-0.17074999999999999,0.2385438900915301,0.2933577167895878,0.17074999999999999,1.0,4,0,1.0,1.0,0,23093.0,30098.5,0,4,51.307249999999996,0.4801923442746652,50.834,52.098,1.3072500000000016,0.4801923442746652,1.3926547490315044,1.3072500000000016,0.75,3,0,1.0,1.0,0,11675.0,14605.25,0
50,50,power_law,5.097,1.0,11527.0,0.09700000000000042,0.09700000000000042,1.9400000000000084,1,1,2.188,1.0,13318.0,0.18800000000000017,0.18800000000000017,9.40000000000001,1,1,5.152,1.0,13050.0,0.15200000000000014,0.15200000000000014,3.0400000000000027,1,1,2.225,1.0,12187.0,0.2250000000000001,0.2250000000000001,11.250000000000004,1,1,0.649,1.0,14941.0,-0.15100000000000002,0.15100000000000002,18.875000000000004,0,1,0.008,1.0,40353.0,-0.002,0.002,20.0,1,1,0.306,1.0,19604.0,0.006000000000000005,0.006000000000000005,2.0000000000000018,1,1,19.475,1.0,25179.0,1.4750000000000014,1.4750000000000014,8.194444444444454,1,1,4,0.153,0.12150925890647181,0.03,0.355,0.153,0.12150925890647181,0.19538039819797687,0.153,1.0,4,0,1.0,1.0,0,3511.0,11855.5,0,4,0.69875,0.44406214373666214,0.264,1.315,0.69875,0.44406214373666214,0.8279146997124764,0.69875,1.0,4,0,1.0,1.0,0,4302.0,15160.5,0,4,-0.08224999999999999,0.24084369931555194,-0.365,0.165,-0.08224999999999999,0.24084369931555194,0.25450098231637536,0.23875000000000002,1.0,4,0,1.0,1.0,0,22066.0,30097.0,0,4,51.33475,0.4926653910109768,50.801,52.101,1.3347500000000014,0.4926653910109768,1.422770800234529,1.3347500000000014,0.75,3,0,1.0,1.0,0,11359.0,12187.0,0
51,51,power_law,3.658,1.0,18074.0,-1.342,1.342,26.840000000000003,1,1,1.756,1.0,18729.0,-0.244,0.244,12.2,1,1,4.717,1.0,17639.0,-0.28300000000000036,0.28300000000000036,5.660000000000007,1,1,2.199,1.0,16915.0,0.19899999999999984,0.19899999999999984,9.949999999999992,1,1,0.637,1.0,16763.0,-0.16300000000000003,0.16300000000000003,20.375000000000004,0,1,0.008,1.0,40415.0,-0.002,0.002,20.0,1,1,0.274,1.0,5870.0,-0.025999999999999968,0.025999999999999968,8.666666666666655,1,1,16.462,1.0,35594.0,-1.5380000000000003,1.5380000000000003,8.544444444444446,1,1,4,0.09925,0.07821245105480329,0.038,0.233,0.09925,0.07821245105480329,0.12636356278611333,0.09925,1.0,4,0,1.0,1.0,0,3459.0,14502.5,0,4,0.45975,0.18656416456543848,0.262,0.667,0.45975,0.18656416456543848,0.49616151604089576,0.45975,1.0,4,0,1.0,1.0,0,6918.0,15002.0,0,4,-0.042,0.17112860660918147,-0.183,0.245,-0.042,0.17112860660918147,0.17620726432244502,0.1645,1.0,4,0,1.0,1.0,0,16241.0,30102.0,0,4,51.385,0.7395109870718628,50.147,52.107,1.3849999999999998,0.7395109870718628,1.5700641706630976,1.3849999999999998,0.75,3,0,1.0,1.0,0,14258.0,15368.25,0
52,52,power_law,5.86,1.0,17900.0,0.8600000000000003,0.8600000000000003,17.200000000000006,1,1,2.111,1.0,18072.0,0.11100000000000021,0.11100000000000021,5.5500000000000105,1,1,5.944,1.0,17989.0,0.944,0.944,18.88,1,1,2.445,1.0,17197.0,0.44499999999999984,0.44499999999999984,22.249999999999993,1,1,0.636,1.0,13979.0,-0.16400000000000003,0.16400000000000003,20.500000000000004,0,1,0.012,1.0,46268.0,0.002,0.002,20.0,1,1,0.3,1.0,54653.0,0.0,0.0,0.0,1,1,16.383,1.0,38658.0,-1.6170000000000009,1.6170000000000009,8.983333333333338,1,1,4,0.14075000000000001,0.0581221773508185,0.063,0.204,0.14075000000000001,0.0581221773508185,0.15227852770499195,0.14075000000000001,1.0,4,0,1.0,1.0,0,9391.0,14306.5,0,4,0.7082499999999999,0.16920309542085807,0.497,0.922,0.7082499999999999,0.16920309542085807,0.7281811244463838,0.7082499999999999,1.0,4,0,1.0,1.0,0,5854.0,8725.5,0,4,-0.21075,0.1098484751828627,-0.312,-0.044,-0.21075,0.1098484751828627,0.23765994614154065,0.21075,1.0,4,0,1.0,1.0,0,24000.0,27714.5,0,4,50.33775,0.4609128849359721,49.851,51.094,0.3377499999999998,0.4609128849359721,0.5714155668163062,0.4122500000000002,1.0,4,0,1.0,1.0,0,12520.0,14690.25,0
53,53,power_law,3.531,1.0,15852.0,-1.4689999999999999,1.4689999999999999,29.379999999999995,1,1,1.734,1.0,16183.0,-0.266,0.266,13.3,1,1,3.662,1.0,15095.0,-1.338,1.338,26.76,1,1,1.996,1.0,13790.0,-0.0040000000000000036,0.0040000000000000036,0.20000000000000018,1,1,0.65,1.0,18106.0,-0.15000000000000002,0.15000000000000002,18.750000000000004,0,1,0.014,1.0,41552.0,0.004,0.004,40.0,1,1,0.305,1.0,38546.0,0.0050000000000000044,0.0050000000000000044,1.6666666666666683,1,1,17.794,1.0,40494.0,-0.20599999999999952,0.20599999999999952,1.1444444444444417,1,1,4,0.09175,0.01841704373671301,0.06,0.105,0.09175,0.01841704373671301,0.09358017952536744,0.09175,1.0,4,0,1.0,1.0,0,12647.0,16636.25,0,4,0.35425000000000006,0.19537064134613472,0.156,0.677,0.35425000000000006,0.19537064134613472,0.4045525305816292,0.35425000000000006,1.0,4,0,1.0,1.0,0,6324.0,10582.5,0,4,0.0077499999999999965,0.10970272330256894,-0.168,0.133,0.0077499999999999965,0.10970272330256894,0.10997613377456038,0.09175,1.0,4,0,1.0,1.0,0,30111.0,33838.25,0,4,50.43625,0.2570869259608492,50.161,50.855,0.43624999999999936,0.2570869259608492,0.5063672086539556,0.43624999999999936,1.0,4,0,1.0,1.0,0,16757.0,19385.0,0
54,54,power_law,3.621,1.0,16314.0,-1.379,1.379,27.58,1,1,1.904,1.0,17325.0,-0.09600000000000009,0.09600000000000009,4.800000000000004,1,1,5.542,1.0,19746.0,0.5419999999999998,0.5419999999999998,10.839999999999996,1,1,2.313,1.0,19313.0,0.31300000000000017,0.31300000000000017,15.65000000000001,1,1,0.659,1.0,18864.0,-0.14100000000000001,0.14100000000000001,17.625,1,1,0.012,1.0,38027.0,0.002,0.002,20.0,1,1,0.314,1.0,43456.0,0.014000000000000012,0.014000000000000012,4.666666666666671,1,1,18.899,1.0,34353.0,0.8990000000000009,0.8990000000000009,4.994444444444449,1,1,4,0.07075,0.030776411421736614,0.043,0.119,0.07075,0.030776411421736614,0.07715406664590013,0.07075,1.0,4,0,1.0,1.0,0,5876.0,15974.25,0,4,0.73375,0.18238198238861206,0.423,0.88,0.73375,0.18238198238861206,0.7560768810114485,0.73375,1.0,4,0,1.0,1.0,0,6429.0,10204.75,0,4,0.239,0.18611689874914636,-0.006,0.489,0.239,0.18611689874914636,0.3029199564241352,0.242,0.75,3,0,1.0,1.0,0,33493.0,39550.75,0,4,50.5805,1.1370634327072529,48.711,51.513,0.5804999999999989,1.1370634327072529,1.2766728241801029,1.2249999999999996,0.75,3,0,1.0,1.0,0,18683.0,22444.75,0
55,55,power_law,4.549,1.0,17228.0,-0.4509999999999996,0.4509999999999996,9.019999999999992,1,1,1.914,1.0,17252.0,-0.08600000000000008,0.08600000000000008,4.300000000000004,1,1,6.406,1.0,17285.0,1.4059999999999997,1.4059999999999997,28.119999999999994,1,1,2.523,1.0,16520.0,0.5230000000000001,0.5230000000000001,26.150000000000006,1,1,0.638,1.0,15590.0,-0.16200000000000003,0.16200000000000003,20.250000000000004,0,1,0.007,1.0,46314.0,-0.003,0.003,30.0,1,1,0.298,1.0,41558.0,-0.0020000000000000018,0.0020000000000000018,0.6666666666666673,1,1,16.675,1.0,41103.0,-1.3249999999999993,1.3249999999999993,7.361111111111107,1,1,4,0.08275,0.037184506182010815,0.036,0.14,0.08275,0.037184506182010815,0.09072072530574257,0.08275,1.0,4,0,1.0,1.0,0,8622.0,18427.25,0,4,1.1577499999999998,0.6350780955914005,0.576,2.178,1.1577499999999998,0.6350780955914005,1.3204958349044498,1.1577499999999998,1.0,4,0,1.0,1.0,0,433.0,10435.0,0,4,-0.21125,0.24040317697567976,-0.588,0.078,-0.21125,0.24040317697567976,0.3200316390608903,0.25025,1.0,4,0,1.0,1.0,0,28631.0,35857.5,0,4,51.008250000000004,1.3529455596955875,48.785,52.219,1.0082500000000003,1.3529455596955873,1.687314360159365,1.615750000000002,0.75,3,0,1.0,1.0,0,12385.0,16404.5,0
56,56,power_law,3.297,1.0,19822.0,-1.7029999999999998,1.7029999999999998,34.059999999999995,1,1,1.673,1.0,20664.0,-0.32699999999999996,0.32699999999999996,16.349999999999998,1,1,6.595,1.0,16732.0,1.5949999999999998,1.5949999999999998,31.899999999999995,1,1,2.741,1.0,18730.0,0.7410000000000001,0.7410000000000001,37.050000000000004,1,1,0.645,1.0,16573.0,-0.15500000000000003,0.15500000000000003,19.375000000000004,0,1,0.012,1.0,46082.0,0.002,0.002,20.0,1,1,0.293,1.0,46288.0,-0.007000000000000006,0.007000000000000006,2.3333333333333357,1,1,17.366,1.0,33182.0,-0.6340000000000003,0.6340000000000003,3.522222222222224,1,1,4,0.088,0.06895288246331695,0.014,0.201,0.088,0.06895288246331695,0.1117966904697988,0.088,1.0,4,0,1.0,1.0,0,7161.0,21312.0,0,4,0.70975,0.2842625327052441,0.451,1.136,0.70975,0.2842625327052441,0.7645588597354687,0.70975,1.0,4,0,1.0,1.0,0,5255.0,12346.0,0,4,0.09125000000000001,0.055377680522029814,0.032,0.182,0.09125000000000001,0.055377680522029814,0.1067391680687085,0.09125000000000001,1.0,4,0,1.0,1.0,0,38308.0,40186.5,0,4,50.939499999999995,0.9210169650989044,49.404,51.839,0.9395000000000007,0.9210169650989044,1.3156490793520883,1.237499999999999,1.0,4,0,1.0,1.0,0,20171.0,22414.0,0
57,57,power_law,4.177,1.0,16628.0,-0.8230000000000004,0.8230000000000004,16.460000000000008,1,1,1.898,1.0,17544.0,-0.10200000000000009,0.10200000000000009,5.100000000000005,1,1,4.719,1.0,16139.0,-0.2809999999999997,0.2809999999999997,5.619999999999994,1,1,2.166,1.0,14135.0,0.16599999999999993,0.16599999999999993,8.299999999999997,1,1,0.628,1.0,14303.0,-0.17200000000000004,0.17200000000000004,21.500000000000004,0,1,0.013,1.0,47114.0,0.002999999999999999,0.002999999999999999,29.999999999999993,1,1,0.286,1.0,44596.0,-0.014000000000000012,0.014000000000000012,4.666666666666671,1,1,17.213,1.0,38229.0,-0.786999999999999,0.786999999999999,4.372222222222217,1,1,4,0.113,0.0689238710462493,0.054,0.227,0.113,0.0689238710462493,0.13236124810532726,0.113,1.0,4,0,1.0,1.0,0,6039.0,19023.75,0,4,0.87325,0.805986778737716,0.221,2.25,0.87325,0.805986778737716,1.188351904950718,0.87325,1.0,4,0,1.0,1.0,0,1378.0,12236.5,0,4,0.11200000000000002,0.05943483826847685,0.018,0.171,0.11200000000000002,0.05943483826847685,0.1267931386156207,0.11200000000000002,1.0,4,0,1.0,1.0,0,27803.0,32219.5,0,4,50.98975,0.707816139615365,50.104,51.803,0.989749999999999,0.707816139615365,1.2168026750463676,0.989749999999999,0.75,3,0,1.0,1.0,0,10614.0,16797.75,0
58,58,power_law,4.991,1.0,17297.0,-0.009000000000000341,0.009000000000000341,0.18000000000000682,1,1,2.091,1.0,17432.0,0.09100000000000019,0.09100000000000019,4.55000000000001,1,1,5.237,1.0,15231.0,0.2370000000000001,0.2370000000000001,4.740000000000002,1,1,2.18,1.0,14235.0,0.18000000000000016,0.18000000000000016,9.000000000000007,1,1,0.66,1.0,17218.0,-0.14,0.14,17.5,0,1,0.011,1.0,56023.0,0.0009999999999999992,0.0009999999999999992,9.999999999999991,1,1,0.3,1.0,49134.0,0.0,0.0,0.0,1,1,17.599,1.0,38020.0,-0.4009999999999998,0.4009999999999998,2.227777777777777,1,1,4,0.16425,0.10475775627608679,0.056,0.288,0.16425,0.10475775627608679,0.19481337223096365,0.16425,1.0,4,0,1.0,1.0,0,5026.0,13616.75,0,4,0.5105000000000001,0.16202083199391368,0.353,0.761,0.5105000000000001,0.16202083199391368,0.5355940627004747,0.5105000000000001,1.0,4,0,1.0,1.0,0,3855.0,11573.0,0,4,0.052750000000000005,0.2015072889500526,-0.205,0.335,0.052750000000000005,0.2015072889500526,0.20829726354419542,0.17975,1.0,4,0,1.0,1.0,0,16482.0,27928.25,0,4,49.84225,0.4398570080151051,49.464,50.579,-0.15775000000000006,0.4398570080151051,0.4672892573128557,0.44725000000000037,1.0,4,0,1.0,1.0,0,6957.0,17969.0,0
59,59,power_law,3.623,1.0,16827.0,-1.3769999999999998,1.3769999999999998,27.54,1,1,1.773,1.0,16763.0,-0.2270000000000001,0.2270000000000001,11.350000000000005,1,1,4.151,1.0,12427.0,-0.8490000000000002,0.8490000000000002,16.980000000000004,1,1,2.021,1.0,12443.0,0.020999999999999908,0.020999999999999908,1.0499999999999954,1,1,0.667,1.0,16959.0,-0.133,0.133,16.625,1,1,0.016,1.0,44571.0,0.006,0.006,60.0,1,1,0.292,1.0,39044.0,-0.008000000000000007,0.008000000000000007,2.666666666666669,1,1,16.857,1.0,33958.0,-1.1430000000000007,1.1430000000000007,6.350000000000004,1,1,4,0.09225,0.03685359548266627,0.038,0.141,0.09225,0.03685359548266627,0.09933906583011538,0.09225,1.0,4,0,1.0,1.0,0,11069.0,15620.5,0,4,0.31000000000000005,0.14602568267260388,0.153,0.549,0.31000000000000005,0.14602568267260388,0.34267112513312237,0.31000000000000005,1.0,4,0,1.0,1.0,0,9008.0,13076.5,0,4,0.034,0.14949414704261837,-0.12,0.279,0.034,0.14949414704261837,0.15331177384662928,0.1135,1.0,4,0,1.0,1.0,0,25068.0,30924.5,0,4,50.197,0.4353693833975926,49.71,50.899,0.19700000000000095,0.4353693833975926,0.4778655668700146,0.3420000000000005,1.0,4,0,1.0,1.0,0,13809.0,20076.5,0
60,60,power_law,2.977,1.11,23.0,-2.023,2.023,40.46,0,0,1.582,1.1,24.0,-0.4179999999999999,0.4179999999999999,20.899999999999995,0,0,4.888,1.17,1780.0,-0.1120000000000001,0.1120000000000001,2.240000000000002,1,0,2.479,1.03,320.0,0.4790000000000001,0.4790000000000001,23.950000000000003,1,0,0.644,1.16,16.0,-0.15600000000000003,0.15600000000000003,19.500000000000004,0,0,0.013,1.1,23.0,0.002999999999999999,0.002999999999999999,29.999999999999993,1,0,0.291,1.11,12561.0,-0.009000000000000008,0.009000000000000008,3.0000000000000027,1,0,17.262,1.01,226.0,-0.7379999999999995,0.7379999999999995,4.099999999999997,1,1,4,0.0975,0.06551526539669972,0.034,0.199,0.0975,0.06551526539669972,0.1174670166472274,0.0975,1.0,4,0,1.1225,1.17,4,985.0,4479.75,0,4,0.343,0.19592473044513806,0.158,0.671,0.343,0.19592473044513806,0.3950132909156349,0.343,1.0,4,0,1.085,1.15,4,109.0,2147.5,1,4,0.09325,0.14014523716487837,-0.07,0.261,0.09325,0.14014523716487837,0.16833374587408195,0.13725,1.0,4,0,1.0525,1.09,4,29.0,171.5,3,4,49.968500000000006,0.5757627549607559,49.151,50.637,-0.03149999999999942,0.5757627549607559,0.5766237941673925,0.5295000000000005,0.75,3,0,1.1,1.15,4,17.0,176.5,3
61,61,power_law,4.564,1.0,17493.0,-0.43599999999999994,0.43599999999999994,8.719999999999999,1,1,1.98,1.0,17882.0,-0.020000000000000018,0.020000000000000018,1.0000000000000009,1,1,3.8,1.0,17729.0,-1.2000000000000002,1.2000000000000002,24.000000000000004,1,1,2.014,1.0,17824.0,0.01399999999999979,0.01399999999999979,0.6999999999999895,1,1,0.636,1.0,15637.0,-0.16400000000000003,0.16400000000000003,20.500000000000004,0,1,0.018,1.0,47797.0,0.007999999999999998,0.007999999999999998,79.99999999999999,1,1,0.306,1.0,45348.0,0.006000000000000005,0.006000000000000005,2.0000000000000018,1,1,19.053,1.0,39482.0,1.0530000000000008,1.0530000000000008,5.850000000000004,1,1,4,0.11449999999999999,0.0350891721190455,0.055,0.146,0.11449999999999999,0.0350891721190455,0.11975600193727244,0.11449999999999999,1.0,4,0,1.0,1.0,0,5927.0,13332.5,0,4,0.30525,0.10095141158002695,0.217,0.475,0.30525,0.10095141158002695,0.3215101087057761,0.30525,1.0,4,0,1.0,1.0,0,7504.0,11900.25,0,4,0.014249999999999988,0.16598399772267206,-0.273,0.121,0.014249999999999988,0.16598399772267206,0.16659456773856704,0.15075,1.0,4,0,1.0,1.0,0,23650.0,32680.25,0,4,49.7465,0.48503840054164543,49.093,50.245,-0.25349999999999895,0.48503840054164543,0.5472883152416075,0.4659999999999975,1.0,4,0,1.0,1.0,0,17474.0,19965.75,0
62,62,power_law,3.792,1.0,18570.0,-1.2080000000000002,1.2080000000000002,24.160000000000004,1,1,1.767,1.0,18938.0,-0.2330000000000001,0.2330000000000001,11.650000000000006,1,1,4.889,1.0,15674.0,-0.11099999999999977,0.11099999999999977,2.2199999999999953,1,1,2.36,1.0,15724.0,0.3599999999999999,0.3599999999999999,17.999999999999993,1,1,0.67,1.0,17918.0,-0.13,0.13,16.25,1,1,0.011,1.0,41244.0,0.0009999999999999992,0.0009999999999999992,9.999999999999991,1,1,0.293,1.0,41237.0,-0.007000000000000006,0.007000000000000006,2.3333333333333357,1,1,18.057,1.0,39304.0,0.05699999999999861,0.05699999999999861,0.31666666666665894,1,1,4,0.09675,0.020944868106531494,0.077,0.132,0.09675,0.020944868106531494,0.09899116122159593,0.09675,1.0,4,0,1.0,1.0,0,5265.0,11925.0,0,4,0.4235,0.15576023240866071,0.22,0.658,0.4235,0.15576023240866071,0.45123552608366285,0.4235,1.0,4,0,1.0,1.0,0,7397.0,11112.25,0,4,-0.22875,0.1481998228743881,-0.406,0.005,-0.22875,0.1481998228743881,0.27256146095880834,0.23125,1.0,4,0,1.0,1.0,0,21894.0,30951.5,0,4,50.246750000000006,0.6704980891098802,49.161,50.962,0.24675000000000225,0.6704980891098803,0.7144601108529447,0.6662500000000016,1.0,4,0,1.0,1.0,0,15766.0,20593.25,0
63,63,power_law,4.882,1.0,15245.0,-0.11800000000000033,0.11800000000000033,2.3600000000000065,1,1,2.1,1.0,15403.0,0.10000000000000009,0.10000000000000009,5.000000000000004,1,1,4.485,1.0,14326.0,-0.5149999999999997,0.5149999999999997,10.299999999999994,1,1,2.02,1.0,12796.0,0.020000000000000018,0.020000000000000018,1.0000000000000009,1,1,0.631,1.0,14750.0,-0.16900000000000004,0.16900000000000004,21.125000000000004,1,1,0.011,1.0,49120.0,0.0009999999999999992,0.0009999999999999992,9.999999999999991,1,1,0.275,1.0,51150.0,-0.024999999999999967,0.024999999999999967,8.333333333333323,1,1,20.058,1.0,37674.0,2.058,2.058,11.433333333333334,1,1,4,0.10799999999999998,0.05094604989594385,0.049,0.189,0.10799999999999998,0.05094604989594385,0.11941314835477708,0.10799999999999998,1.0,4,0,1.0,1.0,0,7873.0,16009.0,0,4,1.0365,0.5318108216273904,0.211,1.663,1.0365,0.5318108216273904,1.164969956694163,1.0365,1.0,4,0,1.0,1.0,0,2672.0,8431.75,0,4,0.1925,0.20251604874675982,-0.004,0.48,0.1925,0.20251604874675982,0.2794083033841335,0.1945,1.0,4,0,1.0,1.0,0,30739.0,34432.75,0,4,49.89375,0.7240947365504037,49.046,51.047,-0.10625000000000107,0.7240947365504037,0.7318485157462566,0.6297499999999996,1.0,4,0,1.0,1.0,0,11064.0,16278.25,0
64,64,power_law,4.24,1.0,15100.0,-0.7599999999999998,0.7599999999999998,15.199999999999998,1,1,2.051,1.0,14669.0,0.051000000000000156,0.051000000000000156,2.550000000000008,1,1,4.026,1.0,14736.0,-0.9740000000000002,0.9740000000000002,19.480000000000004,1,1,1.848,1.0,14166.0,-0.1519999999999999,0.1519999999999999,7.599999999999996,1,1,0.676,1.0,15560.0,-0.124,0.124,15.5,1,1,0.008,1.0,45720.0,-0.002,0.002,20.0,1,1,0.304,1.0,49082.0,0.0040000000000000036,0.0040000000000000036,1.3333333333333346,1,1,17.743,1.0,37797.0,-0.25700000000000145,0.25700000000000145,1.4277777777777858,1,1,4,0.08425,0.03465093793824347,0.045,0.14,0.08425,0.03465093793824347,0.09109747526688103,0.08425,1.0,4,0,1.0,1.0,0,8968.0,13180.5,0,4,0.48525,0.22386086638803127,0.207,0.72,0.48525,0.22386086638803127,0.5343980258197067,0.48525,1.0,4,0,1.0,1.0,0,6724.0,12410.75,0,4,0.006000000000000012,0.19668121415122494,-0.155,0.337,0.006000000000000012,0.19668121415122494,0.1967727115227109,0.1625,1.0,4,0,1.0,1.0,0,19236.0,34514.75,0,4,50.657000000000004,0.6327701004314299,49.617,51.323,0.657,0.6327701004314299,0.9121661032947903,0.8485000000000014,1.0,4,0,1.0,1.0,0,6095.0,13516.5,0
65,65,power_law,5.881,1.0,15048.0,0.8810000000000002,0.8810000000000002,17.620000000000005,1,1,2.24,1.0,15418.0,0.2400000000000002,0.2400000000000002,12.00000000000001,1,1,3.693,1.0,13777.0,-1.307,1.307,26.139999999999997,1,1,1.819,1.0,13792.0,-0.18100000000000005,0.18100000000000005,9.050000000000002,1,1,0.677,1.0,18754.0,-0.123,0.123,15.375,1,1,0.019,1.0,47617.0,0.009,0.009,89.99999999999999,1,1,0.294,1.0,47676.0,-0.006000000000000005,0.006000000000000005,2.0000000000000018,1,1,15.909,1.0,36524.0,-2.0909999999999993,2.0909999999999993,11.616666666666662,0,1,4,0.21925,0.07275429540583842,0.117,0.321,0.21925,0.07275429540583842,0.23100595230426424,0.21925,1.0,4,0,1.0,1.0,0,3912.0,9349.5,0,4,0.604,0.5153198036171325,0.181,1.486,0.604,0.5153198036171325,0.7939587520772096,0.604,1.0,4,0,1.0,1.0,0,3615.0,13950.0,0,4,-0.31325,0.2502322671039848,-0.597,0.031,-0.31325,0.2502322671039848,0.40092611538786044,0.32874999999999993,1.0,4,0,1.0,1.0,0,30142.0,32116.5,0,4,50.44324999999999,0.4019044507093695,49.875,50.979,0.4432500000000008,0.40190445070936953,0.5983291318329743,0.5057500000000008,1.0,4,0,1.0,1.0,0,15234.0,17465.25,0
66,66,power_law,4.714,1.0,18683.0,-0.2859999999999996,0.2859999999999996,5.719999999999992,1,1,2.133,1.0,18925.0,0.133,0.133,6.65,1,1,4.666,1.0,13614.0,-0.33399999999999963,0.33399999999999963,6.679999999999993,1,1,2.149,1.0,13715.0,0.14900000000000002,0.14900000000000002,7.450000000000001,1,1,0.664,1.0,15261.0,-0.136,0.136,17.0,0,1,0.005,1.0,42537.0,-0.005,0.005,50.0,1,1,0.282,1.0,44593.0,-0.018000000000000016,0.018000000000000016,6.000000000000005,1,1,18.585,1.0,37576.0,0.5850000000000009,0.5850000000000009,3.250000000000005,1,1,4,0.065,0.023695991222145572,0.029,0.095,0.065,0.023695991222145572,0.06918453584436338,0.065,1.0,4,0,1.0,1.0,0,13083.0,17594.75,0,4,0.51325,0.2557649067014472,0.194,0.832,0.51325,0.2557649067014472,0.5734468153194331,0.51325,1.0,4,0,1.0,1.0,0,3178.0,8737.0,0,4,-0.05225,0.03021071829665756,-0.103,-0.027,-0.05225,0.03021071829665756,0.060355198616192124,0.05225,1.0,4,0,1.0,1.0,0,30818.0,36010.0,0,4,50.21,0.39969175623222486,49.832,50.881,0.20999999999999908,0.39969175623222486,0.4515013842725179,0.2939999999999987,1.0,4,0,1.0,1.0,0,8450.0,14314.0,0
67,67,power_law,5.094,1.0,13954.0,0.0940000000000003,0.0940000000000003,1.8800000000000059,1,1,2.096,1.0,16029.0,0.09600000000000009,0.09600000000000009,4.800000000000004,1,1,6.655,1.0,17020.0,1.6550000000000002,1.6550000000000002,33.10000000000001,1,1,2.327,1.0,16841.0,0.32699999999999996,0.32699999999999996,16.349999999999998,1,1,0.642,1.0,13885.0,-0.15800000000000003,0.15800000000000003,19.750000000000004,0,1,0.012,1.0,41937.0,0.002,0.002,20.0,1,1,0.307,1.0,30564.0,0.007000000000000006,0.007000000000000006,2.3333333333333357,1,1,16.125,1.0,37725.0,-1.875,1.875,10.416666666666668,1,1,4,0.19700000000000004,0.17275271343744505,0.031,0.465,0.19700000000000004,0.17275271343744505,0.26201622087191473,0.19700000000000004,1.0,4,0,1.0,1.0,0,2209.0,12368.5,0,4,1.1015,0.6324501956676114,0.474,2.077,1.1015,0.6324501956676114,1.2701556991172382,1.1015,1.0,4,0,1.0,1.0,0,6477.0,12407.5,0,4,-0.1565,0.16582294774849468,-0.377,0.046,-0.1565,0.16582294774849468,0.22801206108449615,0.1795,1.0,4,0,1.0,1.0,0,28024.0,30865.25,0,4,51.81425,0.4301496106007778,51.077,52.155,1.8142499999999995,0.4301496106007778,1.8645459903150683,1.8142499999999995,1.0,4,0,1.0,1.0,0,11742.0,15872.75,0
68,68,power_law,4.009,1.0,18598.0,-0.9909999999999997,0.9909999999999997,19.819999999999993,1,1,1.83,1.0,18669.0,-0.16999999999999993,0.16999999999999993,8.499999999999996,1,1,6.263,1.0,18554.0,1.263,1.263,25.259999999999998,1,1,2.701,1.0,18767.0,0.7010000000000001,0.7010000000000001,35.050000000000004,1,1,0.638,1.0,16726.0,-0.16200000000000003,0.16200000000000003,20.250000000000004,0,1,0.005,1.0,41225.0,-0.005,0.005,50.0,1,1,0.297,1.0,54536.0,-0.0030000000000000027,0.0030000000000000027,1.0000000000000009,1,1,20.225,1.0,42561.0,2.2250000000000014,2.2250000000000014,12.361111111111118,1,1,4,0.07575000000000001,0.05760371081796728,0.018,0.171,0.07575000000000001,0.05760371081796728,0.09516433155337141,0.07575000000000001,1.0,4,0,1.0,1.0,0,5857.0,23353.5,0,4,0.7362500000000001,0.3131192863750172,0.393,1.106,0.7362500000000001,0.3131192863750172,0.8000673409157507,0.7362500000000001,1.0,4,0,1.0,1.0,0,3112.0,6916.0,0,4,-0.21975,0.1628087451582377,-0.471,-0.024,-0.21975,0.1628087451582377,0.2734899449705601,0.21975,1.0,4,0,1.0,1.0,0,27562.0,35393.75,0,4,50.36375,0.2402460977830838,49.962,50.595,0.3637499999999996,0.2402460977830838,0.4359268860715048,0.3827499999999979,1.0,4,0,1.0,1.0,0,18646.0,20122.0,0
69,69,power_law,4.57,1.0,18742.0,-0.4299999999999997,0.4299999999999997,8.599999999999994,1,1,1.942,1.0,18458.0,-0.05800000000000005,0.05800000000000005,2.9000000000000026,1,1,5.363,1.0,18921.0,0.36300000000000043,0.36300000000000043,7.260000000000008,1,1,2.438,1.0,18389.0,0.43800000000000017,0.43800000000000017,21.90000000000001,1,1,0.615,1.0,10993.0,-0.18500000000000005,0.18500000000000005,23.125000000000007,0,1,0.012,1.0,50510.0,0.002,0.002,20.0,1,1,0.295,1.0,57317.0,-0.0050000000000000044,0.0050000000000000044,1.6666666666666683,1,1,17.167,1.0,45768.0,-0.8329999999999984,0.8329999999999984,4.627777777777768,1,1,4,0.08099999999999999,0.039414464350032714,0.052,0.148,0.08099999999999999,0.039414464350032714,0.09008051953669007,0.08099999999999999,1.0,4,0,1.0,1.0,0,16088.0,23614.25,0,4,0.7749999999999999,0.48217216842119787,0.247,1.263,0.7749999999999999,0.48217216842119787,0.9127513352496396,0.7749999999999999,1.0,4,0,1.005,1.02,1,212.0,8516.25,1,4,0.046000000000000006,0.22114814039462327,-0.101,0.428,0.046000000000000006,0.22114814039462327,0.22588160615685376,0.16799999999999998,1.0,4,0,1.0,1.0,0,36064.0,41836.75,0,4,49.849999999999994,0.44613731070153795,49.211,50.46,-0.15000000000000036,0.44613731070153795,0.4706787651891688,0.3800000000000008,1.0,4,0,1.0,1.0,0,19577.0,20370.25,0
70,70,power_law,7.083,1.0,17990.0,2.083,2.083,41.660000000000004,1,1,2.51,1.0,19442.0,0.5099999999999998,0.5099999999999998,25.49999999999999,1,1,5.086,1.0,11076.0,0.0860000000000003,0.0860000000000003,1.720000000000006,1,1,2.04,1.0,10213.0,0.040000000000000036,0.040000000000000036,2.0000000000000018,1,1,0.675,1.0,14453.0,-0.125,0.125,15.625,1,1,0.015,1.0,42423.0,0.004999999999999999,0.004999999999999999,49.999999999999986,1,1,0.293,1.0,39884.0,-0.007000000000000006,0.007000000000000006,2.3333333333333357,1,1,18.106,1.0,30325.0,0.10600000000000165,0.10600000000000165,0.5888888888888981,1,1,4,0.3205,0.29873608754216485,0.068,0.815,0.3205,0.29873608754216485,0.438136394288354,0.3205,1.0,4,0,1.0,1.0,0,1068.0,10671.5,0,4,0.486,0.18868227261722287,0.349,0.811,0.486,0.18868227261722287,0.5213415387248556,0.486,1.0,4,0,1.0,1.0,0,6890.0,9085.0,0,4,-0.057499999999999996,0.26363753526385425,-0.483,0.187,-0.057499999999999996,0.26363753526385425,0.2698351348508937,0.2185,1.0,4,0,1.0,1.0,0,33356.0,35051.5,0,4,50.28575,0.19883960244377918,50.004,50.546,0.2857499999999984,0.19883960244377918,0.3481239003573286,0.2857499999999984,1.0,4,0,1.0,1.0,0,7903.0,9511.0,0
71,71,power_law,3.583,1.0,19267.0,-1.4169999999999998,1.4169999999999998,28.34,1,1,1.681,1.0,20685.0,-0.31899999999999995,0.31899999999999995,15.949999999999998,1,1,4.955,1.0,20488.0,-0.04499999999999993,0.04499999999999993,0.8999999999999986,1,1,2.619,1.0,20387.0,0.6190000000000002,0.6190000000000002,30.95000000000001,1,1,0.665,1.0,18440.0,-0.135,0.135,16.875,0,1,0.011,1.0,43141.0,0.0009999999999999992,0.0009999999999999992,9.999999999999991,1,1,0.284,1.0,46084.0,-0.016000000000000014,0.016000000000000014,5.333333333333338,1,1,17.787,1.0,36129.0,-0.21300000000000097,0.21300000000000097,1.1833333333333387,1,1,4,0.14525,0.09904134237781716,0.032,0.267,0.14525,0.09904134237781716,0.17580315696824106,0.14525,1.0,4,0,1.0,1.0,0,4996.0,14968.5,0,4,0.62925,0.5378482011683222,0.202,1.526,0.62925,0.5378482011683222,0.8277899794029884,0.62925,1.0,4,0,1.0,1.0,0,492.0,8779.0,0,4,-0.08499999999999999,0.1616585908635851,-0.265,0.084,-0.08499999999999999,0.1616585908635851,0.18264309458613542,0.161,1.0,4,0,1.0,1.0,0,28193.0,36956.75,0,4,49.99525,0.6922280603240527,49.272,50.845,-0.004749999999999588,0.6922280603240527,0.6922443571456544,0.6812500000000004,1.0,4,0,1.0,1.0,0,20709.0,28104.25,0
72,72,power_law,6.129,1.0,15356.0,1.1289999999999996,1.1289999999999996,22.57999999999999,1,1,2.343,1.0,15886.0,0.34299999999999997,0.34299999999999997,17.15,1,1,6.849,1.0,16993.0,1.8490000000000002,1.8490000000000002,36.980000000000004,1,1,2.377,1.0,16160.0,0.3769999999999998,0.3769999999999998,18.849999999999987,1,1,0.623,1.0,15707.0,-0.17700000000000005,0.17700000000000005,22.125000000000007,0,1,0.015,1.0,50488.0,0.004999999999999999,0.004999999999999999,49.999999999999986,1,1,0.302,1.0,49308.0,0.0020000000000000018,0.0020000000000000018,0.6666666666666673,1,1,18.882,1.0,42463.0,0.8820000000000014,0.8820000000000014,4.9000000000000075,1,1,4,0.1475,0.0870789871323731,0.079,0.297,0.1475,0.0870789871323731,0.17128631001921898,0.1475,1.0,4,0,1.0,1.0,0,5655.0,14598.25,0,4,1.768,0.5557031581698992,1.244,2.592,1.768,0.5557031581698992,1.8532754787132968,1.768,1.0,4,0,1.0,1.0,0,10359.0,12478.75,0,4,-0.12,0.12783583222242503,-0.23,0.088,-0.12,0.12783583222242503,0.17533396704574958,0.16399999999999998,1.0,4,0,1.0,1.0,0,27869.0,36125.0,0,4,52.409,0.21684210845682125,52.193,52.76,2.408999999999999,0.21684210845682125,2.4187396511406503,2.408999999999999,1.0,4,0,1.0,1.0,0,11327.0,12213.75,0
73,73,power_law,3.452,1.0,17038.0,-1.548,1.548,30.959999999999997,1,1,1.665,1.0,18304.0,-0.33499999999999996,0.33499999999999996,16.75,1,1,5.242,1.0,20089.0,0.242,0.242,4.84,1,1,2.718,1.0,20244.0,0.718,0.718,35.9,1,1,0.668,1.0,19175.0,-0.132,0.132,16.5,0,1,0.012,1.0,38171.0,0.002,0.002,20.0,1,1,0.316,1.0,43816.0,0.016000000000000014,0.016000000000000014,5.333333333333338,1,1,18.421,1.0,38256.0,0.4209999999999994,0.4209999999999994,2.3388888888888855,1,1,4,0.11624999999999999,0.06307287451829034,0.029,0.206,0.11624999999999999,0.06307287451829034,0.13225827006278285,0.11624999999999999,1.0,4,0,1.0,1.0,0,3444.0,12153.0,0,4,0.42125,0.17730958095940555,0.238,0.712,0.42125,0.17730958095940555,0.4570451290627655,0.42125,1.0,4,0,1.0,1.0,0,7429.0,9287.0,0,4,-0.019500000000000003,0.14517317245276412,-0.194,0.209,-0.019500000000000003,0.14517317245276412,0.14647696064569338,0.124,1.0,4,0,1.0,1.0,0,26374.0,33735.0,0,4,49.958,0.485844625369058,49.385,50.631,-0.041999999999999815,0.4858446253690579,0.4876566415009645,0.45199999999999996,1.0,4,0,1.0,1.0,0,24604.0,26054.25,0
74,74,power_law,3.69,1.0,15112.0,-1.31,1.31,26.200000000000003,1,1,1.717,1.0,15171.0,-0.2829999999999999,0.2829999999999999,14.149999999999995,1,1,4.378,1.0,11233.0,-0.6219999999999999,0.6219999999999999,12.439999999999998,1,1,2.159,1.0,3835.0,0.1589999999999998,0.1589999999999998,7.94999999999999,1,1,0.657,1.0,12808.0,-0.14300000000000002,0.14300000000000002,17.875000000000004,1,1,0.01,1.0,11521.0,0.0,0.0,0.0,1,1,0.311,1.0,17820.0,0.01100000000000001,0.01100000000000001,3.66666666666667,1,1,17.606,1.0,22258.0,-0.39399999999999835,0.39399999999999835,2.18888888888888,1,1,4,0.07925,0.02633794790791416,0.05,0.122,0.07925,0.02633794790791416,0.08351197518919068,0.07925,1.0,4,0,1.0,1.0,0,2884.0,10320.5,0,4,0.42175,0.105939546440411,0.312,0.576,0.42175,0.105939546440411,0.4348519863125843,0.42175,1.0,4,0,1.0,1.0,0,6835.0,7615.0,0,4,-0.1275,0.15297467110603638,-0.343,0.018,-0.1275,0.15297467110603638,0.19914190920044936,0.14450000000000002,1.0,4,0,1.0025,1.01,0,787.0,11936.25,0,4,49.92125,0.6186042252523001,49.292,50.845,-0.07874999999999943,0.6186042252523001,0.6235966244296054,0.5607499999999987,1.0,4,0,1.005,1.01,0,1460.0,11463.0,0
75,75,power_law,4.736,1.0,13264.0,-0.26400000000000023,0.26400000000000023,5.280000000000005,1,1,2.2,1.0,13416.0,0.20000000000000018,0.20000000000000018,10.000000000000009,1,1,2.939,1.0,15755.0,-2.061,2.061,41.22,1,1,1.593,1.0,15020.0,-0.40700000000000003,0.40700000000000003,20.35,1,1,0.666,1.0,14625.0,-0.134,0.134,16.75,0,1,0.009,1.0,42395.0,-0.0010000000000000009,0.0010000000000000009,10.000000000000009,1,1,0.297,1.0,41764.0,-0.0030000000000000027,0.0030000000000000027,1.0000000000000009,1,1,18.221,1.0,31343.0,0.22100000000000009,0.22100000000000009,1.2277777777777783,1,1,4,0.133,0.06469157595854347,0.062,0.236,0.133,0.06469157595854347,0.14789861392183498,0.133,1.0,4,0,1.0,1.0,0,4605.0,10047.5,0,4,0.377,0.23079103102157153,0.105,0.712,0.377,0.23079103102157153,0.4420333697810607,0.377,1.0,4,0,1.0,1.0,0,4512.0,13785.25,0,4,0.04825,0.3810232112352212,-0.412,0.453,0.04825,0.3810232112352212,0.38406607504438606,0.37575,1.0,4,0,1.0,1.0,0,32149.0,37753.25,0,4,49.75,0.37374322736338683,49.356,50.328,-0.24999999999999822,0.37374322736338683,0.44964875180522784,0.4139999999999997,1.0,4,0,1.0,1.0,0,16746.0,23277.5,0
76,76,power_law,3.426,1.0,15727.0,-1.5739999999999998,1.5739999999999998,31.479999999999997,1,1,1.741,1.0,16172.0,-0.2589999999999999,0.2589999999999999,12.949999999999996,1,1,4.504,1.0,11437.0,-0.49600000000000044,0.49600000000000044,9.920000000000009,1,1,2.039,1.0,11025.0,0.039000000000000146,0.039000000000000146,1.9500000000000073,1,1,0.654,1.0,14747.0,-0.14600000000000002,0.14600000000000002,18.250000000000004,0,1,0.012,1.0,46575.0,0.002,0.002,20.0,1,1,0.302,1.0,41172.0,0.0020000000000000018,0.0020000000000000018,0.6666666666666673,1,1,17.127,1.0,36468.0,-0.8730000000000011,0.8730000000000011,4.850000000000007,1,1,4,0.07425,0.058190957201269676,0.028,0.174,0.07425,0.058190957201269676,0.09433583624476967,0.07425,1.0,4,0,1.0,1.0,0,4917.0,19194.75,0,4,0.41925,0.18986096886932818,0.207,0.625,0.41925,0.18986096886932818,0.4602366239229555,0.41925,1.0,4,0,1.0,1.0,0,6860.0,13742.5,0,4,0.030250000000000003,0.12145446677664845,-0.087,0.234,0.030250000000000003,0.12145446677664845,0.12516489124351124,0.08675000000000001,1.0,4,0,1.0,1.0,0,38535.0,40805.0,0,4,50.82875,0.6196121266566694,50.207,51.682,0.8287499999999994,0.6196121266566694,1.0347684523602367,0.8287499999999994,0.75,3,0,1.0,1.0,0,9524.0,10711.25,0
77,77,power_law,4.63,1.0,17790.0,-0.3700000000000001,0.3700000000000001,7.400000000000002,1,1,1.94,1.0,17767.0,-0.06000000000000005,0.06000000000000005,3.0000000000000027,1,1,3.869,1.0,15899.0,-1.1309999999999998,1.1309999999999998,22.619999999999997,1,1,1.948,1.0,15719.0,-0.052000000000000046,0.052000000000000046,2.6000000000000023,1,1,0.651,1.0,12790.0,-0.14900000000000002,0.14900000000000002,18.625000000000004,0,1,0.016,1.0,45396.0,0.006,0.006,60.0,1,1,0.309,1.0,33579.0,0.009000000000000008,0.009000000000000008,3.0000000000000027,1,1,16.596,1.0,35351.0,-1.404,1.404,7.8,1,1,4,0.10175,0.047928983924135096,0.064,0.182,0.10175,0.047928983924135096,0.11247333017209013,0.10175,1.0,4,0,1.0,1.0,0,9885.0,18940.5,0,4,0.37274999999999997,0.19406877002753428,0.18,0.688,0.37274999999999997,0.19406877002753428,0.4202442742025166,0.37274999999999997,1.0,4,0,1.0,1.0,0,5207.0,10941.75,0,4,-0.17575000000000002,0.27368720741021124,-0.605,0.101,-0.17575000000000002,0.27368720741021124,0.3252579745371357,0.23475,1.0,4,0,1.0,1.0,0,22397.0,31882.75,0,4,49.886250000000004,0.3086181904878574,49.414,50.221,-0.11374999999999957,0.3086181904878574,0.32891374249185656,0.26924999999999955,1.0,4,0,1.0,1.0,0,16618.0,19236.75,0
78,78,power_law,5.152,1.0,13435.0,0.15200000000000014,0.15200000000000014,3.0400000000000027,1,1,2.295,1.0,14214.0,0.29499999999999993,0.29499999999999993,14.749999999999996,1,1,3.924,1.0,13559.0,-1.076,1.076,21.52,1,1,1.786,1.0,12554.0,-0.21399999999999997,0.21399999999999997,10.7,1,1,0.682,1.0,14767.0,-0.118,0.118,14.75,1,1,0.011,1.0,38685.0,0.0009999999999999992,0.0009999999999999992,9.999999999999991,1,1,0.282,1.0,53703.0,-0.018000000000000016,0.018000000000000016,6.000000000000005,1,1,18.813,1.0,40026.0,0.8129999999999988,0.8129999999999988,4.51666666666666,1,1,4,0.11425000000000002,0.055539963089652845,0.031,0.17,0.11425000000000002,0.055539963089652845,0.12703444414803414,0.11425000000000002,1.0,4,0,1.0,1.0,0,10088.0,14114.5,0,4,0.41425,0.05413582455269339,0.351,0.477,0.41425,0.05413582455269339,0.4177723662474578,0.41425,1.0,4,0,1.0,1.0,0,10982.0,12055.5,0,4,-0.005500000000000005,0.16041586579886666,-0.225,0.173,-0.005500000000000005,0.16041586579886666,0.1605101242912733,0.152,1.0,4,0,1.0,1.0,0,34120.0,36773.5,0,4,50.27625,0.3010742225764258,49.773,50.558,0.276250000000001,0.3010742225764258,0.40860708510744126,0.3897499999999994,1.0,4,0,1.0,1.0,0,15812.0,16946.5,0
79,79,power_law,3.067,1.0,15380.0,-1.9329999999999998,1.9329999999999998,38.66,0,1,1.717,1.0,8098.0,-0.2829999999999999,0.2829999999999999,14.149999999999995,1,1,5.445,1.0,15485.0,0.4450000000000003,0.4450000000000003,8.900000000000006,1,1,2.201,1.0,8993.0,0.20100000000000007,0.20100000000000007,10.050000000000004,1,1,0.657,1.0,15541.0,-0.14300000000000002,0.14300000000000002,17.875000000000004,0,1,0.01,1.0,6835.0,0.0,0.0,0.0,1,1,0.329,1.0,41252.0,0.029000000000000026,0.029000000000000026,9.666666666666677,1,1,16.91,1.0,24046.0,-1.0899999999999999,1.0899999999999999,6.055555555555555,1,1,4,0.11075000000000002,0.06194503612074175,0.016,0.169,0.11075000000000002,0.06194503612074175,0.12689661145988101,0.11075000000000002,1.0,4,0,1.0,1.0,0,4229.0,6542.75,0,4,0.6577500000000001,0.20881376271692437,0.46,0.959,0.6577500000000001,0.20881376271692437,0.6901001738878204,0.6577500000000001,1.0,4,0,1.0,1.0,0,7833.0,16785.0,0,4,0.14750000000000002,0.12410983039227795,-0.065,0.237,0.14750000000000002,0.12410983039227795,0.19276799526892424,0.18,1.0,4,0,1.0,1.0,0,20289.0,28756.25,0,4,51.573499999999996,0.5101423820856298,50.921,52.314,1.5734999999999992,0.5101423820856298,1.6541304362111224,1.5734999999999992,0.75,3,0,1.0,1.0,0,7304.0,13021.25,0
80,80,power_law,5.816,1.0,17988.0,0.8159999999999998,0.8159999999999998,16.319999999999997,1,1,2.41,1.0,18321.0,0.41000000000000014,0.41000000000000014,20.500000000000007,1,1,4.2,1.0,17102.0,-0.7999999999999998,0.7999999999999998,15.999999999999998,1,1,1.961,1.0,16167.0,-0.038999999999999924,0.038999999999999924,1.9499999999999962,1,1,0.669,1.0,15426.0,-0.131,0.131,16.375,1,1,0.017,1.0,40947.0,0.007000000000000001,0.007000000000000001,70.0,1,1,0.331,1.0,50174.0,0.031000000000000028,0.031000000000000028,10.333333333333343,0,1,20.569,1.0,40090.0,2.568999999999999,2.568999999999999,14.272222222222217,1,1,4,0.0945,0.03715844453149243,0.054,0.154,0.0945,0.03715844453149243,0.10154309429990796,0.0945,1.0,4,0,1.0,1.0,0,11797.0,16243.0,0,4,0.5035000000000001,0.21574116436137075,0.147,0.696,0.5035000000000001,0.21574116436137075,0.5477741322844664,0.5035000000000001,1.0,4,0,1.0,1.0,0,7912.0,14303.25,0,4,-0.0785,0.07360197008232865,-0.135,0.048,-0.0785,0.07360197008232865,0.10760808519809281,0.1025,1.0,4,0,1.0,1.0,0,36482.0,39334.5,0,4,50.587,0.6157657833949534,49.845,51.259,0.5869999999999997,0.6157657833949534,0.8507270420058365,0.6645000000000003,1.0,4,0,1.0,1.0,0,16488.0,21660.75,0
81,81,power_law,2.771,1.0,2005.0,-2.229,2.229,44.580000000000005,0,1,1.591,1.0,4275.0,-0.40900000000000003,0.40900000000000003,20.450000000000003,1,1,3.807,1.0,17011.0,-1.193,1.193,23.86,1,1,1.841,1.0,17593.0,-0.15900000000000003,0.15900000000000003,7.950000000000001,1,1,0.684,1.0,1974.0,-0.11599999999999999,0.11599999999999999,14.499999999999998,1,1,0.011,1.0,44588.0,0.0009999999999999992,0.0009999999999999992,9.999999999999991,1,1,0.307,1.0,4028.0,0.007000000000000006,0.007000000000000006,2.3333333333333357,1,1,16.427,1.0,30883.0,-1.5730000000000004,1.5730000000000004,8.73888888888889,1,1,4,0.078,0.057545634065496225,0.014,0.148,0.078,0.057545634065496225,0.09693038739218986,0.078,1.0,4,0,1.0,1.0,0,2789.0,12631.75,0,4,0.3115,0.0888411503752625,0.224,0.46,0.3115,0.0888411503752625,0.32392128673491033,0.3115,1.0,4,0,1.0,1.0,0,971.0,4890.75,0,4,0.11424999999999999,0.13972361110420817,-0.063,0.306,0.11424999999999999,0.13972361110420817,0.18048753419557817,0.14575,1.0,4,0,1.0,1.0,0,1113.0,16145.25,0,4,49.738749999999996,0.8222929450627675,48.568,50.873,-0.2612500000000022,0.8222929450627676,0.862796181030028,0.697750000000001,0.75,3,0,1.0,1.0,0,1168.0,21067.5,0
82,82,power_law,4.013,1.0,19082.0,-0.9870000000000001,0.9870000000000001,19.740000000000002,1,1,1.764,1.0,20044.0,-0.236,0.236,11.799999999999999,1,1,5.756,1.0,21180.0,0.7560000000000002,0.7560000000000002,15.120000000000006,1,1,2.69,1.0,20071.0,0.69,0.69,34.5,1,1,0.653,1.0,18791.0,-0.14700000000000002,0.14700000000000002,18.375000000000004,0,1,0.01,1.0,49571.0,0.0,0.0,0.0,1,1,0.308,1.0,46065.0,0.008000000000000007,0.008000000000000007,2.666666666666669,1,1,17.866,1.0,45440.0,-0.13400000000000034,0.13400000000000034,0.7444444444444464,1,1,4,0.10025,0.04927156888104944,0.063,0.185,0.10025,0.04927156888104944,0.11170384953080176,0.10025,1.0,4,0,1.0,1.0,0,9370.0,16603.0,0,4,0.6272500000000001,0.1455788016848607,0.413,0.813,0.6272500000000001,0.1455788016848607,0.6439221614449995,0.6272500000000001,1.0,4,0,1.0,1.0,0,4382.0,6504.0,0,4,0.02125000000000002,0.3183091068442749,-0.363,0.522,0.02125000000000002,0.3183091068442749,0.3190176327415148,0.23975000000000002,1.0,4,0,1.0,1.0,0,32746.0,35438.0,0,4,49.5075,0.5930516419334821,48.523,50.088,-0.49249999999999794,0.5930516419334821,0.7708868269726739,0.5364999999999984,0.75,3,0,1.0,1.0,0,20749.0,29510.0,0
83,83,power_law,2.899,1.0,6908.0,-2.101,2.101,42.02,0,1,1.614,1.0,12044.0,-0.3859999999999999,0.3859999999999999,19.299999999999994,1,1,4.256,1.0,14195.0,-0.7439999999999998,0.7439999999999998,14.879999999999995,1,1,2.278,1.0,17324.0,0.278,0.278,13.900000000000002,1,1,0.658,1.0,17926.0,-0.14200000000000002,0.14200000000000002,17.750000000000004,0,1,0.019,1.0,19695.0,0.009,0.009,89.99999999999999,1,1,0.292,1.0,38652.0,-0.008000000000000007,0.008000000000000007,2.666666666666669,1,1,18.195,1.0,19791.0,0.19500000000000028,0.19500000000000028,1.083333333333335,1,1,4,0.07125,0.03934701386382453,0.019,0.115,0.07125,0.03934701386382453,0.08139256722821808,0.07125,1.0,4,0,1.0,1.0,0,6594.0,14557.5,0,4,0.2975,0.10911118182844505,0.139,0.42,0.2975,0.10911118182844505,0.3168777366745729,0.2975,1.0,4,0,1.0,1.0,0,6564.0,10800.25,0,4,0.11725000000000001,0.14802428010296148,-0.071,0.341,0.11725000000000001,0.14802428010296148,0.18883524565080537,0.15275,1.0,4,0,1.0,1.0,0,19123.0,27687.75,0,4,49.9435,0.27552268509144506,49.481,50.207,-0.05649999999999977,0.27552268509144506,0.2812561110447195,0.2029999999999994,1.0,4,0,1.0,1.0,0,12323.0,21595.75,0
84,84,power_law,4.057,1.0,17157.0,-0.9429999999999996,0.9429999999999996,18.859999999999992,1,1,1.872,1.0,17933.0,-0.1279999999999999,0.1279999999999999,6.399999999999995,1,1,4.495,1.0,17407.0,-0.5049999999999999,0.5049999999999999,10.099999999999998,1,1,2.155,1.0,16975.0,0.1549999999999998,0.1549999999999998,7.74999999999999,1,1,0.675,1.0,18742.0,-0.125,0.125,15.625,1,1,0.011,1.0,47490.0,0.0009999999999999992,0.0009999999999999992,9.999999999999991,1,1,0.291,1.0,49150.0,-0.009000000000000008,0.009000000000000008,3.0000000000000027,1,1,18.53,1.0,41879.0,0.5300000000000011,0.5300000000000011,2.944444444444451,1,1,4,0.10650000000000001,0.03968311983702895,0.06,0.168,0.10650000000000001,0.03968311983702895,0.11365298060323804,0.10650000000000001,1.0,4,0,1.0,1.0,0,4115.0,15706.25,0,4,0.5197499999999999,0.2289185171627669,0.299,0.898,0.5197499999999999,0.2289185171627669,0.5679293530008817,0.5197499999999999,1.0,4,0,1.0,1.0,0,4027.0,10358.0,0,4,0.005249999999999991,0.19343652059525884,-0.326,0.16,0.005249999999999991,0.19343652059525884,0.19350775178271282,0.16825,1.0,4,0,1.0,1.0,0,26058.0,33979.25,0,4,50.12775,0.1763737154453576,49.839,50.318,0.12774999999999892,0.1763737154453576,0.21777913123162124,0.2082499999999996,1.0,4,0,1.0,1.0,0,18565.0,20726.0,0
85,85,power_law,6.254,1.0,18290.0,1.2539999999999996,1.2539999999999996,25.07999999999999,1,1,2.381,1.0,18278.0,0.3809999999999998,0.3809999999999998,19.04999999999999,1,1,4.919,1.0,15501.0,-0.0810000000000004,0.0810000000000004,1.6200000000000083,1,1,2.065,1.0,14890.0,0.06499999999999995,0.06499999999999995,3.2499999999999973,1,1,0.663,1.0,17530.0,-0.137,0.137,17.125,1,1,0.018,1.0,47054.0,0.007999999999999998,0.007999999999999998,79.99999999999999,1,1,0.309,1.0,51091.0,0.009000000000000008,0.009000000000000008,3.0000000000000027,1,1,17.205,1.0,42294.0,-0.7950000000000017,0.7950000000000017,4.416666666666677,1,1,4,0.15425,0.05814367979411004,0.097,0.247,0.15425,0.05814367979411004,0.1648446238128499,0.15425,1.0,4,0,1.0,1.0,0,10022.0,14143.0,0,4,0.63575,0.21861310001918915,0.429,0.965,0.63575,0.21861310001918915,0.6722869551017631,0.63575,1.0,4,0,1.0,1.0,0,6417.0,9784.0,0,4,-0.0115,0.20106280113437194,-0.355,0.144,-0.0115,0.20106280113437194,0.20139140994590607,0.16599999999999998,1.0,4,0,1.0,1.0,0,34628.0,37904.5,0,4,50.212250000000004,0.2309159749779129,49.964,50.5,0.21225000000000094,0.2309159749779129,0.3136435078237719,0.23025000000000162,1.0,4,0,1.0,1.0,0,13986.0,15659.0,0
86,86,power_law,4.369,1.0,19179.0,-0.6310000000000002,0.6310000000000002,12.620000000000003,1,1,2.031,1.0,20182.0,0.03100000000000014,0.03100000000000014,1.550000000000007,1,1,5.662,1.0,19638.0,0.6619999999999999,0.6619999999999999,13.239999999999998,1,1,2.509,1.0,20255.0,0.5089999999999999,0.5089999999999999,25.449999999999996,1,1,0.652,1.0,19272.0,-0.14800000000000002,0.14800000000000002,18.500000000000004,0,1,0.007,1.0,44875.0,-0.003,0.003,30.0,1,1,0.313,1.0,54802.0,0.013000000000000012,0.013000000000000012,4.3333333333333375,1,1,19.586,1.0,44724.0,1.5859999999999985,1.5859999999999985,8.811111111111103,1,1,4,0.13225,0.0614344162501769,0.054,0.213,0.13225,0.0614344162501769,0.1458226662765429,0.13225,1.0,4,0,1.0,1.0,0,6737.0,13409.75,0,4,0.78075,0.4265942891085158,0.332,1.448,0.78075,0.4265942891085158,0.8896927840552603,0.78075,1.0,4,0,1.0,1.0,0,3227.0,7368.25,0,4,-0.26349999999999996,0.09906942010529787,-0.422,-0.15,-0.26349999999999996,0.09906942010529787,0.2815084368185082,0.26349999999999996,1.0,4,0,1.0,1.0,0,29685.0,35051.75,0,4,49.900000000000006,0.35770588477127413,49.386,50.377,-0.09999999999999787,0.35770588477127413,0.3714209202508652,0.2970000000000006,1.0,4,0,1.0,1.0,0,28108.0,33995.75,0
87,87,power_law,4.082,1.0,18817.0,-0.9180000000000001,0.9180000000000001,18.360000000000003,1,1,1.878,1.0,19265.0,-0.12200000000000011,0.12200000000000011,6.100000000000005,1,1,5.831,1.0,18883.0,0.8310000000000004,0.8310000000000004,16.620000000000008,1,1,2.595,1.0,18973.0,0.5950000000000002,0.5950000000000002,29.75000000000001,1,1,0.639,1.0,15753.0,-0.16100000000000003,0.16100000000000003,20.125000000000004,0,1,0.013,1.0,49957.0,0.002999999999999999,0.002999999999999999,29.999999999999993,1,1,0.322,1.0,37001.0,0.02200000000000002,0.02200000000000002,7.33333333333334,1,1,17.776,1.0,38911.0,-0.2240000000000002,0.2240000000000002,1.2444444444444456,1,1,4,0.08625,0.039839521834479884,0.048,0.149,0.08625,0.039839521834479884,0.0950065787195813,0.08625,1.0,4,0,1.0,1.0,0,8592.0,16870.5,0,4,0.8495000000000001,0.37945124851553724,0.312,1.375,0.8495000000000001,0.37945124851553724,0.9303942712635326,0.8495000000000001,1.0,4,0,1.0,1.0,0,2725.0,8395.75,0,4,-0.0085,0.1052247594437735,-0.163,0.134,-0.0085,0.1052247594437735,0.10556751394250032,0.07650000000000001,1.0,4,0,1.0,1.0,0,38537.0,40575.25,0,4,50.36275,0.4789318192603198,49.966,51.18,0.36275000000000013,0.4789318192603198,0.6008021720999348,0.3797499999999996,1.0,4,0,1.0,1.0,0,14740.0,18038.5,0
88,88,power_law,2.82,1.0,15748.0,-2.18,2.18,43.60000000000001,0,1,1.591,1.0,17222.0,-0.40900000000000003,0.40900000000000003,20.450000000000003,0,1,4.643,1.0,17517.0,-0.3570000000000002,0.3570000000000002,7.140000000000005,1,1,2.678,1.0,17728.0,0.6779999999999999,0.6779999999999999,33.9,1,1,0.678,1.0,17118.0,-0.122,0.122,15.25,0,1,0.013,1.0,35398.0,0.002999999999999999,0.002999999999999999,29.999999999999993,1,1,0.332,1.0,31212.0,0.03200000000000003,0.03200000000000003,10.666666666666677,1,1,20.023,1.0,32730.0,2.0229999999999997,2.0229999999999997,11.238888888888887,1,1,4,0.05625,0.03741239767777521,0.017,0.113,0.05625,0.03741239767777521,0.06755553271198445,0.05625,1.0,4,0,1.0,1.0,0,5103.0,16206.5,0,4,0.226,0.055812185049503305,0.165,0.317,0.226,0.055812185049503305,0.23278960457889866,0.226,1.0,4,0,1.0,1.0,0,9594.0,13165.0,0,4,-0.184,0.19403994434136493,-0.459,0.06,-0.184,0.19403994434136493,0.26740886297952055,0.214,0.75,3,0,1.0,1.0,0,28597.0,32892.0,0,4,50.08575,0.9133883005053212,48.722,50.946,0.0857499999999991,0.9133883005053212,0.9174046271956551,0.8322500000000002,0.75,3,0,1.0,1.0,0,23095.0,27906.75,0
89,89,power_law,3.798,1.0,18354.0,-1.202,1.202,24.04,1,1,1.895,1.0,19229.0,-0.10499999999999998,0.10499999999999998,5.249999999999999,1,1,5.357,1.0,15304.0,0.3570000000000002,0.3570000000000002,7.140000000000005,1,1,2.21,1.0,14487.0,0.20999999999999996,0.20999999999999996,10.499999999999998,1,1,0.66,1.0,13845.0,-0.14,0.14,17.5,1,1,0.014,1.0,42644.0,0.004,0.004,40.0,1,1,0.313,1.0,22150.0,0.013000000000000012,0.013000000000000012,4.3333333333333375,1,1,18.588,1.0,35730.0,0.588000000000001,0.588000000000001,3.266666666666672,1,1,4,0.07475000000000001,0.05065261592455024,0.032,0.161,0.07475000000000001,0.05065261592455024,0.09029534871741733,0.07475000000000001,1.0,4,0,1.0,1.0,0,8574.0,16999.5,0,4,0.7905,0.30324124059896607,0.521,1.304,0.7905,0.30324124059896607,0.8466672900260173,0.7905,1.0,4,0,1.0,1.0,0,9033.0,11487.25,0,4,-0.0995,0.1145742117581439,-0.264,0.043,-0.0995,0.1145742117581439,0.15174814661141664,0.121,1.0,4,0,1.0,1.0,0,29167.0,32152.25,0,4,51.116499999999995,0.39138120803124915,50.579,51.665,1.1165000000000003,0.39138120803124915,1.1831109415435226,1.1165000000000003,1.0,4,0,1.0,1.0,0,9592.0,11647.25,0
90,90,power_law,4.333,1.0,15353.0,-0.6669999999999998,0.6669999999999998,13.339999999999996,1,1,1.721,1.0,14272.0,-0.2789999999999999,0.2789999999999999,13.949999999999996,1,1,4.45,1.0,8595.0,-0.5499999999999998,0.5499999999999998,10.999999999999996,1,1,2.428,1.0,12787.0,0.42799999999999994,0.42799999999999994,21.4,1,1,0.606,1.0,12947.0,-0.19400000000000006,0.19400000000000006,24.250000000000007,0,1,0.009,1.0,32599.0,-0.0010000000000000009,0.0010000000000000009,10.000000000000009,1,1,0.304,1.0,35500.0,0.0040000000000000036,0.0040000000000000036,1.3333333333333346,1,1,16.793,1.0,14825.0,-1.2070000000000007,1.2070000000000007,6.705555555555559,1,1,4,0.11149999999999999,0.041367257583746105,0.085,0.183,0.11149999999999999,0.041367257583746105,0.11892644785748879,0.11149999999999999,1.0,4,0,1.0,1.0,0,8287.0,11852.25,0,4,0.31125,0.09050241709479367,0.168,0.398,0.31125,0.09050241709479367,0.32414078731316737,0.31125,1.0,4,0,1.0,1.0,0,2080.0,6403.0,0,4,-0.20274999999999999,0.1919783516441372,-0.428,0.008,-0.20274999999999999,0.1919783516441372,0.27921900006983763,0.20675,1.0,4,0,1.0,1.0,0,1887.0,12287.75,0,4,50.5605,0.4474206633583203,50.198,51.309,0.5604999999999993,0.4474206633583203,0.7171788479870267,0.5604999999999993,0.75,3,0,1.0,1.0,0,2115.0,7901.5,0
91,91,power_law,4.306,1.0,1958.0,-0.694,0.694,13.879999999999997,1,1,1.928,1.0,1641.0,-0.07200000000000006,0.07200000000000006,3.600000000000003,1,1,2.996,1.0,6565.0,-2.004,2.004,40.08,1,1,1.799,1.0,9993.0,-0.20100000000000007,0.20100000000000007,10.050000000000004,1,1,0.642,1.01,18538.0,-0.15800000000000003,0.15800000000000003,19.750000000000004,0,1,0.007,1.0,4913.0,-0.003,0.003,30.0,1,1,0.296,1.0,4323.0,-0.0040000000000000036,0.0040000000000000036,1.3333333333333346,1,1,17.374,1.0,1745.0,-0.6260000000000012,0.6260000000000012,3.4777777777777845,1,1,4,0.12475,0.03289661836724256,0.089,0.168,0.12475,0.03289661836724256,0.12901453406496494,0.12475,1.0,4,0,1.0074999999999998,1.02,1,374.0,5597.75,1,4,0.264,0.16838349087722349,0.043,0.513,0.264,0.16838349087722349,0.3131277694488306,0.264,1.0,4,0,1.0075,1.01,0,381.0,1906.25,1,4,-0.21350000000000002,0.16455774062620088,-0.446,-0.015,-0.21350000000000002,0.16455774062620088,0.2695579715014935,0.21350000000000002,1.0,4,0,1.005,1.01,0,753.0,10318.0,0,4,49.86449999999999,0.29815474170302825,49.573,50.306,-0.1355000000000004,0.2981547417030283,0.32750038167916634,0.2884999999999991,1.0,4,0,1.0,1.0,0,2120.0,8921.75,0
92,92,power_law,5.086,1.0,18123.0,0.0860000000000003,0.0860000000000003,1.720000000000006,1,1,2.002,1.0,18646.0,0.0019999999999997797,0.0019999999999997797,0.09999999999998899,1,1,3.973,1.0,16706.0,-1.0270000000000001,1.0270000000000001,20.540000000000003,1,1,1.989,1.0,16622.0,-0.010999999999999899,0.010999999999999899,0.5499999999999949,1,1,0.637,1.0,16108.0,-0.16300000000000003,0.16300000000000003,20.375000000000004,0,1,0.008,1.0,48851.0,-0.002,0.002,20.0,1,1,0.296,1.0,52857.0,-0.0040000000000000036,0.0040000000000000036,1.3333333333333346,1,1,17.399,1.0,36998.0,-0.6009999999999991,0.6009999999999991,3.3388888888888837,1,1,4,0.14825,0.039104827067767474,0.104,0.192,0.14825,0.039104827067767474,0.1533207422366589,0.14825,1.0,4,0,1.0,1.0,0,9130.0,13528.0,0,4,0.39075000000000004,0.19786532667448334,0.148,0.671,0.39075000000000004,0.19786532667448334,0.4379911528786855,0.39075000000000004,1.0,4,0,1.0,1.0,0,8053.0,12793.5,0,4,0.031999999999999994,0.10210044074341697,-0.095,0.18,0.031999999999999994,0.10210044074341697,0.106997663525892,0.0895,1.0,4,0,1.0,1.0,0,37570.0,39846.5,0,4,50.024249999999995,0.3677528891796788,49.532,50.46,0.02424999999999855,0.3677528891796788,0.36855155677327023,0.34775000000000134,1.0,4,0,1.0,1.0,0,21074.0,22936.0,0
93,93,power_law,5.746,1.0,17747.0,0.7460000000000004,0.7460000000000004,14.920000000000009,1,1,2.235,1.0,18431.0,0.23499999999999988,0.23499999999999988,11.749999999999993,1,1,5.124,1.0,14455.0,0.12399999999999967,0.12399999999999967,2.4799999999999933,1,1,2.289,1.0,15009.0,0.28900000000000015,0.28900000000000015,14.450000000000006,1,1,0.65,1.0,16533.0,-0.15000000000000002,0.15000000000000002,18.750000000000004,0,1,0.012,1.0,44157.0,0.002,0.002,20.0,1,1,0.296,1.0,42721.0,-0.0040000000000000036,0.0040000000000000036,1.3333333333333346,1,1,18.15,1.0,38777.0,0.14999999999999858,0.14999999999999858,0.8333333333333255,1,1,4,0.16125,0.09795758010485968,0.066,0.314,0.16125,0.09795758010485968,0.18867233501496714,0.16125,1.0,4,0,1.0,1.0,0,5586.0,11874.5,0,4,0.7304999999999999,0.4628706622805122,0.332,1.503,0.7304999999999999,0.4628706622805122,0.8648002659574059,0.7304999999999999,1.0,4,0,1.0025,1.01,0,1719.0,8259.0,0,4,-0.1005,0.2528779349804961,-0.464,0.25,-0.1005,0.2528779349804961,0.27211670290520573,0.22549999999999998,1.0,4,0,1.0,1.0,0,26217.0,29688.5,0,4,50.130250000000004,0.38270182583834267,49.791,50.731,0.1302500000000002,0.38270182583834267,0.40425950823697543,0.33225000000000193,1.0,4,0,1.0,1.0,0,13107.0,14940.75,0
94,94,power_law,3.225,1.0,5685.0,-1.775,1.775,35.5,1,1,1.723,1.0,6683.0,-0.2769999999999999,0.2769999999999999,13.849999999999996,1,1,5.069,1.0,12400.0,0.06899999999999995,0.06899999999999995,1.379999999999999,1,1,2.19,1.0,13296.0,0.18999999999999995,0.18999999999999995,9.499999999999996,1,1,0.673,1.0,6001.0,-0.127,0.127,15.875,0,1,0.005,1.0,10149.0,-0.005,0.005,50.0,1,1,0.294,1.0,5376.0,-0.006000000000000005,0.006000000000000005,2.0000000000000018,1,1,16.702,1.0,2888.0,-1.2979999999999983,1.2979999999999983,7.2111111111111015,1,1,4,0.07725,0.03925159232438857,0.026,0.125,0.07725,0.03925159232438857,0.08665015868421708,0.07725,1.0,4,0,1.0,1.0,0,2259.0,7471.75,0,4,0.5137499999999999,0.22499152761826388,0.252,0.867,0.5137499999999999,0.22499152761826388,0.5608567107559648,0.5137499999999999,1.0,4,0,1.0,1.0,0,2836.0,6256.25,0,4,0.007500000000000003,0.13065508026862177,-0.102,0.22,0.007500000000000003,0.13065508026862177,0.13087016466712342,0.1075,1.0,4,0,1.0,1.0,0,3651.0,13120.25,0,4,50.51375,0.6437741743033815,49.53,51.276,0.5137499999999999,0.6437741743033815,0.8236408501282586,0.7487499999999994,1.0,4,0,1.0,1.0,0,3454.0,8649.0,0
95,95,power_law,3.553,1.0,15779.0,-1.447,1.447,28.939999999999998,1,1,1.687,1.0,16759.0,-0.31299999999999994,0.31299999999999994,15.649999999999997,1,1,5.627,1.0,17563.0,0.6269999999999998,0.6269999999999998,12.539999999999996,1,1,2.606,1.0,17591.0,0.6059999999999999,0.6059999999999999,30.299999999999994,1,1,0.644,1.0,16762.0,-0.15600000000000003,0.15600000000000003,19.500000000000004,0,1,0.013,1.0,37426.0,0.002999999999999999,0.002999999999999999,29.999999999999993,1,1,0.276,1.0,44038.0,-0.023999999999999966,0.023999999999999966,7.999999999999989,1,1,17.749,1.0,38837.0,-0.2510000000000012,0.2510000000000012,1.3944444444444513,1,1,4,0.11424999999999999,0.06024688788642945,0.035,0.204,0.11424999999999999,0.06024688788642945,0.1291617203353997,0.11424999999999999,1.0,4,0,1.0,1.0,0,8386.0,13094.75,0,4,0.5205000000000001,0.2017058501878416,0.312,0.842,0.5205000000000001,0.2017058501878416,0.5582163559051275,0.5205000000000001,1.0,4,0,1.0,1.0,0,6010.0,11830.0,0,4,0.03425,0.16908041725758782,-0.194,0.232,0.03425,0.16908041725758782,0.172514492144863,0.15975,1.0,4,0,1.0,1.0,0,17744.0,28064.25,0,4,50.60375,0.8313279662684263,49.728,51.8,0.6037499999999998,0.8313279662684263,1.0274338178199107,0.771749999999999,0.75,3,0,1.0,1.0,0,18196.0,21127.0,0
96,96,power_law,4.352,1.0,13054.0,-0.6479999999999997,0.6479999999999997,12.959999999999994,1,1,1.852,1.0,10995.0,-0.1479999999999999,0.1479999999999999,7.399999999999995,1,1,5.909,1.0,11283.0,0.9089999999999998,0.9089999999999998,18.179999999999996,1,1,2.476,1.0,7440.0,0.476,0.476,23.799999999999997,1,1,0.635,1.0,13968.0,-0.16500000000000004,0.16500000000000004,20.625000000000004,0,1,0.007,1.0,29036.0,-0.003,0.003,30.0,1,1,0.302,1.0,29910.0,0.0020000000000000018,0.0020000000000000018,0.6666666666666673,1,1,16.652,1.0,29069.0,-1.347999999999999,1.347999999999999,7.488888888888884,1,1,4,0.13375,0.04254629831136899,0.09,0.204,0.13375,0.04254629831136899,0.14035401668637773,0.13375,1.0,4,0,1.0,1.0,0,10760.0,12373.75,0,4,0.933,0.4202410022832137,0.535,1.602,0.933,0.4202410022832137,1.0232748897534816,0.933,1.0,4,0,1.0,1.0,0,4198.0,7793.5,0,4,-0.13375,0.1903869415164811,-0.339,0.102,-0.13375,0.1903869415164811,0.23267197940448264,0.18675,1.0,4,0,1.0,1.0,0,26384.0,29643.75,0,4,50.98125,0.2053452884777252,50.752,51.313,0.9812500000000011,0.2053452884777252,1.0025059850195421,0.9812500000000011,1.0,4,0,1.0,1.0,0,10599.0,12604.5,0
97,97,power_law,5.359,1.0,17657.0,0.359,0.359,7.180000000000001,1,1,2.177,1.0,18256.0,0.17700000000000005,0.17700000000000005,8.850000000000001,1,1,4.554,1.0,13099.0,-0.44599999999999973,0.44599999999999973,8.919999999999995,1,1,2.163,1.0,12994.0,0.1629999999999998,0.1629999999999998,8.149999999999991,1,1,0.643,1.0,17345.0,-0.15700000000000003,0.15700000000000003,19.625000000000004,0,1,0.008,1.0,47835.0,-0.002,0.002,20.0,1,1,0.316,1.0,51205.0,0.016000000000000014,0.016000000000000014,5.333333333333338,1,1,17.208,1.0,42489.0,-0.7920000000000016,0.7920000000000016,4.400000000000008,1,1,4,0.15,0.10424250572583145,0.043,0.296,0.15,0.10424250572583145,0.18266499390961585,0.15,1.0,4,0,1.0,1.0,0,2692.0,13055.75,0,4,0.395,0.1846415446209222,0.213,0.656,0.395,0.1846415446209222,0.43602465526619016,0.395,1.0,4,0,1.0,1.0,0,6457.0,16219.5,0,4,-0.05575,0.21141354616012664,-0.33,0.215,-0.05575,0.21141354616012664,0.21864068697294195,0.19775,1.0,4,0,1.0,1.0,0,27236.0,38300.75,0,4,50.829499999999996,0.4320778286373871,50.255,51.384,0.8295000000000012,0.4320778286373871,0.9352868543928121,0.8295000000000012,1.0,4,0,1.0,1.0,0,11540.0,14977.0,0
98,98,power_law,3.344,1.0,16349.0,-1.6560000000000001,1.6560000000000001,33.120000000000005,1,1,1.683,1.0,15758.0,-0.31699999999999995,0.31699999999999995,15.849999999999998,1,1,3.084,1.0,8205.0,-1.916,1.916,38.32,1,1,1.804,1.0,8310.0,-0.19599999999999995,0.19599999999999995,9.799999999999997,1,1,0.65,1.0,15901.0,-0.15000000000000002,0.15000000000000002,18.750000000000004,1,1,0.01,1.0,48855.0,0.0,0.0,0.0,1,1,0.303,1.0,40264.0,0.0030000000000000027,0.0030000000000000027,1.0000000000000009,1,1,18.365,1.0,25170.0,0.36499999999999844,0.36499999999999844,2.027777777777769,1,1,4,0.09125,0.0598304897188716,0.02,0.16,0.09125,0.0598304897188716,0.10911576421397598,0.09125,1.0,4,0,1.0,1.0,0,4551.0,16120.5,0,4,0.2935,0.13700456196784105,0.13,0.51,0.2935,0.13700456196784105,0.32390199134923514,0.2935,1.0,4,0,1.0,1.0,0,4223.0,11228.25,0,4,-0.161,0.1740919297382851,-0.391,0.093,-0.161,0.1740919297382851,0.23712654849257178,0.2075,1.0,4,0,1.0,1.0,0,29034.0,32522.25,0,4,50.051500000000004,0.40728215035770865,49.405,50.471,0.05150000000000077,0.40728215035770865,0.4105252732780276,0.3490000000000002,1.0,4,0,1.0,1.0,0,10062.0,13803.5,0
99,99,power_law,5.174,1.0,21481.0,0.17400000000000038,0.17400000000000038,3.4800000000000075,1,1,2.126,1.0,21367.0,0.1259999999999999,0.1259999999999999,6.2999999999999945,1,1,4.502,1.0,19957.0,-0.4980000000000002,0.4980000000000002,9.960000000000004,1,1,2.232,1.0,17052.0,0.2320000000000002,0.2320000000000002,11.60000000000001,1,1,0.637,1.0,16235.0,-0.16300000000000003,0.16300000000000003,20.375000000000004,0,1,0.012,1.0,43390.0,0.002,0.002,20.0,1,1,0.27,1.0,37132.0,-0.02999999999999997,0.02999999999999997,9.999999999999991,0,1,18.54,1.0,38217.0,0.5399999999999991,0.5399999999999991,2.9999999999999956,1,1,4,0.16875,0.17465734310357522,0.034,0.469,0.16875,0.17465734310357522,0.24286158609380776,0.16875,1.0,4,0,1.0,1.0,0,1727.0,15105.25,0,4,0.567,0.5261615721430063,0.203,1.469,0.567,0.5261615721430063,0.7735211697167699,0.567,1.0,4,0,1.0,1.0,0,2488.0,10206.75,0,4,0.05675,0.2620871753825433,-0.228,0.336,0.05675,0.2620871753825433,0.2681608658995567,0.26125,1.0,4,0,1.0,1.0,0,27450.0,33521.5,0,4,50.73075,0.40632583907499864,50.288,51.356,0.7307499999999987,0.40632583907499864,0.8361197581686488,0.7307499999999987,0.75,3,0,1.0,1.0,0,16095.0,20970.5,0
