,simulation,model,scale1_post_mean,scale1_rhat,scale1_ess_bulk,scale1_bias,scale1_abs_bias,scale1_relative_error,scale1_covered,scale1_converged,exponent1_post_mean,exponent1_rhat,exponent1_ess_bulk,exponent1_bias,exponent1_abs_bias,exponent1_relative_error,exponent1_covered,exponent1_converged,scale2_post_mean,scale2_rhat,scale2_ess_bulk,scale2_bias,scale2_abs_bias,scale2_relative_error,scale2_covered,scale2_converged,exponent2_post_mean,exponent2_rhat,exponent2_ess_bulk,exponent2_bias,exponent2_abs_bias,exponent2_relative_error,exponent2_covered,exponent2_converged,weight_post_mean,weight_rhat,weight_ess_bulk,weight_bias,weight_abs_bias,weight_relative_error,weight_covered,weight_converged,q_param_post_mean,q_param_rhat,q_param_ess_bulk,q_param_bias,q_param_abs_bias,q_param_relative_error,q_param_covered,q_param_converged,pi0_post_mean,pi0_rhat,pi0_ess_bulk,pi0_bias,pi0_abs_bias,pi0_relative_error,pi0_covered,pi0_converged,phi_post_mean,phi_rhat,phi_ess_bulk,phi_bias,phi_abs_bias,phi_relative_error,phi_covered,phi_converged,n_fx1,fx1_post_mean_avg,fx1_post_mean_sd,fx1_post_mean_min,fx1_post_mean_max,fx1_bias_mean,fx1_bias_sd,fx1_rmse,fx1_mae,fx1_coverage_rate,fx1_n_covered,fx1_n_rhat_nan,fx1_rhat_mean,fx1_rhat_max,fx1_n_rhat_above_1.01,fx1_ess_bulk_min,fx1_ess_bulk_mean,fx1_n_ess_below_400,n_fx2,fx2_post_mean_avg,fx2_post_mean_sd,fx2_post_mean_min,fx2_post_mean_max,fx2_bias_mean,fx2_bias_sd,fx2_rmse,fx2_mae,fx2_coverage_rate,fx2_n_covered,fx2_n_rhat_nan,fx2_rhat_mean,fx2_rhat_max,fx2_n_rhat_above_1.01,fx2_ess_bulk_min,fx2_ess_bulk_mean,fx2_n_ess_below_400,n_fy1,fy1_post_mean_avg,fy1_post_mean_sd,fy1_post_mean_min,fy1_post_mean_max,fy1_bias_mean,fy1_bias_sd,fy1_rmse,fy1_mae,fy1_coverage_rate,fy1_n_covered,fy1_n_rhat_nan,fy1_rhat_mean,fy1_rhat_max,fy1_n_rhat_above_1.01,fy1_ess_bulk_min,fy1_ess_bulk_mean,fy1_n_ess_below_400,n_fy2,fy2_post_mean_avg,fy2_post_mean_sd,fy2_post_mean_min,fy2_post_mean_max,fy2_bias_mean,fy2_bias_sd,fy2_rmse,fy2_mae,fy2_coverage_rate,fy2_n_covered,fy2_n_rhat_nan,fy2_rhat_mean,fy2_rhat_max,fy2_n_rhat_above_1.01,fy2_ess_bulk_min,fy2_ess_bulk_mean,fy2_n_ess_below_400
0,0,power_law,4.991,1.0,17946.0,-0.009000000000000341,0.009000000000000341,0.18000000000000682,1,1,2.165,1.0,17662.0,0.16500000000000004,0.16500000000000004,8.250000000000002,1,1,4.856,1.0,15394.0,-0.14400000000000013,0.14400000000000013,2.8800000000000026,1,1,2.038,1.0,16222.0,0.03799999999999981,0.03799999999999981,1.8999999999999906,1,1,0.475,1.0,21005.0,-0.025000000000000022,0.025000000000000022,5.000000000000004,1,1,0.017,1.0,46877.0,0.007000000000000001,0.007000000000000001,70.0,1,1,0.286,1.0,49697.0,-0.014000000000000012,0.014000000000000012,4.666666666666671,1,1,17.555,1.0,38794.0,-0.4450000000000003,0.4450000000000003,2.472222222222224,1,1,4,0.316,0.231281214109577,0.083,0.663,0.316,0.231281214109577,0.3915954545190738,0.316,1.0,4,0,1.0,1.0,0,2215.0,12224.0,0,4,0.203,0.07900316449358216,0.083,0.302,0.203,0.07900316449358216,0.21783135678776827,0.203,1.0,4,0,1.0,1.0,0,8945.0,12335.75,0,4,-0.25625,0.18933089420377228,-0.542,-0.073,-0.25625,0.18933089420377228,0.31860673250890353,0.25625,1.0,4,0,1.0,1.0,0,28631.0,31601.25,0,4,50.272,0.26986014896609034,49.824,50.519,0.27200000000000024,0.26986014896609034,0.383155973462506,0.3600000000000012,1.0,4,0,1.0,1.0,0,24032.0,25882.0,0
1,1,power_law,3.636,1.0,16346.0,-1.3639999999999999,1.3639999999999999,27.279999999999998,1,1,1.769,1.0,15407.0,-0.2310000000000001,0.2310000000000001,11.550000000000004,1,1,5.802,1.0,17022.0,0.8019999999999996,0.8019999999999996,16.039999999999992,1,1,2.172,1.0,17180.0,0.17200000000000015,0.17200000000000015,8.600000000000009,1,1,0.457,1.0,20970.0,-0.04299999999999998,0.04299999999999998,8.599999999999996,1,1,0.012,1.0,49016.0,0.002,0.002,20.0,1,1,0.315,1.0,56552.0,0.015000000000000013,0.015000000000000013,5.000000000000004,1,1,17.067,1.0,37193.0,-0.9329999999999998,0.9329999999999998,5.183333333333332,1,1,4,0.18425,0.08111527291453811,0.101,0.299,0.18425,0.08111527291453811,0.20131505159823496,0.18425,1.0,4,0,1.0,1.0,0,10978.0,13276.75,0,4,0.2355,0.1480380018778962,0.113,0.484,0.2355,0.1480380018778962,0.2781645196641728,0.2355,1.0,4,0,1.0,1.0,0,3621.0,10282.0,0,4,-0.021,0.09937806599043876,-0.191,0.057,-0.021,0.09937806599043876,0.10157263410978373,0.0745,1.0,4,0,1.0,1.0,0,25439.0,26224.5,0,4,50.01475,0.2826520608451302,49.706,50.421,0.014750000000001151,0.2826520608451302,0.2830366584031108,0.26124999999999865,1.0,4,0,1.0,1.0,0,16281.0,25635.5,0
2,2,power_law,4.285,1.0,20297.0,-0.7149999999999999,0.7149999999999999,14.299999999999995,1,1,2.067,1.0,20581.0,0.06700000000000017,0.06700000000000017,3.3500000000000085,1,1,6.022,1.0,19950.0,1.0220000000000002,1.0220000000000002,20.440000000000005,1,1,2.316,1.0,20125.0,0.31599999999999984,0.31599999999999984,15.799999999999992,1,1,0.467,1.0,20494.0,-0.032999999999999974,0.032999999999999974,6.599999999999994,1,1,0.009,1.0,51558.0,-0.0010000000000000009,0.0010000000000000009,10.000000000000009,1,1,0.295,1.0,58617.0,-0.0050000000000000044,0.0050000000000000044,1.6666666666666683,1,1,18.937,1.0,44657.0,0.9370000000000012,0.9370000000000012,5.205555555555562,1,1,4,0.12525,0.07602754435071542,0.045,0.23,0.12525,0.07602754435071542,0.14651877012860845,0.12525,1.0,4,0,1.0,1.0,0,11515.0,24268.5,0,4,0.18025000000000002,0.08088688088930121,0.065,0.263,0.18025000000000002,0.08088688088930121,0.1975670772168278,0.18025000000000002,1.0,4,0,1.0,1.0,0,7576.0,14980.25,0,4,0.12325,0.16520952605706488,-0.111,0.309,0.12325,0.16520952605706488,0.20611829127954656,0.17875,1.0,4,0,1.0,1.0,0,41765.0,45363.0,0,4,49.98825,0.17250416661634707,49.797,50.222,-0.011750000000001037,0.17250416661634704,0.17290387502887392,0.1642500000000009,1.0,4,0,1.0,1.0,0,35709.0,37975.5,0
3,3,power_law,5.51,1.0,17210.0,0.5099999999999998,0.5099999999999998,10.199999999999996,1,1,2.34,1.0,16966.0,0.33999999999999986,0.33999999999999986,16.999999999999993,1,1,4.763,1.0,12291.0,-0.2370000000000001,0.2370000000000001,4.740000000000002,1,1,2.009,1.0,11208.0,0.008999999999999897,0.008999999999999897,0.44999999999999485,1,1,0.49,1.0,15567.0,-0.010000000000000009,0.010000000000000009,2.0000000000000018,1,1,0.008,1.0,35123.0,-0.002,0.002,20.0,1,1,0.307,1.0,23915.0,0.007000000000000006,0.007000000000000006,2.3333333333333357,1,1,17.708,1.0,39659.0,-0.2920000000000016,0.2920000000000016,1.6222222222222311,1,1,4,0.27525,0.16446485186811194,0.15,0.555,0.27525,0.16446485186811194,0.3206419342506529,0.27525,1.0,4,0,1.0,1.0,0,2203.0,11513.0,0,4,0.123,0.0655248044636533,0.032,0.216,0.123,0.0655248044636533,0.1393646296590351,0.123,1.0,4,0,1.0,1.0,0,10701.0,17025.0,0,4,-0.25675000000000003,0.5803500560006866,-1.233,0.281,-0.25675000000000003,0.5803500560006866,0.6346075558957678,0.41175000000000006,0.75,3,0,1.0,1.0,0,23144.0,27808.0,0,4,49.888,0.09372299611087924,49.756,49.988,-0.1120000000000001,0.09372299611087924,0.14604109010822913,0.1120000000000001,1.0,4,0,1.0,1.0,0,27159.0,34799.75,0
4,4,power_law,3.925,1.0,15807.0,-1.0750000000000002,1.0750000000000002,21.500000000000004,1,1,1.893,1.0,15418.0,-0.10699999999999998,0.10699999999999998,5.35,1,1,4.724,1.0,15945.0,-0.2759999999999998,0.2759999999999998,5.519999999999996,1,1,1.891,1.0,15865.0,-0.10899999999999999,0.10899999999999999,5.449999999999999,1,1,0.478,1.0,17475.0,-0.02200000000000002,0.02200000000000002,4.400000000000004,1,1,0.013,1.0,31020.0,0.002999999999999999,0.002999999999999999,29.999999999999993,1,1,0.301,1.0,52866.0,0.0010000000000000009,0.0010000000000000009,0.33333333333333365,1,1,16.641,1.0,39892.0,-1.3590000000000018,1.3590000000000018,7.55000000000001,1,1,4,0.19674999999999998,0.11140775332085284,0.064,0.326,0.19674999999999998,0.11140775332085284,0.22610229985561844,0.19674999999999998,1.0,4,0,1.0,1.0,0,5135.0,16329.25,0,4,0.1935,0.14454151652725938,0.091,0.443,0.1935,0.14454151652725938,0.24152536098720565,0.1935,1.0,4,0,1.0025,1.01,0,1087.0,15834.5,0,4,-0.40725,0.41012155210376355,-1.108,-0.085,-0.40725,0.41012155210376355,0.5779725339494949,0.40725,0.75,3,0,1.0,1.0,0,30929.0,33852.25,0,4,50.030249999999995,0.2615859084507416,49.64,50.372,0.030249999999998778,0.2615859084507416,0.26332916663370143,0.2102499999999985,1.0,4,0,1.0,1.0,0,28751.0,30970.75,0
5,5,power_law,6.011,1.0,18314.0,1.0110000000000001,1.0110000000000001,20.220000000000002,1,1,2.286,1.0,17742.0,0.28600000000000003,0.28600000000000003,14.3,1,1,5.027,1.0,18076.0,0.027000000000000135,0.027000000000000135,0.5400000000000027,1,1,2.164,1.0,17995.0,0.16400000000000015,0.16400000000000015,8.200000000000006,1,1,0.443,1.0,16650.0,-0.056999999999999995,0.056999999999999995,11.399999999999999,1,1,0.007,1.0,40771.0,-0.003,0.003,30.0,1,1,0.313,1.0,50736.0,0.013000000000000012,0.013000000000000012,4.3333333333333375,1,1,16.507,1.0,41653.0,-1.4929999999999986,1.4929999999999986,8.294444444444435,1,1,4,0.23425,0.02903769102390891,0.189,0.27,0.23425,0.02903769102390891,0.23604289864344574,0.23425,1.0,4,0,1.0,1.0,0,12811.0,16191.25,0,4,0.0935,0.0353022662162077,0.065,0.154,0.0935,0.0353022662162077,0.09994248345923769,0.0935,1.0,4,0,1.0,1.0,0,13564.0,20172.75,0,4,-0.26075000000000004,0.19223862124973745,-0.526,0.017,-0.26075000000000004,0.19223862124973745,0.32395408625297506,0.26925,1.0,4,0,1.0,1.0,0,21279.0,30976.0,0,4,50.12375,0.2120204883967594,49.876,50.391,0.12374999999999936,0.2120204883967594,0.24549287158693678,0.20525000000000126,1.0,4,0,1.0,1.0,0,22840.0,35529.25,0
6,6,power_law,5.174,1.0,18628.0,0.17400000000000038,0.17400000000000038,3.4800000000000075,1,1,2.244,1.0,18430.0,0.24400000000000022,0.24400000000000022,12.20000000000001,1,1,5.805,1.0,17497.0,0.8049999999999997,0.8049999999999997,16.099999999999994,1,1,2.138,1.0,18213.0,0.1379999999999999,0.1379999999999999,6.899999999999995,1,1,0.477,1.0,18466.0,-0.02300000000000002,0.02300000000000002,4.600000000000004,1,1,0.011,1.0,50482.0,0.0009999999999999992,0.0009999999999999992,9.999999999999991,1,1,0.286,1.0,51988.0,-0.014000000000000012,0.014000000000000012,4.666666666666671,1,1,16.468,1.0,41357.0,-1.532,1.532,8.511111111111111,1,1,4,0.24,0.19243050693692,0.075,0.558,0.24,0.19243050693692,0.30761908263305127,0.24,1.0,4,0,1.0,1.0,0,2648.0,14484.0,0,4,0.24,0.05976621118993573,0.162,0.302,0.24,0.05976621118993573,0.247329739416836,0.24,1.0,4,0,1.0,1.0,0,6309.0,11799.5,0,4,-0.364,0.3144137401577736,-0.768,0.036,-0.364,0.3144137401577736,0.48099064439965983,0.382,1.0,4,0,1.0,1.0,0,19873.0,29780.0,0,4,50.361000000000004,0.14432775200909917,50.18,50.567,0.36100000000000065,0.14432775200909917,0.38878207263195724,0.36100000000000065,1.0,4,0,1.0,1.0,0,19431.0,24264.75,0
7,7,power_law,4.868,1.0,15376.0,-0.13199999999999967,0.13199999999999967,2.6399999999999935,1,1,2.083,1.0,15583.0,0.08300000000000018,0.08300000000000018,4.150000000000009,1,1,4.767,1.0,10477.0,-0.23299999999999965,0.23299999999999965,4.659999999999993,1,1,1.959,1.0,11107.0,-0.040999999999999925,0.040999999999999925,2.0499999999999963,1,1,0.438,1.0,5812.0,-0.062,0.062,12.4,1,1,0.014,1.0,5271.0,0.004,0.004,40.0,1,1,0.313,1.0,1568.0,0.013000000000000012,0.013000000000000012,4.3333333333333375,1,1,16.172,1.0,7392.0,-1.8279999999999994,1.8279999999999994,10.155555555555553,1,1,4,0.1895,0.07608054941967757,0.095,0.302,0.1895,0.07608054941967757,0.20420210576779074,0.1895,1.0,4,0,1.0,1.0,0,9174.0,15107.0,0,4,0.246,0.15983898147823639,0.055,0.477,0.246,0.15983898147823639,0.2933675169475993,0.246,1.0,4,0,1.0,1.0,0,3690.0,8803.25,0,4,-0.15275,0.2848107924570275,-0.481,0.302,-0.15275,0.2848107924570275,0.32318686545093384,0.30375,1.0,4,0,1.0,1.0,0,6022.0,15798.75,0,4,50.20625,0.3967854426513145,49.701,50.775,0.2062500000000007,0.3967854426513145,0.44718871855179876,0.35575000000000045,1.0,4,0,1.0,1.0,0,3374.0,20107.75,0
8,8,power_law,6.551,1.0,16682.0,1.5510000000000002,1.5510000000000002,31.020000000000003,1,1,2.359,1.0,14107.0,0.359,0.359,17.95,1,1,6.389,1.0,17612.0,1.3890000000000002,1.3890000000000002,27.780000000000005,1,1,2.425,1.0,17531.0,0.4249999999999998,0.4249999999999998,21.249999999999993,1,1,0.475,1.0,12761.0,-0.025000000000000022,0.025000000000000022,5.000000000000004,1,1,0.02,1.0,51159.0,0.01,0.01,100.0,0,1,0.301,1.0,51574.0,0.0010000000000000009,0.0010000000000000009,0.33333333333333365,1,1,18.223,1.0,38403.0,0.22299999999999898,0.22299999999999898,1.2388888888888832,1,1,4,0.2855,0.1440702953422391,0.185,0.534,0.2855,0.1440702953422391,0.31979133821915817,0.2855,1.0,4,0,1.0,1.0,0,5534.0,11891.25,0,4,0.21925,0.06249149942192138,0.133,0.307,0.21925,0.06249149942192138,0.22798190717686348,0.21925,1.0,4,0,1.0,1.0,0,8033.0,12498.0,0,4,-0.29724999999999996,0.3727951012285435,-0.723,0.301,-0.29724999999999996,0.3727951012285435,0.47679529150359695,0.44775,1.0,4,0,1.0,1.0,0,16496.0,22206.5,0,4,49.942499999999995,0.3554029403367384,49.462,50.308,-0.05749999999999922,0.3554029403367384,0.36002430473510977,0.3409999999999993,1.0,4,0,1.0,1.0,0,11657.0,20732.75,0
9,9,power_law,4.617,1.0,18250.0,-0.383,0.383,7.66,1,1,2.053,1.0,18050.0,0.052999999999999936,0.052999999999999936,2.649999999999997,1,1,4.521,1.0,16001.0,-0.4790000000000001,0.4790000000000001,9.580000000000002,1,1,1.953,1.0,15670.0,-0.04699999999999993,0.04699999999999993,2.3499999999999965,1,1,0.45,1.0,17634.0,-0.04999999999999999,0.04999999999999999,9.999999999999998,1,1,0.018,1.0,44447.0,0.007999999999999998,0.007999999999999998,79.99999999999999,1,1,0.308,1.0,45246.0,0.008000000000000007,0.008000000000000007,2.666666666666669,1,1,17.824,1.0,32503.0,-0.17599999999999838,0.17599999999999838,0.9777777777777688,1,1,4,0.1885,0.11134293870740074,0.085,0.374,0.1885,0.11134293870740074,0.2189280703792915,0.1885,1.0,4,0,1.0,1.0,0,7967.0,17773.75,0,4,0.12575,0.04985666956386076,0.065,0.191,0.12575,0.04985666956386076,0.13527287237284497,0.12575,1.0,4,0,1.0,1.0,0,10027.0,13784.0,0,4,-0.22625,0.2058122627541906,-0.491,0.042,-0.22625,0.2058122627541906,0.3058557666613464,0.24725,1.0,4,0,1.0,1.0,0,29693.0,32327.5,0,4,50.069,0.1503878319545848,49.87,50.28,0.06899999999999906,0.1503878319545848,0.16546147587882898,0.13400000000000034,1.0,4,0,1.0,1.0,0,19634.0,26739.75,0
10,10,power_law,5.726,1.0,17604.0,0.726,0.726,14.52,1,1,2.243,1.0,17894.0,0.24299999999999988,0.24299999999999988,12.149999999999995,1,1,6.722,1.0,6629.0,1.7220000000000004,1.7220000000000004,34.44000000000001,1,1,2.412,1.0,7230.0,0.4119999999999999,0.4119999999999999,20.599999999999994,1,1,0.439,1.0,16717.0,-0.061,0.061,12.2,1,1,0.012,1.0,34672.0,0.002,0.002,20.0,1,1,0.295,1.0,31735.0,-0.0050000000000000044,0.0050000000000000044,1.6666666666666683,1,1,18.025,1.0,22549.0,0.02499999999999858,0.02499999999999858,0.138888888888881,1,1,4,0.28375,0.15278641137221596,0.107,0.514,0.28375,0.15278641137221596,0.32226968520169563,0.28375,1.0,4,0,1.0,1.0,0,6346.0,10256.5,0,4,0.2875,0.12614574903658068,0.081,0.411,0.2875,0.12614574903658068,0.3139570034256283,0.2875,1.0,4,0,1.0,1.0,0,3868.0,6142.25,0,4,-0.0995,0.21175280399560237,-0.383,0.208,-0.0995,0.21175280399560237,0.23396474093332953,0.20350000000000001,1.0,4,0,1.0,1.0,0,19669.0,24626.25,0,4,50.32725,0.37568296141826824,49.756,50.78,0.3272499999999994,0.37568296141826824,0.49822710684987787,0.44924999999999926,1.0,4,0,1.0,1.0,0,11296.0,17980.75,0
11,11,power_law,3.019,1.0,16846.0,-1.9809999999999999,1.9809999999999999,39.62,1,1,1.514,1.0,16891.0,-0.486,0.486,24.3,1,1,5.32,1.0,18339.0,0.3200000000000003,0.3200000000000003,6.400000000000006,1,1,2.327,1.0,17673.0,0.32699999999999996,0.32699999999999996,16.349999999999998,1,1,0.438,1.0,18878.0,-0.062,0.062,12.4,1,1,0.011,1.0,47707.0,0.0009999999999999992,0.0009999999999999992,9.999999999999991,1,1,0.309,1.0,48077.0,0.009000000000000008,0.009000000000000008,3.0000000000000027,1,1,17.895,1.0,40780.0,-0.10500000000000043,0.10500000000000043,0.5833333333333357,1,1,4,0.131,0.047869614579605715,0.055,0.178,0.131,0.047869614579605715,0.13947221945606228,0.131,1.0,4,0,1.0,1.0,0,11005.0,20157.5,0,4,0.25925,0.16411333736171477,0.077,0.506,0.25925,0.16411333736171477,0.30682853517885195,0.25925,1.0,4,0,1.0,1.0,0,2806.0,10219.5,0,4,0.033499999999999995,0.22579913640224578,-0.287,0.283,0.033499999999999995,0.22579913640224578,0.22827067266734025,0.21000000000000002,1.0,4,0,1.0,1.0,0,34573.0,37545.5,0,4,49.9365,0.18666346723448676,49.739,50.226,-0.06350000000000122,0.18666346723448676,0.19716870948505105,0.17650000000000077,1.0,4,0,1.0,1.0,0,27497.0,35746.0,0
12,12,power_law,4.074,1.0,14766.0,-0.9260000000000002,0.9260000000000002,18.520000000000003,1,1,1.759,1.0,14176.0,-0.2410000000000001,0.2410000000000001,12.050000000000004,1,1,5.28,1.0,18580.0,0.28000000000000025,0.28000000000000025,5.600000000000005,1,1,2.423,1.0,18501.0,0.42300000000000004,0.42300000000000004,21.150000000000002,1,1,0.435,1.0,17690.0,-0.065,0.065,13.0,1,1,0.012,1.0,44520.0,0.002,0.002,20.0,1,1,0.284,1.0,49918.0,-0.016000000000000014,0.016000000000000014,5.333333333333338,1,1,18.201,1.0,38418.0,0.2010000000000005,0.2010000000000005,1.1166666666666694,1,1,4,0.17400000000000002,0.06680943047205237,0.091,0.271,0.17400000000000002,0.06680943047205237,0.1863853535018243,0.17400000000000002,1.0,4,0,1.0,1.0,0,8393.0,13742.0,0,4,0.0815,0.03225290684574028,0.044,0.133,0.0815,0.03225290684574028,0.08764987164850842,0.0815,1.0,4,0,1.0,1.0,0,10405.0,21474.5,0,4,-0.28099999999999997,0.23165923249462778,-0.509,0.099,-0.28099999999999997,0.23165923249462778,0.36417990059859146,0.33049999999999996,1.0,4,0,1.0,1.0,0,16223.0,23892.5,0,4,49.98325,0.2960746316387128,49.653,50.367,-0.01675000000000182,0.2960746316387128,0.2965480568137305,0.286249999999999,1.0,4,0,1.0,1.0,0,39842.0,42548.5,0
13,13,power_law,3.294,1.0,17284.0,-1.706,1.706,34.12,1,1,1.713,1.0,17080.0,-0.2869999999999999,0.2869999999999999,14.349999999999996,1,1,3.708,1.0,17591.0,-1.2919999999999998,1.2919999999999998,25.839999999999996,1,1,1.959,1.0,17501.0,-0.040999999999999925,0.040999999999999925,2.0499999999999963,1,1,0.434,1.0,21586.0,-0.066,0.066,13.200000000000001,1,1,0.007,1.0,45426.0,-0.003,0.003,30.0,1,1,0.292,1.0,45541.0,-0.008000000000000007,0.008000000000000007,2.666666666666669,1,1,19.158,1.0,44019.0,1.1580000000000013,1.1580000000000013,6.433333333333341,1,1,4,0.11649999999999999,0.05625611077918559,0.033,0.169,0.11649999999999999,0.05625611077918559,0.1293715579252256,0.11649999999999999,1.0,4,0,1.0,1.0,0,12447.0,22683.0,0,4,0.0625,0.012757350822173077,0.052,0.084,0.0625,0.012757350822173077,0.06378871373526825,0.0625,1.0,4,0,1.0,1.0,0,13174.0,18968.75,0,4,-0.0665,0.35510597009906775,-0.64,0.316,-0.0665,0.35510597009906775,0.3612789780764998,0.276,0.75,3,0,1.0,1.0,0,36741.0,41761.75,0,4,49.889,0.2652668467788629,49.452,50.106,-0.11099999999999888,0.2652668467788629,0.28755434269021307,0.21250000000000036,1.0,4,0,1.0,1.0,0,30716.0,35436.0,0
14,14,power_law,4.637,1.01,8054.0,-0.36300000000000043,0.36300000000000043,7.260000000000008,1,1,2.037,1.07,15492.0,0.03699999999999992,0.03699999999999992,1.849999999999996,1,0,3.754,1.02,169.0,-1.246,1.246,24.92,1,0,1.874,1.02,154.0,-0.1259999999999999,0.1259999999999999,6.2999999999999945,1,0,0.448,1.02,134.0,-0.05199999999999999,0.05199999999999999,10.399999999999999,1,0,0.014,1.07,5010.0,0.004,0.004,40.0,1,0,0.304,1.06,41.0,0.0040000000000000036,0.0040000000000000036,1.3333333333333346,1,0,19.188,1.07,39.0,1.1879999999999988,1.1879999999999988,6.599999999999993,1,0,4,0.18849999999999997,0.16425057077526395,0.078,0.471,0.18849999999999997,0.16425057077526395,0.25002099911807407,0.18849999999999997,1.0,4,0,1.0150000000000001,1.02,2,698.0,7206.75,0,4,0.1265,0.09983611570969696,0.035,0.288,0.1265,0.09983611570969696,0.1611505507281933,0.1265,1.0,4,0,1.0375,1.04,4,62.0,7164.25,3,4,0.07499999999999998,0.36208217299392137,-0.517,0.42,0.07499999999999998,0.36208217299392137,0.36976817061504896,0.3335,1.0,4,0,1.0375,1.07,3,64.0,2025.75,2,4,50.101,0.35839015053430184,49.502,50.411,0.10100000000000087,0.35839015053430184,0.3723499697864896,0.34999999999999964,0.75,3,0,1.055,1.07,4,45.0,12529.0,2
15,15,power_law,5.359,1.0,18826.0,0.359,0.359,7.180000000000001,1,1,2.389,1.0,17829.0,0.3889999999999998,0.3889999999999998,19.44999999999999,1,1,2.955,1.0,16003.0,-2.045,2.045,40.9,0,1,1.632,1.0,16081.0,-0.3680000000000001,0.3680000000000001,18.400000000000006,1,1,0.42,1.0,18988.0,-0.08000000000000002,0.08000000000000002,16.000000000000004,1,1,0.011,1.0,41832.0,0.0009999999999999992,0.0009999999999999992,9.999999999999991,1,1,0.3,1.0,48043.0,0.0,0.0,0.0,1,1,18.078,1.0,27956.0,0.0779999999999994,0.0779999999999994,0.43333333333333,1,1,4,0.1985,0.07538733315352122,0.081,0.266,0.1985,0.07538733315352122,0.21233346415485244,0.1985,1.0,4,0,1.0,1.0,0,7381.0,12407.25,0,4,0.07300000000000001,0.043502873468312414,0.03,0.131,0.07300000000000001,0.043502873468312414,0.08497940927071687,0.07300000000000001,1.0,4,0,1.0,1.0,0,8862.0,18282.5,0,4,0.013500000000000005,0.35515524774385643,-0.446,0.517,0.013500000000000005,0.35515524774385643,0.35541173306462465,0.3105,1.0,4,0,1.0,1.0,0,33105.0,36451.5,0,4,49.994,0.20052805290033515,49.689,50.245,-0.006000000000002004,0.20052805290033515,0.20061779582080858,0.15949999999999953,1.0,4,0,1.0,1.0,0,30772.0,34213.0,0
16,16,power_law,2.741,1.0,16663.0,-2.259,2.259,45.18,1,1,1.578,1.0,16548.0,-0.42199999999999993,0.42199999999999993,21.099999999999998,1,1,4.459,1.0,17701.0,-0.5410000000000004,0.5410000000000004,10.820000000000007,1,1,2.003,1.0,17429.0,0.0030000000000001137,0.0030000000000001137,0.15000000000000568,1,1,0.456,1.0,20033.0,-0.043999999999999984,0.043999999999999984,8.799999999999997,1,1,0.009,1.0,34260.0,-0.0010000000000000009,0.0010000000000000009,10.000000000000009,1,1,0.348,1.0,37806.0,0.04799999999999999,0.04799999999999999,15.999999999999998,0,1,17.867,1.0,40557.0,-0.13299999999999912,0.13299999999999912,0.7388888888888839,1,1,4,0.07475000000000001,0.016391689967785505,0.05,0.096,0.07475000000000001,0.016391689967785505,0.07652613932506984,0.07475000000000001,1.0,4,0,1.0,1.0,0,20726.0,24738.0,0,4,0.12625,0.09185144255807852,0.067,0.285,0.12625,0.09185144255807852,0.156127351863791,0.12625,1.0,4,0,1.0,1.0,0,3627.0,20435.0,0,4,0.18924999999999997,0.29735616270728277,-0.234,0.606,0.18924999999999997,0.29735616270728277,0.3524716300640379,0.30624999999999997,0.75,3,0,1.0,1.0,0,34081.0,39512.5,0,4,50.336749999999995,0.23499082428894924,49.945,50.544,0.3367500000000003,0.23499082428894924,0.41063517871707,0.3642500000000002,1.0,4,0,1.0,1.0,0,34884.0,36943.0,0
17,17,power_law,4.364,1.0,10544.0,-0.6360000000000001,0.6360000000000001,12.720000000000004,1,1,2.014,1.0,9473.0,0.01399999999999979,0.01399999999999979,0.6999999999999895,1,1,5.208,1.0,14239.0,0.20800000000000018,0.20800000000000018,4.160000000000004,1,1,2.04,1.0,12530.0,0.040000000000000036,0.040000000000000036,2.0000000000000018,1,1,0.476,1.0,16262.0,-0.02400000000000002,0.02400000000000002,4.800000000000004,1,1,0.015,1.0,37381.0,0.004999999999999999,0.004999999999999999,49.999999999999986,1,1,0.3,1.0,31954.0,0.0,0.0,0.0,1,1,18.54,1.0,37556.0,0.5399999999999991,0.5399999999999991,2.9999999999999956,1,1,4,0.23925000000000002,0.1641590311253085,0.055,0.504,0.23925000000000002,0.1641590311253085,0.2901529768932244,0.23925000000000002,1.0,4,0,1.0,1.0,0,2864.0,12846.5,0,4,0.1285,0.052442826010809136,0.084,0.217,0.1285,0.052442826010809136,0.13878940881782012,0.1285,1.0,4,0,1.0,1.0,0,11915.0,18670.5,0,4,-0.052750000000000005,0.21102413961440525,-0.333,0.179,-0.052750000000000005,0.21102413961440525,0.21751724069599632,0.20274999999999999,1.0,4,0,1.0,1.0,0,16123.0,24030.5,0,4,50.28375,0.15211734779439356,50.126,50.529,0.2837500000000013,0.15211734779439356,0.32195302452376684,0.2837500000000013,1.0,4,0,1.0,1.0,0,21313.0,27389.5,0
18,18,power_law,3.615,1.0,16484.0,-1.3849999999999998,1.3849999999999998,27.699999999999996,1,1,1.856,1.0,16138.0,-0.1439999999999999,0.1439999999999999,7.199999999999996,1,1,2.985,1.0,1499.0,-2.015,2.015,40.300000000000004,1,1,1.672,1.0,1576.0,-0.32800000000000007,0.32800000000000007,16.400000000000002,1,1,0.421,1.0,3147.0,-0.07900000000000001,0.07900000000000001,15.800000000000002,1,1,0.015,1.0,31570.0,0.004999999999999999,0.004999999999999999,49.999999999999986,1,1,0.333,1.0,4927.0,0.03300000000000003,0.03300000000000003,11.00000000000001,0,1,17.896,1.0,23191.0,-0.1039999999999992,0.1039999999999992,0.5777777777777733,1,1,4,0.0875,0.05015226814412285,0.032,0.169,0.0875,0.05015226814412285,0.10085385466108869,0.0875,1.0,4,0,1.0,1.0,0,2031.0,3586.0,0,4,0.0675,0.05884938402396409,0.008,0.153,0.0675,0.05884938402396409,0.08955166106778813,0.0675,1.0,4,0,1.0,1.0,0,1338.0,14906.0,0,4,0.03525000000000003,0.30025437132538135,-0.35,0.46,0.03525000000000003,0.30025437132538135,0.3023164732527819,0.26475000000000004,1.0,4,0,1.0,1.0,0,8488.0,26081.0,0,4,49.949,0.05273992794837651,49.877,50.0,-0.05099999999999838,0.05273992794837651,0.0733655232380972,0.05099999999999838,1.0,4,0,1.0,1.0,0,2366.0,20189.5,0
19,19,power_law,5.369,1.0,12619.0,0.3689999999999998,0.3689999999999998,7.379999999999995,1,1,2.373,1.0,15945.0,0.3730000000000002,0.3730000000000002,18.650000000000013,1,1,4.271,1.01,941.0,-0.7290000000000001,0.7290000000000001,14.580000000000002,1,1,2.022,1.0,1260.0,0.021999999999999797,0.021999999999999797,1.0999999999999899,1,1,0.425,1.0,14097.0,-0.07500000000000001,0.07500000000000001,15.000000000000002,1,1,0.007,1.0,38008.0,-0.003,0.003,30.0,1,1,0.305,1.0,20600.0,0.0050000000000000044,0.0050000000000000044,1.6666666666666683,1,1,17.965,1.0,33083.0,-0.03500000000000014,0.03500000000000014,0.19444444444444525,1,1,4,0.13525,0.08307940478843118,0.048,0.271,0.13525,0.08307940478843118,0.1587285418568444,0.13525,1.0,4,0,1.0,1.0,0,2721.0,11244.5,0,4,0.09275,0.07811009857886494,0.023,0.218,0.09275,0.07811009857886494,0.12125902028302883,0.09275,1.0,4,0,1.0025,1.01,0,5051.0,9919.75,0,4,-0.14525,0.1691912748932403,-0.336,0.104,-0.14525,0.1691912748932403,0.2229871072506211,0.19724999999999998,1.0,4,0,1.0,1.0,0,13761.0,20094.0,0,4,50.02675,0.14013453357399056,49.817,50.184,0.02674999999999983,0.14013453357399056,0.14266481696620187,0.12424999999999997,1.0,4,0,1.0,1.0,0,4853.0,23468.0,0
20,20,power_law,7.042,1.0,16676.0,2.042,2.042,40.839999999999996,1,1,2.472,1.0,13239.0,0.472,0.472,23.599999999999998,1,1,5.887,1.0,15473.0,0.8869999999999996,0.8869999999999996,17.73999999999999,1,1,2.304,1.0,15490.0,0.3039999999999998,0.3039999999999998,15.199999999999992,1,1,0.416,1.0,14527.0,-0.08400000000000002,0.08400000000000002,16.800000000000004,1,1,0.012,1.0,40459.0,0.002,0.002,20.0,1,1,0.289,1.0,6015.0,-0.01100000000000001,0.01100000000000001,3.66666666666667,1,1,18.349,1.0,36175.0,0.3490000000000002,0.3490000000000002,1.93888888888889,1,1,4,0.30974999999999997,0.07748669240585766,0.214,0.428,0.30974999999999997,0.07748669240585766,0.31929492636119355,0.30974999999999997,1.0,4,0,1.0,1.0,0,9107.0,12606.25,0,4,0.21825,0.12456800351615177,0.068,0.385,0.21825,0.12456800351615177,0.2512971348821948,0.21825,1.0,4,0,1.0,1.0,0,3519.0,11833.75,0,4,-0.27375,0.0975586362143301,-0.441,-0.2,-0.27375,0.0975586362143301,0.2906144352918485,0.27375,1.0,4,0,1.0,1.0,0,19679.0,25909.75,0,4,50.025999999999996,0.21440848863792747,49.873,50.393,0.0259999999999998,0.21440848863792747,0.21597916566187642,0.17050000000000054,1.0,4,0,1.0,1.0,0,9051.0,18958.25,0
21,21,power_law,4.532,1.0,16795.0,-0.46799999999999997,0.46799999999999997,9.36,1,1,1.987,1.01,17107.0,-0.0129999999999999,0.0129999999999999,0.649999999999995,1,1,5.168,1.0,3122.0,0.16800000000000015,0.16800000000000015,3.3600000000000034,1,1,2.103,1.0,15685.0,0.1030000000000002,0.1030000000000002,5.15000000000001,1,1,0.448,1.0,17045.0,-0.05199999999999999,0.05199999999999999,10.399999999999999,1,1,0.009,1.01,742.0,-0.0010000000000000009,0.0010000000000000009,10.000000000000009,1,1,0.276,1.0,8624.0,-0.023999999999999966,0.023999999999999966,7.999999999999989,1,1,16.637,1.01,36024.0,-1.3629999999999995,1.3629999999999995,7.572222222222219,1,1,4,0.2685,0.13481561482261614,0.074,0.439,0.2685,0.13481561482261614,0.3004455025458028,0.2685,1.0,4,0,1.0025,1.01,0,3005.0,10332.5,0,4,0.14175000000000001,0.08372387652276977,0.045,0.247,0.14175000000000001,0.08372387652276977,0.1646291286498231,0.14175000000000001,1.0,4,0,1.005,1.01,0,482.0,6271.5,0,4,-0.011749999999999997,0.3158713147786611,-0.44,0.409,-0.011749999999999997,0.3158713147786611,0.3160897815494832,0.28175,1.0,4,0,1.0025,1.01,0,1104.0,15139.25,0,4,50.0685,0.2621836188628113,49.753,50.409,0.06850000000000023,0.2621836188628113,0.27098431688937263,0.25,1.0,4,0,1.0025,1.01,0,444.0,9331.5,0
22,22,power_law,6.211,1.0,11464.0,1.2110000000000003,1.2110000000000003,24.220000000000006,1,1,2.404,1.0,11211.0,0.4039999999999999,0.4039999999999999,20.199999999999996,1,1,4.847,1.01,17423.0,-0.15299999999999958,0.15299999999999958,3.0599999999999916,1,1,1.993,1.0,17602.0,-0.006999999999999895,0.006999999999999895,0.34999999999999476,1,1,0.469,1.0,12233.0,-0.031000000000000028,0.031000000000000028,6.2000000000000055,1,1,0.015,1.01,36615.0,0.004999999999999999,0.004999999999999999,49.999999999999986,1,1,0.332,1.0,6007.0,0.03200000000000003,0.03200000000000003,10.666666666666677,0,1,19.202,1.0,27769.0,1.2020000000000017,1.2020000000000017,6.677777777777788,1,1,4,0.41125,0.13430259677310785,0.239,0.561,0.41125,0.13430259677310785,0.43262425960641643,0.41125,1.0,4,0,1.0,1.0,0,2662.0,7526.75,0,4,0.1095,0.008139410298049852,0.098,0.119,0.1095,0.008139410298049852,0.10980209469768781,0.1095,1.0,4,0,1.0,1.0,0,9392.0,17869.5,0,4,-0.9285,0.3677679295425309,-1.474,-0.573,-0.9285,0.3677679295425309,0.998681881281522,0.9285,1.0,4,0,1.0,1.0,0,10808.0,13085.5,0,4,49.80325,0.0704356976255639,49.725,49.894,-0.19675000000000153,0.0704356976255639,0.20897786964174095,0.19675000000000153,1.0,4,0,1.0,1.0,0,1570.0,2174.75,0
23,23,power_law,3.52,1.0,15547.0,-1.48,1.48,29.599999999999998,1,1,1.581,1.0,15204.0,-0.41900000000000004,0.41900000000000004,20.950000000000003,1,1,4.664,1.0,17494.0,-0.3360000000000003,0.3360000000000003,6.720000000000007,1,1,2.221,1.0,16395.0,0.22100000000000009,0.22100000000000009,11.050000000000004,1,1,0.429,1.0,19797.0,-0.07100000000000001,0.07100000000000001,14.200000000000001,1,1,0.007,1.0,47872.0,-0.003,0.003,30.0,1,1,0.299,1.0,54658.0,-0.0010000000000000009,0.0010000000000000009,0.33333333333333365,1,1,17.864,1.0,47397.0,-0.13599999999999923,0.13599999999999923,0.7555555555555513,1,1,4,0.2155,0.12279556180904912,0.086,0.404,0.2155,0.12279556180904912,0.24803024009180816,0.2155,1.0,4,0,1.0,1.0,0,7820.0,14942.75,0,4,0.1565,0.07337744885181005,0.065,0.233,0.1565,0.07337744885181005,0.17284819929637682,0.1565,1.0,4,0,1.0,1.0,0,5998.0,11830.5,0,4,-0.3405,0.1730729614931229,-0.624,-0.165,-0.3405,0.1730729614931229,0.38196138548287834,0.3405,1.0,4,0,1.0,1.0,0,26401.0,28708.5,0,4,50.133250000000004,0.19433781798713282,49.848,50.391,0.1332500000000003,0.1943378179871328,0.23563265902671482,0.20925000000000082,1.0,4,0,1.0,1.0,0,25165.0,32793.25,0
24,24,power_law,3.779,1.0,17864.0,-1.221,1.221,24.42,1,1,1.706,1.0,16940.0,-0.29400000000000004,0.29400000000000004,14.700000000000003,1,1,6.522,1.0,17956.0,1.5220000000000002,1.5220000000000002,30.440000000000005,1,1,2.523,1.0,17985.0,0.5230000000000001,0.5230000000000001,26.150000000000006,1,1,0.424,1.0,17955.0,-0.07600000000000001,0.07600000000000001,15.200000000000003,1,1,0.004,1.0,42404.0,-0.006,0.006,60.0,0,1,0.28,1.0,50554.0,-0.019999999999999962,0.019999999999999962,6.666666666666654,1,1,19.038,1.0,38550.0,1.0380000000000003,1.0380000000000003,5.7666666666666675,1,1,4,0.17775,0.07552938170010397,0.067,0.265,0.17775,0.07552938170010397,0.19313143193172883,0.17775,1.0,4,0,1.0,1.0,0,8183.0,13703.75,0,4,0.35700000000000004,0.2241283114646608,0.094,0.673,0.35700000000000004,0.2241283114646608,0.4215240206678618,0.35700000000000004,1.0,4,0,1.0025,1.01,0,1085.0,7655.75,0,4,-0.13524999999999998,0.20574301324710884,-0.485,0.016,-0.13524999999999998,0.20574301324710884,0.2462168759447654,0.14875,1.0,4,0,1.0,1.0,0,23801.0,31452.5,0,4,50.1335,0.3477344532829599,49.756,50.666,0.13349999999999973,0.3477344532829599,0.3724802008160957,0.30299999999999905,1.0,4,0,1.0,1.0,0,32145.0,36931.25,0
25,25,power_law,5.143,1.0,12781.0,0.1429999999999998,0.1429999999999998,2.859999999999996,1,1,1.96,1.0,15557.0,-0.040000000000000036,0.040000000000000036,2.0000000000000018,1,1,5.722,1.0,12331.0,0.7220000000000004,0.7220000000000004,14.440000000000008,1,1,2.366,1.0,14975.0,0.3660000000000001,0.3660000000000001,18.300000000000004,1,1,0.446,1.0,17856.0,-0.05399999999999999,0.05399999999999999,10.799999999999999,1,1,0.012,1.0,44077.0,0.002,0.002,20.0,1,1,0.309,1.0,7616.0,0.009000000000000008,0.009000000000000008,3.0000000000000027,1,1,17.016,1.0,27094.0,-0.9840000000000018,0.9840000000000018,5.4666666666666766,1,1,4,0.308,0.17609514473715623,0.136,0.593,0.308,0.17609514473715623,0.35478655555136246,0.308,1.0,4,0,1.0,1.0,0,5518.0,13723.5,0,4,0.20225,0.08621013571500744,0.088,0.319,0.20225,0.08621013571500744,0.2198573401094446,0.20225,1.0,4,0,1.0,1.0,0,7664.0,13187.5,0,4,-0.11925,0.21335694856273135,-0.349,0.151,-0.11925,0.21335694856273135,0.24442125521320768,0.20825,1.0,4,0,1.0,1.0,0,22581.0,24803.0,0,4,49.939750000000004,0.3590434340020726,49.559,50.53,-0.060249999999999915,0.35904343400207267,0.3640635246766705,0.3252500000000005,1.0,4,0,1.0,1.0,0,2272.0,23127.25,0
26,26,power_law,7.614,1.0,16765.0,2.614,2.614,52.279999999999994,1,1,2.555,1.0,16976.0,0.5550000000000002,0.5550000000000002,27.750000000000007,1,1,4.144,1.0,14729.0,-0.8559999999999999,0.8559999999999999,17.119999999999997,1,1,1.86,1.0,15534.0,-0.1399999999999999,0.1399999999999999,6.999999999999995,1,1,0.46,1.0,14363.0,-0.03999999999999998,0.03999999999999998,7.9999999999999964,1,1,0.008,1.0,39223.0,-0.002,0.002,20.0,1,1,0.309,1.0,7157.0,0.009000000000000008,0.009000000000000008,3.0000000000000027,1,1,17.04,1.0,22437.0,-0.9600000000000009,0.9600000000000009,5.3333333333333375,1,1,4,0.551,0.17423977731849866,0.316,0.753,0.551,0.17423977731849866,0.5778931562148837,0.551,1.0,4,0,1.0,1.0,0,4480.0,7871.0,0,4,0.09724999999999999,0.014254385290148434,0.077,0.115,0.09724999999999999,0.014254385290148434,0.09828911435148859,0.09724999999999999,1.0,4,0,1.0,1.0,0,11916.0,17358.25,0,4,-0.39975,0.23588490307775106,-0.775,-0.123,-0.39975,0.23588490307775106,0.4641570316175335,0.39975,1.0,4,0,1.0,1.0,0,13747.0,17890.75,0,4,50.07375,0.2679537040236612,49.76,50.498,0.07374999999999865,0.2679537040236612,0.27791770364624063,0.20274999999999999,1.0,4,0,1.0,1.0,0,8109.0,24891.25,0
27,27,power_law,5.303,1.0,7666.0,0.30299999999999994,0.30299999999999994,6.059999999999999,1,1,2.198,1.0,8185.0,0.19799999999999995,0.19799999999999995,9.899999999999999,1,1,6.205,1.0,16781.0,1.205,1.205,24.1,1,1,2.356,1.0,16945.0,0.35599999999999987,0.35599999999999987,17.799999999999994,1,1,0.46,1.0,17272.0,-0.03999999999999998,0.03999999999999998,7.9999999999999964,1,1,0.014,1.0,40221.0,0.004,0.004,40.0,1,1,0.315,1.0,49238.0,0.015000000000000013,0.015000000000000013,5.000000000000004,1,1,17.211,1.0,34992.0,-0.7890000000000015,0.7890000000000015,4.383333333333342,1,1,4,0.19675,0.06027178029559108,0.122,0.281,0.19675,0.06027178029559108,0.20577475549736415,0.19675,1.0,4,0,1.0,1.0,0,8675.0,13028.25,0,4,0.22225,0.08316061267210577,0.123,0.353,0.22225,0.08316061267210577,0.23729886219701937,0.22225,1.0,4,0,1.0,1.0,0,4899.0,9861.5,0,4,-0.31849999999999995,0.25493577622609187,-0.712,-0.021,-0.31849999999999995,0.25493577622609187,0.40796384643740186,0.31849999999999995,1.0,4,0,1.0,1.0,0,14673.0,17465.0,0,4,50.17775,0.20626363591287547,49.938,50.507,0.1777500000000014,0.20626363591287547,0.2722861546241375,0.2087500000000002,1.0,4,0,1.0,1.0,0,23067.0,28089.0,0
28,28,power_law,4.22,1.0,17388.0,-0.7800000000000002,0.7800000000000002,15.600000000000005,1,1,1.762,1.0,16364.0,-0.238,0.238,11.899999999999999,1,1,5.081,1.0,18259.0,0.0810000000000004,0.0810000000000004,1.6200000000000083,1,1,2.297,1.0,17923.0,0.29700000000000015,0.29700000000000015,14.850000000000009,1,1,0.462,1.0,17820.0,-0.03799999999999998,0.03799999999999998,7.599999999999996,1,1,0.015,1.0,53573.0,0.004999999999999999,0.004999999999999999,49.999999999999986,1,1,0.328,1.0,56799.0,0.028000000000000025,0.028000000000000025,9.333333333333343,1,1,18.449,1.0,41909.0,0.4490000000000016,0.4490000000000016,2.4944444444444533,1,1,4,0.2895,0.12921396983298672,0.145,0.486,0.2895,0.12921396983298672,0.31702760132203,0.2895,1.0,4,0,1.0,1.0,0,6838.0,10924.0,0,4,0.1195,0.04682146943443788,0.057,0.189,0.1195,0.04682146943443788,0.12834523754312038,0.1195,1.0,4,0,1.0,1.0,0,14225.0,17479.5,0,4,0.2275,0.3502045830653848,-0.235,0.608,0.2275,0.3502045830653848,0.41761166171456465,0.345,1.0,4,0,1.0,1.0,0,24463.0,27054.25,0,4,49.875,0.18556535236945765,49.596,50.093,-0.125,0.18556535236945765,0.22373980423697742,0.17150000000000176,1.0,4,0,1.0,1.0,0,28242.0,37788.0,0
29,29,power_law,4.354,1.0,13190.0,-0.6459999999999999,0.6459999999999999,12.919999999999998,1,1,2.012,1.0,12449.0,0.01200000000000001,0.01200000000000001,0.6000000000000005,1,1,6.046,1.0,16178.0,1.0460000000000003,1.0460000000000003,20.920000000000005,1,1,2.365,1.0,16707.0,0.3650000000000002,0.3650000000000002,18.25000000000001,1,1,0.475,1.0,16828.0,-0.025000000000000022,0.025000000000000022,5.000000000000004,1,1,0.012,1.0,29605.0,0.002,0.002,20.0,1,1,0.312,1.0,34407.0,0.01200000000000001,0.01200000000000001,4.0000000000000036,1,1,17.346,1.0,23808.0,-0.6539999999999999,0.6539999999999999,3.633333333333333,1,1,4,0.15525,0.11656623653528494,0.05,0.345,0.15525,0.11656623653528494,0.19413976923855655,0.15525,1.0,4,0,1.0,1.0,0,6098.0,18763.5,0,4,0.1385,0.05970552738231193,0.059,0.219,0.1385,0.05970552738231193,0.150821086058946,0.1385,1.0,4,0,1.0,1.0,0,10954.0,15204.5,0,4,-0.17275000000000001,0.33770651089370485,-0.652,0.268,-0.17275000000000001,0.33770651089370485,0.37932604708878087,0.30675,1.0,4,0,1.0,1.0,0,7939.0,22709.5,0,4,49.79025,0.2916507971873231,49.486,50.27,-0.20974999999999966,0.2916507971873231,0.3592426060477807,0.3447500000000012,1.0,4,0,1.0,1.0,0,19328.0,24655.25,0
30,30,power_law,3.824,1.0,18291.0,-1.1760000000000002,1.1760000000000002,23.520000000000003,1,1,1.767,1.0,17078.0,-0.2330000000000001,0.2330000000000001,11.650000000000006,1,1,5.776,1.0,17638.0,0.7759999999999998,0.7759999999999998,15.519999999999994,1,1,2.268,1.0,17115.0,0.2679999999999998,0.2679999999999998,13.39999999999999,1,1,0.444,1.0,18683.0,-0.055999999999999994,0.055999999999999994,11.2,1,1,0.011,1.0,45255.0,0.0009999999999999992,0.0009999999999999992,9.999999999999991,1,1,0.301,1.0,48657.0,0.0010000000000000009,0.0010000000000000009,0.33333333333333365,1,1,17.534,1.0,43041.0,-0.4660000000000011,0.4660000000000011,2.588888888888895,1,1,4,0.1465,0.04706644239795483,0.079,0.21,0.1465,0.04706644239795483,0.1538749492282613,0.1465,1.0,4,0,1.0,1.0,0,13774.0,20321.5,0,4,0.20850000000000002,0.06849270034098524,0.125,0.314,0.20850000000000002,0.06849270034098524,0.21946184178576467,0.20850000000000002,1.0,4,0,1.0,1.0,0,6133.0,10815.25,0,4,-0.09575,0.33631486363228136,-0.567,0.238,-0.09575,0.33631486363228136,0.3496794961103667,0.31825,1.0,4,0,1.0,1.0,0,23002.0,32703.25,0,4,50.103,0.19817038123796385,49.863,50.412,0.10299999999999976,0.19817038123796385,0.22333942777754195,0.17149999999999999,1.0,4,0,1.0,1.0,0,22514.0,29184.25,0
31,31,power_law,3.742,1.0,16414.0,-1.258,1.258,25.16,1,1,1.925,1.0,16733.0,-0.07499999999999996,0.07499999999999996,3.749999999999998,1,1,4.785,1.0,17520.0,-0.21499999999999986,0.21499999999999986,4.299999999999997,1,1,2.117,1.0,17380.0,0.11699999999999999,0.11699999999999999,5.85,1,1,0.457,1.0,16668.0,-0.04299999999999998,0.04299999999999998,8.599999999999996,1,1,0.011,1.0,26595.0,0.0009999999999999992,0.0009999999999999992,9.999999999999991,1,1,0.297,1.0,43790.0,-0.0030000000000000027,0.0030000000000000027,1.0000000000000009,1,1,17.886,1.0,16549.0,-0.11400000000000077,0.11400000000000077,0.6333333333333375,1,1,4,0.11125,0.08754534539311613,0.037,0.259,0.11125,0.08754534539311613,0.1415653559314566,0.11125,1.0,4,0,1.0,1.0,0,7878.0,18119.25,0,4,0.14600000000000002,0.11229648258071133,0.045,0.335,0.14600000000000002,0.11229648258071133,0.18419147645860273,0.14600000000000002,1.0,4,0,1.0,1.0,0,3572.0,17011.75,0,4,0.269,0.31309104107272057,-0.003,0.783,0.269,0.31309104107272057,0.41277960220921767,0.27049999999999996,0.75,3,0,1.0,1.0,0,24734.0,31714.0,0,4,50.1085,0.21814272850590072,49.755,50.352,0.10849999999999937,0.21814272850590072,0.24363599898208593,0.2309999999999981,1.0,4,0,1.0,1.0,0,21929.0,31272.75,0
32,32,power_law,5.714,1.0,17618.0,0.7140000000000004,0.7140000000000004,14.28000000000001,1,1,2.36,1.0,16975.0,0.3599999999999999,0.3599999999999999,17.999999999999993,1,1,3.32,1.0,16349.0,-1.6800000000000002,1.6800000000000002,33.6,1,1,1.67,1.0,16710.0,-0.33000000000000007,0.33000000000000007,16.500000000000004,1,1,0.441,1.0,20178.0,-0.059,0.059,11.799999999999999,1,1,0.01,1.0,45645.0,0.0,0.0,0.0,1,1,0.328,1.0,26053.0,0.028000000000000025,0.028000000000000025,9.333333333333343,1,1,16.22,1.0,18312.0,-1.7800000000000011,1.7800000000000011,9.888888888888896,1,1,4,0.23399999999999999,0.051826634079399754,0.182,0.298,0.23399999999999999,0.051826634079399754,0.23967060729259232,0.23399999999999999,1.0,4,0,1.0,1.0,0,12486.0,15323.5,0,4,0.06275,0.0135531361684298,0.049,0.08,0.06275,0.0135531361684298,0.06419696254496782,0.06275,1.0,4,0,1.0,1.0,0,22367.0,24527.75,0,4,-0.42425000000000007,0.337647282678241,-0.805,0.075,-0.42425000000000007,0.337647282678241,0.5422119050703332,0.46175000000000005,1.0,4,0,1.0,1.0,0,19080.0,24535.75,0,4,49.969,0.1703056076587027,49.683,50.131,-0.031000000000000583,0.1703056076587027,0.17310401497365682,0.1274999999999995,1.0,4,0,1.0,1.0,0,30663.0,37353.75,0
33,33,power_law,4.892,1.0,17681.0,-0.10799999999999965,0.10799999999999965,2.159999999999993,1,1,2.006,1.0,17240.0,0.005999999999999783,0.005999999999999783,0.29999999999998916,1,1,6.124,1.0,20006.0,1.1239999999999997,1.1239999999999997,22.479999999999993,1,1,2.402,1.0,19010.0,0.40200000000000014,0.40200000000000014,20.10000000000001,1,1,0.438,1.0,19215.0,-0.062,0.062,12.4,1,1,0.016,1.0,21281.0,0.006,0.006,60.0,1,1,0.305,1.0,44374.0,0.0050000000000000044,0.0050000000000000044,1.6666666666666683,1,1,16.229,1.0,13621.0,-1.7710000000000008,1.7710000000000008,9.838888888888892,1,1,4,0.213,0.058150666376233395,0.121,0.27,0.213,0.058150666376233395,0.22079515393232704,0.213,1.0,4,0,1.0,1.0,0,10877.0,15934.75,0,4,0.16375,0.12470440048370386,0.049,0.37,0.16375,0.12470440048370386,0.20582820506432056,0.16375,1.0,4,0,1.0,1.0,0,3847.0,13808.5,0,4,-0.2875,0.09283453021370874,-0.435,-0.178,-0.2875,0.09283453021370874,0.3021166993067414,0.2875,1.0,4,0,1.0,1.0,0,14252.0,23375.5,0,4,49.91225,0.14813064335241186,49.691,50.08,-0.08774999999999977,0.14813064335241186,0.1721707001786291,0.13124999999999787,1.0,4,0,1.0,1.0,0,18546.0,33058.5,0
34,34,power_law,4.328,1.0,17896.0,-0.6719999999999997,0.6719999999999997,13.439999999999994,1,1,2.021,1.0,16978.0,0.020999999999999908,0.020999999999999908,1.0499999999999954,1,1,3.486,1.0,17368.0,-1.5139999999999998,1.5139999999999998,30.279999999999994,1,1,1.725,1.0,16589.0,-0.2749999999999999,0.2749999999999999,13.749999999999996,1,1,0.427,1.0,24391.0,-0.07300000000000001,0.07300000000000001,14.600000000000001,1,1,0.018,1.0,54866.0,0.007999999999999998,0.007999999999999998,79.99999999999999,1,1,0.32,1.0,56510.0,0.020000000000000018,0.020000000000000018,6.666666666666673,1,1,19.014,1.0,41813.0,1.0139999999999993,1.0139999999999993,5.63333333333333,1,1,4,0.39875,0.3148613782285785,0.045,0.886,0.39875,0.3148613782285785,0.5080740595621863,0.39875,1.0,4,0,1.0,1.0,0,4812.0,14192.5,0,4,0.11299999999999999,0.06558582163852184,0.024,0.208,0.11299999999999999,0.06558582163852184,0.13065412354763242,0.11299999999999999,1.0,4,0,1.0,1.0,0,9532.0,17618.5,0,4,0.15849999999999997,0.3041977153102896,-0.153,0.49,0.15849999999999997,0.3041977153102896,0.34301384811695285,0.3035,1.0,4,0,1.0,1.0,0,29065.0,35993.5,0,4,50.16625,0.16478224267195848,49.986,50.421,0.1662499999999998,0.16478224267195848,0.23407744444948161,0.17325000000000124,1.0,4,0,1.0,1.0,0,21619.0,31766.5,0
35,35,power_law,5.44,1.0,17366.0,0.4400000000000004,0.4400000000000004,8.800000000000008,1,1,2.316,1.0,17016.0,0.31599999999999984,0.31599999999999984,15.799999999999992,1,1,3.34,1.0,14319.0,-1.6600000000000001,1.6600000000000001,33.2,1,1,1.675,1.0,15022.0,-0.32499999999999996,0.32499999999999996,16.249999999999996,1,1,0.441,1.0,15725.0,-0.059,0.059,11.799999999999999,1,1,0.009,1.0,43966.0,-0.0010000000000000009,0.0010000000000000009,10.000000000000009,1,1,0.276,1.0,48394.0,-0.023999999999999966,0.023999999999999966,7.999999999999989,1,1,16.792,1.0,39179.0,-1.2079999999999984,1.2079999999999984,6.711111111111102,1,1,4,0.20775,0.02934599631977077,0.161,0.242,0.20775,0.02934599631977077,0.2098124162198224,0.20775,1.0,4,0,1.0,1.0,0,10598.0,14024.5,0,4,0.081,0.037409891740019775,0.038,0.141,0.081,0.037409891740019775,0.0892216341477783,0.081,1.0,4,0,1.0,1.0,0,12107.0,22722.5,0,4,0.028250000000000004,0.23551579034111492,-0.361,0.218,0.028250000000000004,0.23551579034111492,0.23720402610411148,0.20875,1.0,4,0,1.0,1.0,0,20407.0,26473.0,0,4,49.82875,0.2903010291059959,49.442,50.146,-0.1712499999999988,0.2903010291059959,0.337047845268294,0.2787500000000005,0.75,3,0,1.0,1.0,0,34470.0,38667.25,0
36,36,power_law,5.293,1.0,18340.0,0.29300000000000015,0.29300000000000015,5.860000000000003,1,1,2.266,1.0,17946.0,0.266,0.266,13.3,1,1,5.841,1.0,17535.0,0.8410000000000002,0.8410000000000002,16.820000000000004,1,1,2.259,1.0,16769.0,0.2589999999999999,0.2589999999999999,12.949999999999996,1,1,0.463,1.0,18821.0,-0.03699999999999998,0.03699999999999998,7.399999999999995,1,1,0.011,1.0,47729.0,0.0009999999999999992,0.0009999999999999992,9.999999999999991,1,1,0.323,1.0,51347.0,0.02300000000000002,0.02300000000000002,7.666666666666674,1,1,18.752,1.0,42269.0,0.7519999999999989,0.7519999999999989,4.177777777777772,1,1,4,0.46525,0.3989074924089544,0.092,1.095,0.46525,0.3989074924089544,0.6128496960919537,0.46525,1.0,4,0,1.0,1.0,0,1873.0,11295.75,0,4,0.17974999999999997,0.12788153697856466,0.059,0.387,0.17974999999999997,0.12788153697856466,0.22059861740273895,0.17974999999999997,1.0,4,0,1.0,1.0,0,3173.0,18753.5,0,4,-0.031999999999999994,0.25967768483256315,-0.41,0.319,-0.031999999999999994,0.25967768483256315,0.26164193089029136,0.2025,1.0,4,0,1.0,1.0,0,29230.0,36690.75,0,4,49.95625,0.24730282549942545,49.529,50.127,-0.04374999999999929,0.24730282549942545,0.25114288761579373,0.19174999999999898,1.0,4,0,1.0,1.0,0,31605.0,39410.25,0
37,37,power_law,5.219,1.0,16617.0,0.2190000000000003,0.2190000000000003,4.380000000000006,1,1,2.205,1.0,16609.0,0.20500000000000007,0.20500000000000007,10.250000000000004,1,1,3.251,1.0,16966.0,-1.749,1.749,34.98,1,1,1.741,1.0,17177.0,-0.2589999999999999,0.2589999999999999,12.949999999999996,1,1,0.42,1.0,21266.0,-0.08000000000000002,0.08000000000000002,16.000000000000004,1,1,0.016,1.0,39155.0,0.006,0.006,60.0,1,1,0.301,1.0,44177.0,0.0010000000000000009,0.0010000000000000009,0.33333333333333365,1,1,17.401,1.0,34933.0,-0.5990000000000002,0.5990000000000002,3.327777777777779,1,1,4,0.14375,0.048643473354603284,0.079,0.21,0.14375,0.048643473354603284,0.15175720740709484,0.14375,1.0,4,0,1.0,1.0,0,11237.0,17634.25,0,4,0.131,0.08243482273893722,0.016,0.225,0.131,0.08243482273893722,0.15477887452750133,0.131,1.0,4,0,1.0,1.0,0,4929.0,14455.0,0,4,-0.15275,0.21059365493765475,-0.438,0.05,-0.15275,0.21059365493765475,0.2601581249932433,0.20224999999999999,1.0,4,0,1.0,1.0,0,27321.0,31017.0,0,4,50.07000000000001,0.13656683345527185,49.835,50.17,0.07000000000000028,0.13656683345527185,0.1534617216116123,0.15249999999999986,1.0,4,0,1.0,1.0,0,31653.0,33889.25,0
38,38,power_law,4.545,1.0,18304.0,-0.45500000000000007,0.45500000000000007,9.100000000000001,1,1,2.09,1.0,18259.0,0.08999999999999986,0.08999999999999986,4.499999999999993,1,1,3.152,1.0,16741.0,-1.8479999999999999,1.8479999999999999,36.96,1,1,1.722,1.0,15910.0,-0.278,0.278,13.900000000000002,1,1,0.446,1.0,22383.0,-0.05399999999999999,0.05399999999999999,10.799999999999999,1,1,0.004,1.0,25749.0,-0.006,0.006,60.0,0,1,0.304,1.0,52072.0,0.0040000000000000036,0.0040000000000000036,1.3333333333333346,1,1,17.192,1.0,36517.0,-0.8079999999999998,0.8079999999999998,4.488888888888888,1,1,4,0.21125,0.14343356476083274,0.039,0.403,0.21125,0.14343356476083274,0.2553424171578236,0.21125,1.0,4,0,1.0,1.0,0,4825.0,14568.0,0,4,0.09225,0.07695899882404916,0.04,0.225,0.09225,0.07695899882404916,0.12013638083444998,0.09225,1.0,4,0,1.0,1.0,0,4539.0,16716.75,0,4,-0.06075,0.471316971368526,-0.615,0.624,-0.06075,0.471316971368526,0.47521600351840004,0.42374999999999996,1.0,4,0,1.0,1.0,0,11263.0,30463.5,0,4,50.095,0.10892887587779469,49.911,50.176,0.09500000000000064,0.10892887587779469,0.14453546277644155,0.13949999999999996,1.0,4,0,1.0,1.0,0,18836.0,28760.25,0
39,39,power_law,3.198,1.0,16813.0,-1.802,1.802,36.04,1,1,1.746,1.0,16368.0,-0.254,0.254,12.7,1,1,3.91,1.0,18376.0,-1.0899999999999999,1.0899999999999999,21.799999999999997,1,1,1.846,1.0,17811.0,-0.15399999999999991,0.15399999999999991,7.699999999999996,1,1,0.472,1.0,19662.0,-0.028000000000000025,0.028000000000000025,5.600000000000005,1,1,0.008,1.0,47804.0,-0.002,0.002,20.0,1,1,0.311,1.0,51255.0,0.01100000000000001,0.01100000000000001,3.66666666666667,1,1,15.795,1.0,43338.0,-2.205,2.205,12.25,0,1,4,0.122,0.07362404498531713,0.061,0.247,0.122,0.07362404498531713,0.1424938595168227,0.122,1.0,4,0,1.0,1.0,0,5649.0,18910.0,0,4,0.077,0.02838133189263675,0.042,0.111,0.077,0.02838133189263675,0.08206399941509067,0.077,1.0,4,0,1.0,1.0,0,18976.0,24812.75,0,4,0.20125,0.12119276999887411,-0.004,0.302,0.20125,0.12119276999887411,0.2349239238562135,0.20325000000000001,1.0,4,0,1.0,1.0,0,40359.0,41180.75,0,4,50.0205,0.26733265793763306,49.627,50.307,0.020500000000000185,0.267332657937633,0.26811751155043845,0.24349999999999916,1.0,4,0,1.0,1.0,0,39455.0,41199.25,0
40,40,power_law,4.194,1.0,16350.0,-0.806,0.806,16.12,1,1,1.739,1.0,11938.0,-0.2609999999999999,0.2609999999999999,13.049999999999995,1,1,4.291,1.0,15004.0,-0.7089999999999996,0.7089999999999996,14.179999999999993,1,1,1.994,1.0,13707.0,-0.006000000000000005,0.006000000000000005,0.30000000000000027,1,1,0.403,1.0,18886.0,-0.09699999999999998,0.09699999999999998,19.399999999999995,1,1,0.015,1.0,22616.0,0.004999999999999999,0.004999999999999999,49.999999999999986,1,1,0.283,1.0,29198.0,-0.017000000000000015,0.017000000000000015,5.666666666666672,1,1,18.282,1.0,17676.0,0.28200000000000003,0.28200000000000003,1.5666666666666669,1,1,4,0.22475,0.04714008379288268,0.152,0.273,0.22475,0.04714008379288268,0.22964047988105235,0.22475,1.0,4,0,1.0,1.0,0,10335.0,15580.25,0,4,0.13625,0.04664962486451525,0.09,0.214,0.13625,0.04664962486451525,0.14401475618838508,0.13625,1.0,4,0,1.0,1.0,0,1524.0,8906.0,0,4,0.144,0.13533477010731573,0.053,0.378,0.144,0.13533477010731573,0.19761452375774408,0.144,1.0,4,0,1.0,1.0,0,13160.0,25358.5,0,4,50.149,0.20430491917719443,49.81,50.328,0.1490000000000009,0.20430491917719443,0.2528665656032846,0.24399999999999977,1.0,4,0,1.0,1.0,0,6938.0,13517.25,0
41,41,power_law,7.581,1.0,21629.0,2.5810000000000004,2.5810000000000004,51.62000000000001,1,1,2.921,1.0,20531.0,0.9209999999999998,0.9209999999999998,46.04999999999999,1,1,3.12,1.0,14725.0,-1.88,1.88,37.6,1,1,1.632,1.0,14569.0,-0.3680000000000001,0.3680000000000001,18.400000000000006,1,1,0.431,1.0,17181.0,-0.069,0.069,13.8,1,1,0.012,1.0,36622.0,0.002,0.002,20.0,1,1,0.307,1.0,48332.0,0.007000000000000006,0.007000000000000006,2.3333333333333357,1,1,18.239,1.0,33477.0,0.23900000000000077,0.23900000000000077,1.3277777777777822,1,1,4,0.28500000000000003,0.15431947381973543,0.187,0.552,0.28500000000000003,0.15431947381973543,0.32409797901252024,0.28500000000000003,1.0,4,0,1.0,1.0,0,6846.0,12376.0,0,4,0.07650000000000001,0.034680686267719675,0.023,0.111,0.07650000000000001,0.034680686267719675,0.08399404740813482,0.07650000000000001,1.0,4,0,1.0,1.0,0,9025.0,18113.5,0,4,-0.024,0.37305562587903696,-0.504,0.445,-0.024,0.37305562587903696,0.37382683156777285,0.3525,1.0,4,0,1.0,1.0,0,27451.0,31582.75,0,4,49.993,0.2930759287283767,49.534,50.35,-0.006999999999999673,0.2930759287283767,0.293159512893579,0.22600000000000087,1.0,4,0,1.0,1.0,0,13522.0,29582.75,0
42,42,power_law,3.968,1.0,6122.0,-1.032,1.032,20.64,1,1,1.845,1.0,5010.0,-0.15500000000000003,0.15500000000000003,7.750000000000002,1,1,5.008,1.0,15732.0,0.008000000000000007,0.008000000000000007,0.16000000000000014,1,1,2.141,1.0,14873.0,0.14100000000000001,0.14100000000000001,7.050000000000001,1,1,0.465,1.0,21095.0,-0.034999999999999976,0.034999999999999976,6.999999999999995,1,1,0.007,1.0,31857.0,-0.003,0.003,30.0,1,1,0.312,1.0,41294.0,0.01200000000000001,0.01200000000000001,4.0000000000000036,1,1,15.744,1.0,6798.0,-2.2560000000000002,2.2560000000000002,12.533333333333335,0,1,4,0.17475000000000002,0.09697519012613484,0.093,0.333,0.17475000000000002,0.09697519012613484,0.19985432194476055,0.17475000000000002,1.0,4,0,1.0,1.0,0,4574.0,14540.5,0,4,0.1285,0.03674574805334626,0.092,0.171,0.1285,0.03674574805334626,0.1336506640462366,0.1285,1.0,4,0,1.0,1.0,0,4332.0,15053.5,0,4,-0.12775000000000003,0.29020886874801055,-0.441,0.194,-0.12775000000000003,0.29020886874801055,0.3170824025391507,0.28875,1.0,4,0,1.0,1.0,0,6448.0,15020.5,0,4,49.86725,0.26875767430903447,49.614,50.31,-0.13275000000000148,0.26875767430903447,0.29975531688362334,0.2877500000000026,1.0,4,0,1.0,1.0,0,8944.0,27007.5,0
43,43,power_law,5.565,1.0,22373.0,0.5650000000000004,0.5650000000000004,11.300000000000008,1,1,2.444,1.0,22626.0,0.44399999999999995,0.44399999999999995,22.199999999999996,1,1,5.382,1.0,19998.0,0.3819999999999997,0.3819999999999997,7.639999999999994,1,1,2.127,1.0,19768.0,0.12699999999999978,0.12699999999999978,6.349999999999989,1,1,0.475,1.0,21876.0,-0.025000000000000022,0.025000000000000022,5.000000000000004,1,1,0.012,1.0,46763.0,0.002,0.002,20.0,1,1,0.313,1.0,52575.0,0.013000000000000012,0.013000000000000012,4.3333333333333375,1,1,18.792,1.0,40094.0,0.7920000000000016,0.7920000000000016,4.400000000000008,1,1,4,0.28099999999999997,0.1609891300678403,0.065,0.444,0.28099999999999997,0.1609891300678403,0.3238495020839155,0.28099999999999997,1.0,4,0,1.0,1.0,0,5533.0,11711.25,0,4,0.1545,0.0909024202098052,0.047,0.297,0.1545,0.0909024202098052,0.17925819367604928,0.1545,1.0,4,0,1.0,1.0,0,7154.0,19429.5,0,4,-0.10350000000000001,0.1702432083814212,-0.33,0.122,-0.10350000000000001,0.1702432083814212,0.19923604091629607,0.1645,1.0,4,0,1.0,1.0,0,20119.0,30495.25,0,4,50.08375,0.07502457930571886,50.023,50.212,0.08375000000000199,0.07502457930571886,0.11243998399146289,0.08375000000000199,1.0,4,0,1.0,1.0,0,14340.0,32162.25,0
44,44,power_law,5.327,1.0,18200.0,0.32699999999999996,0.32699999999999996,6.539999999999998,1,1,2.263,1.0,17874.0,0.2629999999999999,0.2629999999999999,13.149999999999995,1,1,3.584,1.0,16519.0,-1.416,1.416,28.32,1,1,1.739,1.0,17151.0,-0.2609999999999999,0.2609999999999999,13.049999999999995,1,1,0.437,1.0,18846.0,-0.063,0.063,12.6,1,1,0.009,1.0,43551.0,-0.0010000000000000009,0.0010000000000000009,10.000000000000009,1,1,0.299,1.0,52275.0,-0.0010000000000000009,0.0010000000000000009,0.33333333333333365,1,1,17.393,1.0,37451.0,-0.6069999999999993,0.6069999999999993,3.3722222222222182,1,1,4,0.2435,0.09575620084360073,0.095,0.361,0.2435,0.09575620084360073,0.26165148575920605,0.2435,1.0,4,0,1.0,1.0,0,6469.0,12155.0,0,4,0.09725,0.035209196241891116,0.055,0.152,0.09725,0.035209196241891116,0.10342751084696954,0.09725,1.0,4,0,1.0,1.0,0,9114.0,15127.75,0,4,-0.06524999999999997,0.355686923431267,-0.591,0.341,-0.06524999999999997,0.355686923431267,0.3616223859221107,0.31775,1.0,4,0,1.0,1.0,0,25343.0,33380.5,0,4,50.03325,0.35082928540816044,49.427,50.273,0.03325000000000067,0.3508292854081605,0.3524014046510039,0.31975000000000087,1.0,4,0,1.0,1.0,0,29177.0,34114.25,0
45,45,power_law,3.182,1.0,10021.0,-1.818,1.818,36.36000000000001,1,1,1.62,1.0,9954.0,-0.3799999999999999,0.3799999999999999,18.999999999999993,1,1,4.495,1.0,17313.0,-0.5049999999999999,0.5049999999999999,10.099999999999998,1,1,1.988,1.0,17119.0,-0.01200000000000001,0.01200000000000001,0.6000000000000005,1,1,0.451,1.0,15878.0,-0.04899999999999999,0.04899999999999999,9.799999999999997,1,1,0.008,1.0,40351.0,-0.002,0.002,20.0,1,1,0.293,1.0,50296.0,-0.007000000000000006,0.007000000000000006,2.3333333333333357,1,1,18.109,1.0,14997.0,0.10900000000000176,0.10900000000000176,0.6055555555555653,1,1,4,0.13175,0.06437148048631475,0.065,0.201,0.13175,0.06437148048631475,0.14663475031519643,0.13175,1.0,4,0,1.0,1.0,0,6395.0,12047.75,0,4,0.1115,0.027427176303804948,0.067,0.142,0.1115,0.027427176303804948,0.11482377802528533,0.1115,1.0,4,0,1.0,1.0,0,8479.0,13520.75,0,4,-0.27749999999999997,0.31796108252426114,-0.826,-0.067,-0.27749999999999997,0.31796108252426114,0.4220254731648316,0.27749999999999997,0.75,3,0,1.0,1.0,0,9179.0,16587.5,0,4,50.21325,0.33266903598020664,49.646,50.466,0.21325000000000038,0.33266903598020664,0.39515092053543316,0.39025,1.0,4,0,1.0,1.0,0,6791.0,14753.75,0
46,46,power_law,4.959,1.0,17854.0,-0.04100000000000037,0.04100000000000037,0.8200000000000074,1,1,2.171,1.0,17695.0,0.17099999999999982,0.17099999999999982,8.54999999999999,1,1,4.083,1.0,17898.0,-0.9169999999999998,0.9169999999999998,18.339999999999996,1,1,1.809,1.0,17862.0,-0.19100000000000006,0.19100000000000006,9.550000000000002,1,1,0.459,1.0,18147.0,-0.04099999999999998,0.04099999999999998,8.199999999999996,1,1,0.015,1.0,42541.0,0.004999999999999999,0.004999999999999999,49.999999999999986,1,1,0.309,1.0,49528.0,0.009000000000000008,0.009000000000000008,3.0000000000000027,1,1,17.324,1.0,40676.0,-0.6759999999999984,0.6759999999999984,3.7555555555555467,1,1,4,0.18075,0.05124146270355678,0.132,0.263,0.18075,0.05124146270355678,0.18787296239746687,0.18075,1.0,4,0,1.0,1.0,0,15764.0,17536.0,0,4,0.10124999999999999,0.03197166714452032,0.046,0.123,0.10124999999999999,0.03197166714452032,0.10617791672471258,0.10124999999999999,1.0,4,0,1.0,1.0,0,10786.0,19977.0,0,4,-0.11850000000000001,0.38099704723265243,-0.585,0.477,-0.11850000000000001,0.38099704723265243,0.39899999999999997,0.357,1.0,4,0,1.0,1.0,0,26068.0,32599.75,0,4,50.23225,0.3608818192982293,49.853,50.826,0.2322500000000005,0.3608818192982293,0.42915702254536164,0.30574999999999974,0.75,3,0,1.0,1.0,0,21423.0,31385.25,0
47,47,power_law,3.237,1.0,16823.0,-1.763,1.763,35.26,1,1,1.795,1.0,16245.0,-0.20500000000000007,0.20500000000000007,10.250000000000004,1,1,5.973,1.0,17789.0,0.9729999999999999,0.9729999999999999,19.459999999999997,1,1,2.266,1.0,17083.0,0.266,0.266,13.3,1,1,0.469,1.0,21768.0,-0.031000000000000028,0.031000000000000028,6.2000000000000055,1,1,0.008,1.0,46826.0,-0.002,0.002,20.0,1,1,0.332,1.0,54040.0,0.03200000000000003,0.03200000000000003,10.666666666666677,0,1,19.127,1.0,39025.0,1.126999999999999,1.126999999999999,6.261111111111105,1,1,4,0.09075000000000001,0.03791025586830034,0.033,0.135,0.09075000000000001,0.03791025586830034,0.09835013980671303,0.09075000000000001,1.0,4,0,1.0,1.0,0,13496.0,20592.75,0,4,0.21225000000000002,0.14110877896148064,0.039,0.394,0.21225000000000002,0.14110877896148064,0.2548759502189251,0.21225000000000002,1.0,4,0,1.0,1.0,0,3533.0,14261.25,0,4,0.003500000000000003,0.10933777938114529,-0.127,0.171,0.003500000000000003,0.10933777938114529,0.10939378410129161,0.09050000000000001,1.0,4,0,1.0,1.0,0,27419.0,34949.75,0,4,50.21925,0.24359738812228682,49.834,50.465,0.2192500000000024,0.24359738812228682,0.3277350301691918,0.3022500000000008,1.0,4,0,1.0,1.0,0,35098.0,40989.0,0
48,48,power_law,3.83,1.0,16499.0,-1.17,1.17,23.4,1,1,1.995,1.0,16088.0,-0.004999999999999893,0.004999999999999893,0.24999999999999467,1,1,4.903,1.0,16718.0,-0.09700000000000042,0.09700000000000042,1.9400000000000084,1,1,2.04,1.0,16448.0,0.040000000000000036,0.040000000000000036,2.0000000000000018,1,1,0.493,1.0,17405.0,-0.007000000000000006,0.007000000000000006,1.4000000000000012,1,1,0.012,1.0,51174.0,0.002,0.002,20.0,1,1,0.297,1.0,55061.0,-0.0030000000000000027,0.0030000000000000027,1.0000000000000009,1,1,18.198,1.0,43806.0,0.1980000000000004,0.1980000000000004,1.100000000000002,1,1,4,0.14750000000000002,0.10340817182408749,0.032,0.31,0.14750000000000002,0.10340817182408749,0.18013744752271804,0.14750000000000002,1.0,4,0,1.0,1.0,0,8816.0,17644.0,0,4,0.122,0.07203471385380802,0.035,0.225,0.122,0.07203471385380802,0.1416792151305194,0.122,1.0,4,0,1.0,1.0,0,11696.0,22912.25,0,4,0.29000000000000004,0.10764989549460788,0.133,0.418,0.29000000000000004,0.10764989549460788,0.30933557829645136,0.29000000000000004,1.0,4,0,1.0,1.0,0,29828.0,37898.25,0,4,50.114999999999995,0.24950450897729282,49.844,50.506,0.11500000000000021,0.24950450897729282,0.2747316872877973,0.20950000000000024,1.0,4,0,1.0,1.0,0,30508.0,35996.5,0
49,49,power_law,6.775,1.0,20120.0,1.7750000000000004,1.7750000000000004,35.50000000000001,1,1,2.654,1.0,19676.0,0.6539999999999999,0.6539999999999999,32.699999999999996,1,1,4.721,1.0,17437.0,-0.2789999999999999,0.2789999999999999,5.579999999999998,1,1,2.045,1.0,17528.0,0.04499999999999993,0.04499999999999993,2.2499999999999964,1,1,0.472,1.0,18216.0,-0.028000000000000025,0.028000000000000025,5.600000000000005,1,1,0.009,1.0,41433.0,-0.0010000000000000009,0.0010000000000000009,10.000000000000009,1,1,0.3,1.0,46100.0,0.0,0.0,0.0,1,1,19.292,1.0,41682.0,1.2920000000000016,1.2920000000000016,7.177777777777787,1,1,4,0.29325,0.11542611273017904,0.201,0.491,0.29325,0.11542611273017904,0.31514877439076294,0.29325,1.0,4,0,1.0,1.0,0,3770.0,9988.0,0,4,0.094,0.056907820200742185,0.035,0.188,0.094,0.056907820200742185,0.10988402977685156,0.094,1.0,4,0,1.0,1.0,0,11811.0,24332.25,0,4,-0.24075000000000002,0.43435548517314704,-0.96,0.204,-0.24075000000000002,0.43435548517314704,0.49661378353807295,0.34275,1.0,4,0,1.0,1.0,0,29844.0,33353.75,0,4,49.952749999999995,0.09584460078689765,49.853,50.111,-0.04725000000000179,0.09584460078689765,0.10685855136581232,0.10275000000000034,1.0,4,0,1.0,1.0,0,29732.0,37685.0,0
50,50,power_law,5.107,1.0,15083.0,0.1070000000000002,0.1070000000000002,2.140000000000004,1,1,2.174,1.0,15220.0,0.17399999999999993,0.17399999999999993,8.699999999999996,1,1,5.081,1.0,17426.0,0.0810000000000004,0.0810000000000004,1.6200000000000083,1,1,2.075,1.0,17207.0,0.07500000000000018,0.07500000000000018,3.750000000000009,1,1,0.454,1.0,18009.0,-0.045999999999999985,0.045999999999999985,9.199999999999998,1,1,0.015,1.0,42922.0,0.004999999999999999,0.004999999999999999,49.999999999999986,1,1,0.306,1.0,55172.0,0.006000000000000005,0.006000000000000005,2.0000000000000018,1,1,17.804,1.0,39890.0,-0.1960000000000015,0.1960000000000015,1.0888888888888972,1,1,4,0.348,0.20142616513253686,0.121,0.65,0.348,0.20142616513253686,0.4020901640179725,0.348,1.0,4,0,1.0,1.0,0,3559.0,10106.75,0,4,0.1275,0.05987278179607158,0.057,0.211,0.1275,0.05987278179607158,0.14085808461000737,0.1275,1.0,4,0,1.0,1.0,0,8108.0,18276.0,0,4,-0.22975,0.17284006335337881,-0.419,0.003,-0.22975,0.17284006335337881,0.28750434779321166,0.23125,1.0,4,0,1.0,1.0,0,21363.0,26804.5,0,4,50.221250000000005,0.23501210075228052,49.937,50.47,0.2212499999999995,0.23501210075228052,0.32277275287731433,0.2527500000000007,1.0,4,0,1.0,1.0,0,26740.0,30043.0,0
51,51,power_law,5.117,1.0,18291.0,0.11699999999999999,0.11699999999999999,2.34,1,1,2.204,1.0,16877.0,0.20400000000000018,0.20400000000000018,10.20000000000001,1,1,4.088,1.0,18777.0,-0.9119999999999999,0.9119999999999999,18.24,1,1,1.81,1.0,17700.0,-0.18999999999999995,0.18999999999999995,9.499999999999996,1,1,0.461,1.0,16148.0,-0.03899999999999998,0.03899999999999998,7.799999999999995,1,1,0.013,1.0,47166.0,0.002999999999999999,0.002999999999999999,29.999999999999993,1,1,0.29,1.0,58934.0,-0.010000000000000009,0.010000000000000009,3.3333333333333366,1,1,17.241,1.0,41243.0,-0.7590000000000003,0.7590000000000003,4.216666666666669,1,1,4,0.41625,0.29517060744593115,0.079,0.746,0.41625,0.29517060744593115,0.5102839895587554,0.41625,1.0,4,0,1.0,1.0,0,1528.0,12422.0,0,4,0.14375,0.05167869483646041,0.059,0.188,0.14375,0.05167869483646041,0.15275716022497932,0.14375,1.0,4,0,1.0,1.0,0,9675.0,16466.0,0,4,-0.1845,0.4761956005676659,-0.83,0.513,-0.1845,0.4761956005676659,0.5106882610751886,0.441,1.0,4,0,1.0,1.0,0,25559.0,30984.0,0,4,50.352000000000004,0.4584653749194155,49.871,51.005,0.3520000000000003,0.45846537491941547,0.5780090829736159,0.42849999999999966,0.75,3,0,1.0,1.0,0,34976.0,40705.5,0
52,52,power_law,3.784,1.0,7975.0,-1.2160000000000002,1.2160000000000002,24.320000000000004,1,1,1.745,1.0,13236.0,-0.2549999999999999,0.2549999999999999,12.749999999999995,1,1,4.599,1.0,13015.0,-0.4009999999999998,0.4009999999999998,8.019999999999996,1,1,2.17,1.0,16846.0,0.16999999999999993,0.16999999999999993,8.499999999999996,1,1,0.434,1.0,5893.0,-0.066,0.066,13.200000000000001,1,1,0.016,1.0,29434.0,0.006,0.006,60.0,1,1,0.302,1.0,9701.0,0.0020000000000000018,0.0020000000000000018,0.6666666666666673,1,1,17.854,1.0,33039.0,-0.1460000000000008,0.1460000000000008,0.8111111111111156,1,1,4,0.1235,0.046532246883209935,0.067,0.196,0.1235,0.046532246883209935,0.1319753764912228,0.1235,1.0,4,0,1.0,1.0,0,11026.0,14065.25,0,4,0.0925,0.043419465680728964,0.051,0.16,0.0925,0.043419465680728964,0.10218365818466278,0.0925,1.0,4,0,1.0,1.0,0,4841.0,11400.25,0,4,-0.27325,0.18350527921561277,-0.457,0.031,-0.27325,0.18350527921561277,0.3291500417742644,0.28875,1.0,4,0,1.0,1.0,0,2237.0,14001.25,0,4,49.79650000000001,0.24470850005669978,49.377,49.993,-0.20349999999999824,0.24470850005669978,0.31826796885643255,0.20349999999999824,0.75,3,0,1.0,1.0,0,2810.0,16590.0,0
53,53,power_law,4.28,1.0,17614.0,-0.7199999999999998,0.7199999999999998,14.399999999999997,1,1,1.931,1.0,17941.0,-0.06899999999999995,0.06899999999999995,3.4499999999999975,1,1,3.793,1.0,16762.0,-1.2069999999999999,1.2069999999999999,24.139999999999997,1,1,1.872,1.0,16397.0,-0.1279999999999999,0.1279999999999999,6.399999999999995,1,1,0.409,1.0,18961.0,-0.09100000000000003,0.09100000000000003,18.200000000000006,1,1,0.011,1.0,44156.0,0.0009999999999999992,0.0009999999999999992,9.999999999999991,1,1,0.324,1.0,43287.0,0.02400000000000002,0.02400000000000002,8.000000000000007,1,1,17.77,1.0,18098.0,-0.23000000000000043,0.23000000000000043,1.2777777777777801,1,1,4,0.1805,0.016317168872080717,0.161,0.205,0.1805,0.016317168872080717,0.18123603394468774,0.1805,1.0,4,0,1.0,1.0,0,12432.0,18134.25,0,4,0.19149999999999998,0.1413904169312758,0.056,0.413,0.19149999999999998,0.1413904169312758,0.23804096286143692,0.19149999999999998,1.0,4,0,1.0,1.0,0,1223.0,11645.25,0,4,0.17125,0.2230284454951879,-0.154,0.413,0.17125,0.2230284454951879,0.281190771541315,0.24825000000000003,1.0,4,0,1.0,1.0,0,23735.0,32491.25,0,4,50.09625,0.3344483330800149,49.667,50.59,0.0962499999999995,0.3344483330800149,0.3480226285746381,0.27725000000000044,0.75,3,0,1.0,1.0,0,24758.0,31845.5,0
54,54,power_law,3.723,1.0,10976.0,-1.2770000000000001,1.2770000000000001,25.540000000000003,1,1,1.939,1.0,7049.0,-0.06099999999999994,0.06099999999999994,3.049999999999997,1,1,5.256,1.0,12839.0,0.2560000000000002,0.2560000000000002,5.1200000000000045,1,1,2.181,1.0,8237.0,0.18100000000000005,0.18100000000000005,9.050000000000002,1,1,0.454,1.0,16802.0,-0.045999999999999985,0.045999999999999985,9.199999999999998,1,1,0.018,1.0,2946.0,0.007999999999999998,0.007999999999999998,79.99999999999999,1,1,0.311,1.0,5872.0,0.01100000000000001,0.01100000000000001,3.66666666666667,1,1,19.152,1.0,44347.0,1.152000000000001,1.152000000000001,6.400000000000006,1,1,4,0.1135,0.038016443810540715,0.07,0.173,0.1135,0.038016443810540715,0.11969753548005907,0.1135,1.0,4,0,1.0,1.0,0,7355.0,18590.5,0,4,0.15199999999999997,0.06817257513105984,0.065,0.236,0.15199999999999997,0.06817257513105984,0.16658781468042613,0.15199999999999997,1.0,4,0,1.0,1.0,0,10508.0,17029.25,0,4,0.30725,0.20672974507796404,0.047,0.619,0.30725,0.20672974507796404,0.3703238447629318,0.30725,0.75,3,0,1.0,1.0,0,1240.0,24108.0,0,4,49.957750000000004,0.23719651662703795,49.565,50.192,-0.04224999999999923,0.23719651662703795,0.24092996907815478,0.1772500000000008,1.0,4,0,1.0,1.0,0,27825.0,37037.0,0
55,55,power_law,3.587,1.0,14579.0,-1.4129999999999998,1.4129999999999998,28.259999999999998,1,1,1.788,1.0,16554.0,-0.21199999999999997,0.21199999999999997,10.599999999999998,1,1,5.492,1.0,15327.0,0.492,0.492,9.84,1,1,2.282,1.0,10857.0,0.28200000000000003,0.28200000000000003,14.100000000000001,1,1,0.464,1.0,21208.0,-0.035999999999999976,0.035999999999999976,7.199999999999996,1,1,0.011,1.0,41875.0,0.0009999999999999992,0.0009999999999999992,9.999999999999991,1,1,0.293,1.0,48094.0,-0.007000000000000006,0.007000000000000006,2.3333333333333357,1,1,16.799,1.0,38918.0,-1.2010000000000005,1.2010000000000005,6.672222222222225,1,1,4,0.11775000000000001,0.05617550622824863,0.061,0.2,0.11775000000000001,0.05617550622824863,0.13046359645510314,0.11775000000000001,1.0,4,0,1.0,1.0,0,10865.0,18012.25,0,4,0.17425000000000002,0.09629219854173027,0.08,0.331,0.17425000000000002,0.09629219854173027,0.19908603667761335,0.17425000000000002,1.0,4,0,1.0,1.0,0,4084.0,7924.75,0,4,-0.19174999999999998,0.29961089349354436,-0.493,0.307,-0.19174999999999998,0.29961089349354436,0.355717233206377,0.34524999999999995,1.0,4,0,1.0,1.0,0,6225.0,25122.0,0,4,49.947500000000005,0.1143383137885128,49.809,50.127,-0.05250000000000021,0.1143383137885128,0.1258153408770188,0.11600000000000144,1.0,4,0,1.0,1.0,0,31158.0,36084.5,0
56,56,power_law,2.446,1.0,15070.0,-2.554,2.554,51.07999999999999,0,1,1.498,1.0,16292.0,-0.502,0.502,25.1,1,1,3.819,1.0,16654.0,-1.181,1.181,23.62,1,1,1.894,1.0,17047.0,-0.1060000000000001,0.1060000000000001,5.300000000000004,1,1,0.451,1.0,8760.0,-0.04899999999999999,0.04899999999999999,9.799999999999997,1,1,0.008,1.0,46187.0,-0.002,0.002,20.0,1,1,0.328,1.0,50032.0,0.028000000000000025,0.028000000000000025,9.333333333333343,1,1,17.122,1.0,12833.0,-0.8780000000000001,0.8780000000000001,4.877777777777778,1,1,4,0.14225,0.09338729838687915,0.018,0.27,0.14225,0.09338729838687915,0.17016536075241637,0.14225,1.0,4,0,1.0,1.0,0,7918.0,11028.5,0,4,0.11549999999999999,0.09810581022549071,0.039,0.283,0.11549999999999999,0.09810581022549071,0.1515420733657818,0.11549999999999999,1.0,4,0,1.0,1.0,0,3046.0,19681.75,0,4,0.1555,0.07538070044779366,0.05,0.263,0.1555,0.07538070044779366,0.17280769658785455,0.1555,1.0,4,0,1.0,1.0,0,8751.0,20674.25,0,4,49.911249999999995,0.09261040708257372,49.812,50.052,-0.088750000000001,0.09261040708257372,0.1282702225771835,0.1147500000000008,1.0,4,0,1.0,1.0,0,8093.0,23202.5,0
57,57,power_law,5.136,1.0,18157.0,0.13600000000000012,0.13600000000000012,2.7200000000000024,1,1,2.071,1.0,17631.0,0.07100000000000017,0.07100000000000017,3.5500000000000087,1,1,4.928,1.0,18617.0,-0.07200000000000006,0.07200000000000006,1.4400000000000013,1,1,2.123,1.0,18709.0,0.12300000000000022,0.12300000000000022,6.150000000000011,1,1,0.441,1.0,17975.0,-0.059,0.059,11.799999999999999,1,1,0.013,1.0,47688.0,0.002999999999999999,0.002999999999999999,29.999999999999993,1,1,0.292,1.0,54339.0,-0.008000000000000007,0.008000000000000007,2.666666666666669,1,1,18.789,1.0,45833.0,0.7890000000000015,0.7890000000000015,4.383333333333342,1,1,4,0.38000000000000006,0.2249144281721384,0.114,0.737,0.38000000000000006,0.2249144281721384,0.44157275731186135,0.38000000000000006,1.0,4,0,1.0,1.0,0,3424.0,11620.25,0,4,0.1815,0.06939200242102832,0.089,0.25,0.1815,0.06939200242102832,0.1943128920066808,0.1815,1.0,4,0,1.0,1.0,0,6762.0,13325.5,0,4,-0.12275,0.26347236572361815,-0.513,0.226,-0.12275,0.26347236572361815,0.29066346519643643,0.23575000000000002,1.0,4,0,1.0,1.0,0,24774.0,30256.75,0,4,50.135000000000005,0.3119206629898073,49.742,50.615,0.1349999999999998,0.31192066298980736,0.33988159703049664,0.2640000000000011,1.0,4,0,1.0,1.0,0,30787.0,36325.75,0
58,58,power_law,4.635,1.0,19051.0,-0.3650000000000002,0.3650000000000002,7.300000000000003,1,1,2.102,1.0,18671.0,0.10199999999999987,0.10199999999999987,5.099999999999993,1,1,4.696,1.0,19697.0,-0.30400000000000027,0.30400000000000027,6.080000000000005,1,1,1.968,1.0,19340.0,-0.03200000000000003,0.03200000000000003,1.6000000000000014,1,1,0.45,1.0,23592.0,-0.04999999999999999,0.04999999999999999,9.999999999999998,1,1,0.007,1.0,42269.0,-0.003,0.003,30.0,1,1,0.317,1.0,53166.0,0.017000000000000015,0.017000000000000015,5.666666666666672,1,1,18.065,1.0,39812.0,0.06500000000000128,0.06500000000000128,0.3611111111111182,1,1,4,0.22849999999999998,0.15103724706177613,0.07,0.402,0.22849999999999998,0.15103724706177613,0.273906005775704,0.22849999999999998,1.0,4,0,1.0,1.0,0,5120.0,14230.25,0,4,0.1405,0.08312791348277666,0.064,0.281,0.1405,0.08312791348277666,0.16324980857569177,0.1405,1.0,4,0,1.0,1.0,0,4697.0,16824.5,0,4,0.10575000000000001,0.3377953337451541,-0.339,0.555,0.10575000000000001,0.3377953337451541,0.35396150920686276,0.30774999999999997,1.0,4,0,1.0,1.0,0,24973.0,34048.75,0,4,49.963499999999996,0.10411171884086835,49.861,50.135,-0.036500000000001975,0.10411171884086835,0.11032452129966469,0.10400000000000098,1.0,4,0,1.0,1.0,0,29929.0,36054.75,0
59,59,power_law,4.097,1.0,17209.0,-0.9029999999999996,0.9029999999999996,18.05999999999999,1,1,1.968,1.0,16003.0,-0.03200000000000003,0.03200000000000003,1.6000000000000014,1,1,4.501,1.0,17051.0,-0.49899999999999967,0.49899999999999967,9.979999999999993,1,1,2.02,1.0,17153.0,0.020000000000000018,0.020000000000000018,1.0000000000000009,1,1,0.471,1.0,19822.0,-0.029000000000000026,0.029000000000000026,5.800000000000005,1,1,0.008,1.0,56333.0,-0.002,0.002,20.0,1,1,0.276,1.0,55177.0,-0.023999999999999966,0.023999999999999966,7.999999999999989,1,1,18.396,1.0,39274.0,0.3960000000000008,0.3960000000000008,2.200000000000004,1,1,4,0.16399999999999998,0.06917730841829565,0.059,0.248,0.16399999999999998,0.06917730841829565,0.17799297738955883,0.16399999999999998,1.0,4,0,1.0,1.0,0,10714.0,15714.5,0,4,0.11499999999999999,0.03743661309466976,0.069,0.172,0.11499999999999999,0.03743661309466976,0.12094006780219696,0.11499999999999999,1.0,4,0,1.0,1.0,0,7167.0,17399.75,0,4,-0.0075,0.15151485075727725,-0.178,0.236,-0.0075,0.15151485075727725,0.15170036255724637,0.1255,1.0,4,0,1.0,1.0,0,30085.0,31747.25,0,4,49.89775,0.11893144033433639,49.746,50.045,-0.10224999999999973,0.11893144033433638,0.15684307444066428,0.12475000000000058,1.0,4,0,1.0,1.0,0,40942.0,43152.5,0
60,60,power_law,2.885,1.0,17903.0,-2.115,2.115,42.300000000000004,1,1,1.681,1.0,18015.0,-0.31899999999999995,0.31899999999999995,15.949999999999998,1,1,3.809,1.0,18884.0,-1.1909999999999998,1.1909999999999998,23.819999999999997,1,1,1.866,1.0,18632.0,-0.1339999999999999,0.1339999999999999,6.699999999999995,1,1,0.471,1.0,21831.0,-0.029000000000000026,0.029000000000000026,5.800000000000005,1,1,0.012,1.0,46459.0,0.002,0.002,20.0,1,1,0.296,1.0,42070.0,-0.0040000000000000036,0.0040000000000000036,1.3333333333333346,1,1,18.733,1.0,43758.0,0.7330000000000005,0.7330000000000005,4.072222222222225,1,1,4,0.12275,0.056751101310899686,0.026,0.171,0.12275,0.056751101310899686,0.13523405636155414,0.12275,1.0,4,0,1.0,1.0,0,5936.0,15428.75,0,4,0.088,0.04141255848169731,0.049,0.157,0.088,0.04141255848169731,0.09725739046468397,0.088,1.0,4,0,1.0,1.0,0,11560.0,23239.0,0,4,0.08149999999999999,0.2598889185786881,-0.248,0.363,0.08149999999999999,0.2598889185786881,0.2723683168064891,0.25349999999999995,1.0,4,0,1.0,1.0,0,36710.0,40570.5,0,4,49.702749999999995,0.21639705982291077,49.36,49.95,-0.29725,0.21639705982291074,0.3676754683141104,0.29725,0.75,3,0,1.0,1.0,0,36845.0,38387.75,0
61,61,power_law,4.525,1.0,16390.0,-0.47499999999999964,0.47499999999999964,9.499999999999993,1,1,2.048,1.0,16216.0,0.04800000000000004,0.04800000000000004,2.400000000000002,1,1,4.04,1.0,12648.0,-0.96,0.96,19.2,1,1,1.889,1.0,14841.0,-0.11099999999999999,0.11099999999999999,5.549999999999999,1,1,0.433,1.0,7113.0,-0.067,0.067,13.4,1,1,0.016,1.0,20915.0,0.006,0.006,60.0,1,1,0.3,1.0,22518.0,0.0,0.0,0.0,1,1,18.086,1.0,38521.0,0.08599999999999852,0.08599999999999852,0.4777777777777696,1,1,4,0.17375000000000002,0.04387126052440253,0.118,0.239,0.17375000000000002,0.04387126052440253,0.1792030970714513,0.17375000000000002,1.0,4,0,1.0,1.0,0,6997.0,15709.75,0,4,0.19099999999999998,0.1520411128609627,0.047,0.431,0.19099999999999998,0.1520411128609627,0.2441259920614763,0.19099999999999998,1.0,4,0,1.0,1.0,0,2011.0,12617.75,0,4,-0.05450000000000001,0.22363865944867403,-0.281,0.29,-0.05450000000000001,0.22363865944867403,0.2301836223539807,0.1995,1.0,4,0,1.0,1.0,0,12078.0,24445.0,0,4,49.960249999999995,0.12744484100975,49.821,50.112,-0.03974999999999973,0.12744484100975,0.13350000000000162,0.1257500000000018,1.0,4,0,1.0,1.0,0,8827.0,28430.5,0
62,62,power_law,4.811,1.0,16398.0,-0.18900000000000006,0.18900000000000006,3.7800000000000016,1,1,2.063,1.0,16212.0,0.06300000000000017,0.06300000000000017,3.1500000000000083,1,1,4.352,1.0,18580.0,-0.6479999999999997,0.6479999999999997,12.959999999999994,1,1,1.954,1.0,18587.0,-0.04600000000000004,0.04600000000000004,2.300000000000002,1,1,0.47,1.0,20561.0,-0.030000000000000027,0.030000000000000027,6.000000000000005,1,1,0.005,1.0,40972.0,-0.005,0.005,50.0,1,1,0.29,1.0,51606.0,-0.010000000000000009,0.010000000000000009,3.3333333333333366,1,1,18.257,1.0,36707.0,0.25700000000000145,0.25700000000000145,1.4277777777777858,1,1,4,0.21750000000000003,0.06895469527160568,0.112,0.282,0.21750000000000003,0.06895469527160568,0.2281687971656072,0.21750000000000003,1.0,4,0,1.0,1.0,0,4766.0,11308.75,0,4,0.14175,0.0636017884968654,0.079,0.248,0.14175,0.0636017884968654,0.15536489307433646,0.14175,1.0,4,0,1.0,1.0,0,8413.0,14869.75,0,4,-0.36525,0.2525394771119953,-0.645,0.045,-0.36525,0.2525394771119953,0.44405376926674095,0.38775,1.0,4,0,1.0,1.0,0,18726.0,28022.25,0,4,49.645,0.23492019921666876,49.319,49.976,-0.35499999999999865,0.23492019921666876,0.4256906153534493,0.35499999999999865,1.0,4,0,1.0,1.0,0,30136.0,33788.75,0
63,63,power_law,5.61,1.0,18747.0,0.6100000000000003,0.6100000000000003,12.200000000000006,1,1,2.27,1.0,18170.0,0.27,0.27,13.5,1,1,3.87,1.0,17466.0,-1.13,1.13,22.599999999999998,1,1,1.822,1.0,17901.0,-0.17799999999999994,0.17799999999999994,8.899999999999997,1,1,0.435,1.0,16060.0,-0.065,0.065,13.0,1,1,0.005,1.0,44042.0,-0.005,0.005,50.0,1,1,0.283,1.0,55084.0,-0.017000000000000015,0.017000000000000015,5.666666666666672,1,1,20.417,1.0,46194.0,2.4170000000000016,2.4170000000000016,13.427777777777786,0,1,4,0.2395,0.09800382645590937,0.12,0.392,0.2395,0.09800382645590937,0.25877596488082116,0.2395,1.0,4,0,1.0,1.0,0,8101.0,13234.0,0,4,0.199,0.14816038606861148,0.052,0.387,0.199,0.14816038606861148,0.24809776298870573,0.199,1.0,4,0,1.0,1.0,0,2685.0,16470.5,0,4,0.24674999999999997,0.22779308044802413,0.022,0.574,0.24674999999999997,0.22779308044802413,0.33582026442726765,0.24674999999999997,1.0,4,0,1.0,1.0,0,25334.0,29530.75,0,4,49.66374999999999,0.3571591906979303,49.169,50.159,-0.3362499999999997,0.3571591906979303,0.4905372055206418,0.4157499999999992,0.75,3,0,1.0,1.0,0,32715.0,40661.75,0
64,64,power_law,5.851,1.0,18631.0,0.851,0.851,17.02,1,1,2.678,1.0,17389.0,0.6779999999999999,0.6779999999999999,33.9,1,1,3.769,1.0,15585.0,-1.2309999999999999,1.2309999999999999,24.619999999999997,1,1,1.672,1.0,16189.0,-0.32800000000000007,0.32800000000000007,16.400000000000002,1,1,0.463,1.0,17432.0,-0.03699999999999998,0.03699999999999998,7.399999999999995,1,1,0.005,1.0,40562.0,-0.005,0.005,50.0,1,1,0.297,1.0,51091.0,-0.0030000000000000027,0.0030000000000000027,1.0000000000000009,1,1,18.586,1.0,40533.0,0.5859999999999985,0.5859999999999985,3.2555555555555475,1,1,4,0.257,0.2077606796292311,0.065,0.59,0.257,0.2077606796292311,0.3304746586351214,0.257,1.0,4,0,1.0,1.0,0,491.0,11848.75,0,4,0.16575,0.09726092483623625,0.04,0.309,0.16575,0.09726092483623625,0.19217895306198335,0.16575,1.0,4,0,1.0,1.0,0,3513.0,14964.5,0,4,-0.0875,0.24422274668834595,-0.319,0.321,-0.0875,0.24422274668834595,0.2594243627726586,0.248,1.0,4,0,1.0,1.0,0,28598.0,36942.75,0,4,49.885000000000005,0.2845926914029937,49.614,50.294,-0.11500000000000021,0.2845926914029937,0.3069495072483415,0.266,1.0,4,0,1.0,1.0,0,33872.0,37543.75,0
65,65,power_law,8.494,1.0,19918.0,3.4939999999999998,3.4939999999999998,69.88,1,1,3.058,1.0,19592.0,1.0579999999999998,1.0579999999999998,52.89999999999999,1,1,5.467,1.0,17368.0,0.46699999999999964,0.46699999999999964,9.339999999999993,1,1,2.026,1.0,17975.0,0.0259999999999998,0.0259999999999998,1.29999999999999,1,1,0.506,1.0,17833.0,0.006000000000000005,0.006000000000000005,1.200000000000001,1,1,0.012,1.0,41289.0,0.002,0.002,20.0,1,1,0.316,1.0,40940.0,0.016000000000000014,0.016000000000000014,5.333333333333338,1,1,16.659,1.0,34079.0,-1.341000000000001,1.341000000000001,7.450000000000006,1,1,4,0.57725,0.25842443286191036,0.237,0.876,0.57725,0.25842443286191036,0.6324561249604592,0.57725,1.0,4,0,1.0,1.0,0,2352.0,6981.75,0,4,0.14875,0.06025518649875709,0.05,0.208,0.14875,0.06025518649875709,0.16049065393349232,0.14875,1.0,4,0,1.0,1.0,0,10967.0,19070.25,0,4,-0.54075,0.4498023871657419,-1.305,-0.161,-0.54075,0.4498023871657419,0.7033724120265167,0.54075,0.75,3,0,1.0,1.0,0,22632.0,24633.75,0,4,49.910000000000004,0.07245688373094739,49.834,50.026,-0.08999999999999808,0.07245688373094739,0.11554220008291205,0.10299999999999976,1.0,4,0,1.0,1.0,0,32642.0,36333.75,0
66,66,power_law,7.011,1.0,11858.0,2.011,2.011,40.22,1,1,2.558,1.0,14066.0,0.5579999999999998,0.5579999999999998,27.89999999999999,1,1,4.907,1.0,16687.0,-0.09299999999999997,0.09299999999999997,1.8599999999999994,1,1,2.187,1.0,17847.0,0.18699999999999983,0.18699999999999983,9.34999999999999,1,1,0.426,1.0,17890.0,-0.07400000000000001,0.07400000000000001,14.800000000000002,1,1,0.009,1.0,40024.0,-0.0010000000000000009,0.0010000000000000009,10.000000000000009,1,1,0.273,1.0,41354.0,-0.02699999999999997,0.02699999999999997,8.99999999999999,1,1,19.573,1.0,39914.0,1.5730000000000004,1.5730000000000004,8.73888888888889,1,1,4,0.25025000000000003,0.1331754012571391,0.103,0.387,0.25025000000000003,0.1331754012571391,0.28347971708748404,0.25025000000000003,1.0,4,0,1.0,1.0,0,6408.0,13258.75,0,4,0.1545,0.0897788950700553,0.029,0.245,0.1545,0.0897788950700553,0.17869107420349792,0.1545,1.0,4,0,1.0,1.0,0,3346.0,14054.5,0,4,-0.29274999999999995,0.1851342418354854,-0.593,-0.12,-0.29274999999999995,0.1851342418354854,0.34637732316074044,0.29274999999999995,1.0,4,0,1.0,1.0,0,16033.0,25313.25,0,4,50.24975,0.24079698399273983,49.86,50.516,0.2497499999999988,0.24079698399273983,0.3469268654918486,0.3197499999999991,1.0,4,0,1.0,1.0,0,22112.0,31578.75,0
67,67,power_law,4.739,1.0,20748.0,-0.2610000000000001,0.2610000000000001,5.220000000000002,1,1,2.148,1.0,20304.0,0.14800000000000013,0.14800000000000013,7.400000000000007,1,1,5.085,1.0,17460.0,0.08499999999999996,0.08499999999999996,1.6999999999999995,1,1,2.012,1.0,17209.0,0.01200000000000001,0.01200000000000001,0.6000000000000005,1,1,0.477,1.0,20556.0,-0.02300000000000002,0.02300000000000002,4.600000000000004,1,1,0.012,1.0,45555.0,0.002,0.002,20.0,1,1,0.31,1.0,48758.0,0.010000000000000009,0.010000000000000009,3.3333333333333366,1,1,17.409,1.0,43095.0,-0.5910000000000011,0.5910000000000011,3.2833333333333394,1,1,4,0.2445,0.15518456753169757,0.052,0.48,0.2445,0.15518456753169757,0.2895902277356748,0.2445,1.0,4,0,1.0,1.0,0,1198.0,11797.75,0,4,0.15825,0.061852142242609515,0.113,0.264,0.15825,0.061852142242609515,0.169908063375462,0.15825,1.0,4,0,1.0,1.0,0,12055.0,15827.75,0,4,0.10625000000000001,0.5107408222376589,-0.488,0.844,0.10625000000000001,0.5107408222376589,0.5216754259115527,0.46324999999999994,1.0,4,0,1.0,1.0,0,28767.0,38225.5,0,4,50.3315,0.1401650812435097,50.192,50.535,0.33149999999999835,0.1401650812435097,0.35991457319758335,0.33149999999999835,1.0,4,0,1.0,1.0,0,31085.0,32640.0,0
68,68,power_law,3.338,1.0,14926.0,-1.662,1.662,33.239999999999995,1,1,1.775,1.0,14783.0,-0.2250000000000001,0.2250000000000001,11.250000000000004,1,1,5.244,1.0,16592.0,0.24399999999999977,0.24399999999999977,4.8799999999999955,1,1,2.148,1.0,15604.0,0.14800000000000013,0.14800000000000013,7.400000000000007,1,1,0.482,1.0,16075.0,-0.018000000000000016,0.018000000000000016,3.600000000000003,1,1,0.005,1.0,45832.0,-0.005,0.005,50.0,1,1,0.29,1.0,51174.0,-0.010000000000000009,0.010000000000000009,3.3333333333333366,1,1,19.667,1.0,39704.0,1.6670000000000016,1.6670000000000016,9.26111111111112,1,1,4,0.1315,0.0994346519076725,0.038,0.287,0.1315,0.0994346519076725,0.1648620635561741,0.1315,1.0,4,0,1.0,1.0,0,1839.0,18018.75,0,4,0.13675,0.07052437521878517,0.054,0.248,0.13675,0.07052437521878517,0.15386438834246213,0.13675,1.0,4,0,1.0,1.0,0,10256.0,17569.5,0,4,-0.058,0.2033728103754285,-0.314,0.255,-0.058,0.2033728103754285,0.21148167769336426,0.18549999999999997,1.0,4,0,1.0,1.0,0,25762.0,31217.0,0,4,50.19675,0.1771036066826425,50.051,50.496,0.19675000000000153,0.1771036066826425,0.26471919084191975,0.19675000000000153,1.0,4,0,1.0,1.0,0,27488.0,29893.5,0
69,69,power_law,4.216,1.0,19533.0,-0.7839999999999998,0.7839999999999998,15.679999999999996,1,1,1.944,1.0,19030.0,-0.05600000000000005,0.05600000000000005,2.8000000000000025,1,1,4.772,1.0,18298.0,-0.22799999999999976,0.22799999999999976,4.559999999999995,1,1,2.109,1.0,18322.0,0.10899999999999999,0.10899999999999999,5.449999999999999,1,1,0.443,1.0,21279.0,-0.056999999999999995,0.056999999999999995,11.399999999999999,1,1,0.014,1.0,47408.0,0.004,0.004,40.0,1,1,0.306,1.0,51544.0,0.006000000000000005,0.006000000000000005,2.0000000000000018,1,1,17.582,1.0,48305.0,-0.41799999999999926,0.41799999999999926,2.3222222222222184,1,1,4,0.185,0.13522388842212754,0.05,0.41,0.185,0.13522388842212754,0.22915169648073738,0.185,1.0,4,0,1.0,1.0,0,6127.0,19520.0,0,4,0.14475,0.10443269363566181,0.059,0.323,0.14475,0.10443269363566181,0.17849019580918166,0.14475,1.0,4,0,1.0,1.0,0,3929.0,19477.0,0,4,0.14625,0.3330340635730826,-0.173,0.679,0.14625,0.3330340635730826,0.3637317005706267,0.27925,1.0,4,0,1.0,1.0,0,35229.0,42394.25,0,4,50.07,0.3415677092466439,49.688,50.493,0.07000000000000028,0.3415677092466439,0.34866674633523614,0.33399999999999963,1.0,4,0,1.0,1.0,0,35975.0,41305.0,0
70,70,power_law,7.032,1.0,19888.0,2.032,2.032,40.64,1,1,2.697,1.0,19456.0,0.6970000000000001,0.6970000000000001,34.85,1,1,5.072,1.0,14180.0,0.07200000000000006,0.07200000000000006,1.4400000000000013,1,1,1.948,1.0,14457.0,-0.052000000000000046,0.052000000000000046,2.6000000000000023,1,1,0.474,1.0,11667.0,-0.026000000000000023,0.026000000000000023,5.200000000000005,1,1,0.011,1.0,30146.0,0.0009999999999999992,0.0009999999999999992,9.999999999999991,1,1,0.299,1.0,15402.0,-0.0010000000000000009,0.0010000000000000009,0.33333333333333365,1,1,16.915,1.0,13510.0,-1.0850000000000009,1.0850000000000009,6.027777777777783,1,1,4,0.602,0.5325603252214719,0.153,1.511,0.602,0.5325603252214719,0.8037564929753289,0.602,1.0,4,0,1.01,1.04,1,88.0,8340.0,1,4,0.18275,0.10525296907926161,0.075,0.341,0.18275,0.10525296907926161,0.2108927452521779,0.18275,1.0,4,0,1.0,1.0,0,6467.0,16242.0,0,4,-0.09674999999999999,0.14112826612695273,-0.285,0.113,-0.09674999999999999,0.14112826612695273,0.17110742239891288,0.15325,1.0,4,0,1.0,1.0,0,21081.0,28580.25,0,4,50.2335,0.19925172521210394,49.893,50.399,0.23349999999999937,0.19925172521210394,0.3069584662458416,0.28699999999999903,1.0,4,0,1.0,1.0,0,7140.0,22642.5,0
71,71,power_law,3.996,1.0,18930.0,-1.004,1.004,20.080000000000002,1,1,1.967,1.0,18382.0,-0.03299999999999992,0.03299999999999992,1.649999999999996,1,1,3.122,1.0,16136.0,-1.8780000000000001,1.8780000000000001,37.56,1,1,1.671,1.0,16520.0,-0.32899999999999996,0.32899999999999996,16.45,1,1,0.452,1.0,19661.0,-0.04799999999999999,0.04799999999999999,9.599999999999998,1,1,0.014,1.0,46653.0,0.004,0.004,40.0,1,1,0.305,1.0,48611.0,0.0050000000000000044,0.0050000000000000044,1.6666666666666683,1,1,18.934,1.0,41883.0,0.934000000000001,0.934000000000001,5.188888888888895,1,1,4,0.1845,0.08874260532573966,0.041,0.284,0.1845,0.08874260532573966,0.20473275263132668,0.1845,1.0,4,0,1.0,1.0,0,6855.0,14481.5,0,4,0.1195,0.06003540621999655,0.018,0.169,0.1195,0.06003540621999655,0.1337329428375821,0.1195,1.0,4,0,1.0,1.0,0,8174.0,15689.25,0,4,0.16125,0.48825064004054314,-0.274,0.985,0.16125,0.48825064004054314,0.5141889244236986,0.35025,0.75,3,0,1.0,1.0,0,33902.0,36042.0,0,4,49.995000000000005,0.15314535578985278,49.861,50.252,-0.005000000000000782,0.15314535578985278,0.15322695585307633,0.131000000000002,1.0,4,0,1.0,1.0,0,31430.0,34985.75,0
72,72,power_law,5.7,1.0,18980.0,0.7000000000000002,0.7000000000000002,14.000000000000004,1,1,2.265,1.0,18258.0,0.2650000000000001,0.2650000000000001,13.250000000000007,1,1,5.105,1.0,17990.0,0.10500000000000043,0.10500000000000043,2.1000000000000085,1,1,2.012,1.0,17841.0,0.01200000000000001,0.01200000000000001,0.6000000000000005,1,1,0.457,1.0,16164.0,-0.04299999999999998,0.04299999999999998,8.599999999999996,1,1,0.007,1.0,45065.0,-0.003,0.003,30.0,1,1,0.309,1.0,49817.0,0.009000000000000008,0.009000000000000008,3.0000000000000027,1,1,18.669,1.0,38942.0,0.6690000000000005,0.6690000000000005,3.7166666666666694,1,1,4,0.29225,0.07036112207746548,0.176,0.365,0.29225,0.07036112207746548,0.30060064870189485,0.29225,1.0,4,0,1.0,1.0,0,7257.0,11024.25,0,4,0.22874999999999998,0.1601489541021108,0.086,0.495,0.22874999999999998,0.1601489541021108,0.2792386971750155,0.22874999999999998,1.0,4,0,1.0,1.0,0,3282.0,13294.75,0,4,-0.37775000000000003,0.2976653952007186,-0.669,0.041,-0.37775000000000003,0.2976653952007186,0.4809363263468461,0.39825,1.0,4,0,1.0,1.0,0,19773.0,22526.0,0,4,50.61075,0.3102171618398948,50.24,50.931,0.6107500000000012,0.3102171618398948,0.6850184304089935,0.6107500000000012,1.0,4,0,1.0,1.0,0,24291.0,29085.0,0
73,73,power_law,3.408,1.0,12350.0,-1.592,1.592,31.840000000000003,1,1,1.716,1.0,13098.0,-0.28400000000000003,0.28400000000000003,14.200000000000001,1,1,5.823,1.0,18884.0,0.8230000000000004,0.8230000000000004,16.460000000000008,1,1,2.288,1.0,17970.0,0.2879999999999998,0.2879999999999998,14.399999999999991,1,1,0.464,1.0,20300.0,-0.035999999999999976,0.035999999999999976,7.199999999999996,1,1,0.014,1.0,47792.0,0.004,0.004,40.0,1,1,0.309,1.0,54193.0,0.009000000000000008,0.009000000000000008,3.0000000000000027,1,1,16.9,1.0,37815.0,-1.1000000000000014,1.1000000000000014,6.11111111111112,1,1,4,0.183,0.0946387869744747,0.055,0.316,0.183,0.0946387869744747,0.20602305696207887,0.183,1.0,4,0,1.0,1.0,0,3738.0,13780.0,0,4,0.22899999999999998,0.15068344301880018,0.069,0.403,0.22899999999999998,0.15068344301880018,0.2741286194471493,0.22899999999999998,1.0,4,0,1.0,1.0,0,4599.0,12801.5,0,4,-0.03175,0.2256528029961073,-0.326,0.274,-0.03175,0.2256528029961073,0.22787551426162486,0.20425000000000001,1.0,4,0,1.0,1.0,0,13289.0,27027.75,0,4,50.1285,0.18302663740559774,49.814,50.262,0.12850000000000072,0.18302663740559774,0.22363139314505986,0.2215000000000007,1.0,4,0,1.0,1.0,0,29353.0,33646.25,0
74,74,power_law,3.543,1.0,14360.0,-1.4569999999999999,1.4569999999999999,29.14,1,1,1.739,1.0,15150.0,-0.2609999999999999,0.2609999999999999,13.049999999999995,1,1,4.851,1.0,14365.0,-0.14900000000000002,0.14900000000000002,2.9800000000000004,1,1,2.017,1.0,16047.0,0.016999999999999904,0.016999999999999904,0.8499999999999952,1,1,0.471,1.0,16295.0,-0.029000000000000026,0.029000000000000026,5.800000000000005,1,1,0.019,1.0,47448.0,0.009,0.009,89.99999999999999,1,1,0.305,1.0,11316.0,0.0050000000000000044,0.0050000000000000044,1.6666666666666683,1,1,18.176,1.0,38065.0,0.17599999999999838,0.17599999999999838,0.9777777777777688,1,1,4,0.15100000000000002,0.07481310045707236,0.068,0.256,0.15100000000000002,0.07481310045707236,0.1685170614507623,0.15100000000000002,1.0,4,0,1.0,1.0,0,8885.0,14665.0,0,4,0.18475,0.03885469727072906,0.127,0.23,0.18475,0.03885469727072906,0.18879155171776094,0.18475,1.0,4,0,1.0,1.0,0,6216.0,11047.25,0,4,-0.33399999999999996,0.3777916092239212,-0.954,0.002,-0.33399999999999996,0.3777916092239212,0.5042643156123582,0.33499999999999996,0.75,3,0,1.0,1.0,0,11159.0,19418.25,0,4,49.848749999999995,0.39763511854462713,49.247,50.294,-0.151250000000001,0.39763511854462713,0.4254294888697773,0.34825000000000017,0.75,3,0,1.0,1.0,0,17375.0,26092.25,0
75,75,power_law,4.671,1.0,16113.0,-0.32899999999999974,0.32899999999999974,6.579999999999994,1,1,2.342,1.0,17435.0,0.3420000000000001,0.3420000000000001,17.100000000000005,1,1,2.813,1.0,17662.0,-2.187,2.187,43.739999999999995,0,1,1.463,1.0,17275.0,-0.5369999999999999,0.5369999999999999,26.849999999999994,0,1,0.475,1.0,16377.0,-0.025000000000000022,0.025000000000000022,5.000000000000004,1,1,0.013,1.0,15702.0,0.002999999999999999,0.002999999999999999,29.999999999999993,1,1,0.302,1.0,34457.0,0.0020000000000000018,0.0020000000000000018,0.6666666666666673,1,1,18.277,1.0,33659.0,0.277000000000001,0.277000000000001,1.5388888888888945,1,1,4,0.16275,0.08707862826204832,0.074,0.303,0.16275,0.08707862826204832,0.18458128290809986,0.16275,1.0,4,0,1.0,1.0,0,5592.0,8743.5,0,4,0.0685,0.020068632240389482,0.043,0.091,0.0685,0.020068632240389482,0.0713792686989717,0.0685,1.0,4,0,1.0,1.0,0,8795.0,19815.0,0,4,0.09075,0.3775866622379557,-0.4,0.485,0.09075,0.3775866622379557,0.38833909151667956,0.36675,1.0,4,0,1.0,1.0,0,2330.0,20067.5,0,4,49.991,0.1529264529111961,49.787,50.207,-0.009000000000000341,0.1529264529111961,0.15319105718024237,0.1305000000000014,1.0,4,0,1.0,1.0,0,3451.0,21713.0,0
76,76,power_law,3.328,1.0,17167.0,-1.6720000000000002,1.6720000000000002,33.440000000000005,1,1,1.606,1.0,17125.0,-0.3939999999999999,0.3939999999999999,19.699999999999996,1,1,5.799,1.0,18707.0,0.7990000000000004,0.7990000000000004,15.980000000000008,1,1,2.369,1.0,18629.0,0.3690000000000002,0.3690000000000002,18.45000000000001,1,1,0.448,1.0,19458.0,-0.05199999999999999,0.05199999999999999,10.399999999999999,1,1,0.01,1.0,50154.0,0.0,0.0,0.0,1,1,0.316,1.0,57403.0,0.016000000000000014,0.016000000000000014,5.333333333333338,1,1,16.73,1.0,42857.0,-1.2699999999999996,1.2699999999999996,7.055555555555554,1,1,4,0.13975,0.08578862104032213,0.054,0.277,0.13975,0.08578862104032213,0.16398094401484584,0.13975,1.0,4,0,1.0,1.0,0,8271.0,22509.25,0,4,0.18175,0.07800440692678844,0.121,0.315,0.18175,0.07800440692678844,0.19778207704440764,0.18175,1.0,4,0,1.0,1.0,0,8044.0,13734.75,0,4,-0.06425,0.15990055503343323,-0.326,0.107,-0.06425,0.15990055503343323,0.17232599919919223,0.11775000000000001,1.0,4,0,1.0,1.0,0,29246.0,37077.5,0,4,50.1015,0.3595785727765204,49.714,50.684,0.1014999999999997,0.35957857277652033,0.37362949562367165,0.2754999999999992,1.0,4,0,1.0,1.0,0,30047.0,35187.5,0
77,77,power_law,4.39,1.0,18054.0,-0.6100000000000003,0.6100000000000003,12.200000000000006,1,1,1.872,1.0,17642.0,-0.1279999999999999,0.1279999999999999,6.399999999999995,1,1,4.731,1.0,18196.0,-0.26900000000000013,0.26900000000000013,5.380000000000003,1,1,2.096,1.0,18534.0,0.09600000000000009,0.09600000000000009,4.800000000000004,1,1,0.448,1.0,19098.0,-0.05199999999999999,0.05199999999999999,10.399999999999999,1,1,0.014,1.0,50327.0,0.004,0.004,40.0,1,1,0.309,1.0,54337.0,0.009000000000000008,0.009000000000000008,3.0000000000000027,1,1,17.418,1.0,41273.0,-0.5820000000000007,0.5820000000000007,3.2333333333333374,1,1,4,0.2045,0.09067662322781986,0.084,0.312,0.2045,0.09067662322781986,0.2237018104531119,0.2045,1.0,4,0,1.0,1.0,0,13059.0,19158.0,0,4,0.10275,0.029625791128677054,0.058,0.13,0.10275,0.029625791128677054,0.10693572836054374,0.10275,1.0,4,0,1.0,1.0,0,13870.0,19873.5,0,4,-0.163,0.24793446714807527,-0.424,0.111,-0.163,0.24793446714807527,0.29671619436761454,0.247,1.0,4,0,1.0,1.0,0,25778.0,33327.75,0,4,49.99675,0.1463170786340413,49.906,50.25,-0.0032500000000013074,0.1463170786340413,0.14635316873918458,0.1282500000000013,1.0,4,0,1.0,1.0,0,31274.0,34639.25,0
78,78,power_law,5.62,1.0,20611.0,0.6200000000000001,0.6200000000000001,12.400000000000002,1,1,2.511,1.0,19587.0,0.5110000000000001,0.5110000000000001,25.550000000000004,1,1,5.112,1.0,19732.0,0.1120000000000001,0.1120000000000001,2.240000000000002,1,1,2.112,1.0,19530.0,0.1120000000000001,0.1120000000000001,5.600000000000005,1,1,0.453,1.0,22407.0,-0.046999999999999986,0.046999999999999986,9.399999999999997,1,1,0.008,1.0,42777.0,-0.002,0.002,20.0,1,1,0.31,1.0,50923.0,0.010000000000000009,0.010000000000000009,3.3333333333333366,1,1,17.766,1.0,40490.0,-0.23400000000000176,0.23400000000000176,1.3000000000000098,1,1,4,0.21475000000000002,0.0953083810585407,0.057,0.302,0.21475000000000002,0.0953083810585407,0.23494946265101355,0.21475000000000002,1.0,4,0,1.0,1.0,0,8735.0,15146.5,0,4,0.151,0.09265257686648547,0.056,0.301,0.151,0.09265257686648547,0.1771595326252584,0.151,1.0,4,0,1.0,1.0,0,5181.0,15789.0,0,4,0.09224999999999997,0.26068887107047745,-0.271,0.389,0.09224999999999997,0.26068887107047745,0.2765298356416537,0.24375,1.0,4,0,1.0,1.0,0,34188.0,39101.0,0,4,50.0125,0.4085985193316313,49.513,50.651,0.012500000000001066,0.4085985193316313,0.4087896769733814,0.3130000000000006,1.0,4,0,1.0,1.0,0,34872.0,38046.0,0
79,79,power_law,3.647,1.0,19207.0,-1.3530000000000002,1.3530000000000002,27.060000000000006,1,1,1.933,1.0,19127.0,-0.06699999999999995,0.06699999999999995,3.3499999999999974,1,1,3.821,1.0,18031.0,-1.1789999999999998,1.1789999999999998,23.579999999999995,1,1,1.838,1.0,18979.0,-0.16199999999999992,0.16199999999999992,8.099999999999996,1,1,0.455,1.0,20970.0,-0.044999999999999984,0.044999999999999984,8.999999999999996,1,1,0.011,1.0,38900.0,0.0009999999999999992,0.0009999999999999992,9.999999999999991,1,1,0.326,1.0,43148.0,0.026000000000000023,0.026000000000000023,8.666666666666675,1,1,17.495,1.0,36812.0,-0.504999999999999,0.504999999999999,2.80555555555555,1,1,4,0.18899999999999997,0.1355415065579544,0.037,0.35,0.18899999999999997,0.1355415065579544,0.2325779439241821,0.18899999999999997,1.0,4,0,1.0,1.0,0,4538.0,16080.5,0,4,0.086,0.034792240514229605,0.062,0.146,0.086,0.034792240514229605,0.0927712239867514,0.086,1.0,4,0,1.0,1.0,0,13919.0,19296.5,0,4,0.1325,0.28576695050337786,-0.342,0.406,0.1325,0.28576695050337786,0.3149904760464989,0.3035,1.0,4,0,1.0,1.0,0,31167.0,37244.75,0,4,49.92525,0.15583063723157783,49.729,50.117,-0.07475000000000165,0.15583063723157783,0.1728315654040079,0.14924999999999855,1.0,4,0,1.0,1.0,0,31448.0,35044.25,0
80,80,power_law,4.214,1.0,12750.0,-0.7859999999999996,0.7859999999999996,15.719999999999992,1,1,2.015,1.02,12172.0,0.015000000000000124,0.015000000000000124,0.7500000000000062,1,0,4.306,1.02,11561.0,-0.694,0.694,13.879999999999997,1,0,1.939,1.0,5854.0,-0.06099999999999994,0.06099999999999994,3.049999999999997,1,1,0.476,1.01,709.0,-0.02400000000000002,0.02400000000000002,4.800000000000004,1,1,0.013,1.01,776.0,0.002999999999999999,0.002999999999999999,29.999999999999993,1,1,0.338,1.01,852.0,0.038000000000000034,0.038000000000000034,12.666666666666679,0,1,18.093,1.0,6543.0,0.09299999999999997,0.09299999999999997,0.5166666666666665,1,1,4,0.11850000000000001,0.027762384623803482,0.071,0.141,0.11850000000000001,0.027762384623803482,0.12170866854912184,0.11850000000000001,1.0,4,0,1.005,1.01,0,413.0,3492.75,0,4,0.16925,0.10480785991518005,0.06,0.342,0.16925,0.10480785991518005,0.19907347889661245,0.16925,1.0,4,0,1.0125,1.02,2,499.0,8942.5,0,4,-0.1915,0.09775607398008575,-0.355,-0.111,-0.1915,0.09775607398008575,0.21500813938081506,0.1915,1.0,4,0,1.0075,1.01,0,333.0,1318.5,1,4,49.91875,0.2199117720814416,49.631,50.235,-0.08125000000000071,0.2199117720814416,0.23444135727298634,0.19875000000000043,1.0,4,0,1.0025,1.01,0,1242.0,3445.5,0
81,81,power_law,4.035,1.0,17918.0,-0.9649999999999999,0.9649999999999999,19.299999999999997,1,1,2.057,1.0,17510.0,0.05699999999999994,0.05699999999999994,2.849999999999997,1,1,4.932,1.0,19655.0,-0.06799999999999962,0.06799999999999962,1.3599999999999923,1,1,1.853,1.0,19033.0,-0.14700000000000002,0.14700000000000002,7.350000000000001,1,1,0.485,1.0,21997.0,-0.015000000000000013,0.015000000000000013,3.0000000000000027,1,1,0.011,1.0,48865.0,0.0009999999999999992,0.0009999999999999992,9.999999999999991,1,1,0.304,1.0,54306.0,0.0040000000000000036,0.0040000000000000036,1.3333333333333346,1,1,17.01,1.0,41729.0,-0.9899999999999984,0.9899999999999984,5.499999999999991,1,1,4,0.166,0.08371678445807627,0.034,0.266,0.166,0.08371678445807627,0.18591530329695832,0.166,1.0,4,0,1.0,1.0,0,10509.0,17797.5,0,4,0.152,0.03506422678457347,0.109,0.189,0.152,0.03506422678457347,0.1559919869736904,0.152,1.0,4,0,1.0,1.0,0,16283.0,21686.0,0,4,0.06725,0.3014484823315586,-0.354,0.495,0.06725,0.3014484823315586,0.30885878650282883,0.24425,0.75,3,0,1.0,1.0,0,40017.0,41620.5,0,4,50.284749999999995,0.5423616759137762,49.409,50.852,0.28474999999999895,0.5423616759137762,0.6125673432366432,0.5802499999999995,1.0,4,0,1.0,1.0,0,24440.0,32257.75,0
82,82,power_law,5.462,1.0,15959.0,0.46199999999999974,0.46199999999999974,9.239999999999995,1,1,2.083,1.0,14988.0,0.08300000000000018,0.08300000000000018,4.150000000000009,1,1,3.551,1.0,17015.0,-1.4489999999999998,1.4489999999999998,28.979999999999993,1,1,1.745,1.0,16212.0,-0.2549999999999999,0.2549999999999999,12.749999999999995,1,1,0.456,1.0,13008.0,-0.043999999999999984,0.043999999999999984,8.799999999999997,1,1,0.007,1.0,41460.0,-0.003,0.003,30.0,1,1,0.31,1.0,50376.0,0.010000000000000009,0.010000000000000009,3.3333333333333366,1,1,17.526,1.0,37977.0,-0.4740000000000002,0.4740000000000002,2.633333333333334,1,1,4,0.36724999999999997,0.13119332109524479,0.176,0.544,0.36724999999999997,0.13119332109524479,0.3899798071695508,0.36724999999999997,1.0,4,0,1.0,1.0,0,4565.0,9556.75,0,4,0.0785,0.03163463292026636,0.046,0.126,0.0785,0.03163463292026636,0.08463450832845902,0.0785,1.0,4,0,1.0,1.0,0,14203.0,21592.0,0,4,-0.44575,0.7057125388570051,-1.436,0.548,-0.44575,0.7057125388570051,0.834699496825055,0.71975,0.75,3,0,1.0,1.0,0,18187.0,22454.5,0,4,49.7555,0.2342333238461176,49.478,50.127,-0.2444999999999986,0.2342333238461176,0.3385934139938335,0.30799999999999983,0.75,3,0,1.0,1.0,0,32254.0,38279.75,0
83,83,power_law,2.832,1.0,16296.0,-2.168,2.168,43.36000000000001,1,1,1.682,1.0,16620.0,-0.31800000000000006,0.31800000000000006,15.900000000000002,1,1,4.714,1.0,18831.0,-0.2859999999999996,0.2859999999999996,5.719999999999992,1,1,2.113,1.0,18798.0,0.11299999999999999,0.11299999999999999,5.6499999999999995,1,1,0.456,1.0,21307.0,-0.043999999999999984,0.043999999999999984,8.799999999999997,1,1,0.012,1.0,44335.0,0.002,0.002,20.0,1,1,0.316,1.0,47620.0,0.016000000000000014,0.016000000000000014,5.333333333333338,1,1,19.345,1.0,37976.0,1.3449999999999989,1.3449999999999989,7.472222222222216,1,1,4,0.07625,0.04238735070749291,0.045,0.148,0.07625,0.04238735070749291,0.08723961256218415,0.07625,1.0,4,0,1.0,1.0,0,10481.0,22985.5,0,4,0.1615,0.13527472047651773,0.034,0.385,0.1615,0.13527472047651773,0.21066917192603193,0.1615,1.0,4,0,1.0,1.0,0,2784.0,15313.5,0,4,0.10125,0.19677318796014867,-0.172,0.384,0.10125,0.19677318796014867,0.22129448705288615,0.18725,1.0,4,0,1.0,1.0,0,31217.0,32952.25,0,4,49.9705,0.10786681602791447,49.792,50.082,-0.02949999999999875,0.10786681602791447,0.11182799291769423,0.07450000000000045,1.0,4,0,1.0,1.0,0,33355.0,34055.75,0
84,84,power_law,5.884,1.0,20008.0,0.8840000000000003,0.8840000000000003,17.680000000000007,1,1,2.498,1.0,19372.0,0.4980000000000002,0.4980000000000002,24.900000000000013,1,1,3.934,1.0,15852.0,-1.0659999999999998,1.0659999999999998,21.319999999999997,1,1,1.687,1.0,16280.0,-0.31299999999999994,0.31299999999999994,15.649999999999997,1,1,0.47,1.0,18002.0,-0.030000000000000027,0.030000000000000027,6.000000000000005,1,1,0.008,1.0,47459.0,-0.002,0.002,20.0,1,1,0.3,1.0,54367.0,0.0,0.0,0.0,1,1,16.664,1.0,41591.0,-1.3359999999999985,1.3359999999999985,7.422222222222214,1,1,4,0.32400000000000007,0.10763363786474933,0.171,0.443,0.32400000000000007,0.10763363786474933,0.3414103103305464,0.32400000000000007,1.0,4,0,1.0,1.0,0,5704.0,9229.5,0,4,0.18375000000000002,0.1698622603758704,0.06,0.473,0.18375000000000002,0.1698622603758704,0.2502343901225409,0.18375000000000002,1.0,4,0,1.0,1.0,0,2194.0,19456.25,0,4,-0.12675,0.5113518236009333,-0.759,0.402,-0.12675,0.5113518236009333,0.5268265843709864,0.50275,1.0,4,0,1.0,1.0,0,18871.0,26833.75,0,4,50.043000000000006,0.12919171800080623,49.837,50.194,0.04300000000000104,0.12919171800080623,0.136159832549838,0.12449999999999939,1.0,4,0,1.0,1.0,0,32478.0,34416.25,0
85,85,power_law,5.642,1.0,6044.0,0.6420000000000003,0.6420000000000003,12.840000000000007,1,1,2.216,1.0,6556.0,0.2160000000000002,0.2160000000000002,10.80000000000001,1,1,5.33,1.0,17933.0,0.33000000000000007,0.33000000000000007,6.600000000000001,1,1,2.181,1.0,18642.0,0.18100000000000005,0.18100000000000005,9.050000000000002,1,1,0.459,1.0,16663.0,-0.04099999999999998,0.04099999999999998,8.199999999999996,1,1,0.012,1.0,8997.0,0.002,0.002,20.0,1,1,0.3,1.0,9935.0,0.0,0.0,0.0,1,1,16.545,1.0,17763.0,-1.4549999999999983,1.4549999999999983,8.083333333333325,1,1,4,0.25375000000000003,0.13769599667383214,0.136,0.48,0.25375000000000003,0.13769599667383214,0.2887027017538977,0.25375000000000003,1.0,4,0,1.0,1.0,0,6565.0,9703.75,0,4,0.15725,0.045985731482711026,0.084,0.202,0.15725,0.045985731482711026,0.16383604609486888,0.15725,1.0,4,0,1.0,1.0,0,5905.0,8172.75,0,4,-0.07125000000000001,0.1648505004541994,-0.245,0.142,-0.07125000000000001,0.1648505004541994,0.17958911436944056,0.16025,1.0,4,0,1.0,1.0,0,4880.0,26642.75,0,4,50.04725,0.09325335114621974,49.888,50.115,0.047250000000000014,0.09325335114621974,0.10454066194548495,0.10325000000000095,1.0,4,0,1.0,1.0,0,9697.0,16161.75,0
86,86,power_law,5.362,1.0,18905.0,0.3620000000000001,0.3620000000000001,7.240000000000002,1,1,2.297,1.0,18971.0,0.29700000000000015,0.29700000000000015,14.850000000000009,1,1,5.581,1.0,17172.0,0.5810000000000004,0.5810000000000004,11.620000000000008,1,1,2.222,1.0,17215.0,0.22199999999999998,0.22199999999999998,11.099999999999998,1,1,0.445,1.0,17163.0,-0.05499999999999999,0.05499999999999999,10.999999999999998,1,1,0.006,1.0,45157.0,-0.004,0.004,40.0,1,1,0.343,1.0,52829.0,0.04300000000000004,0.04300000000000004,14.333333333333348,0,1,19.85,1.0,42950.0,1.8500000000000014,1.8500000000000014,10.277777777777786,1,1,4,0.226,0.019065675964937613,0.202,0.252,0.226,0.019065675964937613,0.2268027777607673,0.226,1.0,4,0,1.0,1.0,0,11509.0,13042.75,0,4,0.11825,0.05331685943489169,0.058,0.179,0.11825,0.05331685943489169,0.12971410871605293,0.11825,1.0,4,0,1.0,1.0,0,8915.0,16263.5,0,4,-0.1995,0.4046964912128594,-0.533,0.488,-0.1995,0.4046964912128594,0.45119785017218333,0.44349999999999995,1.0,4,0,1.0,1.0,0,28824.0,34373.5,0,4,49.96275,0.2547934212259018,49.601,50.242,-0.03725000000000023,0.2547934212259018,0.2575019417402514,0.23724999999999952,1.0,4,0,1.0,1.0,0,22317.0,31245.0,0
87,87,power_law,4.514,1.0,17916.0,-0.48599999999999977,0.48599999999999977,9.719999999999995,1,1,1.941,1.0,16592.0,-0.05899999999999994,0.05899999999999994,2.949999999999997,1,1,4.036,1.0,14484.0,-0.9640000000000004,0.9640000000000004,19.28000000000001,1,1,1.863,1.0,14109.0,-0.137,0.137,6.8500000000000005,1,1,0.454,1.0,16338.0,-0.045999999999999985,0.045999999999999985,9.199999999999998,1,1,0.011,1.0,48503.0,0.0009999999999999992,0.0009999999999999992,9.999999999999991,1,1,0.286,1.0,48531.0,-0.014000000000000012,0.014000000000000012,4.666666666666671,1,1,17.029,1.0,38093.0,-0.9710000000000001,0.9710000000000001,5.394444444444445,1,1,4,0.219,0.07710058365537838,0.106,0.321,0.219,0.07710058365537838,0.23217558011125974,0.219,1.0,4,0,1.0,1.0,0,9692.0,15548.25,0,4,0.131,0.10480696541738053,0.034,0.299,0.131,0.10480696541738053,0.16776620637065143,0.131,1.0,4,0,1.0,1.0,0,3731.0,20610.5,0,4,-0.14300000000000002,0.22366604570206897,-0.508,0.085,-0.14300000000000002,0.22366604570206897,0.26547222076895355,0.1855,1.0,4,0,1.0,1.0,0,23112.0,27275.75,0,4,49.83825,0.18292672713411892,49.528,49.999,-0.16174999999999962,0.18292672713411892,0.24418282085355691,0.16174999999999962,1.0,4,0,1.0,1.0,0,32564.0,35854.0,0
88,88,power_law,3.468,1.0,17359.0,-1.532,1.532,30.64,1,1,1.794,1.0,17221.0,-0.20599999999999996,0.20599999999999996,10.299999999999997,1,1,3.469,1.0,17174.0,-1.5310000000000001,1.5310000000000001,30.620000000000005,1,1,1.746,1.0,17203.0,-0.254,0.254,12.7,1,1,0.462,1.0,21600.0,-0.03799999999999998,0.03799999999999998,7.599999999999996,1,1,0.01,1.0,47147.0,0.0,0.0,0.0,1,1,0.329,1.0,46869.0,0.029000000000000026,0.029000000000000026,9.666666666666677,1,1,17.043,1.0,37374.0,-0.9570000000000007,0.9570000000000007,5.316666666666671,1,1,4,0.10350000000000001,0.054545852271277236,0.042,0.184,0.10350000000000001,0.054545852271277236,0.1169935895679759,0.10350000000000001,1.0,4,0,1.0,1.0,0,12980.0,21972.0,0,4,0.0785,0.02482438317461282,0.049,0.113,0.0785,0.02482438317461282,0.08233164640646998,0.0785,1.0,4,0,1.0,1.0,0,11724.0,21078.0,0,4,-0.27525,0.2384862417415311,-0.558,0.023,-0.27525,0.2384862417415311,0.3641953459340193,0.28675,0.75,3,0,1.0,1.0,0,28585.0,34940.25,0,4,49.7975,0.24769790067741715,49.448,50.144,-0.20250000000000057,0.24769790067741715,0.3199382752969701,0.27449999999999974,1.0,4,0,1.0,1.0,0,36394.0,37932.25,0
89,89,power_law,3.766,1.0,13624.0,-1.234,1.234,24.68,1,1,1.905,1.0,13639.0,-0.09499999999999997,0.09499999999999997,4.749999999999998,1,1,4.182,1.0,18450.0,-0.8179999999999996,0.8179999999999996,16.359999999999992,1,1,1.948,1.0,19164.0,-0.052000000000000046,0.052000000000000046,2.6000000000000023,1,1,0.436,1.0,20509.0,-0.064,0.064,12.8,1,1,0.015,1.0,35802.0,0.004999999999999999,0.004999999999999999,49.999999999999986,1,1,0.286,1.0,50171.0,-0.014000000000000012,0.014000000000000012,4.666666666666671,1,1,18.393,1.0,32232.0,0.3930000000000007,0.3930000000000007,2.183333333333337,1,1,4,0.10024999999999999,0.06068927005657591,0.044,0.202,0.10024999999999999,0.06068927005657591,0.11718894999102945,0.10024999999999999,1.0,4,0,1.0,1.0,0,10453.0,22297.5,0,4,0.134,0.09044888059008803,0.023,0.265,0.134,0.09044888059008803,0.16166941578418598,0.134,1.0,4,0,1.0,1.0,0,3254.0,15880.0,0,4,-0.40850000000000003,0.3012146244789585,-0.908,-0.169,-0.40850000000000003,0.3012146244789585,0.5075455644570249,0.40850000000000003,0.75,3,0,1.0,1.0,0,21177.0,29637.5,0,4,50.245,0.21242528098133776,49.907,50.492,0.24499999999999922,0.21242528098133778,0.3242676363746464,0.291500000000001,1.0,4,0,1.0,1.0,0,28260.0,32875.0,0
90,90,power_law,4.719,1.0,18789.0,-0.2809999999999997,0.2809999999999997,5.619999999999994,1,1,1.828,1.0,18194.0,-0.17199999999999993,0.17199999999999993,8.599999999999996,1,1,7.431,1.0,17522.0,2.431,2.431,48.620000000000005,1,1,2.659,1.0,17674.0,0.6589999999999998,0.6589999999999998,32.94999999999999,1,1,0.408,1.0,20100.0,-0.09200000000000003,0.09200000000000003,18.400000000000006,1,1,0.005,1.0,45539.0,-0.005,0.005,50.0,1,1,0.309,1.0,39787.0,0.009000000000000008,0.009000000000000008,3.0000000000000027,1,1,17.452,1.0,39827.0,-0.5479999999999983,0.5479999999999983,3.0444444444444345,1,1,4,0.20700000000000002,0.03579106033634657,0.178,0.268,0.20700000000000002,0.03579106033634657,0.21007141642784247,0.20700000000000002,1.0,4,0,1.0,1.0,0,10753.0,16387.0,0,4,0.29575,0.17273154749494948,0.152,0.588,0.29575,0.17273154749494948,0.34249708027952586,0.29575,1.0,4,0,1.0,1.0,0,3026.0,8895.5,0,4,-0.35775,0.36187385578402864,-0.727,0.097,-0.35775,0.36187385578402864,0.5088592634511039,0.40625,1.0,4,0,1.0,1.0,0,23771.0,25185.75,0,4,50.636,0.08276170612064361,50.511,50.738,0.636000000000001,0.08276170612064361,0.6413622221490762,0.636000000000001,1.0,4,0,1.0,1.0,0,24034.0,26287.5,0
91,91,power_law,3.686,1.0,13017.0,-1.314,1.314,26.280000000000005,1,1,1.762,1.0,13238.0,-0.238,0.238,11.899999999999999,1,1,5.115,1.0,18547.0,0.11500000000000021,0.11500000000000021,2.3000000000000043,1,1,2.162,1.0,18589.0,0.16199999999999992,0.16199999999999992,8.099999999999996,1,1,0.452,1.0,20364.0,-0.04799999999999999,0.04799999999999999,9.599999999999998,1,1,0.012,1.0,47140.0,0.002,0.002,20.0,1,1,0.284,1.0,27685.0,-0.016000000000000014,0.016000000000000014,5.333333333333338,1,1,19.005,1.0,28577.0,1.004999999999999,1.004999999999999,5.583333333333328,1,1,4,0.1885,0.10171897561418912,0.091,0.327,0.1885,0.10171897561418912,0.2141938374463654,0.1885,1.0,4,0,1.0,1.0,0,4769.0,12334.0,0,4,0.13975,0.08558438817915334,0.052,0.275,0.13975,0.08558438817915334,0.1638741895479578,0.13975,1.0,4,0,1.0,1.0,0,4503.0,15792.25,0,4,-0.33875,0.2795991550416417,-0.82,-0.148,-0.33875,0.2795991550416417,0.4392348460675678,0.33875,1.0,4,0,1.0,1.0,0,24369.0,29390.75,0,4,50.028999999999996,0.18499324311985046,49.756,50.277,0.028999999999999915,0.18499324311985046,0.18725250332105067,0.1509999999999998,1.0,4,0,1.0,1.0,0,30573.0,35811.5,0
92,92,power_law,4.598,1.0,17964.0,-0.40200000000000014,0.40200000000000014,8.040000000000003,1,1,1.9,1.0,17248.0,-0.10000000000000009,0.10000000000000009,5.000000000000004,1,1,4.654,1.0,17725.0,-0.3460000000000001,0.3460000000000001,6.920000000000001,1,1,2.011,1.0,17758.0,0.01100000000000012,0.01100000000000012,0.550000000000006,1,1,0.432,1.0,18216.0,-0.068,0.068,13.600000000000001,1,1,0.012,1.0,43089.0,0.002,0.002,20.0,1,1,0.31,1.0,43547.0,0.010000000000000009,0.010000000000000009,3.3333333333333366,1,1,16.485,1.0,22018.0,-1.5150000000000006,1.5150000000000006,8.41666666666667,1,1,4,0.32475,0.2619965410077011,0.144,0.777,0.32475,0.2619965410077011,0.4172586128529883,0.32475,1.0,4,0,1.0,1.0,0,3014.0,13382.25,0,4,0.12475,0.040027334410375114,0.075,0.177,0.12475,0.040027334410375114,0.13101431219527124,0.12475,1.0,4,0,1.0,1.0,0,11252.0,15557.25,0,4,-0.2545,0.2738690380455593,-0.721,-0.032,-0.2545,0.2738690380455593,0.37386428018734286,0.2545,1.0,4,0,1.0,1.0,0,25589.0,28046.5,0,4,49.94525,0.17427187811003966,49.824,50.246,-0.0547500000000003,0.17427187811003966,0.18266978403666148,0.1777500000000014,1.0,4,0,1.0,1.0,0,32090.0,35341.0,0
93,93,power_law,6.766,1.0,18509.0,1.766,1.766,35.32,1,1,2.4,1.0,17946.0,0.3999999999999999,0.3999999999999999,19.999999999999996,1,1,2.752,1.0,15094.0,-2.248,2.248,44.96000000000001,0,1,1.649,1.0,15817.0,-0.351,0.351,17.549999999999997,1,1,0.421,1.0,18959.0,-0.07900000000000001,0.07900000000000001,15.800000000000002,1,1,0.02,1.0,41256.0,0.01,0.01,100.0,0,1,0.306,1.0,43362.0,0.006000000000000005,0.006000000000000005,2.0000000000000018,1,1,18.451,1.0,36276.0,0.4510000000000005,0.4510000000000005,2.5055555555555586,1,1,4,0.333,0.13960838083725488,0.127,0.478,0.333,0.13960838083725488,0.36108101583993585,0.333,1.0,4,0,1.0,1.0,0,7391.0,11037.5,0,4,0.08725,0.05995988242149913,0.011,0.165,0.08725,0.05995988242149913,0.10586666141897552,0.08725,1.0,4,0,1.0,1.0,0,5751.0,16201.25,0,4,-0.5409999999999999,0.38820162287141463,-0.985,-0.049,-0.5409999999999999,0.38820162287141463,0.6658689811066438,0.5409999999999999,1.0,4,0,1.0,1.0,0,20359.0,22666.25,0,4,49.787,0.23208942242161565,49.618,50.187,-0.2129999999999992,0.23208942242161565,0.3150150790041626,0.306499999999998,0.75,3,0,1.0,1.0,0,31919.0,34732.25,0
94,94,power_law,3.065,1.0,16907.0,-1.935,1.935,38.7,1,1,1.767,1.0,16267.0,-0.2330000000000001,0.2330000000000001,11.650000000000006,1,1,5.713,1.0,16341.0,0.7130000000000001,0.7130000000000001,14.26,1,1,2.219,1.0,15706.0,0.21899999999999986,0.21899999999999986,10.949999999999992,1,1,0.471,1.0,21507.0,-0.029000000000000026,0.029000000000000026,5.800000000000005,1,1,0.01,1.0,32445.0,0.0,0.0,0.0,1,1,0.275,1.0,40071.0,-0.024999999999999967,0.024999999999999967,8.333333333333323,1,1,17.607,1.0,41561.0,-0.3930000000000007,0.3930000000000007,2.183333333333337,1,1,4,0.13199999999999998,0.07527947927556353,0.033,0.205,0.13199999999999998,0.07527947927556353,0.15195723082499232,0.13199999999999998,1.0,4,0,1.0,1.0,0,8405.0,15007.0,0,4,0.3027500000000001,0.17389418477913515,0.127,0.497,0.3027500000000001,0.17389418477913515,0.34913715070155454,0.3027500000000001,1.0,4,0,1.0,1.0,0,1350.0,8511.5,0,4,-0.019500000000000003,0.105661014570181,-0.133,0.088,-0.019500000000000003,0.105661014570181,0.10744533493828386,0.10550000000000001,1.0,4,0,1.0,1.0,0,21512.0,24545.0,0,4,50.18675,0.3520073685308308,49.883,50.78,0.18674999999999997,0.3520073685308308,0.3984780420550173,0.25874999999999915,1.0,4,0,1.0,1.0,0,24997.0,29032.0,0
95,95,power_law,3.667,1.0,16405.0,-1.3330000000000002,1.3330000000000002,26.660000000000007,1,1,1.758,1.0,15485.0,-0.242,0.242,12.1,1,1,5.191,1.0,14618.0,0.19099999999999984,0.19099999999999984,3.819999999999997,1,1,2.102,1.0,14621.0,0.10199999999999987,0.10199999999999987,5.099999999999993,1,1,0.432,1.0,19200.0,-0.068,0.068,13.600000000000001,1,1,0.008,1.0,40147.0,-0.002,0.002,20.0,1,1,0.292,1.0,55779.0,-0.008000000000000007,0.008000000000000007,2.666666666666669,1,1,16.522,1.0,46208.0,-1.4780000000000015,1.4780000000000015,8.21111111111112,1,1,4,0.16424999999999998,0.10864017442916778,0.073,0.347,0.16424999999999998,0.10864017442916778,0.1969282864395057,0.16424999999999998,1.0,4,0,1.0,1.0,0,7707.0,19226.0,0,4,0.14650000000000002,0.05783813620786894,0.057,0.2,0.14650000000000002,0.05783813620786894,0.1575039682039789,0.14650000000000002,1.0,4,0,1.0,1.0,0,5551.0,14220.0,0,4,0.06675000000000002,0.35669060472628095,-0.407,0.422,0.06675000000000002,0.35669060472628095,0.36288255675907044,0.34475,1.0,4,0,1.0,1.0,0,29191.0,38792.5,0,4,50.21775,0.5308405480933044,49.839,51.131,0.21775000000000055,0.5308405480933044,0.573765413736311,0.35224999999999973,0.75,3,0,1.0,1.0,0,33817.0,38020.75,0
96,96,power_law,6.501,1.0,18618.0,1.5010000000000003,1.5010000000000003,30.020000000000007,1,1,2.481,1.0,17885.0,0.48099999999999987,0.48099999999999987,24.049999999999994,1,1,3.936,1.0,16932.0,-1.064,1.064,21.28,1,1,1.726,1.0,16342.0,-0.274,0.274,13.700000000000001,1,1,0.467,1.0,10731.0,-0.032999999999999974,0.032999999999999974,6.599999999999994,1,1,0.012,1.0,4749.0,0.002,0.002,20.0,1,1,0.309,1.0,19367.0,0.009000000000000008,0.009000000000000008,3.0000000000000027,1,1,16.19,1.0,18370.0,-1.8099999999999987,1.8099999999999987,10.055555555555548,1,1,4,0.39775,0.11507470399701232,0.246,0.54,0.39775,0.11507470399701232,0.41406189150898687,0.39775,1.0,4,0,1.0,1.0,0,7358.0,8118.75,0,4,0.08499999999999999,0.02802677291448304,0.039,0.11,0.08499999999999999,0.02802677291448304,0.0895013966371475,0.08499999999999999,1.0,4,0,1.0,1.0,0,17082.0,22403.25,0,4,-0.372,0.1688149874863011,-0.566,-0.153,-0.372,0.1688149874863011,0.40851254570698314,0.372,1.0,4,0,1.0,1.0,0,3786.0,10451.0,0,4,50.050749999999994,0.18905604327817804,49.882,50.357,0.05074999999999896,0.18905604327817804,0.19574920178636804,0.15625000000000178,1.0,4,0,1.0,1.0,0,11159.0,22556.25,0
97,97,power_law,6.343,1.0,19279.0,1.343,1.343,26.86,1,1,2.397,1.0,19116.0,0.3969999999999998,0.3969999999999998,19.84999999999999,1,1,5.273,1.0,19309.0,0.2729999999999997,0.2729999999999997,5.459999999999994,1,1,2.215,1.0,19454.0,0.21499999999999986,0.21499999999999986,10.749999999999993,1,1,0.455,1.0,16979.0,-0.044999999999999984,0.044999999999999984,8.999999999999996,1,1,0.015,1.0,43205.0,0.004999999999999999,0.004999999999999999,49.999999999999986,1,1,0.296,1.0,51353.0,-0.0040000000000000036,0.0040000000000000036,1.3333333333333346,1,1,18.944,1.0,37125.0,0.9439999999999991,0.9439999999999991,5.244444444444439,1,1,4,0.33125,0.23865076471698138,0.073,0.683,0.33125,0.23865076471698138,0.4082655385897762,0.33125,1.0,4,0,1.0,1.0,0,1382.0,11341.5,0,4,0.1585,0.06639465339920075,0.046,0.218,0.1585,0.06639465339920075,0.17184440636808634,0.1585,1.0,4,0,1.0,1.0,0,7038.0,16614.25,0,4,-0.057749999999999996,0.1519298769169514,-0.289,0.082,-0.057749999999999996,0.1519298769169514,0.1625353807636971,0.13625,1.0,4,0,1.0,1.0,0,28272.0,31121.5,0,4,50.25125,0.23297035755649356,49.955,50.591,0.25125000000000064,0.23297035755649356,0.3426393876949945,0.2737500000000015,0.75,3,0,1.0,1.0,0,25275.0,31506.75,0
98,98,power_law,4.079,1.0,12470.0,-0.9210000000000003,0.9210000000000003,18.420000000000005,1,1,1.672,1.0,11878.0,-0.32800000000000007,0.32800000000000007,16.400000000000002,1,1,4.372,1.0,16504.0,-0.6280000000000001,0.6280000000000001,12.560000000000002,1,1,2.03,1.0,15971.0,0.029999999999999805,0.029999999999999805,1.4999999999999902,1,1,0.431,1.0,17035.0,-0.069,0.069,13.8,1,1,0.014,1.0,44648.0,0.004,0.004,40.0,1,1,0.304,1.0,48905.0,0.0040000000000000036,0.0040000000000000036,1.3333333333333346,1,1,16.414,1.0,32364.0,-1.5859999999999985,1.5859999999999985,8.811111111111103,1,1,4,0.2435,0.10865656906050365,0.132,0.373,0.2435,0.10865656906050365,0.2666430197848802,0.2435,1.0,4,0,1.0,1.0,0,8702.0,14896.25,0,4,0.10799999999999998,0.036187014245444446,0.054,0.141,0.10799999999999998,0.036187014245444446,0.11390127303941777,0.10799999999999998,1.0,4,0,1.0,1.0,0,11846.0,16936.5,0,4,-0.11474999999999999,0.3106423787895013,-0.622,0.153,-0.11474999999999999,0.3106423787895013,0.3311589497507202,0.25325000000000003,1.0,4,0,1.0,1.0,0,13966.0,21271.25,0,4,50.106,0.1849662131309401,49.823,50.337,0.10600000000000165,0.1849662131309401,0.21318653803652968,0.19450000000000145,1.0,4,0,1.0,1.0,0,26113.0,31665.0,0
99,99,power_law,5.054,1.0,17351.0,0.05400000000000027,0.05400000000000027,1.0800000000000054,1,1,2.233,1.0,16833.0,0.2330000000000001,0.2330000000000001,11.650000000000006,1,1,3.813,1.0,16267.0,-1.1869999999999998,1.1869999999999998,23.74,1,1,1.707,1.0,16063.0,-0.2929999999999999,0.2929999999999999,14.649999999999997,1,1,0.476,1.0,18651.0,-0.02400000000000002,0.02400000000000002,4.800000000000004,1,1,0.009,1.0,48131.0,-0.0010000000000000009,0.0010000000000000009,10.000000000000009,1,1,0.298,1.0,50377.0,-0.0020000000000000018,0.0020000000000000018,0.6666666666666673,1,1,17.509,1.0,39853.0,-0.49099999999999966,0.49099999999999966,2.7277777777777756,1,1,4,0.27849999999999997,0.2685651690000027,0.087,0.742,0.27849999999999997,0.2685651690000027,0.3868972731875995,0.27849999999999997,1.0,4,0,1.0,1.0,0,928.0,12444.25,0,4,0.11125,0.014872373717735851,0.091,0.133,0.11125,0.014872373717735851,0.11223969885918263,0.11125,1.0,4,0,1.0,1.0,0,18554.0,22577.0,0,4,-0.2705,0.33816453096089183,-0.605,0.294,-0.2705,0.33816453096089183,0.4330421457548907,0.4175,1.0,4,0,1.0,1.0,0,24960.0,29079.25,0,4,50.19475,0.4077801950806346,49.614,50.668,0.1947499999999991,0.4077801950806346,0.45189849523980496,0.3877500000000005,1.0,4,0,1.0,1.0,0,23715.0,29794.0,0
