,simulation,model,scale1_post_mean,scale1_rhat,scale1_ess_bulk,scale1_bias,scale1_abs_bias,scale1_relative_error,scale1_covered,scale1_converged,exponent1_post_mean,exponent1_rhat,exponent1_ess_bulk,exponent1_bias,exponent1_abs_bias,exponent1_relative_error,exponent1_covered,exponent1_converged,scale2_post_mean,scale2_rhat,scale2_ess_bulk,scale2_bias,scale2_abs_bias,scale2_relative_error,scale2_covered,scale2_converged,exponent2_post_mean,exponent2_rhat,exponent2_ess_bulk,exponent2_bias,exponent2_abs_bias,exponent2_relative_error,exponent2_covered,exponent2_converged,weight_post_mean,weight_rhat,weight_ess_bulk,weight_bias,weight_abs_bias,weight_relative_error,weight_covered,weight_converged,q_param_post_mean,q_param_rhat,q_param_ess_bulk,q_param_bias,q_param_abs_bias,q_param_relative_error,q_param_covered,q_param_converged,pi0_post_mean,pi0_rhat,pi0_ess_bulk,pi0_bias,pi0_abs_bias,pi0_relative_error,pi0_covered,pi0_converged,phi_post_mean,phi_rhat,phi_ess_bulk,phi_bias,phi_abs_bias,phi_relative_error,phi_covered,phi_converged,n_fx1,fx1_post_mean_avg,fx1_post_mean_sd,fx1_post_mean_min,fx1_post_mean_max,fx1_bias_mean,fx1_bias_sd,fx1_rmse,fx1_mae,fx1_coverage_rate,fx1_n_covered,fx1_n_rhat_nan,fx1_rhat_mean,fx1_rhat_max,fx1_n_rhat_above_1.01,fx1_ess_bulk_min,fx1_ess_bulk_mean,fx1_n_ess_below_400,n_fx2,fx2_post_mean_avg,fx2_post_mean_sd,fx2_post_mean_min,fx2_post_mean_max,fx2_bias_mean,fx2_bias_sd,fx2_rmse,fx2_mae,fx2_coverage_rate,fx2_n_covered,fx2_n_rhat_nan,fx2_rhat_mean,fx2_rhat_max,fx2_n_rhat_above_1.01,fx2_ess_bulk_min,fx2_ess_bulk_mean,fx2_n_ess_below_400,n_fy1,fy1_post_mean_avg,fy1_post_mean_sd,fy1_post_mean_min,fy1_post_mean_max,fy1_bias_mean,fy1_bias_sd,fy1_rmse,fy1_mae,fy1_coverage_rate,fy1_n_covered,fy1_n_rhat_nan,fy1_rhat_mean,fy1_rhat_max,fy1_n_rhat_above_1.01,fy1_ess_bulk_min,fy1_ess_bulk_mean,fy1_n_ess_below_400,n_fy2,fy2_post_mean_avg,fy2_post_mean_sd,fy2_post_mean_min,fy2_post_mean_max,fy2_bias_mean,fy2_bias_sd,fy2_rmse,fy2_mae,fy2_coverage_rate,fy2_n_covered,fy2_n_rhat_nan,fy2_rhat_mean,fy2_rhat_max,fy2_n_rhat_above_1.01,fy2_ess_bulk_min,fy2_ess_bulk_mean,fy2_n_ess_below_400
0,0,power_law,5.203,1.0,18942.0,0.2030000000000003,0.2030000000000003,4.060000000000006,1,1,2.213,1.0,18499.0,0.21300000000000008,0.21300000000000008,10.650000000000004,1,1,5.381,1.0,22151.0,0.3810000000000002,0.3810000000000002,7.6200000000000045,1,1,2.352,1.0,24768.0,0.35199999999999987,0.35199999999999987,17.599999999999994,1,1,0.76,1.0,9386.0,-0.18999999999999995,0.18999999999999995,19.999999999999996,0,1,0.012,1.0,49162.0,0.002,0.002,20.0,1,1,0.312,1.0,34985.0,0.01200000000000001,0.01200000000000001,4.0000000000000036,1,1,19.195,1.0,41362.0,1.1950000000000003,1.1950000000000003,6.63888888888889,1,1,4,0.057,0.030083217912982647,0.034,0.108,0.057,0.030083217912982647,0.06445153217728807,0.057,1.0,4,0,1.0,1.0,0,12927.0,20768.25,0,4,2.806,0.5002214509594726,2.39,3.66,2.806,0.5002214509594726,2.850238147944834,2.806,1.0,4,0,1.0,1.0,0,8816.0,19666.5,0,4,-0.07325000000000001,0.16557079301615973,-0.339,0.104,-0.07325000000000001,0.16557079301615973,0.18105040734557876,0.13225,1.0,4,0,1.0,1.0,0,9769.0,30552.5,0,4,53.649,1.5327635173111356,51.979,55.463,3.648999999999999,1.5327635173111356,3.957848531715179,3.648999999999999,1.0,4,0,1.0,1.0,0,12634.0,14435.5,0
1,1,power_law,3.671,1.0,15490.0,-1.3290000000000002,1.3290000000000002,26.580000000000005,1,1,1.828,1.0,15755.0,-0.17199999999999993,0.17199999999999993,8.599999999999996,1,1,4.986,1.0,22903.0,-0.014000000000000234,0.014000000000000234,0.2800000000000047,1,1,2.23,1.0,22805.0,0.22999999999999998,0.22999999999999998,11.5,1,1,0.765,1.0,16186.0,-0.18499999999999994,0.18499999999999994,19.473684210526308,0,1,0.011,1.0,48542.0,0.0009999999999999992,0.0009999999999999992,9.999999999999991,1,1,0.296,1.0,51026.0,-0.0040000000000000036,0.0040000000000000036,1.3333333333333346,1,1,17.757,1.0,39511.0,-0.24299999999999855,0.24299999999999855,1.349999999999992,1,1,4,0.057999999999999996,0.028098042636454233,0.016,0.086,0.057999999999999996,0.028098042636454233,0.06444765317682251,0.057999999999999996,1.0,4,0,1.0,1.0,0,9536.0,17461.5,0,4,2.89875,0.9871090048723089,1.325,4.005,2.89875,0.9871090048723089,3.0622109251323626,2.89875,1.0,4,0,1.0,1.0,0,9904.0,14374.75,0,4,0.056749999999999995,0.1950850775943665,-0.275,0.223,0.056749999999999995,0.1950850775943665,0.20317172539504605,0.19425,1.0,4,0,1.0,1.0,0,33913.0,35628.0,0,4,52.053,1.1247077398151049,50.956,53.84,2.053000000000001,1.1247077398151049,2.3408922444230544,2.053000000000001,1.0,4,0,1.0,1.0,0,10174.0,12092.0,0
2,2,power_law,4.601,1.0,15887.0,-0.399,0.399,7.980000000000001,1,1,2.004,1.0,16413.0,0.0040000000000000036,0.0040000000000000036,0.20000000000000018,1,1,4.91,1.0,20438.0,-0.08999999999999986,0.08999999999999986,1.7999999999999972,1,1,2.327,1.0,22481.0,0.32699999999999996,0.32699999999999996,16.349999999999998,1,1,0.743,1.0,13029.0,-0.20699999999999996,0.20699999999999996,21.789473684210524,0,1,0.008,1.0,49991.0,-0.002,0.002,20.0,1,1,0.31,1.0,42010.0,0.010000000000000009,0.010000000000000009,3.3333333333333366,1,1,19.12,1.0,46058.0,1.120000000000001,1.120000000000001,6.222222222222228,1,1,4,0.0615,0.032499999999999994,0.017,0.106,0.0615,0.032499999999999994,0.0695593271962862,0.0615,1.0,4,0,1.0,1.0,0,6578.0,22820.5,0,4,3.0092499999999998,1.0654720491406613,1.788,4.156,3.0092499999999998,1.0654720491406613,3.192305788924363,3.0092499999999998,1.0,4,0,1.0,1.0,0,11891.0,16932.25,0,4,0.037000000000000005,0.08180770134895614,-0.072,0.131,0.037000000000000005,0.08180770134895614,0.08978585634719982,0.07800000000000001,1.0,4,0,1.0,1.0,0,38737.0,41140.75,0,4,52.796749999999996,0.6535393542090648,51.808,53.636,2.796750000000001,0.6535393542090648,2.872094053125699,2.796750000000001,1.0,4,0,1.0,1.0,0,10710.0,11729.5,0
3,3,power_law,3.764,1.0,14763.0,-1.2360000000000002,1.2360000000000002,24.720000000000002,1,1,1.847,1.0,15171.0,-0.15300000000000002,0.15300000000000002,7.650000000000001,1,1,4.302,1.0,17196.0,-0.6980000000000004,0.6980000000000004,13.960000000000008,1,1,2.531,1.0,18466.0,0.5310000000000001,0.5310000000000001,26.550000000000008,1,1,0.776,1.0,12451.0,-0.17399999999999993,0.17399999999999993,18.315789473684205,0,1,0.005,1.0,27207.0,-0.005,0.005,50.0,1,1,0.291,1.0,40428.0,-0.009000000000000008,0.009000000000000008,3.0000000000000027,1,1,18.064,1.0,31419.0,0.06400000000000006,0.06400000000000006,0.3555555555555559,1,1,4,0.07800000000000001,0.037795502377928517,0.026,0.117,0.07800000000000001,0.037795502377928517,0.08667467911679858,0.07800000000000001,1.0,4,0,1.0,1.0,0,4624.0,11686.5,0,4,1.61475,1.1671502420425572,0.718,3.62,1.61475,1.1671502420425572,1.9923998720136478,1.61475,1.0,4,0,1.0,1.0,0,2043.0,10650.75,0,4,-0.04075000000000001,0.208557396176688,-0.373,0.148,-0.04075000000000001,0.208557396176688,0.2125011764673316,0.17725,1.0,4,0,1.0,1.0,0,9044.0,16753.0,0,4,51.43475,1.148390476928471,49.716,52.874,1.434750000000001,1.148390476928471,1.8377454257867176,1.5767500000000005,1.0,4,0,1.0,1.0,0,4934.0,9433.5,0
4,4,power_law,3.92,1.0,10133.0,-1.08,1.08,21.6,1,1,1.949,1.0,10150.0,-0.050999999999999934,0.050999999999999934,2.5499999999999967,1,1,5.496,1.0,21559.0,0.49600000000000044,0.49600000000000044,9.920000000000009,1,1,2.146,1.0,20087.0,0.1459999999999999,0.1459999999999999,7.299999999999995,1,1,0.762,1.0,8198.0,-0.18799999999999994,0.18799999999999994,19.78947368421052,0,1,0.011,1.0,3136.0,0.0009999999999999992,0.0009999999999999992,9.999999999999991,1,1,0.299,1.0,10750.0,-0.0010000000000000009,0.0010000000000000009,0.33333333333333365,1,1,18.832,1.0,39877.0,0.8320000000000007,0.8320000000000007,4.622222222222226,1,1,4,0.07275000000000001,0.04515736374059053,0.009,0.134,0.07275000000000001,0.04515736374059053,0.0856256386837494,0.07275000000000001,1.0,4,0,1.0,1.0,0,6133.0,12822.25,0,4,2.9615,0.5045009910793041,2.131,3.398,2.9615,0.5045009910793041,3.004164359684736,2.9615,1.0,4,0,1.0,1.0,0,4638.0,17766.5,0,4,-0.12300000000000001,0.24776299158671783,-0.538,0.115,-0.12300000000000001,0.24776299158671783,0.2766143524837423,0.18050000000000002,0.75,3,0,1.0,1.0,0,10345.0,27343.0,0,4,54.315749999999994,1.0298583337042044,53.336,55.802,4.3157499999999995,1.0298583337042044,4.4369253148999475,4.3157499999999995,1.0,4,0,1.0,1.0,0,7474.0,9931.5,0
5,5,power_law,5.158,1.0,11684.0,0.15800000000000036,0.15800000000000036,3.1600000000000072,1,1,2.148,1.0,11950.0,0.14800000000000013,0.14800000000000013,7.400000000000007,1,1,4.534,1.0,14835.0,-0.4660000000000002,0.4660000000000002,9.320000000000004,1,1,2.308,1.0,16091.0,0.30799999999999983,0.30799999999999983,15.399999999999991,1,1,0.741,1.0,12698.0,-0.20899999999999996,0.20899999999999996,21.999999999999996,0,1,0.008,1.0,27422.0,-0.002,0.002,20.0,1,1,0.309,1.0,41287.0,0.009000000000000008,0.009000000000000008,3.0000000000000027,1,1,17.267,1.0,34916.0,-0.7330000000000005,0.7330000000000005,4.072222222222225,1,1,4,0.10875,0.029961433543807616,0.084,0.159,0.10875,0.029961433543807616,0.11280181736124645,0.10875,1.0,4,0,1.0,1.0,0,4829.0,10930.5,0,4,1.9685000000000001,0.4462989468954638,1.395,2.523,1.9685000000000001,0.4462989468954638,2.0184585702956603,1.9685000000000001,1.0,4,0,1.0,1.0,0,7110.0,13962.0,0,4,-0.24575,0.19782615474198548,-0.572,-0.052,-0.24575,0.19782615474198548,0.31548098199416075,0.24575,1.0,4,0,1.0,1.0,0,21841.0,33326.75,0,4,52.747,1.281767919710896,51.0,54.144,2.747,1.281767919710896,3.031326112446498,2.747,1.0,4,0,1.0,1.0,0,7227.0,8161.0,0
6,6,power_law,5.021,1.0,16824.0,0.020999999999999908,0.020999999999999908,0.41999999999999815,1,1,2.059,1.0,16946.0,0.05900000000000016,0.05900000000000016,2.950000000000008,1,1,5.022,1.0,14950.0,0.02200000000000024,0.02200000000000024,0.4400000000000048,1,1,2.408,1.0,15145.0,0.4079999999999999,0.4079999999999999,20.399999999999995,1,1,0.721,1.0,17340.0,-0.22899999999999998,0.22899999999999998,24.105263157894736,0,1,0.005,1.0,42320.0,-0.005,0.005,50.0,1,1,0.277,1.0,43621.0,-0.022999999999999965,0.022999999999999965,7.666666666666655,1,1,16.148,1.0,41099.0,-1.8520000000000003,1.8520000000000003,10.28888888888889,1,1,4,0.1405,0.10011118818593653,0.034,0.305,0.1405,0.10011118818593653,0.17251811499086117,0.1405,1.0,4,0,1.0,1.0,0,2495.0,12661.25,0,4,1.8635,0.5088872664942601,1.32,2.692,1.8635,0.5088872664942601,1.9317345832178914,1.8635,1.0,4,0,1.0,1.0,0,21828.0,23682.5,0,4,-0.15625,0.24322970110576547,-0.421,0.196,-0.15625,0.24322970110576547,0.28909297812295615,0.25425,0.75,3,0,1.0,1.0,0,25551.0,28995.0,0,4,53.851749999999996,0.2184701066507737,53.628,54.206,3.851750000000001,0.2184701066507737,3.8579408043670145,3.851750000000001,0.75,3,0,1.0,1.0,0,12822.0,14118.5,0
7,7,power_law,4.326,1.0,11943.0,-0.6740000000000004,0.6740000000000004,13.48000000000001,1,1,1.975,1.0,11973.0,-0.02499999999999991,0.02499999999999991,1.2499999999999956,1,1,4.253,1.0,5990.0,-0.7469999999999999,0.7469999999999999,14.939999999999998,1,1,2.38,1.0,7293.0,0.3799999999999999,0.3799999999999999,18.999999999999993,1,1,0.745,1.0,7688.0,-0.20499999999999996,0.20499999999999996,21.57894736842105,0,1,0.012,1.0,16573.0,0.002,0.002,20.0,1,1,0.309,1.0,39116.0,0.009000000000000008,0.009000000000000008,3.0000000000000027,1,1,18.975,1.0,7318.0,0.9750000000000014,0.9750000000000014,5.416666666666674,1,1,4,0.12925,0.11819554771648551,0.023,0.327,0.12925,0.11819554771648551,0.17514493997829342,0.12925,1.0,4,0,1.0,1.0,0,1950.0,13088.0,0,4,1.52875,0.4777867594440013,0.969,2.264,1.52875,0.4777867594440013,1.6016731095950882,1.52875,1.0,4,0,1.0,1.0,0,4604.0,7425.5,0,4,-0.11725000000000001,0.05138762010445706,-0.178,-0.056,-0.11725000000000001,0.05138762010445706,0.12801660048603072,0.11725000000000001,1.0,4,0,1.0,1.0,0,13901.0,28636.75,0,4,51.4475,1.079892239994342,50.213,53.095,1.4475000000000016,1.0798922399943423,1.8059411673695247,1.4475000000000016,1.0,4,0,1.0,1.0,0,4945.0,5694.25,0
8,8,power_law,6.65,1.0,19183.0,1.6500000000000004,1.6500000000000004,33.00000000000001,1,1,2.409,1.0,19353.0,0.4089999999999998,0.4089999999999998,20.44999999999999,1,1,5.31,1.0,22711.0,0.3099999999999996,0.3099999999999996,6.199999999999992,1,1,2.234,1.0,23294.0,0.23399999999999999,0.23399999999999999,11.7,1,1,0.762,1.0,17439.0,-0.18799999999999994,0.18799999999999994,19.78947368421052,0,1,0.003,1.0,45148.0,-0.007,0.007,70.0,0,1,0.29,1.0,56791.0,-0.010000000000000009,0.010000000000000009,3.3333333333333366,1,1,16.926,1.0,43116.0,-1.0740000000000016,1.0740000000000016,5.966666666666676,1,1,4,0.12625,0.05875531890816354,0.046,0.212,0.12625,0.05875531890816354,0.13925246855980686,0.12625,1.0,4,0,1.0,1.0,0,8947.0,16072.25,0,4,2.47825,0.5020679112430906,2.019,3.28,2.47825,0.5020679112430906,2.5285955093687877,2.47825,1.0,4,0,1.0,1.0,0,22021.0,25026.25,0,4,-0.022500000000000006,0.21204775405554288,-0.265,0.239,-0.022500000000000006,0.21204775405554288,0.21323812979858928,0.207,1.0,4,0,1.0,1.0,0,30733.0,37045.0,0,4,53.97925,0.8677359549425149,52.978,55.302,3.9792500000000004,0.8677359549425149,4.07276272940126,3.9792500000000004,1.0,4,0,1.0,1.0,0,13851.0,14724.0,0
9,9,power_law,4.033,1.0,15955.0,-0.9669999999999996,0.9669999999999996,19.339999999999993,1,1,1.958,1.0,15372.0,-0.04200000000000004,0.04200000000000004,2.100000000000002,1,1,5.111,1.0,29166.0,0.11099999999999977,0.11099999999999977,2.2199999999999953,1,1,1.756,1.0,22382.0,-0.244,0.244,12.2,1,1,0.773,1.0,15834.0,-0.17699999999999994,0.17699999999999994,18.631578947368414,0,1,0.011,1.0,49870.0,0.0009999999999999992,0.0009999999999999992,9.999999999999991,1,1,0.309,1.0,59742.0,0.009000000000000008,0.009000000000000008,3.0000000000000027,1,1,18.469,1.0,47499.0,0.4690000000000012,0.4690000000000012,2.6055555555555623,1,1,4,0.04075,0.01160549438843516,0.024,0.053,0.04075,0.01160549438843516,0.04237039060476077,0.04075,1.0,4,0,1.0,1.0,0,17406.0,22611.5,0,4,4.055000000000001,0.40584910989184136,3.585,4.688,4.055000000000001,0.40584910989184136,4.0752593169024225,4.055000000000001,1.0,4,0,1.0,1.0,0,12323.0,25147.5,0,4,-0.2045,0.068853104505171,-0.285,-0.113,-0.2045,0.068853104505171,0.21577998053572994,0.2045,1.0,4,0,1.0,1.0,0,31757.0,42232.75,0,4,54.269,2.4352549147881817,50.606,57.461,4.269,2.435254914788182,4.914756097712275,4.269,1.0,4,0,1.0,1.0,0,11421.0,12368.25,0
10,10,power_law,4.966,1.0,18661.0,-0.03399999999999981,0.03399999999999981,0.6799999999999962,1,1,2.134,1.0,18871.0,0.1339999999999999,0.1339999999999999,6.699999999999995,1,1,5.751,1.0,21641.0,0.7510000000000003,0.7510000000000003,15.020000000000005,1,1,2.395,1.0,21383.0,0.395,0.395,19.75,1,1,0.746,1.0,14172.0,-0.20399999999999996,0.20399999999999996,21.47368421052631,0,1,0.011,1.0,42984.0,0.0009999999999999992,0.0009999999999999992,9.999999999999991,1,1,0.306,1.0,45025.0,0.006000000000000005,0.006000000000000005,2.0000000000000018,1,1,18.682,1.0,34990.0,0.6819999999999986,0.6819999999999986,3.788888888888881,1,1,4,0.06275,0.038609422425102395,0.019,0.106,0.06275,0.038609422425102395,0.07367665844757076,0.06275,1.0,4,0,1.0,1.0,0,10322.0,19522.5,0,4,2.995,0.7235665138741565,2.107,3.892,2.995,0.7235665138741565,3.0811643091532783,2.995,1.0,4,0,1.0,1.0,0,10893.0,16953.0,0,4,-0.0205,0.07931740036082877,-0.129,0.094,-0.0205,0.07931740036082877,0.0819237450315841,0.0675,1.0,4,0,1.0,1.0,0,33286.0,37811.0,0,4,53.082499999999996,1.0149277067850684,52.125,54.653,3.0824999999999996,1.0149277067850684,3.2452865050716238,3.0824999999999996,1.0,4,0,1.0,1.0,0,13819.0,14866.5,0
11,11,power_law,4.84,1.0,15859.0,-0.16000000000000014,0.16000000000000014,3.200000000000003,1,1,1.992,1.0,14837.0,-0.008000000000000007,0.008000000000000007,0.40000000000000036,1,1,4.764,1.0,13290.0,-0.23599999999999977,0.23599999999999977,4.719999999999995,1,1,2.577,1.0,22945.0,0.577,0.577,28.849999999999998,1,1,0.743,1.0,13576.0,-0.20699999999999996,0.20699999999999996,21.789473684210524,0,1,0.007,1.0,43045.0,-0.003,0.003,30.0,1,1,0.311,1.0,50270.0,0.01100000000000001,0.01100000000000001,3.66666666666667,1,1,17.031,1.0,40452.0,-0.9690000000000012,0.9690000000000012,5.38333333333334,1,1,4,0.06799999999999999,0.04189868733027325,0.017,0.116,0.06799999999999999,0.04189868733027325,0.07987177223525217,0.06799999999999999,1.0,4,0,1.0,1.0,0,11942.0,21589.75,0,4,1.76675,0.26235031446522034,1.332,2.036,1.76675,0.26235031446522034,1.7861224062196857,1.76675,1.0,4,0,1.0,1.0,0,7568.0,9318.5,0,4,0.009249999999999994,0.11781208554303756,-0.14,0.151,0.009249999999999994,0.11781208554303756,0.11817465887405812,0.11325000000000002,1.0,4,0,1.0,1.0,0,40846.0,42543.75,0,4,50.8205,1.2462580992715744,48.905,52.394,0.8204999999999991,1.2462580992715744,1.492105726816969,1.3679999999999986,1.0,4,0,1.0,1.0,0,5711.0,7176.75,0
12,12,power_law,5.177,1.0,17265.0,0.1769999999999996,0.1769999999999996,3.5399999999999916,1,1,2.087,1.0,17358.0,0.08700000000000019,0.08700000000000019,4.350000000000009,1,1,5.416,1.0,16048.0,0.41600000000000037,0.41600000000000037,8.320000000000007,1,1,2.565,1.0,16388.0,0.565,0.565,28.249999999999996,1,1,0.715,1.0,12824.0,-0.235,0.235,24.736842105263158,0,1,0.01,1.0,43946.0,0.0,0.0,0.0,1,1,0.314,1.0,41176.0,0.014000000000000012,0.014000000000000012,4.666666666666671,1,1,16.794,1.0,45121.0,-1.2059999999999995,1.2059999999999995,6.6999999999999975,1,1,4,0.07125000000000001,0.02221907963890493,0.042,0.104,0.07125000000000001,0.02221907963890493,0.07463410748444708,0.07125000000000001,1.0,4,0,1.0,1.0,0,11028.0,17371.25,0,4,2.5475,1.0276199443373994,1.588,4.13,2.5475,1.0276199443373994,2.7469544954367193,2.5475,1.0,4,0,1.0,1.0,0,8128.0,10784.0,0,4,-0.07325000000000001,0.2218517241312314,-0.319,0.287,-0.07325000000000001,0.2218517241312314,0.23363165453337012,0.21675,1.0,4,0,1.0,1.0,0,20732.0,28483.5,0,4,52.31575,0.4092849710165298,51.724,52.747,2.3157499999999995,0.4092849710165298,2.3516403317684444,2.3157499999999995,1.0,4,0,1.0,1.0,0,7582.0,10487.0,0
13,13,power_law,5.032,1.0,13052.0,0.03200000000000003,0.03200000000000003,0.6400000000000006,1,1,2.11,1.0,14535.0,0.10999999999999988,0.10999999999999988,5.499999999999994,1,1,4.854,1.0,17860.0,-0.1459999999999999,0.1459999999999999,2.919999999999998,1,1,2.488,1.0,20449.0,0.488,0.488,24.4,1,1,0.737,1.0,13643.0,-0.21299999999999997,0.21299999999999997,22.421052631578945,0,1,0.007,1.0,41267.0,-0.003,0.003,30.0,1,1,0.301,1.0,38594.0,0.0010000000000000009,0.0010000000000000009,0.33333333333333365,1,1,18.911,1.0,41277.0,0.9110000000000014,0.9110000000000014,5.061111111111119,1,1,4,0.0645,0.028235615806991,0.023,0.098,0.0645,0.028235615806991,0.07040951640225915,0.0645,1.0,4,0,1.0,1.0,0,11436.0,18231.0,0,4,2.00225,0.7019249870890764,1.135,2.781,2.00225,0.7019249870890764,2.121721883282538,2.00225,1.0,4,0,1.0,1.0,0,7616.0,13292.25,0,4,-0.0655,0.22203209227496823,-0.44,0.104,-0.0655,0.22203209227496823,0.23149190050625962,0.16599999999999998,1.0,4,0,1.0,1.0,0,23442.0,33195.25,0,4,52.26475,0.7091376364994332,51.324,53.249,2.264750000000001,0.7091376364994332,2.3731769318784486,2.264750000000001,1.0,4,0,1.0,1.0,0,8937.0,10955.25,0
14,14,power_law,4.912,1.0,12042.0,-0.08800000000000008,0.08800000000000008,1.7600000000000016,1,1,2.039,1.0,12284.0,0.039000000000000146,0.039000000000000146,1.9500000000000073,1,1,5.355,1.0,19048.0,0.3550000000000004,0.3550000000000004,7.100000000000009,1,1,2.171,1.0,19005.0,0.17099999999999982,0.17099999999999982,8.54999999999999,1,1,0.749,1.0,13012.0,-0.20099999999999996,0.20099999999999996,21.1578947368421,0,1,0.008,1.0,45009.0,-0.002,0.002,20.0,1,1,0.306,1.0,42935.0,0.006000000000000005,0.006000000000000005,2.0000000000000018,1,1,16.408,1.0,40378.0,-1.5919999999999987,1.5919999999999987,8.844444444444438,1,1,4,0.07825,0.03381105588413352,0.053,0.136,0.07825,0.03381105588413352,0.08524230170519799,0.07825,1.0,4,0,1.0,1.0,0,6965.0,14663.0,0,4,2.84,0.6774160464588951,2.039,3.888,2.84,0.6774160464588951,2.9196733550176464,2.84,1.0,4,0,1.0,1.0,0,10516.0,15304.75,0,4,-0.1265,0.29648735217543426,-0.471,0.321,-0.1265,0.29648735217543426,0.32234608730369285,0.287,1.0,4,0,1.0,1.0,0,31730.0,37205.25,0,4,52.863,0.8476726962690243,51.926,54.16,2.8629999999999995,0.8476726962690243,2.9858529769565,2.8629999999999995,1.0,4,0,1.0,1.0,0,8598.0,9441.5,0
15,15,power_law,4.974,1.0,9713.0,-0.0259999999999998,0.0259999999999998,0.519999999999996,1,1,2.024,1.0,6712.0,0.02400000000000002,0.02400000000000002,1.200000000000001,1,1,4.634,1.0,16585.0,-0.36599999999999966,0.36599999999999966,7.319999999999993,1,1,2.569,1.0,5024.0,0.569,0.569,28.449999999999996,1,1,0.721,1.0,13659.0,-0.22899999999999998,0.22899999999999998,24.105263157894736,0,1,0.015,1.0,34311.0,0.004999999999999999,0.004999999999999999,49.999999999999986,1,1,0.302,1.0,50316.0,0.0020000000000000018,0.0020000000000000018,0.6666666666666673,1,1,17.237,1.0,30359.0,-0.7630000000000017,0.7630000000000017,4.238888888888899,1,1,4,0.087,0.028696689704563485,0.05,0.125,0.087,0.028696689704563485,0.09161058890761482,0.087,1.0,4,0,1.0,1.0,0,10323.0,14935.75,0,4,2.193,0.7229069788015606,1.2,3.238,2.193,0.7229069788015606,2.3090784958506716,2.193,1.0,4,0,1.0,1.0,0,9838.0,17250.0,0,4,-0.05124999999999999,0.18576379491171038,-0.288,0.227,-0.05124999999999999,0.18576379491171038,0.19270378823468937,0.16475,1.0,4,0,1.0,1.0,0,8508.0,22613.5,0,4,53.07175,1.4536740306891358,51.587,55.442,3.0717499999999998,1.4536740306891358,3.3983549329050367,3.0717499999999998,1.0,4,0,1.0,1.0,0,9369.0,11913.5,0
16,16,power_law,3.545,1.0,10213.0,-1.455,1.455,29.100000000000005,1,1,1.823,1.0,12267.0,-0.17700000000000005,0.17700000000000005,8.850000000000001,1,1,4.335,1.0,19379.0,-0.665,0.665,13.3,1,1,2.733,1.0,24893.0,0.7330000000000001,0.7330000000000001,36.650000000000006,1,1,0.765,1.0,13627.0,-0.18499999999999994,0.18499999999999994,19.473684210526308,0,1,0.014,1.0,39811.0,0.004,0.004,40.0,1,1,0.304,1.0,34308.0,0.0040000000000000036,0.0040000000000000036,1.3333333333333346,1,1,18.667,1.0,29618.0,0.6670000000000016,0.6670000000000016,3.7055555555555646,1,1,4,0.04925,0.015578430601315396,0.028,0.072,0.04925,0.015578430601315396,0.05165510623355643,0.04925,1.0,4,0,1.0,1.0,0,13705.0,14811.5,0,4,1.4125,0.4772591015371001,0.696,1.999,1.4125,0.4772591015371001,1.490950200375586,1.4125,1.0,4,0,1.0,1.0,0,4629.0,8368.0,0,4,0.156,0.11538414102466595,0.044,0.346,0.156,0.11538414102466595,0.19403479069486482,0.156,0.75,3,0,1.0,1.0,0,28062.0,34210.5,0,4,50.522000000000006,1.1711803874724003,48.538,51.501,0.5219999999999985,1.1711803874724,1.2822431516682005,1.2530000000000001,1.0,4,0,1.0,1.0,0,8023.0,8824.75,0
17,17,power_law,3.903,1.0,18232.0,-1.097,1.097,21.939999999999998,1,1,1.781,1.0,18832.0,-0.21900000000000008,0.21900000000000008,10.950000000000005,1,1,5.117,1.0,21743.0,0.11699999999999999,0.11699999999999999,2.34,1,1,2.955,1.0,25541.0,0.9550000000000001,0.9550000000000001,47.75,1,1,0.727,1.0,14272.0,-0.22299999999999998,0.22299999999999998,23.473684210526315,0,1,0.008,1.0,45936.0,-0.002,0.002,20.0,1,1,0.303,1.0,35109.0,0.0030000000000000027,0.0030000000000000027,1.0000000000000009,1,1,18.072,1.0,37843.0,0.07199999999999918,0.07199999999999918,0.3999999999999954,1,1,4,0.044750000000000005,0.01830812661087966,0.026,0.075,0.044750000000000005,0.01830812661087966,0.04835028438385859,0.044750000000000005,1.0,4,0,1.0,1.0,0,15242.0,23857.25,0,4,1.8392499999999998,0.45018461490815076,1.16,2.331,1.8392499999999998,0.45018461490815076,1.8935434375793971,1.8392499999999998,1.0,4,0,1.0,1.0,0,9333.0,16172.25,0,4,-0.035,0.14214956911647675,-0.261,0.127,-0.035,0.14214956911647675,0.1463950135762827,0.11050000000000001,1.0,4,0,1.0,1.0,0,27057.0,35833.5,0,4,52.31625,1.020908755717179,51.424,54.053,2.3162499999999984,1.020908755717179,2.5312583333196144,2.3162499999999984,1.0,4,0,1.0,1.0,0,12961.0,14293.0,0
18,18,power_law,3.383,1.0,14327.0,-1.617,1.617,32.34,0,1,1.785,1.0,12261.0,-0.21500000000000008,0.21500000000000008,10.750000000000004,1,1,4.356,1.0,10354.0,-0.6440000000000001,0.6440000000000001,12.880000000000003,1,1,2.843,1.0,19096.0,0.843,0.843,42.15,1,1,0.772,1.0,11650.0,-0.17799999999999994,0.17799999999999994,18.73684210526315,0,1,0.017,1.0,16230.0,0.007000000000000001,0.007000000000000001,70.0,1,1,0.317,1.0,28327.0,0.017000000000000015,0.017000000000000015,5.666666666666672,1,1,20.465,1.0,25617.0,2.465,2.465,13.694444444444443,1,1,4,0.058249999999999996,0.04382564888281747,0.015,0.131,0.058249999999999996,0.04382564888281747,0.07289547311047512,0.058249999999999996,1.0,4,0,1.0,1.0,0,4379.0,16381.75,0,4,1.256,0.5756409471189484,0.396,1.991,1.256,0.5756409471189484,1.3816289299229372,1.256,1.0,4,0,1.0,1.0,0,3782.0,8245.0,0,4,0.044750000000000005,0.143703470730529,-0.166,0.226,0.044750000000000005,0.143703470730529,0.15050996644740838,0.12775,1.0,4,0,1.0,1.0,0,14477.0,24015.75,0,4,51.966499999999996,0.9219559371249797,51.124,53.488,1.9665,0.9219559371249797,2.1718943344463146,1.9665,1.0,4,0,1.0,1.0,0,5022.0,9452.75,0
19,19,power_law,6.385,1.0,14427.0,1.3849999999999998,1.3849999999999998,27.699999999999996,1,1,2.518,1.0,14946.0,0.5179999999999998,0.5179999999999998,25.89999999999999,1,1,4.977,1.0,12434.0,-0.022999999999999687,0.022999999999999687,0.45999999999999375,1,1,2.029,1.0,12519.0,0.028999999999999915,0.028999999999999915,1.4499999999999957,1,1,0.743,1.0,14279.0,-0.20699999999999996,0.20699999999999996,21.789473684210524,0,1,0.013,1.0,38895.0,0.002999999999999999,0.002999999999999999,29.999999999999993,1,1,0.326,1.0,31425.0,0.026000000000000023,0.026000000000000023,8.666666666666675,1,1,19.467,1.0,31299.0,1.4669999999999987,1.4669999999999987,8.149999999999993,1,1,4,0.10075,0.02638536526182649,0.067,0.128,0.10075,0.02638536526182649,0.10414773161235917,0.10075,1.0,4,0,1.0,1.0,0,10168.0,12560.0,0,4,2.83175,1.0908435669242407,1.309,4.171,2.83175,1.0908435669242407,3.034591858883168,2.83175,1.0,4,0,1.0,1.0,0,11504.0,14199.5,0,4,-0.09375,0.06150762147896796,-0.152,0.004,-0.09375,0.06150762147896796,0.11212604514563064,0.09575,1.0,4,0,1.0,1.0,0,30527.0,34337.0,0,4,53.13725,1.032966934369151,52.233,54.792,3.13725,1.032966934369151,3.302931765871042,3.13725,1.0,4,0,1.0,1.0,0,7605.0,9781.75,0
20,20,power_law,7.457,1.01,599.0,2.457,2.457,49.13999999999999,1,1,2.659,1.01,515.0,0.6589999999999998,0.6589999999999998,32.94999999999999,1,1,5.669,1.01,251.0,0.6689999999999996,0.6689999999999996,13.379999999999992,1,1,2.148,1.01,780.0,0.14800000000000013,0.14800000000000013,7.400000000000007,1,1,0.708,1.0,6998.0,-0.242,0.242,25.473684210526315,0,1,0.008,1.0,4540.0,-0.002,0.002,20.0,1,1,0.297,1.01,445.0,-0.0030000000000000027,0.0030000000000000027,1.0000000000000009,1,1,19.573,1.01,195.0,1.5730000000000004,1.5730000000000004,8.73888888888889,1,1,4,0.0665,0.018227726133558185,0.052,0.097,0.0665,0.018227726133558185,0.06895288246331693,0.0665,1.0,4,0,1.005,1.01,0,412.0,10721.5,0,4,3.9290000000000003,0.8590293941420165,3.263,5.404,3.9290000000000003,0.8590293941420165,4.021812091582599,3.9290000000000003,1.0,4,0,1.0074999999999998,1.01,0,515.0,3943.25,0,4,-0.034749999999999996,0.07325085323735143,-0.153,0.048,-0.034749999999999996,0.07325085323735143,0.08107558202072927,0.05874999999999999,1.0,4,0,1.01,1.01,0,202.0,269.75,4,4,54.423750000000005,1.0198596410781227,52.758,55.457,4.42375,1.0198596410781227,4.539788293522067,4.42375,1.0,4,0,1.0025,1.01,0,7214.0,9767.75,0
21,21,power_law,5.134,1.0,15642.0,0.13400000000000034,0.13400000000000034,2.680000000000007,1,1,2.172,1.0,16074.0,0.17200000000000015,0.17200000000000015,8.600000000000009,1,1,5.618,1.0,17409.0,0.6180000000000003,0.6180000000000003,12.360000000000007,1,1,2.07,1.0,20282.0,0.06999999999999984,0.06999999999999984,3.499999999999992,1,1,0.743,1.0,15093.0,-0.20699999999999996,0.20699999999999996,21.789473684210524,0,1,0.012,1.0,14043.0,0.002,0.002,20.0,1,1,0.297,1.0,46365.0,-0.0030000000000000027,0.0030000000000000027,1.0000000000000009,1,1,17.501,1.0,17219.0,-0.4989999999999988,0.4989999999999988,2.7722222222222155,1,1,4,0.13824999999999998,0.11871473160480128,0.036,0.34,0.13824999999999998,0.11871473160480128,0.18222582144141924,0.13824999999999998,1.0,4,0,1.0025,1.01,0,601.0,10673.0,0,4,3.54925,0.9380683277352456,2.311,4.947,3.54925,0.9380683277352456,3.671123499693248,3.54925,1.0,4,0,1.0,1.0,0,12030.0,20906.5,0,4,0.008000000000000004,0.13750272724568047,-0.107,0.241,0.008000000000000004,0.13750272724568047,0.13773525329413672,0.1125,1.0,4,0,1.0,1.0,0,23341.0,34141.0,0,4,54.160000000000004,1.0035088440068674,52.508,55.216,4.160000000000002,1.0035088440068671,4.27932588149115,4.160000000000002,1.0,4,0,1.0,1.0,0,11786.0,12754.5,0
22,22,power_law,6.856,1.0,16910.0,1.8559999999999999,1.8559999999999999,37.12,1,1,2.435,1.0,17157.0,0.43500000000000005,0.43500000000000005,21.750000000000004,1,1,4.71,1.0,18358.0,-0.29000000000000004,0.29000000000000004,5.800000000000001,1,1,2.047,1.0,17814.0,0.04700000000000015,0.04700000000000015,2.3500000000000076,1,1,0.741,1.0,17704.0,-0.20899999999999996,0.20899999999999996,21.999999999999996,0,1,0.01,1.0,51682.0,0.0,0.0,0.0,1,1,0.329,1.0,49269.0,0.029000000000000026,0.029000000000000026,9.666666666666677,1,1,18.852,1.0,40583.0,0.8520000000000003,0.8520000000000003,4.733333333333335,1,1,4,0.20475,0.11023696068016389,0.108,0.377,0.20475,0.11023696068016389,0.23253978154285776,0.20475,1.0,4,0,1.0,1.0,0,2222.0,8276.5,0,4,3.00375,1.3541324482856174,0.839,4.288,3.00375,1.3541324482856174,3.2948731007430316,3.00375,1.0,4,0,1.0,1.0,0,16893.0,20714.75,0,4,-0.031250000000000014,0.32911120840834335,-0.505,0.417,-0.031250000000000014,0.32911120840834335,0.3305915153176197,0.26125,1.0,4,0,1.0,1.0,0,29096.0,34640.0,0,4,53.52524999999999,0.43644322368436533,52.824,54.024,3.5252499999999998,0.43644322368436533,3.552164164280699,3.5252499999999998,0.75,3,0,1.0,1.0,0,11238.0,13438.25,0
23,23,power_law,4.913,1.0,10817.0,-0.08699999999999974,0.08699999999999974,1.739999999999995,1,1,2.023,1.0,10308.0,0.02300000000000013,0.02300000000000013,1.1500000000000066,1,1,4.498,1.0,17741.0,-0.5019999999999998,0.5019999999999998,10.039999999999996,1,1,2.654,1.0,21379.0,0.6539999999999999,0.6539999999999999,32.699999999999996,1,1,0.726,1.0,11055.0,-0.22399999999999998,0.22399999999999998,23.57894736842105,0,1,0.011,1.0,39771.0,0.0009999999999999992,0.0009999999999999992,9.999999999999991,1,1,0.303,1.0,36200.0,0.0030000000000000027,0.0030000000000000027,1.0000000000000009,1,1,18.973,1.0,35940.0,0.972999999999999,0.972999999999999,5.40555555555555,1,1,4,0.07675,0.04759923843928598,0.026,0.148,0.07675,0.04759923843928598,0.09031195934094222,0.07675,1.0,4,0,1.0,1.0,0,6799.0,18095.75,0,4,2.1254999999999997,0.8911300410153391,1.22,3.522,2.1254999999999997,0.8911300410153391,2.3047479254790533,2.1254999999999997,1.0,4,0,1.0,1.0,0,5448.0,10296.5,0,4,0.01475,0.11285471855443174,-0.159,0.153,0.01475,0.11285471855443174,0.113814542128851,0.09425,1.0,4,0,1.0,1.0,0,23029.0,34886.75,0,4,52.2055,0.8861220288425297,51.322,53.439,2.2055000000000007,0.8861220288425297,2.37685559090156,2.2055000000000007,1.0,4,0,1.0,1.0,0,7244.0,9859.25,0
24,24,power_law,4.729,1.0,20729.0,-0.2709999999999999,0.2709999999999999,5.419999999999998,1,1,1.984,1.0,20313.0,-0.016000000000000014,0.016000000000000014,0.8000000000000007,1,1,5.238,1.0,21109.0,0.23800000000000043,0.23800000000000043,4.760000000000009,1,1,2.965,1.0,22860.0,0.9649999999999999,0.9649999999999999,48.24999999999999,1,1,0.687,1.0,14131.0,-0.2629999999999999,0.2629999999999999,27.684210526315777,0,1,0.011,1.0,41856.0,0.0009999999999999992,0.0009999999999999992,9.999999999999991,1,1,0.277,1.0,47656.0,-0.022999999999999965,0.022999999999999965,7.666666666666655,1,1,19.528,1.0,45878.0,1.5279999999999987,1.5279999999999987,8.488888888888882,1,1,4,0.09,0.07802243267163617,0.019,0.218,0.09,0.07802243267163617,0.11911129249571595,0.09,1.0,4,0,1.0,1.0,0,4712.0,20222.5,0,4,1.9769999999999999,0.8503072973931249,1.259,3.375,1.9769999999999999,0.8503072973931249,2.1521039705367397,1.9769999999999999,1.0,4,0,1.0,1.0,0,1427.0,19294.75,0,4,-0.002249999999999995,0.17582857418519893,-0.299,0.159,-0.002249999999999995,0.17582857418519893,0.1758429697201455,0.14725,0.75,3,0,1.0,1.0,0,38891.0,41889.0,0,4,52.35424999999999,1.818799793132824,49.239,53.795,2.3542499999999986,1.818799793132824,2.9749833192809665,2.73475,1.0,4,0,1.0,1.0,0,13995.0,15814.25,0
25,25,power_law,6.196,1.0,17011.0,1.1959999999999997,1.1959999999999997,23.919999999999995,1,1,2.201,1.0,17683.0,0.20100000000000007,0.20100000000000007,10.050000000000004,1,1,4.885,1.0,19103.0,-0.11500000000000021,0.11500000000000021,2.3000000000000043,1,1,2.534,1.0,20151.0,0.5339999999999998,0.5339999999999998,26.69999999999999,1,1,0.706,1.0,11723.0,-0.244,0.244,25.68421052631579,0,1,0.011,1.0,37841.0,0.0009999999999999992,0.0009999999999999992,9.999999999999991,1,1,0.299,1.0,26077.0,-0.0010000000000000009,0.0010000000000000009,0.33333333333333365,1,1,15.112,1.0,42601.0,-2.888,2.888,16.044444444444444,0,1,4,0.11124999999999999,0.039200605862664925,0.072,0.172,0.11124999999999999,0.039200605862664925,0.11795444035728371,0.11124999999999999,1.0,4,0,1.0,1.0,0,11180.0,18751.5,0,4,2.794,1.4972938923270875,1.511,5.183,2.794,1.4972938923270875,3.1699093046962714,2.794,1.0,4,0,1.0,1.0,0,6359.0,13794.5,0,4,-0.15725,0.12246504603355196,-0.328,0.018,-0.15725,0.12246504603355196,0.19931194143854,0.16625,1.0,4,0,1.0,1.0,0,24903.0,31816.75,0,4,52.01225,1.1080661927430133,50.835,53.224,2.01225,1.1080661927430133,2.297163631524754,2.01225,1.0,4,0,1.0,1.0,0,9752.0,14059.0,0
26,26,power_law,4.793,1.0,8172.0,-0.20699999999999985,0.20699999999999985,4.139999999999997,1,1,2.036,1.0,7617.0,0.03600000000000003,0.03600000000000003,1.8000000000000016,1,1,3.299,1.0,9282.0,-1.701,1.701,34.02,1,1,2.171,1.0,15006.0,0.17099999999999982,0.17099999999999982,8.54999999999999,1,1,0.742,1.0,6096.0,-0.20799999999999996,0.20799999999999996,21.89473684210526,0,1,0.009,1.0,23009.0,-0.0010000000000000009,0.0010000000000000009,10.000000000000009,1,1,0.281,1.0,41307.0,-0.01899999999999996,0.01899999999999996,6.3333333333333215,1,1,19.742,1.0,30004.0,1.7420000000000009,1.7420000000000009,9.677777777777782,1,1,4,0.0865,0.043683520920365385,0.054,0.161,0.0865,0.043683520920365385,0.09690459225444376,0.0865,1.0,4,0,1.0,1.0,0,5742.0,13167.0,0,4,1.1395,0.25025037462509425,0.843,1.52,1.1395,0.25025037462509425,1.166655690424557,1.1395,1.0,4,0,1.0,1.0,0,6062.0,6567.75,0,4,-0.02550000000000001,0.1678474009331095,-0.228,0.238,-0.02550000000000001,0.1678474009331095,0.1697733783606841,0.14450000000000002,1.0,4,0,1.0,1.0,0,16658.0,27658.5,0,4,50.70100000000001,0.46037430423515163,50.008,51.273,0.7010000000000023,0.4603743042351517,0.8386569620530215,0.7010000000000023,1.0,4,0,1.0,1.0,0,5042.0,5454.25,0
27,27,power_law,4.974,1.0,14579.0,-0.0259999999999998,0.0259999999999998,0.519999999999996,1,1,2.068,1.0,15303.0,0.06800000000000006,0.06800000000000006,3.400000000000003,1,1,3.747,1.0,15097.0,-1.2530000000000001,1.2530000000000001,25.060000000000006,1,1,2.54,1.0,17624.0,0.54,0.54,27.0,1,1,0.733,1.0,16262.0,-0.21699999999999997,0.21699999999999997,22.84210526315789,0,1,0.012,1.0,43787.0,0.002,0.002,20.0,1,1,0.316,1.0,47933.0,0.016000000000000014,0.016000000000000014,5.333333333333338,1,1,18.193,1.0,41072.0,0.1930000000000014,0.1930000000000014,1.07222222222223,1,1,4,0.0875,0.03315493930020081,0.054,0.14,0.0875,0.03315493930020081,0.09357082878760879,0.0875,1.0,4,0,1.0,1.0,0,8777.0,15626.5,0,4,1.0,0.29834376145647823,0.517,1.295,1.0,0.29834376145647823,1.043555940043465,1.0,1.0,4,0,1.0,1.0,0,6591.0,15033.25,0,4,-0.061,0.27090311921423127,-0.425,0.276,-0.061,0.27090311921423127,0.27768597371851533,0.252,1.0,4,0,1.0,1.0,0,35547.0,36508.25,0,4,51.545750000000005,1.1701030670415298,49.816,52.644,1.54575,1.1701030670415298,1.9386810593803188,1.6377499999999987,0.75,3,0,1.0,1.0,0,10041.0,11063.0,0
28,28,power_law,5.391,1.0,16428.0,0.391,0.391,7.82,1,1,2.117,1.0,16742.0,0.11699999999999999,0.11699999999999999,5.85,1,1,5.084,1.0,18278.0,0.08399999999999963,0.08399999999999963,1.6799999999999926,1,1,2.797,1.0,21343.0,0.7970000000000002,0.7970000000000002,39.85000000000001,1,1,0.71,1.0,13376.0,-0.24,0.24,25.263157894736842,0,1,0.019,1.0,44145.0,0.009,0.009,89.99999999999999,1,1,0.293,1.0,45004.0,-0.007000000000000006,0.007000000000000006,2.3333333333333357,1,1,18.041,1.0,27980.0,0.04100000000000037,0.04100000000000037,0.22777777777777983,1,1,4,0.06475,0.025498774480354935,0.031,0.097,0.06475,0.025498774480354935,0.06958986995245788,0.06475,1.0,4,0,1.0,1.0,0,9634.0,20277.25,0,4,1.94725,0.7261147894789087,0.992,3.032,1.94725,0.7261147894789087,2.078226467447665,1.94725,1.0,4,0,1.0,1.0,0,8163.0,15947.5,0,4,-0.02775,0.1759124427094343,-0.264,0.232,-0.02775,0.1759124427094343,0.17808775926491974,0.14375000000000002,1.0,4,0,1.0,1.0,0,25335.0,32152.75,0,4,52.6635,0.8056666494276646,51.35,53.438,2.663500000000001,0.8056666494276646,2.7826841358659453,2.663500000000001,0.75,3,0,1.0,1.0,0,11217.0,12676.75,0
29,29,power_law,4.647,1.0,14566.0,-0.35299999999999976,0.35299999999999976,7.059999999999995,1,1,2.213,1.0,15231.0,0.21300000000000008,0.21300000000000008,10.650000000000004,1,1,5.191,1.0,25551.0,0.19099999999999984,0.19099999999999984,3.819999999999997,1,1,1.734,1.0,18052.0,-0.266,0.266,13.3,1,1,0.778,1.0,16717.0,-0.17199999999999993,0.17199999999999993,18.10526315789473,0,1,0.015,1.0,48642.0,0.004999999999999999,0.004999999999999999,49.999999999999986,1,1,0.298,1.0,46834.0,-0.0020000000000000018,0.0020000000000000018,0.6666666666666673,1,1,19.229,1.0,32572.0,1.2289999999999992,1.2289999999999992,6.827777777777773,1,1,4,0.05975,0.028568995432111364,0.038,0.108,0.05975,0.028568995432111364,0.06622877018335763,0.05975,1.0,4,0,1.0,1.0,0,5494.0,16593.25,0,4,4.281499999999999,1.2671772764692395,2.326,5.826,4.281499999999999,1.2671772764692395,4.465084601662101,4.281499999999999,1.0,4,0,1.0,1.0,0,25206.0,28087.5,0,4,0.019750000000000004,0.14069714815873136,-0.186,0.201,0.019750000000000004,0.14069714815873136,0.14207656386610706,0.11825000000000001,1.0,4,0,1.0,1.0,0,39792.0,43721.25,0,4,55.68875,1.3752905829314774,53.452,57.027,5.688750000000001,1.3752905829314774,5.852631950669716,5.688750000000001,1.0,4,0,1.0,1.0,0,16271.0,17008.75,0
30,30,power_law,5.166,1.0,13547.0,0.16600000000000037,0.16600000000000037,3.320000000000008,1,1,2.142,1.0,13188.0,0.1419999999999999,0.1419999999999999,7.099999999999995,1,1,4.863,1.0,23408.0,-0.13699999999999957,0.13699999999999957,2.7399999999999913,1,1,1.703,1.0,15296.0,-0.29699999999999993,0.29699999999999993,14.849999999999996,1,1,0.747,1.0,10916.0,-0.20299999999999996,0.20299999999999996,21.368421052631575,0,1,0.01,1.0,36731.0,0.0,0.0,0.0,1,1,0.274,1.0,52064.0,-0.025999999999999968,0.025999999999999968,8.666666666666655,1,1,18.063,1.0,34896.0,0.06299999999999883,0.06299999999999883,0.34999999999999354,1,1,4,0.07375000000000001,0.03603036913493948,0.032,0.12,0.07375000000000001,0.03603036913493948,0.08208075292052333,0.07375000000000001,1.0,4,0,1.0,1.0,0,11820.0,18881.25,0,4,4.765000000000001,1.2245192934372247,3.009,6.468,4.765000000000001,1.2245192934372247,4.919824437924589,4.765000000000001,1.0,4,0,1.0,1.0,0,16605.0,23770.25,0,4,0.024999999999999998,0.09127705078495908,-0.053,0.174,0.024999999999999998,0.09127705078495908,0.09463878697447468,0.0745,1.0,4,0,1.0,1.0,0,30940.0,35212.75,0,4,55.2915,1.4309102871948314,52.935,56.763,5.291499999999999,1.4309102871948314,5.481557853384381,5.291499999999999,1.0,4,0,1.0,1.0,0,11899.0,13455.0,0
31,31,power_law,4.802,1.0,17780.0,-0.1980000000000004,0.1980000000000004,3.960000000000008,1,1,2.002,1.0,17061.0,0.0019999999999997797,0.0019999999999997797,0.09999999999998899,1,1,4.895,1.0,19911.0,-0.10500000000000043,0.10500000000000043,2.1000000000000085,1,1,2.572,1.0,20434.0,0.5720000000000001,0.5720000000000001,28.6,1,1,0.687,1.0,13393.0,-0.2629999999999999,0.2629999999999999,27.684210526315777,0,1,0.008,1.0,44840.0,-0.002,0.002,20.0,1,1,0.301,1.0,45859.0,0.0010000000000000009,0.0010000000000000009,0.33333333333333365,1,1,16.997,1.0,15111.0,-1.0030000000000001,1.0030000000000001,5.572222222222223,1,1,4,0.06799999999999999,0.020651876428063386,0.046,0.099,0.06799999999999999,0.020651876428063386,0.07106686991840853,0.06799999999999999,1.0,4,0,1.0,1.0,0,15800.0,17995.25,0,4,2.32425,1.345116421541273,0.781,3.896,2.32425,1.345116421541273,2.6854191944648047,2.32425,1.0,4,0,1.0,1.0,0,8091.0,16136.5,0,4,-0.038500000000000006,0.12731358921969013,-0.127,0.181,-0.038500000000000006,0.12731358921969013,0.13300751858447704,0.129,1.0,4,0,1.0,1.0,0,29154.0,32672.75,0,4,53.149,0.33674545282750323,52.771,53.67,3.149000000000001,0.33674545282750323,3.1669541360745983,3.149000000000001,0.75,3,0,1.0,1.0,0,11390.0,13125.5,0
32,32,power_law,3.712,1.0,14275.0,-1.2879999999999998,1.2879999999999998,25.759999999999994,1,1,1.839,1.0,14356.0,-0.16100000000000003,0.16100000000000003,8.05,1,1,5.102,1.0,14571.0,0.10200000000000031,0.10200000000000031,2.0400000000000063,1,1,2.092,1.0,17377.0,0.09200000000000008,0.09200000000000008,4.600000000000004,1,1,0.775,1.0,16650.0,-0.17499999999999993,0.17499999999999993,18.42105263157894,0,1,0.018,1.0,44801.0,0.007999999999999998,0.007999999999999998,79.99999999999999,1,1,0.324,1.0,49348.0,0.02400000000000002,0.02400000000000002,8.000000000000007,1,1,16.399,1.0,38161.0,-1.600999999999999,1.600999999999999,8.89444444444444,1,1,4,0.086,0.058167860541711525,0.043,0.186,0.086,0.058167860541711525,0.10382437093476657,0.086,1.0,4,0,1.0,1.0,0,4892.0,13158.75,0,4,2.918,0.8825225209590972,2.232,4.432,2.918,0.8825225209590972,3.048535714076514,2.918,1.0,4,0,1.0,1.0,0,12539.0,18919.5,0,4,-0.09699999999999999,0.1388110226170818,-0.3,0.085,-0.09699999999999999,0.1388110226170818,0.1693443237903178,0.1395,1.0,4,0,1.0,1.0,0,20207.0,32401.25,0,4,53.323499999999996,0.5087182422520359,52.811,54.17,3.3234999999999992,0.5087182422520359,3.362208574731793,3.3234999999999992,1.0,4,0,1.0,1.0,0,9616.0,11062.25,0
33,33,power_law,5.125,1.0,16635.0,0.125,0.125,2.5,1,1,2.051,1.0,17271.0,0.051000000000000156,0.051000000000000156,2.550000000000008,1,1,4.918,1.0,16221.0,-0.08199999999999985,0.08199999999999985,1.639999999999997,1,1,2.556,1.0,19213.0,0.556,0.556,27.800000000000004,1,1,0.741,1.0,14424.0,-0.20899999999999996,0.20899999999999996,21.999999999999996,0,1,0.01,1.0,26508.0,0.0,0.0,0.0,1,1,0.325,1.0,45176.0,0.025000000000000022,0.025000000000000022,8.333333333333341,1,1,15.901,1.0,24198.0,-2.099,2.099,11.661111111111113,1,1,4,0.09475,0.05159639037762234,0.045,0.179,0.09475,0.05159639037762234,0.10788767306787185,0.09475,1.0,4,0,1.0,1.0,0,8482.0,14620.5,0,4,1.9100000000000001,0.8252599590432096,0.778,3.07,1.9100000000000001,0.8252599590432096,2.0806619139110514,1.9100000000000001,1.0,4,0,1.0,1.0,0,4223.0,9801.25,0,4,-0.1385,0.18074498609919998,-0.445,0.017,-0.1385,0.18074498609919998,0.22770814653850222,0.147,1.0,4,0,1.0,1.0,0,30325.0,32240.0,0,4,51.77175,1.008956484443207,50.444,53.285,1.7717500000000008,1.0089564844432068,2.0388946147361318,1.7717500000000008,1.0,4,0,1.0,1.0,0,7258.0,9279.0,0
34,34,power_law,5.39,1.0,16119.0,0.3899999999999997,0.3899999999999997,7.799999999999993,1,1,2.06,1.0,16614.0,0.06000000000000005,0.06000000000000005,3.0000000000000027,1,1,5.029,1.0,5132.0,0.028999999999999915,0.028999999999999915,0.5799999999999983,1,1,2.698,1.0,7361.0,0.698,0.698,34.9,1,1,0.674,1.0,6973.0,-0.2759999999999999,0.2759999999999999,29.052631578947363,0,1,0.01,1.0,21016.0,0.0,0.0,0.0,1,1,0.317,1.0,27617.0,0.017000000000000015,0.017000000000000015,5.666666666666672,1,1,17.601,1.0,31408.0,-0.3990000000000009,0.3990000000000009,2.2166666666666717,1,1,4,0.11274999999999999,0.09687717739488491,0.038,0.275,0.11274999999999999,0.09687717739488491,0.14865311971162934,0.11274999999999999,1.0,4,0,1.0,1.0,0,2068.0,14120.75,0,4,2.7712499999999998,1.5233727999081512,1.126,4.559,2.7712499999999998,1.5233727999081512,3.1623553326595037,2.7712499999999998,1.0,4,0,1.0,1.0,0,1428.0,4881.75,0,4,-0.018250000000000002,0.17664707045405537,-0.312,0.16,-0.018250000000000002,0.17664707045405537,0.17758730247402263,0.13775,1.0,4,0,1.0,1.0,0,8212.0,26592.0,0,4,52.450500000000005,1.3964964196158907,51.036,54.627,2.4505000000000017,1.3964964196158907,2.8204879896925656,2.4505000000000017,0.75,3,0,1.0,1.0,0,2360.0,7355.75,0
35,35,power_law,5.928,1.0,16676.0,0.9279999999999999,0.9279999999999999,18.56,1,1,2.229,1.0,17104.0,0.2290000000000001,0.2290000000000001,11.450000000000005,1,1,5.078,1.0,20539.0,0.07800000000000029,0.07800000000000029,1.5600000000000058,1,1,2.383,1.0,19965.0,0.383,0.383,19.15,1,1,0.691,1.0,14941.0,-0.259,0.259,27.263157894736846,0,1,0.009,1.0,44002.0,-0.0010000000000000009,0.0010000000000000009,10.000000000000009,1,1,0.287,1.0,50002.0,-0.013000000000000012,0.013000000000000012,4.3333333333333375,1,1,17.3,1.0,37078.0,-0.6999999999999993,0.6999999999999993,3.888888888888885,1,1,4,0.08325,0.018226011631731175,0.06,0.103,0.08325,0.018226011631731175,0.08522176951929594,0.08325,1.0,4,0,1.0,1.0,0,14980.0,18745.5,0,4,2.94475,1.8899847056259478,1.751,6.216,2.94475,1.8899847056259478,3.4990848446415246,2.94475,1.0,4,0,1.0,1.0,0,5657.0,22782.0,0,4,-0.08625000000000001,0.18046519747585685,-0.388,0.091,-0.08625000000000001,0.18046519747585685,0.200016874288146,0.13175,1.0,4,0,1.0,1.0,0,31599.0,34305.5,0,4,53.5895,1.7908515432609153,50.741,55.503,3.589500000000001,1.7908515432609153,4.011441075224714,3.589500000000001,0.75,3,0,1.0,1.0,0,14200.0,15175.5,0
36,36,power_law,4.205,1.0,20245.0,-0.7949999999999999,0.7949999999999999,15.899999999999997,1,1,1.941,1.0,20402.0,-0.05899999999999994,0.05899999999999994,2.949999999999997,1,1,5.057,1.0,20393.0,0.057000000000000384,0.057000000000000384,1.1400000000000077,1,1,2.652,1.0,20358.0,0.6520000000000001,0.6520000000000001,32.60000000000001,1,1,0.753,1.0,16145.0,-0.19699999999999995,0.19699999999999995,20.736842105263154,0,1,0.007,1.0,47016.0,-0.003,0.003,30.0,1,1,0.314,1.0,47279.0,0.014000000000000012,0.014000000000000012,4.666666666666671,1,1,18.034,1.0,38500.0,0.03399999999999892,0.03399999999999892,0.1888888888888829,1,1,4,0.0605,0.04658594208556912,0.009,0.136,0.0605,0.04658594208556912,0.07635771080905976,0.0605,1.0,4,0,1.0,1.0,0,6922.0,19377.75,0,4,2.5335,1.5900296380885484,1.102,5.202,2.5335,1.5900296380885484,2.9911229496628855,2.5335,1.0,4,0,1.0,1.0,0,2290.0,18395.75,0,4,-0.052250000000000005,0.15076699738337962,-0.183,0.204,-0.052250000000000005,0.15076699738337962,0.1595642503820953,0.15425,1.0,4,0,1.0,1.0,0,35382.0,40523.0,0,4,52.204,2.1219810319604657,48.616,54.106,2.2040000000000006,2.1219810319604657,3.0594802663197562,2.896000000000001,1.0,4,0,1.0,1.0,0,13926.0,15798.0,0
37,37,power_law,6.161,1.0,12721.0,1.1609999999999996,1.1609999999999996,23.21999999999999,1,1,2.443,1.0,12654.0,0.44300000000000006,0.44300000000000006,22.150000000000002,1,1,4.804,1.0,15613.0,-0.19599999999999973,0.19599999999999973,3.919999999999994,1,1,1.982,1.0,17296.0,-0.018000000000000016,0.018000000000000016,0.9000000000000008,1,1,0.778,1.0,15893.0,-0.17199999999999993,0.17199999999999993,18.10526315789473,0,1,0.005,1.0,31847.0,-0.005,0.005,50.0,1,1,0.311,1.0,42093.0,0.01100000000000001,0.01100000000000001,3.66666666666667,1,1,18.641,1.0,39953.0,0.6409999999999982,0.6409999999999982,3.561111111111101,1,1,4,0.10850000000000001,0.03928422075083073,0.041,0.136,0.10850000000000001,0.03928422075083073,0.11539280740150142,0.10850000000000001,1.0,4,0,1.0,1.0,0,3791.0,10268.0,0,4,3.44225,0.7921784442283191,2.363,4.593,3.44225,0.7921784442283191,3.5322275903457863,3.44225,1.0,4,0,1.0,1.0,0,10737.0,14927.75,0,4,-0.038250000000000006,0.13871080527485954,-0.265,0.098,-0.038250000000000006,0.13871080527485954,0.1438879772600894,0.10974999999999999,1.0,4,0,1.0,1.0,0,34917.0,36990.0,0,4,52.740750000000006,1.8574064411162126,50.521,55.434,2.7407500000000002,1.8574064411162123,3.3108411695519306,2.7407500000000002,1.0,4,0,1.0,1.0,0,9495.0,10718.5,0
38,38,power_law,3.782,1.0,4661.0,-1.218,1.218,24.36,1,1,1.911,1.0,2649.0,-0.08899999999999997,0.08899999999999997,4.449999999999998,1,1,4.042,1.0,10451.0,-0.9580000000000002,0.9580000000000002,19.160000000000004,1,1,2.279,1.0,2356.0,0.2789999999999999,0.2789999999999999,13.949999999999996,1,1,0.814,1.0,12812.0,-0.136,0.136,14.315789473684212,0,1,0.014,1.0,3540.0,0.004,0.004,40.0,1,1,0.301,1.0,3526.0,0.0010000000000000009,0.0010000000000000009,0.33333333333333365,1,1,18.576,1.0,32156.0,0.5760000000000005,0.5760000000000005,3.200000000000003,1,1,4,0.16175,0.08856459507049079,0.028,0.277,0.16175,0.08856459507049079,0.18440919174488024,0.16175,1.0,4,0,1.0025,1.01,0,701.0,3038.0,0,4,1.27575,0.3495406807511824,0.951,1.859,1.27575,0.3495406807511824,1.3227685927629216,1.27575,1.0,4,0,1.0,1.0,0,6228.0,7503.25,0,4,0.007999999999999995,0.2433464608331093,-0.318,0.359,0.007999999999999995,0.2433464608331093,0.2434779250774082,0.199,1.0,4,0,1.0,1.0,0,23472.0,28246.5,0,4,50.901,0.8066290969212551,50.267,52.286,0.9010000000000016,0.8066290969212551,1.2093186097964435,0.9010000000000016,1.0,4,0,1.0,1.0,0,5155.0,6112.75,0
39,39,power_law,3.8,1.0,20426.0,-1.2000000000000002,1.2000000000000002,24.000000000000004,1,1,1.84,1.0,20327.0,-0.15999999999999992,0.15999999999999992,7.9999999999999964,1,1,4.594,1.0,18539.0,-0.4059999999999997,0.4059999999999997,8.119999999999994,1,1,2.725,1.0,21419.0,0.7250000000000001,0.7250000000000001,36.25000000000001,1,1,0.748,1.0,14211.0,-0.20199999999999996,0.20199999999999996,21.26315789473684,0,1,0.01,1.0,26246.0,0.0,0.0,0.0,1,1,0.313,1.0,48491.0,0.013000000000000012,0.013000000000000012,4.3333333333333375,1,1,17.552,1.0,20572.0,-0.4480000000000004,0.4480000000000004,2.488888888888891,1,1,4,0.051500000000000004,0.03092329219213245,0.021,0.102,0.051500000000000004,0.03092329219213245,0.06007079157127863,0.051500000000000004,1.0,4,0,1.0,1.0,0,7899.0,19027.5,0,4,1.438,0.3340209574263268,1.042,1.874,1.438,0.3340209574263268,1.4762838480454903,1.438,1.0,4,0,1.0,1.0,0,5398.0,11755.0,0,4,0.0845,0.10341542438147222,-0.037,0.191,0.0845,0.10341542438147222,0.13354774427147767,0.103,1.0,4,0,1.0,1.0,0,7863.0,25040.25,0,4,51.93425,1.621643976802554,49.948,54.213,1.9342500000000005,1.621643976802554,2.524094342531595,1.9602500000000003,1.0,4,0,1.0,1.0,0,11929.0,12287.75,0
40,40,power_law,4.327,1.0,11068.0,-0.673,0.673,13.459999999999999,1,1,1.841,1.0,10612.0,-0.15900000000000003,0.15900000000000003,7.950000000000001,1,1,4.722,1.0,21977.0,-0.2779999999999996,0.2779999999999996,5.559999999999992,1,1,2.341,1.0,19823.0,0.3410000000000002,0.3410000000000002,17.05000000000001,1,1,0.71,1.0,10625.0,-0.24,0.24,25.263157894736842,0,1,0.019,1.0,47793.0,0.009,0.009,89.99999999999999,1,1,0.296,1.0,39636.0,-0.0040000000000000036,0.0040000000000000036,1.3333333333333346,1,1,17.73,1.0,41493.0,-0.2699999999999996,0.2699999999999996,1.4999999999999978,1,1,4,0.09975,0.06578516170079693,0.031,0.166,0.09975,0.06578516170079693,0.11948953929110281,0.09975,1.0,4,0,1.0,1.0,0,6156.0,16992.75,0,4,3.52225,1.4831661024645892,2.103,6.003,3.52225,1.4831661024645892,3.821783189821212,3.52225,1.0,4,0,1.0,1.0,0,9294.0,16119.5,0,4,0.18575,0.18265318913175319,0.048,0.5,0.18575,0.18265318913175319,0.2605095967522118,0.18575,0.75,3,0,1.0,1.0,0,35677.0,36977.0,0,4,53.189499999999995,1.8308781363050894,51.26,56.132,3.189499999999999,1.8308781363050894,3.677638508608478,3.189499999999999,1.0,4,0,1.0,1.0,0,2857.0,11593.25,0
41,41,power_law,6.905,1.0,15191.0,1.9050000000000002,1.9050000000000002,38.10000000000001,1,1,2.573,1.0,15236.0,0.573,0.573,28.65,1,1,5.361,1.0,19974.0,0.36099999999999977,0.36099999999999977,7.219999999999996,1,1,1.987,1.0,18462.0,-0.0129999999999999,0.0129999999999999,0.649999999999995,1,1,0.75,1.0,14462.0,-0.19999999999999996,0.19999999999999996,21.052631578947363,0,1,0.012,1.0,51435.0,0.002,0.002,20.0,1,1,0.314,1.0,46677.0,0.014000000000000012,0.014000000000000012,4.666666666666671,1,1,17.334,1.0,43531.0,-0.6660000000000004,0.6660000000000004,3.700000000000002,1,1,4,0.11850000000000001,0.06467031776634471,0.032,0.196,0.11850000000000001,0.06467031776634471,0.13499814813544667,0.11850000000000001,1.0,4,0,1.0,1.0,0,7375.0,14875.75,0,4,3.2089999999999996,1.0981249928856005,2.03,4.751,3.2089999999999996,1.0981249928856005,3.3916897706010793,3.2089999999999996,1.0,4,0,1.0,1.0,0,9299.0,22522.25,0,4,-0.004750000000000011,0.20126397467008347,-0.329,0.223,-0.004750000000000011,0.20126397467008347,0.20132001887542134,0.15975,1.0,4,0,1.0,1.0,0,17057.0,32350.5,0,4,54.19575,1.6664075694439215,51.71,55.859,4.19575,1.6664075694439215,4.514557813341192,4.19575,1.0,4,0,1.0,1.0,0,11873.0,13697.0,0
42,42,power_law,4.883,1.0,18279.0,-0.11699999999999999,0.11699999999999999,2.34,1,1,2.065,1.0,19150.0,0.06499999999999995,0.06499999999999995,3.2499999999999973,1,1,5.373,1.0,23157.0,0.3730000000000002,0.3730000000000002,7.460000000000004,1,1,2.639,1.0,23554.0,0.6389999999999998,0.6389999999999998,31.94999999999999,1,1,0.739,1.0,16796.0,-0.21099999999999997,0.21099999999999997,22.210526315789473,0,1,0.009,1.0,41100.0,-0.0010000000000000009,0.0010000000000000009,10.000000000000009,1,1,0.298,1.0,44737.0,-0.0020000000000000018,0.0020000000000000018,0.6666666666666673,1,1,16.675,1.0,46268.0,-1.3249999999999993,1.3249999999999993,7.361111111111107,1,1,4,0.103,0.06067124524847005,0.016,0.182,0.103,0.06067124524847005,0.11954078801814885,0.103,1.0,4,0,1.0,1.0,0,2148.0,16115.75,0,4,1.9264999999999999,0.6537692635785197,0.973,2.654,1.9264999999999999,0.6537692635785197,2.034408144891285,1.9264999999999999,1.0,4,0,1.0,1.0,0,11767.0,20078.5,0,4,0.04175,0.1315339784998538,-0.086,0.259,0.04175,0.1315339784998538,0.13800090579412874,0.10075,1.0,4,0,1.0,1.0,0,32679.0,37937.25,0,4,52.81475,0.5877488302838203,51.866,53.327,2.8147499999999983,0.5877488302838202,2.8754593111362206,2.8147499999999983,1.0,4,0,1.0,1.0,0,13770.0,15372.25,0
43,43,power_law,4.204,1.0,16864.0,-0.7960000000000003,0.7960000000000003,15.920000000000007,1,1,2.042,1.0,18011.0,0.041999999999999815,0.041999999999999815,2.0999999999999908,1,1,5.509,1.0,16421.0,0.5090000000000003,0.5090000000000003,10.180000000000007,1,1,2.437,1.0,20582.0,0.43699999999999983,0.43699999999999983,21.84999999999999,1,1,0.793,1.0,12915.0,-0.15699999999999992,0.15699999999999992,16.526315789473674,0,1,0.012,1.0,33012.0,0.002,0.002,20.0,1,1,0.31,1.0,43145.0,0.010000000000000009,0.010000000000000009,3.3333333333333366,1,1,19.771,1.0,29168.0,1.7710000000000008,1.7710000000000008,9.838888888888892,1,1,4,0.07300000000000001,0.055493242831898014,0.01,0.158,0.07300000000000001,0.055493242831898014,0.09169787347588819,0.07300000000000001,1.0,4,0,1.0,1.0,0,2894.0,14027.75,0,4,2.63225,0.6657801345038766,1.612,3.243,2.63225,0.6657801345038766,2.715143320342409,2.63225,1.0,4,0,1.0,1.0,0,7751.0,14402.25,0,4,-0.03275,0.13079253610202685,-0.176,0.179,-0.03275,0.13079253610202685,0.13483044908328387,0.12225,1.0,4,0,1.0,1.0,0,25920.0,32957.75,0,4,52.63025,0.8530109539156009,51.379,53.755,2.63025,0.8530109539156009,2.7651117066042747,2.63025,1.0,4,0,1.0,1.0,0,13306.0,14187.5,0
44,44,power_law,5.941,1.0,12367.0,0.9409999999999998,0.9409999999999998,18.819999999999997,1,1,2.193,1.0,10312.0,0.19300000000000006,0.19300000000000006,9.650000000000002,1,1,4.495,1.0,9469.0,-0.5049999999999999,0.5049999999999999,10.099999999999998,1,1,2.351,1.0,10820.0,0.351,0.351,17.549999999999997,1,1,0.712,1.0,12671.0,-0.238,0.238,25.05263157894737,0,1,0.012,1.0,25158.0,0.002,0.002,20.0,1,1,0.301,1.0,8412.0,0.0010000000000000009,0.0010000000000000009,0.33333333333333365,1,1,17.498,1.0,7008.0,-0.5019999999999989,0.5019999999999989,2.788888888888883,1,1,4,0.113,0.05451146668362539,0.043,0.194,0.113,0.05451146668362539,0.12546114936505243,0.113,1.0,4,0,1.0,1.0,0,1308.0,4451.75,0,4,2.4255,0.861816250717054,1.097,3.494,2.4255,0.861816250717054,2.5740585657672983,2.4255,1.0,4,0,1.0,1.0,0,2857.0,7590.25,0,4,-0.17700000000000002,0.10976110422185084,-0.341,-0.043,-0.17700000000000002,0.10976110422185084,0.20827025711800523,0.17700000000000002,1.0,4,0,1.0,1.0,0,3600.0,12823.75,0,4,52.77325,1.0660491018241136,51.496,53.845,2.773250000000001,1.0660491018241136,2.9710900777324145,2.773250000000001,1.0,4,0,1.0,1.0,0,2583.0,4469.25,0
45,45,power_law,3.2,1.0,5974.0,-1.7999999999999998,1.7999999999999998,36.0,0,1,1.686,1.0,6147.0,-0.31400000000000006,0.31400000000000006,15.700000000000003,1,1,4.343,1.0,2791.0,-0.657,0.657,13.140000000000002,1,1,2.238,1.0,8678.0,0.238,0.238,11.899999999999999,1,1,0.764,1.0,13057.0,-0.18599999999999994,0.18599999999999994,19.578947368421048,0,1,0.007,1.0,28362.0,-0.003,0.003,30.0,1,1,0.299,1.0,16533.0,-0.0010000000000000009,0.0010000000000000009,0.33333333333333365,1,1,17.47,1.0,7930.0,-0.5300000000000011,0.5300000000000011,2.944444444444451,1,1,4,0.061,0.01565247584249853,0.034,0.072,0.061,0.01565247584249853,0.06297618597533515,0.061,1.0,4,0,1.0,1.0,0,10356.0,13907.75,0,4,2.16725,0.640081391308949,1.459,2.909,2.16725,0.640081391308949,2.2597957319191484,2.16725,1.0,4,0,1.0,1.0,0,2014.0,8168.75,0,4,0.009499999999999998,0.19479283867740108,-0.308,0.193,0.009499999999999998,0.19479283867740108,0.19502435745311406,0.1635,1.0,4,0,1.0,1.0,0,8411.0,10004.0,0,4,52.317499999999995,1.2837543573441133,50.826,53.76,2.317500000000001,1.2837543573441133,2.649307739769014,2.317500000000001,1.0,4,0,1.0,1.0,0,3901.0,5211.0,0
46,46,power_law,6.385,1.0,16681.0,1.3849999999999998,1.3849999999999998,27.699999999999996,1,1,2.431,1.0,17109.0,0.43100000000000005,0.43100000000000005,21.550000000000004,1,1,5.697,1.0,21078.0,0.6970000000000001,0.6970000000000001,13.940000000000003,1,1,2.032,1.0,20241.0,0.03200000000000003,0.03200000000000003,1.6000000000000014,1,1,0.74,1.0,15921.0,-0.20999999999999996,0.20999999999999996,22.105263157894733,0,1,0.017,1.0,50390.0,0.007000000000000001,0.007000000000000001,70.0,1,1,0.322,1.0,44457.0,0.02200000000000002,0.02200000000000002,7.33333333333334,1,1,18.325,1.0,47309.0,0.3249999999999993,0.3249999999999993,1.8055555555555516,1,1,4,0.123,0.03124899998399949,0.084,0.171,0.123,0.03124899998399949,0.1269074465900248,0.123,1.0,4,0,1.0,1.0,0,7815.0,12663.75,0,4,3.6792500000000006,0.5089348558509231,2.995,4.262,3.6792500000000006,0.5089348558509231,3.714282602333861,3.6792500000000006,1.0,4,0,1.0,1.0,0,13428.0,18471.0,0,4,-0.065,0.31546949139338337,-0.498,0.356,-0.065,0.31546949139338337,0.32209625890407356,0.278,1.0,4,0,1.0,1.0,0,33103.0,38652.25,0,4,54.357749999999996,1.4405249694121924,52.953,56.536,4.357750000000001,1.4405249694121924,4.589672891394332,4.357750000000001,1.0,4,0,1.0,1.0,0,10636.0,12215.5,0
47,47,power_law,3.629,1.04,176.0,-1.371,1.371,27.42,1,0,1.743,1.05,51.0,-0.2569999999999999,0.2569999999999999,12.849999999999994,1,0,4.47,1.04,72.0,-0.5300000000000002,0.5300000000000002,10.600000000000005,1,0,2.992,1.08,29.0,0.992,0.992,49.6,1,0,0.747,1.03,219.0,-0.20299999999999996,0.20299999999999996,21.368421052631575,0,0,0.003,1.15,946.0,-0.007,0.007,70.0,0,0,0.3,1.13,10536.0,0.0,0.0,0.0,1,0,17.538,1.04,53.0,-0.46199999999999974,0.46199999999999974,2.5666666666666655,1,0,4,0.03949999999999999,0.03457238782612506,-0.004,0.089,0.03949999999999999,0.03457238782612506,0.05249285665688237,0.041499999999999995,1.0,4,0,1.065,1.14,4,59.0,3045.5,2,4,1.658,0.9775047314463496,0.073,2.714,1.658,0.9775047314463496,1.9247024445352585,1.658,1.0,4,0,1.1275,1.27,4,11.0,116.25,4,4,-0.064,0.2134923886231076,-0.389,0.187,-0.064,0.2134923886231076,0.22287889088022672,0.181,1.0,4,0,1.0925,1.16,4,72.0,5880.0,1,4,52.40625,0.6416191919667001,51.65,53.42,2.40625,0.6416191919667001,2.4903241254904955,2.40625,1.0,4,0,1.0499999999999998,1.1,4,109.0,1329.5,2
48,48,power_law,5.166,1.0,17090.0,0.16600000000000037,0.16600000000000037,3.320000000000008,1,1,2.131,1.0,17018.0,0.13099999999999978,0.13099999999999978,6.549999999999989,1,1,4.718,1.0,18107.0,-0.28200000000000003,0.28200000000000003,5.640000000000001,1,1,2.459,1.0,19810.0,0.4590000000000001,0.4590000000000001,22.950000000000003,1,1,0.727,1.0,17858.0,-0.22299999999999998,0.22299999999999998,23.473684210526315,0,1,0.009,1.0,43844.0,-0.0010000000000000009,0.0010000000000000009,10.000000000000009,1,1,0.285,1.0,56341.0,-0.015000000000000013,0.015000000000000013,5.000000000000004,1,1,19.286,1.0,43005.0,1.2860000000000014,1.2860000000000014,7.144444444444452,1,1,4,0.13599999999999998,0.09973214125847293,0.035,0.296,0.13599999999999998,0.09973214125847293,0.16864904387514326,0.13599999999999998,1.0,4,0,1.0,1.0,0,5395.0,15834.0,0,4,2.4989999999999997,0.8741721798364439,1.192,3.296,2.4989999999999997,0.8741721798364439,2.647485221866215,2.4989999999999997,1.0,4,0,1.0,1.0,0,12303.0,17053.75,0,4,-0.041,0.15860800736406724,-0.265,0.134,-0.041,0.15860800736406724,0.16382154925405876,0.14800000000000002,1.0,4,0,1.0,1.0,0,32653.0,37234.25,0,4,53.086,0.7073252434347308,52.291,54.119,3.0860000000000003,0.7073252434347308,3.166023531182294,3.0860000000000003,1.0,4,0,1.0,1.0,0,9484.0,12237.25,0
49,49,power_law,9.506,1.0,17154.0,4.506,4.506,90.12,0,1,3.015,1.0,17961.0,1.0150000000000001,1.0150000000000001,50.75000000000001,0,1,6.027,1.0,20043.0,1.0270000000000001,1.0270000000000001,20.540000000000003,1,1,2.274,1.0,20045.0,0.274,0.274,13.700000000000001,1,1,0.722,1.0,16683.0,-0.22799999999999998,0.22799999999999998,24.0,0,1,0.009,1.0,41411.0,-0.0010000000000000009,0.0010000000000000009,10.000000000000009,1,1,0.295,1.0,48705.0,-0.0050000000000000044,0.0050000000000000044,1.6666666666666683,1,1,17.586,1.0,36283.0,-0.4140000000000015,0.4140000000000015,2.3000000000000083,1,1,4,0.189,0.03819031290785661,0.134,0.237,0.189,0.03819031290785661,0.19281986412193117,0.189,1.0,4,0,1.0,1.0,0,6590.0,9660.0,0,4,3.433,0.743064263708059,2.281,4.281,3.433,0.743064263708059,3.5124967615643437,3.433,1.0,4,0,1.0,1.0,0,8980.0,15122.75,0,4,-0.16774999999999998,0.20840630388738246,-0.521,0.02,-0.16774999999999998,0.20840630388738246,0.26753177381387805,0.17775,1.0,4,0,1.0,1.0,0,24242.0,33099.25,0,4,53.797000000000004,0.765353839736891,53.004,55.011,3.7970000000000006,0.765353839736891,3.873367462557614,3.7970000000000006,1.0,4,0,1.0,1.0,0,11127.0,12759.75,0
50,50,power_law,5.62,1.0,13853.0,0.6200000000000001,0.6200000000000001,12.400000000000002,1,1,2.271,1.0,14409.0,0.2709999999999999,0.2709999999999999,13.549999999999995,1,1,5.386,1.0,18327.0,0.3860000000000001,0.3860000000000001,7.7200000000000015,1,1,2.075,1.0,17028.0,0.07500000000000018,0.07500000000000018,3.750000000000009,1,1,0.742,1.0,13808.0,-0.20799999999999996,0.20799999999999996,21.89473684210526,0,1,0.011,1.0,42147.0,0.0009999999999999992,0.0009999999999999992,9.999999999999991,1,1,0.303,1.0,44770.0,0.0030000000000000027,0.0030000000000000027,1.0000000000000009,1,1,16.953,1.0,41627.0,-1.0470000000000006,1.0470000000000006,5.81666666666667,1,1,4,0.08825000000000001,0.04142689343892443,0.032,0.128,0.08825000000000001,0.04142689343892443,0.09748974305023067,0.08825000000000001,1.0,4,0,1.0,1.0,0,8360.0,14082.5,0,4,3.28775,0.8129644441794487,1.96,4.172,3.28775,0.8129644441794487,3.3867700320511873,3.28775,1.0,4,0,1.0,1.0,0,13388.0,20689.0,0,4,0.04775,0.18220232572610046,-0.251,0.229,0.04775,0.18220232572610046,0.1883553821901567,0.17325000000000002,1.0,4,0,1.0,1.0,0,32945.0,39280.0,0,4,54.26975,0.9631924457241154,52.62,54.993,4.26975,0.9631924457241154,4.377042923024631,4.26975,1.0,4,0,1.0,1.0,0,11260.0,12978.25,0
51,51,power_law,5.093,1.0,13824.0,0.09299999999999997,0.09299999999999997,1.8599999999999994,1,1,2.057,1.0,14026.0,0.05699999999999994,0.05699999999999994,2.849999999999997,1,1,5.102,1.0,19739.0,0.10200000000000031,0.10200000000000031,2.0400000000000063,1,1,2.401,1.0,20279.0,0.4009999999999998,0.4009999999999998,20.04999999999999,1,1,0.715,1.0,15235.0,-0.235,0.235,24.736842105263158,0,1,0.008,1.0,51890.0,-0.002,0.002,20.0,1,1,0.282,1.0,45520.0,-0.018000000000000016,0.018000000000000016,6.000000000000005,1,1,17.861,1.0,45576.0,-0.13899999999999935,0.13899999999999935,0.7722222222222186,1,1,4,0.094,0.035881750236018306,0.042,0.143,0.094,0.035881750236018306,0.1006156051514873,0.094,1.0,4,0,1.0,1.0,0,8406.0,15399.25,0,4,2.68025,0.8341155120845074,1.501,3.509,2.68025,0.8341155120845074,2.8070427054108027,2.68025,1.0,4,0,1.0,1.0,0,10566.0,15939.25,0,4,-0.058499999999999996,0.058517091520341305,-0.117,0.039,-0.058499999999999996,0.058517091520341305,0.08274357981136664,0.078,1.0,4,0,1.0,1.0,0,33777.0,36971.25,0,4,52.79975,0.8530930122208249,51.887,54.198,2.7997499999999995,0.8530930122208249,2.9268357914307384,2.7997499999999995,1.0,4,0,1.0,1.0,0,9150.0,11577.5,0
52,52,power_law,6.108,1.0,5933.0,1.1079999999999997,1.1079999999999997,22.159999999999993,1,1,2.227,1.0,12209.0,0.22699999999999987,0.22699999999999987,11.349999999999994,1,1,5.014,1.0,13348.0,0.014000000000000234,0.014000000000000234,0.2800000000000047,1,1,2.177,1.01,16638.0,0.17700000000000005,0.17700000000000005,8.850000000000001,1,1,0.73,1.0,10658.0,-0.21999999999999997,0.21999999999999997,23.157894736842103,0,1,0.018,1.0,22731.0,0.007999999999999998,0.007999999999999998,79.99999999999999,1,1,0.299,1.01,46971.0,-0.0010000000000000009,0.0010000000000000009,0.33333333333333365,1,1,16.421,1.02,40259.0,-1.5790000000000006,1.5790000000000006,8.772222222222226,1,0,4,0.11174999999999999,0.028305255695718422,0.088,0.16,0.11174999999999999,0.028305255695718422,0.11527900936423768,0.11174999999999999,1.0,4,0,1.005,1.01,0,692.0,7334.0,0,4,2.98425,0.4336360080758977,2.458,3.484,2.98425,0.4336360080758977,3.015590862501079,2.98425,1.0,4,0,1.0099999999999998,1.02,1,313.0,9040.5,1,4,-0.20199999999999999,0.1361010653889234,-0.35,0.019,-0.20199999999999999,0.1361010653889234,0.24357237117538597,0.2115,1.0,4,0,1.0074999999999998,1.02,1,4708.0,20817.25,0,4,53.7405,0.40066787992051633,53.062,54.064,3.740500000000001,0.40066787992051633,3.7618977923383308,3.740500000000001,1.0,4,0,1.01,1.02,2,270.0,8017.0,1
53,53,power_law,3.645,1.0,13051.0,-1.355,1.355,27.1,1,1,1.787,1.0,12411.0,-0.21300000000000008,0.21300000000000008,10.650000000000004,1,1,4.81,1.0,5869.0,-0.1900000000000004,0.1900000000000004,3.8000000000000074,1,1,2.435,1.0,14650.0,0.43500000000000005,0.43500000000000005,21.750000000000004,1,1,0.737,1.0,12944.0,-0.21299999999999997,0.21299999999999997,22.421052631578945,0,1,0.015,1.0,36723.0,0.004999999999999999,0.004999999999999999,49.999999999999986,1,1,0.316,1.0,43481.0,0.016000000000000014,0.016000000000000014,5.333333333333338,1,1,19.145,1.0,24574.0,1.1449999999999996,1.1449999999999996,6.361111111111109,1,1,4,0.0525,0.02551960031034969,0.019,0.088,0.0525,0.02551960031034969,0.05837379549078507,0.0525,1.0,4,0,1.0,1.0,0,12651.0,18682.25,0,4,2.693,0.5582235215395354,2.09,3.455,2.693,0.5582235215395354,2.7502477161157683,2.693,1.0,4,0,1.0,1.0,0,6663.0,15240.0,0,4,0.0185,0.06911403620104964,-0.044,0.13,0.0185,0.06911403620104964,0.07154718722633337,0.0575,1.0,4,0,1.0,1.0,0,2136.0,16799.25,0,4,52.407250000000005,1.927589475873946,49.95,54.683,2.4072500000000012,1.9275894758739458,3.0839023574036837,2.43225,1.0,4,0,1.0,1.0,0,1918.0,6005.25,0
54,54,power_law,3.216,1.0,6459.0,-1.7839999999999998,1.7839999999999998,35.67999999999999,0,1,1.748,1.0,4901.0,-0.252,0.252,12.6,1,1,4.56,1.0,15714.0,-0.4400000000000004,0.4400000000000004,8.800000000000008,1,1,2.838,1.0,15257.0,0.8380000000000001,0.8380000000000001,41.900000000000006,1,1,0.738,1.0,10959.0,-0.21199999999999997,0.21199999999999997,22.31578947368421,0,1,0.009,1.0,8261.0,-0.0010000000000000009,0.0010000000000000009,10.000000000000009,1,1,0.303,1.0,27099.0,0.0030000000000000027,0.0030000000000000027,1.0000000000000009,1,1,19.026,1.0,31729.0,1.0259999999999998,1.0259999999999998,5.699999999999998,1,1,4,0.04575,0.020837166314064876,0.024,0.08,0.04575,0.020837166314064876,0.05027176145710433,0.04575,1.0,4,0,1.0,1.0,0,11164.0,17496.0,0,4,1.8519999999999999,1.0309066398078928,0.828,3.221,1.8519999999999999,1.0309066398078928,2.1195925315965805,1.8519999999999999,1.0,4,0,1.0,1.0,0,2412.0,6659.75,0,4,0.11524999999999999,0.1955880556169011,-0.104,0.415,0.11524999999999999,0.1955880556169011,0.2270181710788808,0.16825,0.75,3,0,1.0,1.0,0,16446.0,27458.5,0,4,50.73725,0.34847695404431006,50.318,51.275,0.7372499999999995,0.34847695404431006,0.8154592264485082,0.7372499999999995,1.0,4,0,1.0,1.0,0,7043.0,9808.25,0
55,55,power_law,5.51,1.0,21298.0,0.5099999999999998,0.5099999999999998,10.199999999999996,1,1,2.089,1.0,21202.0,0.08899999999999997,0.08899999999999997,4.449999999999998,1,1,5.38,1.0,22760.0,0.3799999999999999,0.3799999999999999,7.599999999999999,1,1,2.799,1.0,23789.0,0.7989999999999999,0.7989999999999999,39.949999999999996,1,1,0.705,1.0,13778.0,-0.245,0.245,25.789473684210527,0,1,0.005,1.0,44324.0,-0.005,0.005,50.0,1,1,0.286,1.0,42649.0,-0.014000000000000012,0.014000000000000012,4.666666666666671,1,1,16.216,1.0,40269.0,-1.783999999999999,1.783999999999999,9.911111111111106,1,1,4,0.08275,0.07375084745275812,0.031,0.209,0.08275,0.07375084745275812,0.1108456133547918,0.08275,1.0,4,0,1.0,1.0,0,4576.0,24112.0,0,4,1.69325,0.585462797707933,1.29,2.702,1.69325,0.585462797707933,1.7916088440281823,1.69325,1.0,4,0,1.0,1.0,0,7673.0,19137.75,0,4,-0.1795,0.1310295768137866,-0.388,-0.034,-0.1795,0.1310295768137866,0.22223636066134633,0.1795,1.0,4,0,1.0,1.0,0,35156.0,40767.0,0,4,52.91825,1.2027465183903054,51.092,54.189,2.9182500000000005,1.2027465183903054,3.156387531657037,2.9182500000000005,0.75,3,0,1.0,1.0,0,13707.0,15691.75,0
56,56,power_law,3.579,1.0,13401.0,-1.4209999999999998,1.4209999999999998,28.419999999999995,1,1,1.748,1.0,15632.0,-0.252,0.252,12.6,1,1,4.848,1.01,693.0,-0.15200000000000014,0.15200000000000014,3.0400000000000027,1,1,2.678,1.01,19081.0,0.6779999999999999,0.6779999999999999,33.9,1,1,0.728,1.01,9478.0,-0.22199999999999998,0.22199999999999998,23.36842105263158,0,1,0.008,1.0,18153.0,-0.002,0.002,20.0,1,1,0.311,1.0,2604.0,0.01100000000000001,0.01100000000000001,3.66666666666667,1,1,18.668,1.0,876.0,0.6679999999999993,0.6679999999999993,3.711111111111107,1,1,4,0.06875,0.04086180979839244,0.036,0.138,0.06875,0.04086180979839244,0.07997655906576627,0.06875,1.0,4,0,1.0025,1.01,0,1822.0,6574.25,0,4,2.4827500000000002,1.0422932348912182,1.533,4.107,2.4827500000000002,1.0422932348912182,2.69266090512712,2.4827500000000002,1.0,4,0,1.0075,1.01,0,325.0,6347.5,1,4,0.17325,0.10956134126597757,-0.006,0.291,0.17325,0.10956134126597757,0.20498597513000735,0.17625,1.0,4,0,1.005,1.01,0,618.0,8401.25,0,4,51.92425,1.1784677286629457,50.077,53.048,1.924249999999999,1.178467728662946,2.256440615216806,1.924249999999999,1.0,4,0,1.0074999999999998,1.01,0,365.0,4952.5,1
57,57,power_law,4.47,1.0,12120.0,-0.5300000000000002,0.5300000000000002,10.600000000000005,1,1,2.023,1.0,12177.0,0.02300000000000013,0.02300000000000013,1.1500000000000066,1,1,4.8,1.0,18809.0,-0.20000000000000018,0.20000000000000018,4.0000000000000036,1,1,2.117,1.0,17948.0,0.11699999999999999,0.11699999999999999,5.85,1,1,0.729,1.0,13769.0,-0.22099999999999997,0.22099999999999997,23.263157894736842,0,1,0.01,1.0,39025.0,0.0,0.0,0.0,1,1,0.304,1.0,45117.0,0.0040000000000000036,0.0040000000000000036,1.3333333333333346,1,1,17.751,1.0,40909.0,-0.24899999999999878,0.24899999999999878,1.3833333333333264,1,1,4,0.09150000000000001,0.05895125104694556,0.041,0.192,0.09150000000000001,0.05895125104694556,0.1088462217993808,0.09150000000000001,1.0,4,0,1.0,1.0,0,5293.0,16341.0,0,4,2.9255000000000004,0.8852808876283279,1.547,3.864,2.9255000000000004,0.8852808876283279,3.0565131277323183,2.9255000000000004,1.0,4,0,1.0,1.0,0,11411.0,21810.75,0,4,0.1215,0.06572860868754185,0.059,0.23,0.1215,0.06572860868754185,0.13813942232396947,0.1215,1.0,4,0,1.0,1.0,0,24266.0,30710.75,0,4,54.2045,0.8677454984037661,52.716,54.895,4.204500000000001,0.8677454984037661,4.2931110514404365,4.204500000000001,1.0,4,0,1.0,1.0,0,11855.0,13699.25,0
58,58,power_law,5.173,1.0,18130.0,0.17300000000000004,0.17300000000000004,3.4600000000000004,1,1,2.112,1.0,17533.0,0.1120000000000001,0.1120000000000001,5.600000000000005,1,1,5.44,1.0,20550.0,0.4400000000000004,0.4400000000000004,8.800000000000008,1,1,2.295,1.0,21544.0,0.29499999999999993,0.29499999999999993,14.749999999999996,1,1,0.733,1.0,15510.0,-0.21699999999999997,0.21699999999999997,22.84210526315789,0,1,0.019,1.0,44090.0,0.009,0.009,89.99999999999999,1,1,0.302,1.0,57894.0,0.0020000000000000018,0.0020000000000000018,0.6666666666666673,1,1,16.872,1.0,45219.0,-1.1280000000000001,1.1280000000000001,6.2666666666666675,1,1,4,0.076,0.04602716589146023,0.039,0.154,0.076,0.04602716589146023,0.08885099886889286,0.076,1.0,4,0,1.0,1.0,0,10980.0,20687.0,0,4,3.04325,0.6806369718873638,2.302,4.115,3.04325,0.6806369718873638,3.118435064258995,3.04325,1.0,4,0,1.0,1.0,0,14259.0,19244.75,0,4,0.05475000000000001,0.14324869109349656,-0.143,0.217,0.05475000000000001,0.14324869109349656,0.15335498035603537,0.13475,1.0,4,0,1.0,1.0,0,30892.0,37375.5,0,4,53.44925,0.4290287723451682,52.94,53.904,3.449250000000001,0.4290287723451682,3.4758295772376426,3.449250000000001,1.0,4,0,1.0,1.0,0,10096.0,11698.25,0
59,59,power_law,4.487,1.0,16268.0,-0.5129999999999999,0.5129999999999999,10.259999999999998,1,1,1.994,1.0,15473.0,-0.006000000000000005,0.006000000000000005,0.30000000000000027,1,1,5.311,1.0,11107.0,0.31099999999999994,0.31099999999999994,6.219999999999999,1,1,2.634,1.0,15939.0,0.6339999999999999,0.6339999999999999,31.699999999999996,1,1,0.731,1.0,11036.0,-0.21899999999999997,0.21899999999999997,23.052631578947366,0,1,0.012,1.0,45777.0,0.002,0.002,20.0,1,1,0.302,1.0,28822.0,0.0020000000000000018,0.0020000000000000018,0.6666666666666673,1,1,17.426,1.0,19437.0,-0.5740000000000016,0.5740000000000016,3.188888888888898,1,1,4,0.08299999999999999,0.03397793401606401,0.028,0.121,0.08299999999999999,0.03397793401606401,0.08968556182574763,0.08299999999999999,1.0,4,0,1.0,1.0,0,10150.0,16391.75,0,4,1.924,0.4718659767349199,1.393,2.67,1.924,0.4718659767349199,1.9810182987544565,1.924,1.0,4,0,1.0,1.0,0,6457.0,13331.5,0,4,0.03150000000000001,0.18455961096621332,-0.127,0.34,0.03150000000000001,0.18455961096621332,0.18722847005730725,0.14100000000000001,1.0,4,0,1.0,1.0,0,23155.0,29992.75,0,4,52.33425,0.7590528226019578,51.2,53.046,2.334250000000001,0.7590528226019578,2.4545639633140555,2.334250000000001,1.0,4,0,1.0,1.0,0,9321.0,10999.25,0
60,60,power_law,2.961,1.0,13698.0,-2.039,2.039,40.78000000000001,0,1,1.626,1.0,15205.0,-0.3740000000000001,0.3740000000000001,18.700000000000006,0,1,4.131,1.0,10730.0,-0.8689999999999998,0.8689999999999998,17.379999999999995,1,1,2.937,1.0,21023.0,0.9369999999999998,0.9369999999999998,46.849999999999994,1,1,0.762,1.0,4717.0,-0.18799999999999994,0.18799999999999994,19.78947368421052,0,1,0.014,1.0,35211.0,0.004,0.004,40.0,1,1,0.308,1.0,23194.0,0.008000000000000007,0.008000000000000007,2.666666666666669,1,1,17.342,1.0,34911.0,-0.6580000000000013,0.6580000000000013,3.6555555555555626,1,1,4,0.05875,0.03158619160329399,0.016,0.104,0.05875,0.03158619160329399,0.0667026985960838,0.05875,1.0,4,0,1.0,1.0,0,2772.0,8885.25,0,4,1.29875,0.557459135273609,0.538,2.11,1.29875,0.557459135273609,1.413333736242081,1.29875,1.0,4,0,1.0,1.0,0,3019.0,6842.5,0,4,0.07325,0.16327488324907785,-0.118,0.246,0.07325,0.16327488324907785,0.1789532061741281,0.16174999999999998,1.0,4,0,1.0,1.0,0,2782.0,22515.5,0,4,50.359249999999996,0.9666792060968309,48.906,51.41,0.3592499999999994,0.9666792060968309,1.031275545138155,0.90625,1.0,4,0,1.0,1.0,0,1424.0,7788.0,0
61,61,power_law,4.74,1.0,10213.0,-0.2599999999999998,0.2599999999999998,5.199999999999996,1,1,2.024,1.0,9318.0,0.02400000000000002,0.02400000000000002,1.200000000000001,1,1,4.5,1.0,10892.0,-0.5,0.5,10.0,1,1,2.172,1.0,14975.0,0.17200000000000015,0.17200000000000015,8.600000000000009,1,1,0.735,1.0,10448.0,-0.21499999999999997,0.21499999999999997,22.631578947368418,0,1,0.016,1.0,33602.0,0.006,0.006,60.0,1,1,0.302,1.0,29268.0,0.0020000000000000018,0.0020000000000000018,0.6666666666666673,1,1,17.997,1.0,28349.0,-0.0030000000000001137,0.0030000000000001137,0.016666666666667298,1,1,4,0.08,0.030157917700000442,0.038,0.123,0.08,0.030157917700000442,0.0854956139225867,0.08,1.0,4,0,1.0,1.0,0,5881.0,13880.0,0,4,2.02325,0.30921786413465835,1.708,2.484,2.02325,0.30921786413465835,2.046742839244833,2.02325,1.0,4,0,1.0,1.0,0,6138.0,7025.75,0,4,0.05,0.1517415566020067,-0.195,0.22,0.05,0.1517415566020067,0.1597670178729014,0.1475,1.0,4,0,1.0,1.0,0,29061.0,35518.5,0,4,51.2255,0.11619057620994952,51.058,51.345,1.2255000000000003,0.11619057620994952,1.2309957351672671,1.2255000000000003,1.0,4,0,1.0,1.0,0,4251.0,4865.0,0
62,62,power_law,4.506,1.0,15376.0,-0.4939999999999998,0.4939999999999998,9.879999999999995,1,1,1.922,1.0,15131.0,-0.07800000000000007,0.07800000000000007,3.9000000000000035,1,1,4.504,1.0,16334.0,-0.49600000000000044,0.49600000000000044,9.920000000000009,1,1,2.64,1.0,22927.0,0.6400000000000001,0.6400000000000001,32.00000000000001,1,1,0.769,1.0,11157.0,-0.18099999999999994,0.18099999999999994,19.052631578947363,0,1,0.014,1.0,32408.0,0.004,0.004,40.0,1,1,0.263,1.0,44452.0,-0.03699999999999998,0.03699999999999998,12.333333333333327,0,1,17.72,1.0,34643.0,-0.28000000000000114,0.28000000000000114,1.555555555555562,1,1,4,0.0715,0.018090052515125542,0.053,0.092,0.0715,0.018090052515125542,0.07375296604205148,0.0715,1.0,4,0,1.0,1.0,0,5729.0,11458.25,0,4,1.56375,0.2681579525205248,1.385,2.027,1.56375,0.2681579525205248,1.5865757939663645,1.56375,1.0,4,0,1.0,1.0,0,6888.0,9122.5,0,4,-0.20725000000000002,0.12778766568022126,-0.393,-0.034,-0.20725000000000002,0.12778766568022126,0.24347946525323239,0.20725000000000002,1.0,4,0,1.0,1.0,0,11309.0,24172.5,0,4,50.87949999999999,0.8831088551248941,49.591,51.95,0.8795000000000002,0.8831088551248941,1.2463552864251837,1.0839999999999996,1.0,4,0,1.0,1.0,0,5650.0,8926.25,0
63,63,power_law,5.638,1.0,12277.0,0.6379999999999999,0.6379999999999999,12.76,1,1,2.175,1.0,12991.0,0.17499999999999982,0.17499999999999982,8.749999999999991,1,1,4.857,1.0,11218.0,-0.1429999999999998,0.1429999999999998,2.859999999999996,1,1,2.515,1.0,11631.0,0.5150000000000001,0.5150000000000001,25.750000000000007,1,1,0.69,1.0,11445.0,-0.26,0.26,27.368421052631582,0,1,0.013,1.0,42089.0,0.002999999999999999,0.002999999999999999,29.999999999999993,1,1,0.279,1.0,28352.0,-0.020999999999999963,0.020999999999999963,6.9999999999999885,1,1,19.496,1.0,35605.0,1.4959999999999987,1.4959999999999987,8.311111111111105,1,1,4,0.0785,0.04425211859335098,0.025,0.148,0.0785,0.04425211859335098,0.09011381692060325,0.0785,1.0,4,0,1.0,1.0,0,6552.0,16173.5,0,4,2.05925,0.6274680768772225,1.335,3.061,2.05925,0.6274680768772225,2.152725423736153,2.05925,1.0,4,0,1.0,1.0,0,7147.0,13081.5,0,4,0.157,0.20648607701247076,-0.07,0.444,0.157,0.20648607701247076,0.25939448721975567,0.1945,1.0,4,0,1.0,1.0,0,12815.0,27522.75,0,4,52.96075,0.8731979658130226,52.088,54.036,2.960749999999999,0.8731979658130226,3.086829319868527,2.960749999999999,1.0,4,0,1.0,1.0,0,8822.0,10336.5,0
64,64,power_law,4.002,1.0,11706.0,-0.9980000000000002,0.9980000000000002,19.960000000000004,1,1,1.999,1.0,10960.0,-0.0009999999999998899,0.0009999999999998899,0.04999999999999449,1,1,3.636,1.0,8619.0,-1.3639999999999999,1.3639999999999999,27.279999999999998,1,1,1.993,1.0,14664.0,-0.006999999999999895,0.006999999999999895,0.34999999999999476,1,1,0.774,1.0,10390.0,-0.17599999999999993,0.17599999999999993,18.526315789473678,0,1,0.008,1.0,42771.0,-0.002,0.002,20.0,1,1,0.308,1.0,47452.0,0.008000000000000007,0.008000000000000007,2.666666666666669,1,1,17.667,1.0,27606.0,-0.3329999999999984,0.3329999999999984,1.8499999999999912,1,1,4,0.054,0.0131339255365637,0.036,0.068,0.054,0.0131339255365637,0.05557427462414602,0.054,1.0,4,0,1.0,1.0,0,8148.0,14588.25,0,4,1.58325,0.7539835459079993,0.509,2.609,1.58325,0.7539835459079993,1.7536167625795551,1.58325,1.0,4,0,1.0,1.0,0,5550.0,10286.0,0,4,0.0565,0.1345984769601796,-0.031,0.289,0.0565,0.1345984769601796,0.1459760254288354,0.088,1.0,4,0,1.0,1.0,0,34920.0,37662.0,0,4,51.5535,0.5169248011074729,51.222,52.448,1.5534999999999997,0.5169248011074729,1.6372457054455813,1.5534999999999997,1.0,4,0,1.0,1.0,0,4194.0,7080.5,0
65,65,power_law,7.056,1.0,13879.0,2.056,2.056,41.120000000000005,1,1,2.473,1.0,13641.0,0.47299999999999986,0.47299999999999986,23.64999999999999,1,1,4.93,1.0,18746.0,-0.07000000000000028,0.07000000000000028,1.4000000000000057,1,1,1.684,1.0,13626.0,-0.31600000000000006,0.31600000000000006,15.800000000000002,1,1,0.769,1.0,17394.0,-0.18099999999999994,0.18099999999999994,19.052631578947363,0,1,0.017,1.0,44942.0,0.007000000000000001,0.007000000000000001,70.0,1,1,0.294,1.0,48709.0,-0.006000000000000005,0.006000000000000005,2.0000000000000018,1,1,14.888,1.0,44791.0,-3.112,3.112,17.28888888888889,0,1,4,0.21375,0.059876435264634785,0.154,0.31,0.21375,0.059876435264634785,0.22197803945435685,0.21375,1.0,4,0,1.0,1.0,0,5389.0,8639.75,0,4,4.65125,2.242852801121821,1.678,7.967,4.65125,2.242852801121821,5.163769480718519,4.65125,1.0,4,0,1.0,1.0,0,9567.0,20047.0,0,4,-0.12275,0.15154269200459652,-0.369,0.027,-0.12275,0.15154269200459652,0.19501987078244104,0.13625,1.0,4,0,1.0,1.0,0,22420.0,29735.5,0,4,52.83475,3.568663711741414,47.074,56.835,2.8347499999999997,3.568663711741414,4.557539714582859,4.297750000000001,1.0,4,0,1.0,1.0,0,11317.0,13931.25,0
66,66,power_law,6.052,1.0,15948.0,1.0519999999999996,1.0519999999999996,21.039999999999992,1,1,2.386,1.0,15477.0,0.3860000000000001,0.3860000000000001,19.300000000000004,1,1,5.565,1.0,18604.0,0.5650000000000004,0.5650000000000004,11.300000000000008,1,1,2.168,1.0,17961.0,0.16800000000000015,0.16800000000000015,8.400000000000007,1,1,0.745,1.0,11991.0,-0.20499999999999996,0.20499999999999996,21.57894736842105,0,1,0.008,1.0,41669.0,-0.002,0.002,20.0,1,1,0.284,1.0,44901.0,-0.016000000000000014,0.016000000000000014,5.333333333333338,1,1,18.488,1.0,39378.0,0.48799999999999955,0.48799999999999955,2.7111111111111086,1,1,4,0.0455,0.014115594213493104,0.027,0.064,0.0455,0.014115594213493104,0.04763926951581016,0.0455,1.0,4,0,1.0,1.0,0,15791.0,18620.0,0,4,3.08825,0.854093196027225,2.176,4.462,3.08825,0.854093196027225,3.2041790290181975,3.08825,1.0,4,0,1.0,1.0,0,5738.0,11842.75,0,4,-0.048999999999999995,0.013095800853708794,-0.061,-0.028,-0.048999999999999995,0.013095800853708794,0.05071981861166304,0.048999999999999995,1.0,4,0,1.0,1.0,0,31268.0,35575.5,0,4,52.344,1.1920689996808074,50.537,53.754,2.3439999999999994,1.1920689996808074,2.629708063645088,2.3439999999999994,1.0,4,0,1.0,1.0,0,8108.0,8469.5,0
67,67,power_law,3.87,1.0,15025.0,-1.13,1.13,22.599999999999998,1,1,1.915,1.0,14985.0,-0.08499999999999996,0.08499999999999996,4.249999999999998,1,1,4.833,1.0,22086.0,-0.16699999999999982,0.16699999999999982,3.3399999999999963,1,1,2.288,1.0,22110.0,0.2879999999999998,0.2879999999999998,14.399999999999991,1,1,0.782,1.0,13075.0,-0.16799999999999993,0.16799999999999993,17.684210526315784,0,1,0.006,1.0,32662.0,-0.004,0.004,40.0,1,1,0.324,1.0,41793.0,0.02400000000000002,0.02400000000000002,8.000000000000007,1,1,18.595,1.0,39309.0,0.5949999999999989,0.5949999999999989,3.305555555555549,1,1,4,0.10625,0.09199830161475808,0.025,0.257,0.10625,0.09199830161475808,0.14054447694591204,0.10625,1.0,4,0,1.0,1.0,0,1186.0,9971.25,0,4,2.9540000000000006,1.455471573064895,1.448,4.945,2.9540000000000006,1.455471573064895,3.293100894294009,2.9540000000000006,1.0,4,0,1.0,1.0,0,5594.0,13687.5,0,4,-0.08499999999999999,0.17320941082978142,-0.298,0.159,-0.08499999999999999,0.17320941082978142,0.19294170103945907,0.16449999999999998,1.0,4,0,1.0,1.0,0,16859.0,22617.0,0,4,52.333,1.8469113405900126,49.278,53.815,2.3329999999999984,1.8469113405900126,2.975562215783765,2.693999999999999,1.0,4,0,1.0,1.0,0,6740.0,10883.0,0
68,68,power_law,5.319,1.0,18494.0,0.31899999999999995,0.31899999999999995,6.38,1,1,2.129,1.0,18847.0,0.129,0.129,6.45,1,1,5.468,1.0,19406.0,0.46799999999999997,0.46799999999999997,9.36,1,1,2.494,1.0,18615.0,0.4940000000000002,0.4940000000000002,24.70000000000001,1,1,0.717,1.0,17274.0,-0.23299999999999998,0.23299999999999998,24.526315789473685,0,1,0.011,1.0,43390.0,0.0009999999999999992,0.0009999999999999992,9.999999999999991,1,1,0.3,1.0,50677.0,0.0,0.0,0.0,1,1,18.211,1.0,40810.0,0.21099999999999852,0.21099999999999852,1.172222222222214,1,1,4,0.07450000000000001,0.05473801238627505,0.016,0.164,0.07450000000000001,0.05473801238627505,0.09244728227481866,0.07450000000000001,1.0,4,0,1.0,1.0,0,6030.0,23785.75,0,4,3.2417499999999997,1.7602197838622313,1.305,6.068,3.2417499999999997,1.7602197838622313,3.688809665732294,3.2417499999999997,1.0,4,0,1.0,1.0,0,6681.0,11257.25,0,4,-0.2065,0.1521060485319371,-0.44,-0.032,-0.2065,0.1521060485319371,0.2564731954805414,0.2065,1.0,4,0,1.0,1.0,0,28291.0,37677.5,0,4,52.71150000000001,0.986974290445297,51.029,53.557,2.711500000000001,0.986974290445297,2.885541630266318,2.711500000000001,1.0,4,0,1.0,1.0,0,13557.0,14912.5,0
69,69,power_law,5.461,1.0,12998.0,0.4610000000000003,0.4610000000000003,9.220000000000006,1,1,2.172,1.0,12736.0,0.17200000000000015,0.17200000000000015,8.600000000000009,1,1,4.197,1.0,9948.0,-0.8029999999999999,0.8029999999999999,16.06,1,1,2.199,1.0,14205.0,0.19899999999999984,0.19899999999999984,9.949999999999992,1,1,0.722,1.0,9584.0,-0.22799999999999998,0.22799999999999998,24.0,0,1,0.012,1.0,48988.0,0.002,0.002,20.0,1,1,0.296,1.0,48998.0,-0.0040000000000000036,0.0040000000000000036,1.3333333333333346,1,1,17.68,1.0,37697.0,-0.3200000000000003,0.3200000000000003,1.7777777777777795,1,1,4,0.05149999999999999,0.005361902647381803,0.046,0.06,0.05149999999999999,0.005361902647381803,0.05177837386399847,0.05149999999999999,1.0,4,0,1.0,1.0,0,19881.0,24739.5,0,4,1.976,0.6742532906853328,0.942,2.663,1.976,0.6742532906853328,2.087868171125754,1.976,1.0,4,0,1.0,1.0,0,6035.0,12876.75,0,4,-0.008750000000000003,0.10375301200447147,-0.128,0.154,-0.008750000000000003,0.10375301200447147,0.10412132346450462,0.08575,1.0,4,0,1.0,1.0,0,29764.0,36825.25,0,4,52.33175,1.0948996243948566,50.792,53.532,2.3317499999999995,1.0948996243948566,2.576016935115139,2.3317499999999995,1.0,4,0,1.0,1.0,0,4980.0,6896.0,0
70,70,power_law,6.75,1.0,18065.0,1.75,1.75,35.0,1,1,2.402,1.0,17924.0,0.40200000000000014,0.40200000000000014,20.10000000000001,1,1,5.022,1.0,18131.0,0.02200000000000024,0.02200000000000024,0.4400000000000048,1,1,2.267,1.0,17532.0,0.2669999999999999,0.2669999999999999,13.349999999999994,1,1,0.72,1.0,15318.0,-0.22999999999999998,0.22999999999999998,24.210526315789473,0,1,0.012,1.0,46479.0,0.002,0.002,20.0,1,1,0.3,1.0,46438.0,0.0,0.0,0.0,1,1,17.57,1.0,33301.0,-0.4299999999999997,0.4299999999999997,2.388888888888887,1,1,4,0.19575000000000004,0.18095769533236214,0.039,0.489,0.19575000000000004,0.18095769533236214,0.2665778497925137,0.19575000000000004,1.0,4,0,1.0,1.0,0,2561.0,14391.0,0,4,2.3205,0.569257630603227,1.664,3.199,2.3205,0.569257630603227,2.38930418741524,2.3205,1.0,4,0,1.0,1.0,0,22665.0,24593.5,0,4,0.011249999999999996,0.19712607006684832,-0.298,0.25,0.011249999999999996,0.19712607006684832,0.19744682828549057,0.16025,1.0,4,0,1.0,1.0,0,20120.0,30343.0,0,4,54.2,0.6640116715841691,53.467,55.264,4.199999999999999,0.664011671584169,4.252165507126928,4.199999999999999,0.75,3,0,1.0,1.0,0,12643.0,14018.75,0
71,71,power_law,3.51,1.0,16750.0,-1.4900000000000002,1.4900000000000002,29.800000000000004,1,1,1.784,1.0,17244.0,-0.21599999999999997,0.21599999999999997,10.799999999999999,1,1,4.599,1.0,16220.0,-0.4009999999999998,0.4009999999999998,8.019999999999996,1,1,2.552,1.0,19733.0,0.552,0.552,27.6,1,1,0.786,1.0,16259.0,-0.16399999999999992,0.16399999999999992,17.263157894736835,0,1,0.014,1.0,34962.0,0.004,0.004,40.0,1,1,0.303,1.0,40710.0,0.0030000000000000027,0.0030000000000000027,1.0000000000000009,1,1,17.383,1.0,28228.0,-0.6170000000000009,0.6170000000000009,3.4277777777777825,1,1,4,0.06925,0.0448964085423322,0.027,0.144,0.06925,0.0448964085423322,0.08253029746705146,0.06925,1.0,4,0,1.0,1.0,0,2101.0,13262.75,0,4,1.803,0.8855300672478604,0.526,2.962,1.803,0.8855300672478604,2.0087240975305694,1.803,1.0,4,0,1.0,1.0,0,2988.0,14589.75,0,4,0.11,0.1810013812101996,-0.188,0.263,0.11,0.1810013812101996,0.2118053351547123,0.204,1.0,4,0,1.0,1.0,0,29931.0,33484.75,0,4,51.96525,1.5702352331736809,49.974,54.025,1.9652499999999993,1.5702352331736809,2.5155210692816707,1.978250000000001,1.0,4,0,1.0,1.0,0,13127.0,15281.25,0
72,72,power_law,5.195,1.0,14918.0,0.19500000000000028,0.19500000000000028,3.9000000000000057,1,1,2.095,1.0,14461.0,0.0950000000000002,0.0950000000000002,4.75000000000001,1,1,4.822,1.0,18428.0,-0.17799999999999994,0.17799999999999994,3.5599999999999987,1,1,2.337,1.0,18734.0,0.3370000000000002,0.3370000000000002,16.85000000000001,1,1,0.721,1.0,14492.0,-0.22899999999999998,0.22899999999999998,24.105263157894736,0,1,0.011,1.0,40778.0,0.0009999999999999992,0.0009999999999999992,9.999999999999991,1,1,0.335,1.0,19433.0,0.03500000000000003,0.03500000000000003,11.666666666666679,0,1,18.171,1.0,2568.0,0.17099999999999937,0.17099999999999937,0.9499999999999965,1,1,4,0.10900000000000001,0.06788593374182902,0.061,0.226,0.10900000000000001,0.06788593374182902,0.1284114480877776,0.10900000000000001,1.0,4,0,1.0,1.0,0,6945.0,14700.25,0,4,2.674,1.3787441749650293,1.294,4.879,2.674,1.3787441749650293,3.008523142673162,2.674,1.0,4,0,1.0,1.0,0,2926.0,7810.25,0,4,-0.094,0.0889690957580215,-0.19,0.051,-0.094,0.0889690957580215,0.12942758593128437,0.1195,1.0,4,0,1.0,1.0,0,4318.0,27378.5,0,4,52.27925,1.8525451917564657,49.978,54.316,2.279250000000001,1.8525451917564655,2.93715921427491,2.2902500000000003,1.0,4,0,1.0,1.0,0,7425.0,10111.0,0
73,73,power_law,5.156,1.0,16595.0,0.1559999999999997,0.1559999999999997,3.119999999999994,1,1,1.971,1.0,17485.0,-0.028999999999999915,0.028999999999999915,1.4499999999999957,1,1,4.652,1.0,16775.0,-0.34799999999999986,0.34799999999999986,6.959999999999996,1,1,3.031,1.0,23192.0,1.0310000000000001,1.0310000000000001,51.550000000000004,1,1,0.712,1.0,15924.0,-0.238,0.238,25.05263157894737,0,1,0.01,1.0,45890.0,0.0,0.0,0.0,1,1,0.31,1.0,30815.0,0.010000000000000009,0.010000000000000009,3.3333333333333366,1,1,18.284,1.0,41052.0,0.2839999999999989,0.2839999999999989,1.5777777777777717,1,1,4,0.08374999999999999,0.04702326551825171,0.022,0.154,0.08374999999999999,0.04702326551825171,0.09604816500069119,0.08374999999999999,1.0,4,0,1.0,1.0,0,6816.0,17047.5,0,4,1.3395000000000001,0.3987715511417533,0.854,1.908,1.3395000000000001,0.3987715511417533,1.3975975815663104,1.3395000000000001,1.0,4,0,1.0,1.0,0,9374.0,13494.75,0,4,-0.1455,0.14142931096487743,-0.363,0.018,-0.1455,0.14142931096487743,0.20291007860626342,0.1545,1.0,4,0,1.0,1.0,0,22260.0,29988.75,0,4,52.399249999999995,1.1529725441223648,50.601,53.492,2.3992499999999986,1.1529725441223648,2.6619065066226484,2.3992499999999986,0.75,3,0,1.0,1.0,0,9392.0,11220.5,0
74,74,power_law,4.3,1.0,13336.0,-0.7000000000000002,0.7000000000000002,14.000000000000004,1,1,1.935,1.0,13257.0,-0.06499999999999995,0.06499999999999995,3.2499999999999973,1,1,4.192,1.0,13746.0,-0.8079999999999998,0.8079999999999998,16.159999999999997,1,1,2.707,1.0,20210.0,0.7069999999999999,0.7069999999999999,35.349999999999994,1,1,0.739,1.0,11387.0,-0.21099999999999997,0.21099999999999997,22.210526315789473,0,1,0.012,1.0,38039.0,0.002,0.002,20.0,1,1,0.308,1.0,38620.0,0.008000000000000007,0.008000000000000007,2.666666666666669,1,1,20.326,1.0,31721.0,2.3260000000000005,2.3260000000000005,12.922222222222224,1,1,4,0.052000000000000005,0.028853076092507018,0.028,0.101,0.052000000000000005,0.028853076092507018,0.059468479045625515,0.052000000000000005,1.0,4,0,1.0,1.0,0,8930.0,17903.25,0,4,1.547,0.44146630675511345,1.12,2.231,1.547,0.44146630675511345,1.6087577505640804,1.547,1.0,4,0,1.0,1.0,0,4732.0,9676.5,0,4,-0.09674999999999999,0.13905821622615472,-0.305,0.038,-0.09674999999999999,0.13905821622615472,0.1694041026657855,0.12625,1.0,4,0,1.0,1.0,0,16988.0,29074.0,0,4,50.8745,1.3394447543665249,49.863,53.171,0.8744999999999994,1.3394447543665249,1.5996444917543393,0.9429999999999996,1.0,4,0,1.0,1.0,0,7455.0,9477.25,0
75,75,power_law,4.579,1.0,15206.0,-0.42100000000000026,0.42100000000000026,8.420000000000005,1,1,2.034,1.0,16046.0,0.03399999999999981,0.03399999999999981,1.6999999999999904,1,1,4.821,1.0,21392.0,-0.17900000000000027,0.17900000000000027,3.5800000000000054,1,1,2.594,1.0,21668.0,0.5939999999999999,0.5939999999999999,29.699999999999992,1,1,0.738,1.0,18152.0,-0.21199999999999997,0.21199999999999997,22.31578947368421,0,1,0.012,1.0,42975.0,0.002,0.002,20.0,1,1,0.297,1.0,47085.0,-0.0030000000000000027,0.0030000000000000027,1.0000000000000009,1,1,18.062,1.0,40427.0,0.062000000000001165,0.062000000000001165,0.3444444444444509,1,1,4,0.08975000000000001,0.04540030286242593,0.052,0.167,0.08975000000000001,0.04540030286242593,0.10057957049023425,0.08975000000000001,1.0,4,0,1.0,1.0,0,5280.0,13027.5,0,4,1.632,0.779347162694521,0.818,2.7,1.632,0.779347162694521,1.808536977780659,1.632,1.0,4,0,1.0,1.0,0,4164.0,13840.25,0,4,0.012750000000000011,0.2988606489653665,-0.39,0.339,0.012750000000000011,0.2988606489653665,0.2991324957272279,0.28575,1.0,4,0,1.0,1.0,0,33362.0,37579.75,0,4,51.38125,2.4288369001437693,47.67,54.394,1.3812499999999996,2.4288369001437693,2.794118868265986,2.546249999999999,0.75,3,0,1.0,1.0,0,17035.0,20747.75,0
76,76,power_law,5.35,1.0,15653.0,0.34999999999999964,0.34999999999999964,6.999999999999992,1,1,2.163,1.0,14996.0,0.1629999999999998,0.1629999999999998,8.149999999999991,1,1,5.426,1.0,22780.0,0.42600000000000016,0.42600000000000016,8.520000000000003,1,1,1.832,1.0,13881.0,-0.16799999999999993,0.16799999999999993,8.399999999999997,1,1,0.75,1.0,13970.0,-0.19999999999999996,0.19999999999999996,21.052631578947363,0,1,0.011,1.0,48854.0,0.0009999999999999992,0.0009999999999999992,9.999999999999991,1,1,0.327,1.0,56831.0,0.027000000000000024,0.027000000000000024,9.000000000000007,1,1,16.469,1.0,39970.0,-1.5309999999999988,1.5309999999999988,8.50555555555555,1,1,4,0.07275,0.03838212474577196,0.046,0.139,0.07275,0.03838212474577196,0.08225417922513117,0.07275,1.0,4,0,1.0,1.0,0,8187.0,18608.5,0,4,4.457750000000001,0.4005323800893008,4.036,4.969,4.457750000000001,0.4005323800893008,4.475707904901748,4.457750000000001,1.0,4,0,1.0,1.0,0,14751.0,19612.0,0,4,-0.006000000000000004,0.08849858755935033,-0.074,0.146,-0.006000000000000004,0.08849858755935033,0.08870174744614674,0.079,1.0,4,0,1.0,1.0,0,39134.0,40242.0,0,4,53.701,0.7528183711892261,52.962,54.902,3.7010000000000005,0.7528183711892261,3.776789178654271,3.7010000000000005,1.0,4,0,1.0,1.0,0,7803.0,10683.75,0
77,77,power_law,4.009,1.0,14291.0,-0.9909999999999997,0.9909999999999997,19.819999999999993,1,1,1.821,1.0,14143.0,-0.17900000000000005,0.17900000000000005,8.950000000000003,1,1,4.328,1.0,17203.0,-0.6719999999999997,0.6719999999999997,13.439999999999994,1,1,2.3,1.0,17326.0,0.2999999999999998,0.2999999999999998,14.999999999999991,1,1,0.735,1.0,15649.0,-0.21499999999999997,0.21499999999999997,22.631578947368418,0,1,0.012,1.0,42436.0,0.002,0.002,20.0,1,1,0.297,1.0,41293.0,-0.0030000000000000027,0.0030000000000000027,1.0000000000000009,1,1,17.066,1.0,34181.0,-0.934000000000001,0.934000000000001,5.188888888888895,1,1,4,0.0535,0.026004807247891688,0.033,0.097,0.0535,0.026004807247891688,0.059485292299861825,0.0535,1.0,4,0,1.0,1.0,0,11696.0,21902.5,0,4,2.2305,1.112904870148388,1.11,4.033,2.2305,1.112904870148388,2.4927269204628093,2.2305,1.0,4,0,1.0,1.0,0,14242.0,21214.0,0,4,-0.12049999999999998,0.1889742045888803,-0.415,0.074,-0.12049999999999998,0.1889742045888803,0.22412384969029958,0.16299999999999998,1.0,4,0,1.0,1.0,0,12533.0,28882.25,0,4,53.809,1.0542001707455761,52.467,55.093,3.809000000000001,1.0542001707455764,3.952191670453245,3.809000000000001,0.75,3,0,1.0,1.0,0,11683.0,13625.0,0
78,78,power_law,4.795,1.0,13939.0,-0.20500000000000007,0.20500000000000007,4.100000000000001,1,1,2.057,1.0,13604.0,0.05699999999999994,0.05699999999999994,2.849999999999997,1,1,4.583,1.0,21670.0,-0.4169999999999998,0.4169999999999998,8.339999999999996,1,1,2.229,1.0,21654.0,0.2290000000000001,0.2290000000000001,11.450000000000005,1,1,0.759,1.0,14113.0,-0.19099999999999995,0.19099999999999995,20.105263157894733,0,1,0.009,1.0,50289.0,-0.0010000000000000009,0.0010000000000000009,10.000000000000009,1,1,0.292,1.0,55054.0,-0.008000000000000007,0.008000000000000007,2.666666666666669,1,1,17.937,1.0,42450.0,-0.06299999999999883,0.06299999999999883,0.34999999999999354,1,1,4,0.1,0.05029413484691829,0.026,0.163,0.1,0.05029413484691829,0.1119352491398487,0.1,1.0,4,0,1.0,1.0,0,8764.0,16559.25,0,4,2.3434999999999997,1.366278613607049,1.248,4.678,2.3434999999999997,1.366278613607049,2.712694140517873,2.3434999999999997,1.0,4,0,1.0,1.0,0,4364.0,9295.25,0,4,-0.035,0.12549302769476875,-0.223,0.092,-0.035,0.12549302769476875,0.1302823856091068,0.11349999999999999,1.0,4,0,1.0,1.0,0,34404.0,39634.25,0,4,51.0725,0.8812078358707442,50.132,52.37,1.072499999999998,0.8812078358707442,1.388086272534959,1.072499999999998,1.0,4,0,1.0,1.0,0,8645.0,9269.25,0
79,79,power_law,2.946,1.0,19021.0,-2.054,2.054,41.07999999999999,0,1,1.713,1.0,19773.0,-0.2869999999999999,0.2869999999999999,14.349999999999996,1,1,5.021,1.0,23632.0,0.020999999999999908,0.020999999999999908,0.41999999999999815,1,1,2.578,1.0,23851.0,0.5779999999999998,0.5779999999999998,28.89999999999999,1,1,0.775,1.0,18823.0,-0.17499999999999993,0.17499999999999993,18.42105263157894,0,1,0.008,1.0,38314.0,-0.002,0.002,20.0,1,1,0.325,1.0,38844.0,0.025000000000000022,0.025000000000000022,8.333333333333341,1,1,18.153,1.0,30404.0,0.1529999999999987,0.1529999999999987,0.8499999999999928,1,1,4,0.052,0.02401041440708594,0.024,0.085,0.052,0.02401041440708594,0.057275649276110355,0.052,1.0,4,0,1.0,1.0,0,5464.0,12806.75,0,4,2.438,1.440546424104409,1.022,4.282,2.438,1.440546424104409,2.8317870682662565,2.438,1.0,4,0,1.0,1.0,0,6275.0,16860.5,0,4,0.14750000000000002,0.05335025773133622,0.062,0.209,0.14750000000000002,0.05335025773133622,0.15685184092002236,0.14750000000000002,1.0,4,0,1.0,1.0,0,31689.0,34232.25,0,4,52.48075,1.0638478215891598,51.188,54.081,2.4807500000000022,1.0638478215891598,2.69923929098552,2.4807500000000022,0.75,3,0,1.0,1.0,0,14703.0,16674.75,0
80,80,power_law,5.784,1.0,15438.0,0.7839999999999998,0.7839999999999998,15.679999999999996,1,1,2.38,1.0,15884.0,0.3799999999999999,0.3799999999999999,18.999999999999993,1,1,4.435,1.0,17154.0,-0.5650000000000004,0.5650000000000004,11.300000000000008,1,1,2.253,1.0,15772.0,0.2530000000000001,0.2530000000000001,12.650000000000006,1,1,0.732,1.0,13231.0,-0.21799999999999997,0.21799999999999997,22.94736842105263,0,1,0.01,1.0,39343.0,0.0,0.0,0.0,1,1,0.329,1.0,40811.0,0.029000000000000026,0.029000000000000026,9.666666666666677,1,1,21.39,1.0,37822.0,3.3900000000000006,3.3900000000000006,18.833333333333336,0,1,4,0.0595,0.019729419656948858,0.041,0.092,0.0595,0.019729419656948858,0.06268572405261026,0.0595,1.0,4,0,1.0,1.0,0,10777.0,16959.75,0,4,2.81625,1.815055284970681,0.979,5.705,2.81625,1.815055284970681,3.3504760482653806,2.81625,1.0,4,0,1.0,1.0,0,4000.0,17949.75,0,4,-0.13474999999999998,0.10089443740861039,-0.308,-0.06,-0.13474999999999998,0.10089443740861039,0.16833671613762696,0.13474999999999998,1.0,4,0,1.0,1.0,0,35149.0,39226.25,0,4,52.38225,1.273585367181956,50.225,53.524,2.382249999999999,1.273585367181956,2.701320926880032,2.382249999999999,0.75,3,0,1.0,1.0,0,11909.0,14085.25,0
81,81,power_law,3.346,1.02,194.0,-1.654,1.654,33.08,1,0,1.702,1.03,85.0,-0.29800000000000004,0.29800000000000004,14.900000000000002,1,0,4.988,1.02,173.0,-0.011999999999999567,0.011999999999999567,0.23999999999999136,1,0,2.422,1.03,86.0,0.42200000000000015,0.42200000000000015,21.10000000000001,1,0,0.766,1.03,95.0,-0.18399999999999994,0.18399999999999994,19.368421052631575,0,0,0.016,1.05,52.0,0.006,0.006,60.0,1,0,0.3,1.02,20405.0,0.0,0.0,0.0,1,0,16.76,1.01,257.0,-1.2399999999999984,1.2399999999999984,6.88888888888888,1,1,4,0.057999999999999996,0.02564176280991617,0.029,0.085,0.057999999999999996,0.02564176280991617,0.06341529783892844,0.057999999999999996,1.0,4,0,1.0375,1.1,3,136.0,3344.5,1,4,3.0300000000000002,0.6657743611765177,2.021,3.841,3.0300000000000002,0.6657743611765177,3.1022823050135204,3.0300000000000002,1.0,4,0,1.045,1.09,3,213.0,2174.5,1,4,0.11299999999999999,0.10280321006661222,0.001,0.262,0.11299999999999999,0.10280321006661222,0.1527661611745219,0.11299999999999999,1.0,4,0,1.0275,1.04,3,96.0,1259.5,2,4,51.37075,0.9896833773990555,50.351,52.46,1.370750000000001,0.9896833773990555,1.6906888389056114,1.370750000000001,1.0,4,0,1.0775000000000001,1.09,4,9038.0,11744.75,0
82,82,power_law,5.272,1.0,15403.0,0.27200000000000024,0.27200000000000024,5.440000000000005,1,1,2.023,1.0,16323.0,0.02300000000000013,0.02300000000000013,1.1500000000000066,1,1,5.166,1.0,21191.0,0.16600000000000037,0.16600000000000037,3.320000000000008,1,1,2.64,1.0,23911.0,0.6400000000000001,0.6400000000000001,32.00000000000001,1,1,0.73,1.0,16303.0,-0.21999999999999997,0.21999999999999997,23.157894736842103,0,1,0.008,1.0,45964.0,-0.002,0.002,20.0,1,1,0.297,1.0,47097.0,-0.0030000000000000027,0.0030000000000000027,1.0000000000000009,1,1,16.504,1.0,44315.0,-1.4959999999999987,1.4959999999999987,8.311111111111105,1,1,4,0.10400000000000001,0.03648972458103788,0.055,0.147,0.10400000000000001,0.03648972458103788,0.11021569761154715,0.10400000000000001,1.0,4,0,1.0,1.0,0,8841.0,14181.0,0,4,2.08175,0.3560768000024714,1.59,2.535,2.08175,0.3560768000024714,2.1119833687792147,2.08175,1.0,4,0,1.0,1.0,0,9490.0,14975.5,0,4,0.053250000000000006,0.254081064819872,-0.245,0.453,0.053250000000000006,0.254081064819872,0.25960113636114923,0.19775,1.0,4,0,1.0,1.0,0,31363.0,36236.5,0,4,52.82875,0.296236708562596,52.448,53.167,2.828750000000001,0.296236708562596,2.84421918107589,2.828750000000001,1.0,4,0,1.0,1.0,0,12256.0,12705.75,0
83,83,power_law,3.306,1.0,16970.0,-1.694,1.694,33.879999999999995,0,1,1.728,1.0,17056.0,-0.272,0.272,13.600000000000001,1,1,3.978,1.0,16210.0,-1.0219999999999998,1.0219999999999998,20.439999999999998,1,1,2.531,1.0,20160.0,0.5310000000000001,0.5310000000000001,26.550000000000008,1,1,0.759,1.0,12775.0,-0.19099999999999995,0.19099999999999995,20.105263157894733,0,1,0.018,1.0,41246.0,0.007999999999999998,0.007999999999999998,79.99999999999999,1,1,0.307,1.0,38530.0,0.007000000000000006,0.007000000000000006,2.3333333333333357,1,1,16.841,1.0,32734.0,-1.158999999999999,1.158999999999999,6.438888888888883,1,1,4,0.06975,0.040282595497311245,0.026,0.121,0.06975,0.040282595497311245,0.08054657038012233,0.06975,1.0,4,0,1.0,1.0,0,5465.0,15071.0,0,4,1.1974999999999998,0.4762522965823892,0.679,1.883,1.1974999999999998,0.4762522965823892,1.2887290250475467,1.1974999999999998,1.0,4,0,1.0,1.0,0,3728.0,10910.5,0,4,0.0565,0.10625558808834479,-0.126,0.13,0.0565,0.10625558808834479,0.12034325905508793,0.1195,1.0,4,0,1.0,1.0,0,27635.0,32236.75,0,4,50.684999999999995,1.0357004875928157,49.511,52.352,0.6849999999999987,1.0357004875928157,1.2417328617701935,0.9294999999999973,1.0,4,0,1.0,1.0,0,10536.0,11335.0,0
84,84,power_law,4.023,1.0,17961.0,-0.9770000000000003,0.9770000000000003,19.540000000000006,1,1,1.853,1.0,17642.0,-0.14700000000000002,0.14700000000000002,7.350000000000001,1,1,4.867,1.0,22043.0,-0.133,0.133,2.66,1,1,2.488,1.0,22010.0,0.488,0.488,24.4,1,1,0.738,1.0,21329.0,-0.21199999999999997,0.21199999999999997,22.31578947368421,0,1,0.013,1.0,46723.0,0.002999999999999999,0.002999999999999999,29.999999999999993,1,1,0.285,1.0,54706.0,-0.015000000000000013,0.015000000000000013,5.000000000000004,1,1,18.585,1.0,46637.0,0.5850000000000009,0.5850000000000009,3.250000000000005,1,1,4,0.0655,0.012658988901172164,0.049,0.084,0.0655,0.012658988901172164,0.06671206787381126,0.0655,1.0,4,0,1.0,1.0,0,7194.0,18814.5,0,4,2.46425,0.5593037524458422,2.016,3.411,2.46425,0.5593037524458422,2.5269247614442345,2.46425,1.0,4,0,1.0,1.0,0,14896.0,23691.75,0,4,-0.004749999999999997,0.14377130276936353,-0.22,0.129,-0.004749999999999997,0.14377130276936353,0.14384974800116962,0.13075,1.0,4,0,1.0,1.0,0,28916.0,37027.25,0,4,53.6585,0.8274154035307789,52.732,54.929,3.6585,0.827415403530779,3.7508983590601335,3.6585,1.0,4,0,1.0,1.0,0,14400.0,15821.25,0
85,85,power_law,5.776,1.0,14992.0,0.7759999999999998,0.7759999999999998,15.519999999999994,1,1,2.23,1.0,15965.0,0.22999999999999998,0.22999999999999998,11.5,1,1,3.982,1.0,13034.0,-1.0179999999999998,1.0179999999999998,20.359999999999996,1,1,2.61,1.0,14768.0,0.6099999999999999,0.6099999999999999,30.499999999999993,1,1,0.725,1.0,11882.0,-0.22499999999999998,0.22499999999999998,23.684210526315788,0,1,0.014,1.0,43740.0,0.004,0.004,40.0,1,1,0.316,1.0,48742.0,0.016000000000000014,0.016000000000000014,5.333333333333338,1,1,17.777,1.0,35345.0,-0.22299999999999898,0.22299999999999898,1.2388888888888832,1,1,4,0.0985,0.021650635094610966,0.069,0.123,0.0985,0.021650635094610966,0.10085137579626764,0.0985,1.0,4,0,1.0,1.0,0,13288.0,15971.25,0,4,1.8599999999999999,1.5101432051298975,0.418,4.354,1.8599999999999999,1.5101432051298975,2.3958573621983428,1.8599999999999999,1.0,4,0,1.0,1.0,0,1447.0,7252.5,0,4,-0.06824999999999999,0.15891251524030445,-0.219,0.172,-0.06824999999999999,0.15891251524030445,0.1729486918134971,0.15425,1.0,4,0,1.0,1.0,0,31653.0,35503.5,0,4,50.3335,1.36553405303566,48.036,51.623,0.333499999999999,1.36553405303566,1.4056690577799582,1.3154999999999983,1.0,4,0,1.0,1.0,0,7427.0,12233.0,0
86,86,power_law,4.757,1.0,16977.0,-0.24300000000000033,0.24300000000000033,4.8600000000000065,1,1,2.074,1.0,16705.0,0.07399999999999984,0.07399999999999984,3.699999999999992,1,1,5.167,1.0,19678.0,0.16699999999999982,0.16699999999999982,3.3399999999999963,1,1,2.335,1.0,20015.0,0.33499999999999996,0.33499999999999996,16.75,1,1,0.749,1.0,16825.0,-0.20099999999999996,0.20099999999999996,21.1578947368421,0,1,0.011,1.0,52838.0,0.0009999999999999992,0.0009999999999999992,9.999999999999991,1,1,0.321,1.0,51938.0,0.02100000000000002,0.02100000000000002,7.000000000000006,1,1,18.522,1.0,47941.0,0.5219999999999985,0.5219999999999985,2.8999999999999915,1,1,4,0.09675,0.03989595844192743,0.038,0.14,0.09675,0.03989595844192743,0.10465299804592318,0.09675,1.0,4,0,1.0,1.0,0,10130.0,15294.75,0,4,2.8324999999999996,0.541632024533262,2.255,3.649,2.8324999999999996,0.541632024533262,2.8838206428278443,2.8324999999999996,1.0,4,0,1.0,1.0,0,9905.0,16768.75,0,4,-0.2595,0.08657511189712665,-0.388,-0.147,-0.2595,0.08657511189712665,0.27356077935259654,0.2595,1.0,4,0,1.0,1.0,0,34774.0,38936.75,0,4,52.71875,0.8884138604839515,51.631,54.013,2.71875,0.8884138604839515,2.8602238985785706,2.71875,1.0,4,0,1.0,1.0,0,9943.0,10505.5,0
87,87,power_law,4.643,1.0,14244.0,-0.3570000000000002,0.3570000000000002,7.140000000000005,1,1,2.018,1.0,14250.0,0.017999999999999794,0.017999999999999794,0.8999999999999897,1,1,3.661,1.0,13614.0,-1.339,1.339,26.779999999999998,1,1,2.492,1.0,15185.0,0.492,0.492,24.6,1,1,0.756,1.0,14045.0,-0.19399999999999995,0.19399999999999995,20.42105263157894,0,1,0.014,1.0,47553.0,0.004,0.004,40.0,1,1,0.309,1.0,48190.0,0.009000000000000008,0.009000000000000008,3.0000000000000027,1,1,18.312,1.0,39101.0,0.31200000000000117,0.31200000000000117,1.7333333333333398,1,1,4,0.0755,0.032376689145124156,0.037,0.11,0.0755,0.032376689145124156,0.08214925440927628,0.0755,1.0,4,0,1.0,1.0,0,9697.0,13783.25,0,4,1.1955,0.40811303581238373,0.531,1.62,1.1955,0.40811303581238373,1.2632404759189757,1.1955,1.0,4,0,1.0,1.0,0,4084.0,7797.5,0,4,-0.008000000000000002,0.10119041456580757,-0.16,0.105,-0.008000000000000002,0.10119041456580757,0.10150615744869865,0.0895,1.0,4,0,1.0,1.0,0,12911.0,25534.25,0,4,50.56575,1.2154434118871993,48.673,52.059,0.5657499999999995,1.2154434118871993,1.3406624295474217,1.2292499999999986,1.0,4,0,1.0,1.0,0,6565.0,8203.75,0
88,88,power_law,3.035,1.0,13186.0,-1.9649999999999999,1.9649999999999999,39.3,0,1,1.71,1.0,12577.0,-0.29000000000000004,0.29000000000000004,14.500000000000002,0,1,4.379,1.0,17102.0,-0.6210000000000004,0.6210000000000004,12.420000000000009,1,1,2.666,1.0,21375.0,0.6659999999999999,0.6659999999999999,33.3,1,1,0.807,1.0,15034.0,-0.1429999999999999,0.1429999999999999,15.05263157894736,0,1,0.007,1.0,39209.0,-0.003,0.003,30.0,1,1,0.306,1.0,42095.0,0.006000000000000005,0.006000000000000005,2.0000000000000018,1,1,20.751,1.0,36231.0,2.7510000000000012,2.7510000000000012,15.28333333333334,0,1,4,0.052750000000000005,0.03096267914764483,0.02,0.092,0.052750000000000005,0.03096267914764483,0.061165758394709696,0.052750000000000005,1.0,4,0,1.0,1.0,0,2137.0,11831.5,0,4,1.7485000000000002,0.7479580536366996,0.993,2.99,1.7485000000000002,0.7479580536366996,1.9017606316253368,1.7485000000000002,1.0,4,0,1.0,1.0,0,12104.0,14106.5,0,4,-0.10925,0.18439139757591727,-0.417,0.066,-0.10925,0.18439139757591727,0.2143262699717419,0.14225,0.75,3,0,1.0,1.0,0,36508.0,39228.0,0,4,51.7025,0.686848054521524,50.971,52.643,1.7024999999999988,0.686848054521524,1.8358285595338137,1.7024999999999988,1.0,4,0,1.0,1.0,0,1939.0,7751.25,0
89,89,power_law,4.159,1.0,17794.0,-0.8410000000000002,0.8410000000000002,16.820000000000004,1,1,1.903,1.0,17950.0,-0.09699999999999998,0.09699999999999998,4.849999999999999,1,1,5.262,1.0,19588.0,0.26199999999999957,0.26199999999999957,5.239999999999991,1,1,2.548,1.0,18379.0,0.548,0.548,27.400000000000002,1,1,0.736,1.0,13787.0,-0.21399999999999997,0.21399999999999997,22.526315789473685,0,1,0.015,1.0,25625.0,0.004999999999999999,0.004999999999999999,49.999999999999986,1,1,0.303,1.0,39619.0,0.0030000000000000027,0.0030000000000000027,1.0000000000000009,1,1,17.22,1.0,38925.0,-0.7800000000000011,0.7800000000000011,4.33333333333334,1,1,4,0.05775,0.02943106352138842,0.033,0.108,0.05775,0.02943106352138842,0.0648170502260015,0.05775,1.0,4,0,1.0,1.0,0,10941.0,19552.0,0,4,2.64575,0.5027187956502124,2.15,3.424,2.64575,0.5027187956502124,2.6930873082765063,2.64575,1.0,4,0,1.0,1.0,0,12448.0,16900.5,0,4,-0.09725,0.10079527518688562,-0.238,0.04,-0.09725,0.10079527518688562,0.1400615935936758,0.11725,1.0,4,0,1.0,1.0,0,24603.0,33740.0,0,4,53.0325,1.321701649389907,52.09,55.289,3.0325000000000006,1.321701649389907,3.308013225487468,3.0325000000000006,1.0,4,0,1.0,1.0,0,12869.0,13587.0,0
90,90,power_law,4.574,1.0,18580.0,-0.42600000000000016,0.42600000000000016,8.520000000000003,1,1,1.911,1.0,19008.0,-0.08899999999999997,0.08899999999999997,4.449999999999998,1,1,5.087,1.0,22142.0,0.08699999999999974,0.08699999999999974,1.739999999999995,1,1,2.702,1.0,24539.0,0.702,0.702,35.099999999999994,1,1,0.736,1.0,15083.0,-0.21399999999999997,0.21399999999999997,22.526315789473685,0,1,0.011,1.0,42999.0,0.0009999999999999992,0.0009999999999999992,9.999999999999991,1,1,0.311,1.0,46751.0,0.01100000000000001,0.01100000000000001,3.66666666666667,1,1,17.227,1.0,36975.0,-0.7729999999999997,0.7729999999999997,4.2944444444444425,1,1,4,0.07100000000000001,0.042561719890060835,0.021,0.138,0.07100000000000001,0.042561719890060835,0.08277982846080319,0.07100000000000001,1.0,4,0,1.0,1.0,0,10485.0,19597.5,0,4,2.0010000000000003,0.553577004580212,1.548,2.947,2.0010000000000003,0.553577004580212,2.0761619638168884,2.0010000000000003,1.0,4,0,1.0,1.0,0,6246.0,17847.0,0,4,-0.07525,0.13627981325200003,-0.307,0.037,-0.07525,0.13627981325200003,0.15567514252442488,0.09624999999999999,1.0,4,0,1.0,1.0,0,28289.0,34386.75,0,4,51.773999999999994,1.7425614766773656,49.065,53.8,1.7739999999999991,1.7425614766773654,2.486683835955025,2.2415000000000003,1.0,4,0,1.0,1.0,0,14248.0,15427.5,0
91,91,power_law,4.559,1.06,38.0,-0.44099999999999984,0.44099999999999984,8.819999999999997,1,0,2.012,1.07,37.0,0.01200000000000001,0.01200000000000001,0.6000000000000005,1,0,4.812,1.02,134.0,-0.18799999999999972,0.18799999999999972,3.7599999999999945,1,0,2.089,1.05,55.0,0.08899999999999997,0.08899999999999997,4.449999999999998,1,0,0.734,1.03,73.0,-0.21599999999999997,0.21599999999999997,22.736842105263154,0,0,0.006,1.08,31.0,-0.004,0.004,40.0,1,0,0.294,1.01,578.0,-0.006000000000000005,0.006000000000000005,2.0000000000000018,1,1,17.417,1.01,665.0,-0.5829999999999984,0.5829999999999984,3.23888888888888,1,1,4,0.0795,0.0532000939848794,0.032,0.168,0.0795,0.0532000939848794,0.09565824585470925,0.0795,1.0,4,0,1.0375,1.09,3,160.0,11484.25,1,4,2.8955,1.44000772567372,1.086,4.762,2.8955,1.44000772567372,3.233812378602073,2.8955,1.0,4,0,1.02,1.04,2,55.0,3125.25,2,4,-0.096,0.11271645842555557,-0.285,0.001,-0.096,0.11271645842555557,0.14805742129322663,0.0965,1.0,4,0,1.03,1.05,3,50.0,825.0,3,4,53.196749999999994,0.5217846179219923,52.675,53.806,3.196749999999998,0.5217846179219923,3.2390538356131082,3.196749999999998,1.0,4,0,1.04,1.06,3,51.0,3016.75,2
92,92,power_law,5.116,1.0,16119.0,0.11599999999999966,0.11599999999999966,2.319999999999993,1,1,2.036,1.0,16401.0,0.03600000000000003,0.03600000000000003,1.8000000000000016,1,1,4.985,1.0,21155.0,-0.01499999999999968,0.01499999999999968,0.2999999999999936,1,1,2.414,1.0,20998.0,0.41400000000000015,0.41400000000000015,20.700000000000006,1,1,0.707,1.0,16914.0,-0.243,0.243,25.57894736842105,0,1,0.011,1.0,50626.0,0.0009999999999999992,0.0009999999999999992,9.999999999999991,1,1,0.308,1.0,47281.0,0.008000000000000007,0.008000000000000007,2.666666666666669,1,1,18.064,1.0,41189.0,0.06400000000000006,0.06400000000000006,0.3555555555555559,1,1,4,0.0945,0.033056769352131185,0.058,0.142,0.0945,0.033056769352131185,0.10011493395093461,0.0945,1.0,4,0,1.0,1.0,0,9430.0,16161.75,0,4,2.75775,0.9289341674736699,1.779,4.285,2.75775,0.9289341674736699,2.9100006443298256,2.75775,1.0,4,0,1.0,1.0,0,9440.0,18109.25,0,4,0.04,0.05768448664935834,-0.053,0.103,0.04,0.05768448664935834,0.07019615374078554,0.0665,1.0,4,0,1.0,1.0,0,39560.0,41104.5,0,4,53.129999999999995,0.6787749995396124,51.986,53.681,3.129999999999999,0.6787749995396124,3.2027543614832523,3.129999999999999,1.0,4,0,1.0,1.0,0,12244.0,13371.0,0
93,93,power_law,6.128,1.0,13279.0,1.1280000000000001,1.1280000000000001,22.560000000000002,1,1,2.38,1.0,13736.0,0.3799999999999999,0.3799999999999999,18.999999999999993,1,1,5.036,1.0,17637.0,0.03599999999999959,0.03599999999999959,0.7199999999999918,1,1,2.139,1.0,16702.0,0.1389999999999998,0.1389999999999998,6.9499999999999895,1,1,0.747,1.0,16092.0,-0.20299999999999996,0.20299999999999996,21.368421052631575,0,1,0.007,1.0,35737.0,-0.003,0.003,30.0,1,1,0.281,1.0,51722.0,-0.01899999999999996,0.01899999999999996,6.3333333333333215,1,1,18.378,1.0,42940.0,0.3780000000000001,0.3780000000000001,2.1000000000000005,1,1,4,0.1055,0.04707706447942564,0.055,0.179,0.1055,0.04707706447942564,0.11552705310878487,0.1055,1.0,4,0,1.0,1.0,0,6778.0,12344.75,0,4,3.4805,1.9604113726460577,1.316,5.66,3.4805,1.9604113726460577,3.994633024446676,3.4805,1.0,4,0,1.0,1.0,0,3849.0,16307.25,0,4,-0.03525,0.21978896127876849,-0.365,0.253,-0.03525,0.21978896127876849,0.22259773134513297,0.16275,1.0,4,0,1.0,1.0,0,34891.0,37639.25,0,4,52.47925,1.7729896185539256,49.597,54.236,2.4792499999999986,1.7729896185539256,3.0479784694121426,2.680749999999998,1.0,4,0,1.0,1.0,0,12669.0,15102.5,0
94,94,power_law,3.665,1.0,14289.0,-1.335,1.335,26.700000000000003,1,1,1.859,1.0,13751.0,-0.14100000000000001,0.14100000000000001,7.050000000000001,1,1,5.232,1.0,23946.0,0.2320000000000002,0.2320000000000002,4.640000000000004,1,1,2.114,1.0,20949.0,0.11399999999999988,0.11399999999999988,5.699999999999994,1,1,0.783,1.0,10373.0,-0.16699999999999993,0.16699999999999993,17.578947368421048,0,1,0.007,1.0,6907.0,-0.003,0.003,30.0,1,1,0.295,1.0,44134.0,-0.0050000000000000044,0.0050000000000000044,1.6666666666666683,1,1,16.895,1.0,43217.0,-1.1050000000000004,1.1050000000000004,6.138888888888891,1,1,4,0.07050000000000001,0.03586432768085859,0.02,0.116,0.07050000000000001,0.03586432768085859,0.07909804043084759,0.07050000000000001,1.0,4,0,1.0,1.0,0,9369.0,15743.75,0,4,3.33025,0.3135278097713184,2.983,3.777,3.33025,0.3135278097713184,3.3449760462520506,3.33025,1.0,4,0,1.0,1.0,0,6762.0,16964.75,0,4,0.028500000000000004,0.1285233441830705,-0.115,0.233,0.028500000000000004,0.1285233441830705,0.13164535692533938,0.10200000000000001,1.0,4,0,1.0,1.0,0,16209.0,32769.0,0,4,52.859500000000004,2.309340869165917,48.95,54.713,2.8595000000000006,2.309340869165917,3.6755673711687016,3.384499999999999,1.0,4,0,1.0,1.0,0,12554.0,13433.0,0
95,95,power_law,3.537,1.0,12758.0,-1.463,1.463,29.26,1,1,1.767,1.0,13746.0,-0.2330000000000001,0.2330000000000001,11.650000000000006,1,1,4.622,1.0,11178.0,-0.3780000000000001,0.3780000000000001,7.560000000000003,1,1,2.478,1.0,11390.0,0.4780000000000002,0.4780000000000002,23.90000000000001,1,1,0.747,1.0,17377.0,-0.20299999999999996,0.20299999999999996,21.368421052631575,0,1,0.008,1.0,46263.0,-0.002,0.002,20.0,1,1,0.282,1.0,51838.0,-0.018000000000000016,0.018000000000000016,6.000000000000005,1,1,17.713,1.0,37105.0,-0.28699999999999903,0.28699999999999903,1.594444444444439,1,1,4,0.09475,0.04195458854523543,0.031,0.147,0.09475,0.04195458854523543,0.10362311518189365,0.09475,1.0,4,0,1.0,1.0,0,7264.0,10329.0,0,4,2.65825,1.1637438238289386,0.663,3.509,2.65825,1.1637438238289386,2.9018257614818985,2.65825,1.0,4,0,1.0,1.0,0,5968.0,10947.25,0,4,0.067,0.13960479934443515,-0.116,0.204,0.067,0.13960479934443515,0.15484992734903041,0.1355,1.0,4,0,1.0,1.0,0,18439.0,34066.5,0,4,51.28575,1.1821614473074296,50.209,53.244,1.285750000000002,1.1821614473074298,1.7466135090511585,1.285750000000002,0.75,3,0,1.0,1.0,0,10515.0,12964.75,0
96,96,power_law,4.047,1.0,17194.0,-0.9530000000000003,0.9530000000000003,19.060000000000006,1,1,1.793,1.0,17274.0,-0.20700000000000007,0.20700000000000007,10.350000000000003,1,1,4.968,1.0,18397.0,-0.03200000000000003,0.03200000000000003,0.6400000000000006,1,1,2.633,1.0,22755.0,0.633,0.633,31.65,1,1,0.716,1.0,13592.0,-0.23399999999999999,0.23399999999999999,24.63157894736842,0,1,0.016,1.0,33109.0,0.006,0.006,60.0,1,1,0.294,1.0,42322.0,-0.006000000000000005,0.006000000000000005,2.0000000000000018,1,1,17.49,1.0,37693.0,-0.5100000000000016,0.5100000000000016,2.833333333333342,1,1,4,0.0585,0.016590660023037055,0.032,0.074,0.0585,0.016590660023037055,0.06080707195713341,0.0585,1.0,4,0,1.0,1.0,0,13380.0,20945.5,0,4,2.20325,0.6413526233672081,1.546,3.143,2.20325,0.6413526233672081,2.294699054342421,2.20325,1.0,4,0,1.0,1.0,0,9347.0,14537.75,0,4,0.024249999999999994,0.2160640819294128,-0.313,0.283,0.024249999999999994,0.2160640819294128,0.2174206751898264,0.18075,1.0,4,0,1.0,1.0,0,26274.0,34339.25,0,4,52.78275,0.8982709432571004,51.931,54.22,2.7827499999999983,0.8982709432571004,2.924138890340196,2.7827499999999983,1.0,4,0,1.0,1.0,0,9601.0,10426.5,0
97,97,power_law,5.863,1.0,14965.0,0.8630000000000004,0.8630000000000004,17.26000000000001,1,1,2.368,1.0,14782.0,0.3679999999999999,0.3679999999999999,18.399999999999995,1,1,5.3,1.0,21548.0,0.2999999999999998,0.2999999999999998,5.9999999999999964,1,1,2.09,1.0,19940.0,0.08999999999999986,0.08999999999999986,4.499999999999993,1,1,0.767,1.0,17769.0,-0.18299999999999994,0.18299999999999994,19.26315789473684,0,1,0.014,1.0,34204.0,0.004,0.004,40.0,1,1,0.305,1.0,53762.0,0.0050000000000000044,0.0050000000000000044,1.6666666666666683,1,1,17.081,1.0,44995.0,-0.9190000000000005,0.9190000000000005,5.105555555555559,1,1,4,0.12475,0.07930124526134505,0.042,0.224,0.12475,0.07930124526134505,0.1478216831185466,0.12475,1.0,4,0,1.0,1.0,0,1694.0,11581.25,0,4,2.6995,0.10277524020891418,2.589,2.809,2.6995,0.10277524020891418,2.701455718682059,2.6995,1.0,4,0,1.0,1.0,0,16662.0,21472.75,0,4,0.02975,0.14416028405909861,-0.18,0.213,0.02975,0.14416028405909861,0.14719799591027047,0.12375,1.0,4,0,1.0,1.0,0,29895.0,36006.75,0,4,54.119,0.346886869166303,53.624,54.514,4.1190000000000015,0.346886869166303,4.133580953604273,4.1190000000000015,1.0,4,0,1.0,1.0,0,11175.0,12104.0,0
98,98,power_law,4.452,1.0,17598.0,-0.548,0.548,10.96,1,1,1.943,1.0,18130.0,-0.05699999999999994,0.05699999999999994,2.849999999999997,1,1,5.019,1.0,17998.0,0.019000000000000128,0.019000000000000128,0.38000000000000256,1,1,2.484,1.0,17636.0,0.484,0.484,24.2,1,1,0.707,1.0,15146.0,-0.243,0.243,25.57894736842105,0,1,0.008,1.0,45002.0,-0.002,0.002,20.0,1,1,0.295,1.0,54141.0,-0.0050000000000000044,0.0050000000000000044,1.6666666666666683,1,1,18.946,1.0,18767.0,0.9460000000000015,0.9460000000000015,5.255555555555564,1,1,4,0.08199999999999999,0.051463579354724245,0.015,0.141,0.08199999999999999,0.051463579354724245,0.09681167284992032,0.08199999999999999,1.0,4,0,1.0,1.0,0,5695.0,18437.5,0,4,2.5295,1.2748508736318926,1.485,4.625,2.5295,1.2748508736318926,2.832598630233376,2.5295,1.0,4,0,1.0,1.0,0,12317.0,21210.75,0,4,-0.09925,0.10656541418302658,-0.171,0.085,-0.09925,0.10656541418302658,0.14562537553599647,0.14175000000000001,1.0,4,0,1.0,1.0,0,27242.0,30125.25,0,4,53.471,0.705799900821756,52.326,54.209,3.471,0.705799900821756,3.542032537964608,3.471,1.0,4,0,1.0,1.0,0,13589.0,15178.5,0
99,99,power_law,5.239,1.0,8208.0,0.23899999999999988,0.23899999999999988,4.779999999999998,1,1,2.104,1.0,11063.0,0.10400000000000009,0.10400000000000009,5.200000000000005,1,1,5.066,1.0,15528.0,0.06599999999999984,0.06599999999999984,1.3199999999999967,1,1,2.593,1.0,19092.0,0.593,0.593,29.65,1,1,0.714,1.0,5733.0,-0.236,0.236,24.842105263157897,0,1,0.009,1.0,36049.0,-0.0010000000000000009,0.0010000000000000009,10.000000000000009,1,1,0.281,1.0,33788.0,-0.01899999999999996,0.01899999999999996,6.3333333333333215,1,1,16.978,1.0,35504.0,-1.0219999999999985,1.0219999999999985,5.677777777777769,1,1,4,0.113,0.09592444943808645,0.029,0.276,0.113,0.09592444943808645,0.14822449190332887,0.113,1.0,4,0,1.0,1.0,0,2818.0,11759.0,0,4,1.7657500000000002,0.5894329372371382,1.038,2.555,1.7657500000000002,0.5894329372371382,1.8615327689836674,1.7657500000000002,1.0,4,0,1.0,1.0,0,4919.0,17552.0,0,4,0.022249999999999992,0.22330514436528326,-0.25,0.245,0.022249999999999992,0.22330514436528326,0.22441089545741758,0.22025,1.0,4,0,1.0,1.0,0,7651.0,19125.0,0,4,52.898,1.1999518740349546,50.827,53.69,2.897999999999998,1.1999518740349546,3.136604613272127,2.897999999999998,0.75,3,0,1.0,1.0,0,9277.0,11337.25,0
