,simulation,model,scale1_post_mean,scale1_rhat,scale1_ess_bulk,scale1_bias,scale1_abs_bias,scale1_relative_error,scale1_covered,scale1_converged,exponent1_post_mean,exponent1_rhat,exponent1_ess_bulk,exponent1_bias,exponent1_abs_bias,exponent1_relative_error,exponent1_covered,exponent1_converged,scale2_post_mean,scale2_rhat,scale2_ess_bulk,scale2_bias,scale2_abs_bias,scale2_relative_error,scale2_covered,scale2_converged,exponent2_post_mean,exponent2_rhat,exponent2_ess_bulk,exponent2_bias,exponent2_abs_bias,exponent2_relative_error,exponent2_covered,exponent2_converged,weight_post_mean,weight_rhat,weight_ess_bulk,weight_bias,weight_abs_bias,weight_relative_error,weight_covered,weight_converged,q_param_post_mean,q_param_rhat,q_param_ess_bulk,q_param_bias,q_param_abs_bias,q_param_relative_error,q_param_covered,q_param_converged,pi0_post_mean,pi0_rhat,pi0_ess_bulk,pi0_bias,pi0_abs_bias,pi0_relative_error,pi0_covered,pi0_converged,phi_post_mean,phi_rhat,phi_ess_bulk,phi_bias,phi_abs_bias,phi_relative_error,phi_covered,phi_converged,n_fx1,fx1_post_mean_avg,fx1_post_mean_sd,fx1_post_mean_min,fx1_post_mean_max,fx1_bias_mean,fx1_bias_sd,fx1_rmse,fx1_mae,fx1_coverage_rate,fx1_n_covered,fx1_n_rhat_nan,fx1_rhat_mean,fx1_rhat_max,fx1_n_rhat_above_1.01,fx1_ess_bulk_min,fx1_ess_bulk_mean,fx1_n_ess_below_400,n_fx2,fx2_post_mean_avg,fx2_post_mean_sd,fx2_post_mean_min,fx2_post_mean_max,fx2_bias_mean,fx2_bias_sd,fx2_rmse,fx2_mae,fx2_coverage_rate,fx2_n_covered,fx2_n_rhat_nan,fx2_rhat_mean,fx2_rhat_max,fx2_n_rhat_above_1.01,fx2_ess_bulk_min,fx2_ess_bulk_mean,fx2_n_ess_below_400,n_fy1,fy1_post_mean_avg,fy1_post_mean_sd,fy1_post_mean_min,fy1_post_mean_max,fy1_bias_mean,fy1_bias_sd,fy1_rmse,fy1_mae,fy1_coverage_rate,fy1_n_covered,fy1_n_rhat_nan,fy1_rhat_mean,fy1_rhat_max,fy1_n_rhat_above_1.01,fy1_ess_bulk_min,fy1_ess_bulk_mean,fy1_n_ess_below_400,n_fy2,fy2_post_mean_avg,fy2_post_mean_sd,fy2_post_mean_min,fy2_post_mean_max,fy2_bias_mean,fy2_bias_sd,fy2_rmse,fy2_mae,fy2_coverage_rate,fy2_n_covered,fy2_n_rhat_nan,fy2_rhat_mean,fy2_rhat_max,fy2_n_rhat_above_1.01,fy2_ess_bulk_min,fy2_ess_bulk_mean,fy2_n_ess_below_400
0,0,power_law,5.866,1.0,18156.0,0.8659999999999997,0.8659999999999997,17.319999999999993,1,1,2.431,1.0,17529.0,0.43100000000000005,0.43100000000000005,21.550000000000004,1,1,4.39,1.0,14789.0,-0.6100000000000003,0.6100000000000003,12.200000000000006,1,1,1.826,1.0,14648.0,-0.17399999999999993,0.17399999999999993,8.699999999999996,1,1,0.546,1.0,18197.0,-0.05399999999999994,0.05399999999999994,8.99999999999999,1,1,0.012,1.0,35484.0,0.002,0.002,20.0,1,1,0.294,1.0,48670.0,-0.006000000000000005,0.006000000000000005,2.0000000000000018,1,1,17.769,1.0,37617.0,-0.23100000000000165,0.23100000000000165,1.2833333333333425,1,1,4,0.1775,0.094112964037905,0.058,0.309,0.1775,0.094112964037905,0.20090669476152356,0.1775,1.0,4,0,1.0,1.0,0,2754.0,12115.5,0,4,0.20975,0.06233528294633786,0.125,0.3,0.20975,0.06233528294633786,0.21881670411556792,0.20975,1.0,4,0,1.0,1.0,0,10763.0,14747.0,0,4,-0.14875000000000002,0.2541833737678371,-0.555,0.102,-0.14875000000000002,0.2541833737678371,0.29450933771274557,0.21225000000000002,1.0,4,0,1.0,1.0,0,23132.0,32009.25,0,4,50.471500000000006,0.07402195620219758,50.38,50.558,0.4715000000000007,0.07402195620219756,0.47727507791629004,0.4715000000000007,1.0,4,0,1.0,1.0,0,15505.0,21790.75,0
1,1,power_law,3.994,1.0,16867.0,-1.0059999999999998,1.0059999999999998,20.119999999999997,1,1,1.957,1.0,16314.0,-0.04299999999999993,0.04299999999999993,2.1499999999999964,1,1,3.856,1.0,16710.0,-1.1440000000000001,1.1440000000000001,22.880000000000003,1,1,1.7,1.0,16401.0,-0.30000000000000004,0.30000000000000004,15.000000000000002,1,1,0.534,1.0,20413.0,-0.06599999999999995,0.06599999999999995,10.999999999999991,1,1,0.014,1.0,42132.0,0.004,0.004,40.0,1,1,0.312,1.0,52517.0,0.01200000000000001,0.01200000000000001,4.0000000000000036,1,1,16.935,1.0,41947.0,-1.0650000000000013,1.0650000000000013,5.916666666666673,1,1,4,0.15,0.043179856414768215,0.078,0.191,0.15,0.043179856414768215,0.1560913194255209,0.15,1.0,4,0,1.0,1.0,0,10499.0,13296.75,0,4,0.1815,0.07291947613635194,0.063,0.252,0.1815,0.07291947613635194,0.19560035787288324,0.1815,1.0,4,0,1.0,1.0,0,13304.0,16833.25,0,4,-0.07150000000000001,0.21205954352492604,-0.401,0.17,-0.07150000000000001,0.21205954352492604,0.22378896308799504,0.1765,1.0,4,0,1.0,1.0,0,27080.0,31778.5,0,4,49.965,0.26814268589689205,49.651,50.366,-0.03500000000000014,0.268142685896892,0.2704172701585446,0.2339999999999982,1.0,4,0,1.0,1.0,0,24332.0,30415.5,0
2,2,power_law,3.781,1.0,16022.0,-1.2189999999999999,1.2189999999999999,24.379999999999995,1,1,1.912,1.0,15209.0,-0.08800000000000008,0.08800000000000008,4.400000000000004,1,1,6.681,1.0,17110.0,1.681,1.681,33.62,1,1,2.436,1.0,15803.0,0.43599999999999994,0.43599999999999994,21.799999999999997,1,1,0.549,1.0,15069.0,-0.050999999999999934,0.050999999999999934,8.49999999999999,1,1,0.011,1.0,17456.0,0.0009999999999999992,0.0009999999999999992,9.999999999999991,1,1,0.292,1.0,32873.0,-0.008000000000000007,0.008000000000000007,2.666666666666669,1,1,17.9,1.0,24566.0,-0.10000000000000142,0.10000000000000142,0.5555555555555635,1,1,4,0.08775,0.05486061884448626,0.027,0.165,0.08775,0.05486061884448626,0.10348792200058904,0.08775,1.0,4,0,1.0,1.0,0,10620.0,20055.75,0,4,0.353,0.13182753885285123,0.163,0.534,0.353,0.13182753885285123,0.3768122874854269,0.353,1.0,4,0,1.0,1.0,0,3888.0,8624.25,0,4,0.087,0.1068901305079192,-0.094,0.183,0.087,0.1068901305079192,0.137820535480022,0.134,1.0,4,0,1.0,1.0,0,16815.0,24427.0,0,4,49.867000000000004,0.050882216932833485,49.786,49.916,-0.13299999999999912,0.050882216932833485,0.1424008426941347,0.13299999999999912,1.0,4,0,1.0,1.0,0,9954.0,12096.5,0
3,3,power_law,5.319,1.0,17913.0,0.31899999999999995,0.31899999999999995,6.38,1,1,2.259,1.0,17643.0,0.2589999999999999,0.2589999999999999,12.949999999999996,1,1,4.114,1.0,18403.0,-0.8860000000000001,0.8860000000000001,17.720000000000002,1,1,1.912,1.0,17721.0,-0.08800000000000008,0.08800000000000008,4.400000000000004,1,1,0.546,1.0,19460.0,-0.05399999999999994,0.05399999999999994,8.99999999999999,1,1,0.008,1.0,48433.0,-0.002,0.002,20.0,1,1,0.302,1.0,46174.0,0.0020000000000000018,0.0020000000000000018,0.6666666666666673,1,1,17.92,1.0,44844.0,-0.0799999999999983,0.0799999999999983,0.444444444444435,1,1,4,0.18475,0.07455325277947301,0.112,0.303,0.18475,0.07455325277947301,0.19922537488984682,0.18475,1.0,4,0,1.0,1.0,0,4074.0,12670.5,0,4,0.19075,0.1118265956738378,0.033,0.323,0.19075,0.1118265956738378,0.22111252791282543,0.19075,1.0,4,0,1.0,1.0,0,8660.0,19570.75,0,4,-0.36099999999999993,0.5115408097112096,-1.013,0.227,-0.36099999999999993,0.5115408097112096,0.626095040708677,0.49499999999999994,0.75,3,0,1.0,1.0,0,22909.0,33684.5,0,4,49.763000000000005,0.19404509785098906,49.478,49.957,-0.23699999999999832,0.19404509785098906,0.30630458697185575,0.23699999999999832,1.0,4,0,1.0,1.0,0,35187.0,39561.0,0
4,4,power_law,3.11,1.0,15718.0,-1.8900000000000001,1.8900000000000001,37.8,1,1,1.605,1.0,15203.0,-0.395,0.395,19.75,1,1,4.363,1.0,14963.0,-0.6369999999999996,0.6369999999999996,12.73999999999999,1,1,2.031,1.0,14228.0,0.03100000000000014,0.03100000000000014,1.550000000000007,1,1,0.545,1.0,17460.0,-0.05499999999999994,0.05499999999999994,9.166666666666657,1,1,0.02,1.0,22858.0,0.01,0.01,100.0,0,1,0.287,1.0,33930.0,-0.013000000000000012,0.013000000000000012,4.3333333333333375,1,1,16.867,1.0,28612.0,-1.1329999999999991,1.1329999999999991,6.29444444444444,1,1,4,0.16174999999999998,0.10098112447383421,0.031,0.292,0.16174999999999998,0.10098112447383421,0.19068363852202946,0.16174999999999998,1.0,4,0,1.0,1.0,0,3280.0,13360.75,0,4,0.14925,0.046050922900632514,0.077,0.194,0.14925,0.046050922900632514,0.15619298959940553,0.14925,1.0,4,0,1.0,1.0,0,8035.0,11596.25,0,4,-0.35075,0.4208755011877028,-1.051,0.003,-0.35075,0.4208755011877028,0.547870194480408,0.35225,0.75,3,0,1.0,1.0,0,29415.0,34214.25,0,4,49.8905,0.15169953856225066,49.651,50.069,-0.10949999999999882,0.15169953856225069,0.18709088700414972,0.14400000000000013,1.0,4,0,1.0,1.0,0,18343.0,24983.5,0
5,5,power_law,5.795,1.0,16146.0,0.7949999999999999,0.7949999999999999,15.899999999999997,1,1,2.072,1.0,15666.0,0.07200000000000006,0.07200000000000006,3.600000000000003,1,1,7.456,1.0,18109.0,2.4560000000000004,2.4560000000000004,49.120000000000005,1,1,2.831,1.0,18254.0,0.831,0.831,41.55,1,1,0.495,1.0,17258.0,-0.10499999999999998,0.10499999999999998,17.5,1,1,0.007,1.0,42735.0,-0.003,0.003,30.0,1,1,0.33,1.0,48572.0,0.030000000000000027,0.030000000000000027,10.000000000000009,1,1,16.136,1.0,39717.0,-1.8640000000000008,1.8640000000000008,10.35555555555556,1,1,4,0.22000000000000003,0.06388270501473775,0.153,0.323,0.22000000000000003,0.06388270501473775,0.22908731959669876,0.22000000000000003,1.0,4,0,1.0,1.0,0,13226.0,16062.0,0,4,0.53975,0.20203635192707278,0.213,0.755,0.53975,0.20203635192707278,0.5763234768773523,0.53975,1.0,4,0,1.0,1.0,0,2585.0,6410.25,0,4,-0.49825,0.4471243535080593,-1.136,0.089,-0.49825,0.4471243535080593,0.6694574295651666,0.54275,1.0,4,0,1.0,1.0,0,15413.0,21863.5,0,4,50.3865,0.3275793796929228,50.114,50.937,0.38649999999999807,0.3275793796929228,0.5066463263460997,0.38649999999999807,1.0,4,0,1.0,1.0,0,14343.0,24089.75,0
6,6,power_law,4.53,1.06,13494.0,-0.46999999999999975,0.46999999999999975,9.399999999999995,1,0,2.138,1.07,14824.0,0.1379999999999999,0.1379999999999999,6.899999999999995,1,0,4.521,1.02,205.0,-0.4790000000000001,0.4790000000000001,9.580000000000002,1,0,1.869,1.01,2187.0,-0.131,0.131,6.550000000000001,1,1,0.548,1.06,12550.0,-0.051999999999999935,0.051999999999999935,8.666666666666655,1,0,0.016,1.02,163.0,0.006,0.006,60.0,1,0,0.282,1.02,21522.0,-0.018000000000000016,0.018000000000000016,6.000000000000005,1,0,15.905,1.01,4343.0,-2.0950000000000006,2.0950000000000006,11.638888888888893,0,1,4,0.14275000000000002,0.17866361549011595,0.008,0.447,0.14275000000000002,0.17866361549011595,0.2286881063807211,0.14275000000000002,1.0,4,0,1.02,1.02,4,115.0,692.25,3,4,0.17800000000000002,0.13305825791734988,0.045,0.348,0.17800000000000002,0.13305825791734988,0.2222352357300705,0.17800000000000002,1.0,4,0,1.0425000000000002,1.07,4,46.0,2868.75,3,4,-0.26375,0.17085575056169458,-0.501,-0.018,-0.26375,0.17085575056169458,0.31425427602500494,0.26375,1.0,4,0,1.0325,1.08,2,71.0,9644.0,2,4,50.184749999999994,0.13034641345276826,50.032,50.335,0.1847499999999993,0.13034641345276826,0.22610340554710745,0.1847499999999993,1.0,4,0,1.0175,1.03,2,84.0,320.5,3
7,7,power_law,4.869,1.0,20300.0,-0.13100000000000023,0.13100000000000023,2.6200000000000045,1,1,2.076,1.0,19757.0,0.07600000000000007,0.07600000000000007,3.8000000000000034,1,1,6.343,1.0,17817.0,1.343,1.343,26.86,1,1,2.337,1.0,17969.0,0.3370000000000002,0.3370000000000002,16.85000000000001,1,1,0.498,1.0,19939.0,-0.10199999999999998,0.10199999999999998,17.0,1,1,0.015,1.0,42600.0,0.004999999999999999,0.004999999999999999,49.999999999999986,1,1,0.315,1.0,48478.0,0.015000000000000013,0.015000000000000013,5.000000000000004,1,1,17.599,1.0,43203.0,-0.4009999999999998,0.4009999999999998,2.227777777777777,1,1,4,0.14275,0.06981538154303821,0.051,0.241,0.14275,0.06981538154303821,0.15890799224708618,0.14275,1.0,4,0,1.0,1.0,0,12800.0,17968.5,0,4,0.46974999999999995,0.32066600614970087,0.143,0.938,0.46974999999999995,0.32066600614970087,0.5687633514916375,0.46974999999999995,1.0,4,0,1.0025,1.01,0,714.0,11365.75,0,4,-0.084,0.22714202605418488,-0.292,0.298,-0.084,0.22714202605418488,0.24217658846387277,0.23299999999999998,1.0,4,0,1.0,1.0,0,34257.0,36853.5,0,4,50.577749999999995,0.4313614348779912,50.025,51.035,0.5777499999999982,0.4313614348779912,0.7210185503854927,0.5777499999999982,0.75,3,0,1.0,1.0,0,19415.0,27873.75,0
8,8,power_law,6.426,1.0,19773.0,1.4260000000000002,1.4260000000000002,28.52,1,1,2.404,1.0,19237.0,0.4039999999999999,0.4039999999999999,20.199999999999996,1,1,6.477,1.0,17995.0,1.4770000000000003,1.4770000000000003,29.540000000000006,1,1,2.418,1.0,17574.0,0.41800000000000015,0.41800000000000015,20.900000000000006,1,1,0.544,1.0,16877.0,-0.05599999999999994,0.05599999999999994,9.333333333333323,1,1,0.008,1.0,42873.0,-0.002,0.002,20.0,1,1,0.302,1.0,51461.0,0.0020000000000000018,0.0020000000000000018,0.6666666666666673,1,1,17.819,1.0,39766.0,-0.18100000000000094,0.18100000000000094,1.0055555555555606,1,1,4,0.2865,0.16642941446751536,0.105,0.543,0.2865,0.16642941446751536,0.33133215962233425,0.2865,1.0,4,0,1.0,1.0,0,5089.0,10848.25,0,4,0.3175,0.16066813623117682,0.175,0.58,0.3175,0.16066813623117682,0.3558377439227042,0.3175,1.0,4,0,1.0,1.0,0,6407.0,12801.25,0,4,-0.10325,0.3458521179637332,-0.538,0.268,-0.10325,0.3458521179637332,0.36093524349943995,0.33825,1.0,4,0,1.0,1.0,0,22272.0,26941.5,0,4,50.222,0.46852587975479043,49.443,50.617,0.22199999999999953,0.46852587975479043,0.5184597380703734,0.5005000000000006,1.0,4,0,1.0,1.0,0,20660.0,25913.25,0
9,9,power_law,4.495,1.0,19169.0,-0.5049999999999999,0.5049999999999999,10.099999999999998,1,1,2.139,1.0,18305.0,0.1389999999999998,0.1389999999999998,6.9499999999999895,1,1,3.107,1.0,15321.0,-1.8929999999999998,1.8929999999999998,37.85999999999999,1,1,1.583,1.0,15347.0,-0.41700000000000004,0.41700000000000004,20.85,1,1,0.533,1.0,17069.0,-0.06699999999999995,0.06699999999999995,11.166666666666657,1,1,0.014,1.0,51490.0,0.004,0.004,40.0,1,1,0.307,1.0,53736.0,0.007000000000000006,0.007000000000000006,2.3333333333333357,1,1,19.071,1.0,37923.0,1.0710000000000015,1.0710000000000015,5.950000000000008,1,1,4,0.1335,0.06548473104472524,0.06,0.233,0.1335,0.06548473104472524,0.14869599860117286,0.1335,1.0,4,0,1.0,1.0,0,7044.0,17825.0,0,4,0.08600000000000001,0.022638462845343543,0.055,0.117,0.08600000000000001,0.022638462845343543,0.08892974755389785,0.08600000000000001,1.0,4,0,1.0,1.0,0,13922.0,21949.75,0,4,-0.19624999999999998,0.2952307360353932,-0.528,0.268,-0.19624999999999998,0.2952307360353932,0.3545070521160334,0.33025,0.75,3,0,1.0,1.0,0,31997.0,36964.25,0,4,50.02725000000001,0.21782949180494396,49.67,50.258,0.027250000000002217,0.21782949180494393,0.21952733315011197,0.19225000000000136,1.0,4,0,1.0,1.0,0,31465.0,36158.75,0
10,10,power_law,6.469,1.0,17269.0,1.4690000000000003,1.4690000000000003,29.380000000000006,1,1,2.345,1.0,16523.0,0.3450000000000002,0.3450000000000002,17.25000000000001,1,1,4.069,1.0,13867.0,-0.931,0.931,18.62,1,1,1.901,1.0,13597.0,-0.09899999999999998,0.09899999999999998,4.949999999999999,1,1,0.484,1.0,16426.0,-0.11599999999999999,0.11599999999999999,19.333333333333332,1,1,0.012,1.0,45132.0,0.002,0.002,20.0,1,1,0.299,1.0,49469.0,-0.0010000000000000009,0.0010000000000000009,0.33333333333333365,1,1,18.832,1.0,40809.0,0.8320000000000007,0.8320000000000007,4.622222222222226,1,1,4,0.19725,0.04875128203442449,0.129,0.256,0.19725,0.04875128203442449,0.2031852602921777,0.19725,1.0,4,0,1.0,1.0,0,12355.0,14866.5,0,4,0.21075,0.1060551153881792,0.046,0.342,0.21075,0.1060551153881792,0.2359306042038633,0.21075,1.0,4,0,1.0,1.0,0,5955.0,11343.25,0,4,-0.135,0.06752777206453653,-0.187,-0.019,-0.135,0.06752777206453653,0.15094701056993476,0.135,1.0,4,0,1.0,1.0,0,29577.0,31985.25,0,4,50.07675,0.2847300256383208,49.593,50.309,0.07675000000000054,0.2847300256383208,0.2948927771241589,0.2802499999999988,1.0,4,0,1.0,1.0,0,20130.0,24321.75,0
11,11,power_law,4.045,1.0,17615.0,-0.9550000000000001,0.9550000000000001,19.1,1,1,1.788,1.0,17171.0,-0.21199999999999997,0.21199999999999997,10.599999999999998,1,1,5.522,1.0,17015.0,0.5220000000000002,0.5220000000000002,10.440000000000005,1,1,2.32,1.0,14769.0,0.31999999999999984,0.31999999999999984,15.999999999999993,1,1,0.504,1.0,18716.0,-0.09599999999999997,0.09599999999999997,15.999999999999998,1,1,0.01,1.0,48068.0,0.0,0.0,0.0,1,1,0.315,1.0,9376.0,0.015000000000000013,0.015000000000000013,5.000000000000004,1,1,17.149,1.0,32878.0,-0.8509999999999991,0.8509999999999991,4.7277777777777725,1,1,4,0.136,0.04649731175025068,0.058,0.176,0.136,0.04649731175025068,0.14372891149660877,0.136,1.0,4,0,1.0,1.0,0,4788.0,13295.75,0,4,0.1735,0.05918825897084658,0.099,0.234,0.1735,0.05918825897084658,0.1833180296642968,0.1735,1.0,4,0,1.0,1.0,0,12944.0,15969.0,0,4,0.030250000000000003,0.20040630603850768,-0.301,0.194,0.030250000000000003,0.20040630603850768,0.2026764663200935,0.18075,1.0,4,0,1.0,1.0,0,19705.0,29001.0,0,4,50.06875,0.25295095868567186,49.8,50.463,0.06874999999999964,0.25295095868567186,0.26212735454355085,0.2162500000000005,1.0,4,0,1.0,1.0,0,29564.0,34494.25,0
12,12,power_law,3.606,1.0,16717.0,-1.3940000000000001,1.3940000000000001,27.880000000000006,1,1,1.71,1.0,17045.0,-0.29000000000000004,0.29000000000000004,14.500000000000002,1,1,5.042,1.0,18827.0,0.041999999999999815,0.041999999999999815,0.8399999999999963,1,1,2.536,1.0,18656.0,0.536,0.536,26.8,1,1,0.495,1.0,19249.0,-0.10499999999999998,0.10499999999999998,17.5,1,1,0.013,1.0,43663.0,0.002999999999999999,0.002999999999999999,29.999999999999993,1,1,0.295,1.0,54559.0,-0.0050000000000000044,0.0050000000000000044,1.6666666666666683,1,1,18.454,1.0,42624.0,0.4540000000000006,0.4540000000000006,2.5222222222222257,1,1,4,0.12925,0.06649953007352759,0.05,0.199,0.12925,0.06649953007352759,0.1453538785172243,0.12925,1.0,4,0,1.0,1.0,0,6223.0,13850.25,0,4,0.1785,0.17060114302078985,0.067,0.473,0.1785,0.17060114302078985,0.2469149651195731,0.1785,1.0,4,0,1.0,1.0,0,1150.0,15561.0,0,4,-0.1895,0.22802357334275772,-0.4,0.17,-0.1895,0.22802357334275772,0.2964877737782791,0.2745,1.0,4,0,1.0,1.0,0,21153.0,29951.5,0,4,50.0015,0.15121590524809178,49.846,50.233,0.0014999999999982805,0.15121590524809178,0.151223344758671,0.13349999999999973,1.0,4,0,1.0,1.0,0,35733.0,38597.25,0
13,13,power_law,3.451,1.0,13640.0,-1.549,1.549,30.979999999999997,1,1,1.746,1.0,13430.0,-0.254,0.254,12.7,1,1,5.126,1.0,16818.0,0.12600000000000033,0.12600000000000033,2.5200000000000067,1,1,2.314,1.0,16105.0,0.31400000000000006,0.31400000000000006,15.700000000000003,1,1,0.525,1.0,20137.0,-0.07499999999999996,0.07499999999999996,12.499999999999993,1,1,0.005,1.0,36859.0,-0.005,0.005,50.0,1,1,0.299,1.0,57889.0,-0.0010000000000000009,0.0010000000000000009,0.33333333333333365,1,1,19.664,1.0,39830.0,1.6640000000000015,1.6640000000000015,9.244444444444452,1,1,4,0.10825000000000001,0.053588128349476814,0.027,0.17,0.10825000000000001,0.053588128349476814,0.12078803748716178,0.10825000000000001,1.0,4,0,1.0,1.0,0,9106.0,19445.25,0,4,0.11900000000000001,0.0420773097999385,0.08,0.19,0.11900000000000001,0.0420773097999385,0.12622004595150488,0.11900000000000001,1.0,4,0,1.0,1.0,0,9997.0,15264.75,0,4,-0.06150000000000001,0.310483896522831,-0.544,0.3,-0.06150000000000001,0.310483896522831,0.3165161923188133,0.254,1.0,4,0,1.0,1.0,0,39413.0,42483.0,0,4,50.17325,0.22172322273501277,49.911,50.457,0.17325000000000124,0.22172322273501274,0.28138363491859386,0.21775000000000055,1.0,4,0,1.0,1.0,0,28932.0,33191.5,0
14,14,power_law,3.885,1.0,18350.0,-1.1150000000000002,1.1150000000000002,22.300000000000004,1,1,1.847,1.0,17873.0,-0.15300000000000002,0.15300000000000002,7.650000000000001,1,1,4.525,1.0,17665.0,-0.47499999999999964,0.47499999999999964,9.499999999999993,1,1,2.119,1.0,16885.0,0.11900000000000022,0.11900000000000022,5.950000000000011,1,1,0.515,1.0,22044.0,-0.08499999999999996,0.08499999999999996,14.16666666666666,1,1,0.012,1.0,44748.0,0.002,0.002,20.0,1,1,0.311,1.0,46930.0,0.01100000000000001,0.01100000000000001,3.66666666666667,1,1,18.725,1.0,41109.0,0.7250000000000014,0.7250000000000014,4.027777777777786,1,1,4,0.14200000000000002,0.1107361729517505,0.058,0.331,0.14200000000000002,0.1107361729517505,0.1800735960656087,0.14200000000000002,1.0,4,0,1.0,1.0,0,1456.0,15857.0,0,4,0.20174999999999998,0.09128355547413783,0.073,0.298,0.20174999999999998,0.09128355547413783,0.22144017250715825,0.20174999999999998,1.0,4,0,1.0,1.0,0,5971.0,11469.25,0,4,0.037750000000000006,0.3515091570642222,-0.465,0.445,0.037750000000000006,0.3515091570642222,0.3535304088759551,0.32175000000000004,1.0,4,0,1.0,1.0,0,34835.0,37080.5,0,4,50.14,0.5932870300284679,49.317,50.813,0.14000000000000057,0.5932870300284679,0.6095814137586548,0.5564999999999998,1.0,4,0,1.0,1.0,0,30078.0,31763.5,0
15,15,power_law,4.724,1.02,331.0,-0.2759999999999998,0.2759999999999998,5.519999999999996,1,0,2.074,1.02,172.0,0.07399999999999984,0.07399999999999984,3.699999999999992,1,0,3.385,1.01,318.0,-1.6150000000000002,1.6150000000000002,32.300000000000004,1,1,1.854,1.03,106.0,-0.1459999999999999,0.1459999999999999,7.299999999999995,1,0,0.495,1.01,2860.0,-0.10499999999999998,0.10499999999999998,17.5,1,1,0.008,1.03,15084.0,-0.002,0.002,20.0,1,0,0.287,1.02,226.0,-0.013000000000000012,0.013000000000000012,4.3333333333333375,1,0,18.086,1.01,2639.0,0.08599999999999852,0.08599999999999852,0.4777777777777696,1,1,4,0.16499999999999998,0.08052018380505598,0.036,0.257,0.16499999999999998,0.08052018380505598,0.18359874727241468,0.16499999999999998,1.0,4,0,1.0075,1.01,0,776.0,5948.75,0,4,0.1305,0.03098790086469233,0.094,0.179,0.1305,0.03098790086469233,0.13412866956769534,0.1305,1.0,4,0,1.0125000000000002,1.02,2,961.0,4238.0,0,4,0.004000000000000002,0.312701934755767,-0.434,0.442,0.004000000000000002,0.312701934755767,0.3127275171774943,0.24950000000000003,1.0,4,0,1.0175,1.04,2,80.0,2984.75,1,4,49.740249999999996,0.23700039556929153,49.494,50.124,-0.25975000000000037,0.23700039556929153,0.351623733556199,0.32175000000000153,1.0,4,0,1.0150000000000001,1.03,1,108.0,560.0,2
16,16,power_law,3.258,1.0,17146.0,-1.742,1.742,34.839999999999996,1,1,1.793,1.0,16971.0,-0.20700000000000007,0.20700000000000007,10.350000000000003,1,1,4.789,1.0,15226.0,-0.2110000000000003,0.2110000000000003,4.220000000000006,1,1,2.045,1.0,14974.0,0.04499999999999993,0.04499999999999993,2.2499999999999964,1,1,0.536,1.0,18783.0,-0.06399999999999995,0.06399999999999995,10.666666666666657,1,1,0.014,1.0,46290.0,0.004,0.004,40.0,1,1,0.33,1.0,50952.0,0.030000000000000027,0.030000000000000027,10.000000000000009,1,1,18.21,1.0,40976.0,0.21000000000000085,0.21000000000000085,1.1666666666666714,1,1,4,0.0635,0.012051970793193952,0.046,0.08,0.0635,0.012051970793193952,0.0646335826022355,0.0635,1.0,4,0,1.0,1.0,0,19538.0,22545.5,0,4,0.264,0.15478372007417318,0.114,0.514,0.264,0.15478372007417318,0.3060294103513582,0.264,1.0,4,0,1.0,1.0,0,7897.0,14535.0,0,4,0.18824999999999997,0.22038418160113035,-0.125,0.498,0.18824999999999997,0.22038418160113035,0.2898400420921857,0.25075,0.75,3,0,1.0,1.0,0,35637.0,41280.75,0,4,50.341499999999996,0.5677664572691836,49.368,50.786,0.3415000000000017,0.5677664572691836,0.6625564126925351,0.6575000000000006,1.0,4,0,1.0,1.0,0,22531.0,27549.25,0
17,17,power_law,4.442,1.0,15922.0,-0.5579999999999998,0.5579999999999998,11.159999999999997,1,1,1.908,1.0,15398.0,-0.09200000000000008,0.09200000000000008,4.600000000000004,1,1,5.068,1.0,14427.0,0.06799999999999962,0.06799999999999962,1.3599999999999923,1,1,2.063,1.0,13656.0,0.06300000000000017,0.06300000000000017,3.1500000000000083,1,1,0.522,1.0,14891.0,-0.07799999999999996,0.07799999999999996,12.999999999999995,1,1,0.015,1.0,43549.0,0.004999999999999999,0.004999999999999999,49.999999999999986,1,1,0.31,1.0,56092.0,0.010000000000000009,0.010000000000000009,3.3333333333333366,1,1,17.984,1.0,36048.0,-0.015999999999998238,0.015999999999998238,0.08888888888887911,1,1,4,0.20825000000000002,0.12233228314717258,0.078,0.403,0.20825000000000002,0.12233228314717258,0.24152277325337254,0.20825000000000002,1.0,4,0,1.0,1.0,0,5063.0,13961.5,0,4,0.41574999999999995,0.29646785238875395,0.12,0.881,0.41574999999999995,0.29646785238875395,0.5106282894630888,0.41574999999999995,1.0,4,0,1.0,1.0,0,1481.0,9503.0,0,4,-0.16699999999999998,0.15568236894394946,-0.38,0.056,-0.16699999999999998,0.15568236894394946,0.2283111911405133,0.195,1.0,4,0,1.0,1.0,0,19357.0,29309.5,0,4,50.399,0.17028652324831797,50.14,50.577,0.3990000000000009,0.17028652324831797,0.4338185104395623,0.3990000000000009,1.0,4,0,1.0,1.0,0,19207.0,23054.5,0
18,18,power_law,3.302,1.0,17803.0,-1.698,1.698,33.96,1,1,1.81,1.0,17623.0,-0.18999999999999995,0.18999999999999995,9.499999999999996,1,1,4.695,1.0,15653.0,-0.3049999999999997,0.3049999999999997,6.099999999999994,1,1,2.047,1.0,15838.0,0.04700000000000015,0.04700000000000015,2.3500000000000076,1,1,0.517,1.0,20148.0,-0.08299999999999996,0.08299999999999996,13.833333333333329,1,1,0.017,1.0,2307.0,0.007000000000000001,0.007000000000000001,70.0,1,1,0.324,1.0,14673.0,0.02400000000000002,0.02400000000000002,8.000000000000007,1,1,17.528,1.0,43414.0,-0.4720000000000013,0.4720000000000013,2.62222222222223,1,1,4,0.09075,0.06516661338446245,0.014,0.194,0.09075,0.06516661338446245,0.11172399026171595,0.09075,1.0,4,0,1.0,1.0,0,7352.0,18386.75,0,4,0.2495,0.18462461916006762,0.081,0.553,0.2495,0.18462461916006762,0.31038121721521744,0.2495,1.0,4,0,1.0,1.0,0,1974.0,6967.0,0,4,0.15375,0.27716996139553074,-0.096,0.615,0.15375,0.27716996139553074,0.316957804762716,0.21275,0.75,3,0,1.0,1.0,0,1735.0,22350.5,0,4,50.354749999999996,0.4321593311499817,49.648,50.713,0.354750000000001,0.4321593311499816,0.5591147020066637,0.5307499999999994,1.0,4,0,1.0,1.0,0,3570.0,17604.25,0
19,19,power_law,5.582,1.0,16587.0,0.5819999999999999,0.5819999999999999,11.639999999999997,1,1,2.347,1.0,16566.0,0.347,0.347,17.349999999999998,1,1,5.035,1.0,15978.0,0.03500000000000014,0.03500000000000014,0.7000000000000028,1,1,2.204,1.0,15830.0,0.20400000000000018,0.20400000000000018,10.20000000000001,1,1,0.516,1.0,18126.0,-0.08399999999999996,0.08399999999999996,13.999999999999996,1,1,0.009,1.0,40378.0,-0.0010000000000000009,0.0010000000000000009,10.000000000000009,1,1,0.308,1.0,48662.0,0.008000000000000007,0.008000000000000007,2.666666666666669,1,1,18.51,1.0,36120.0,0.5100000000000016,0.5100000000000016,2.833333333333342,1,1,4,0.17025,0.10530046296194524,0.052,0.334,0.17025,0.10530046296194524,0.20018304123976138,0.17025,1.0,4,0,1.0,1.0,0,4748.0,13635.0,0,4,0.20575,0.17721508824025117,0.092,0.512,0.20575,0.17721508824025117,0.2715478779147427,0.20575,1.0,4,0,1.0,1.0,0,1024.0,12434.5,0,4,-0.21525,0.05261356764181649,-0.296,-0.151,-0.21525,0.05261356764181649,0.2215868904064498,0.21525,1.0,4,0,1.0,1.0,0,30274.0,33495.75,0,4,50.09,0.21371359339078014,49.816,50.326,0.08999999999999986,0.21371359339078014,0.2318911382524129,0.20749999999999957,1.0,4,0,1.0,1.0,0,22657.0,28784.5,0
20,20,power_law,6.798,1.0,16295.0,1.798,1.798,35.96,1,1,2.509,1.0,16280.0,0.5089999999999999,0.5089999999999999,25.449999999999996,1,1,5.579,1.0,15761.0,0.5789999999999997,0.5789999999999997,11.579999999999995,1,1,2.226,1.0,15446.0,0.22599999999999998,0.22599999999999998,11.299999999999999,1,1,0.499,1.0,15532.0,-0.10099999999999998,0.10099999999999998,16.833333333333332,1,1,0.013,1.0,38856.0,0.002999999999999999,0.002999999999999999,29.999999999999993,1,1,0.289,1.0,45460.0,-0.01100000000000001,0.01100000000000001,3.66666666666667,1,1,19.461,1.0,23224.0,1.4609999999999985,1.4609999999999985,8.116666666666658,1,1,4,0.24674999999999997,0.06215856739018363,0.184,0.326,0.24674999999999997,0.06215856739018363,0.2544587392879247,0.24674999999999997,1.0,4,0,1.0,1.0,0,8239.0,10907.5,0,4,0.50425,0.34890713305978716,0.122,1.03,0.50425,0.34890713305978716,0.613191854153331,0.50425,1.0,4,0,1.0,1.0,0,645.0,8133.5,0,4,-0.194,0.09674967700204481,-0.293,-0.088,-0.194,0.09674967700204481,0.2167867615884328,0.194,1.0,4,0,1.0,1.0,0,16421.0,21238.0,0,4,49.9585,0.49130565842456875,49.32,50.614,-0.041499999999999204,0.49130565842456875,0.4930552707354409,0.4499999999999993,1.0,4,0,1.0,1.0,0,17578.0,25339.25,0
21,21,power_law,4.224,1.0,11628.0,-0.7759999999999998,0.7759999999999998,15.519999999999994,1,1,1.924,1.0,9674.0,-0.07600000000000007,0.07600000000000007,3.8000000000000034,1,1,5.082,1.0,3808.0,0.08199999999999985,0.08199999999999985,1.639999999999997,1,1,2.055,1.0,3402.0,0.05500000000000016,0.05500000000000016,2.750000000000008,1,1,0.516,1.0,15122.0,-0.08399999999999996,0.08399999999999996,13.999999999999996,1,1,0.007,1.0,45363.0,-0.003,0.003,30.0,1,1,0.295,1.0,10386.0,-0.0050000000000000044,0.0050000000000000044,1.6666666666666683,1,1,16.232,1.0,9498.0,-1.7680000000000007,1.7680000000000007,9.822222222222226,1,1,4,0.21625,0.1339372520996306,0.07,0.432,0.21625,0.1339372520996306,0.25436833529352665,0.21625,1.0,4,0,1.0,1.0,0,2544.0,10598.25,0,4,0.24974999999999997,0.1409510109931816,0.052,0.44,0.24974999999999997,0.1409510109931816,0.28677909616985686,0.24974999999999997,1.0,4,0,1.0,1.0,0,3260.0,5830.25,0,4,0.0015000000000000152,0.3294848251437386,-0.412,0.341,0.0015000000000000152,0.3294848251437386,0.3294882395473319,0.323,1.0,4,0,1.0,1.0,0,14930.0,19285.0,0,4,50.03574999999999,0.36365325173852087,49.473,50.455,0.03575000000000017,0.36365325173852087,0.3654062807341987,0.30274999999999963,1.0,4,0,1.0,1.0,0,7592.0,17449.0,0
22,22,power_law,5.795,1.0,15312.0,0.7949999999999999,0.7949999999999999,15.899999999999997,1,1,2.242,1.0,15153.0,0.242,0.242,12.1,1,1,4.735,1.0,18949.0,-0.2649999999999997,0.2649999999999997,5.299999999999994,1,1,2.013,1.0,18910.0,0.0129999999999999,0.0129999999999999,0.649999999999995,1,1,0.528,1.0,19141.0,-0.07199999999999995,0.07199999999999995,11.999999999999993,1,1,0.013,1.0,48087.0,0.002999999999999999,0.002999999999999999,29.999999999999993,1,1,0.328,1.0,50161.0,0.028000000000000025,0.028000000000000025,9.333333333333343,1,1,19.38,1.0,44658.0,1.379999999999999,1.379999999999999,7.666666666666661,1,1,4,0.31375000000000003,0.15587073971724133,0.156,0.507,0.31375000000000003,0.15587073971724133,0.3503351966331673,0.31375000000000003,1.0,4,0,1.0,1.0,0,6491.0,9798.25,0,4,0.216,0.09780848633937649,0.113,0.355,0.216,0.09780848633937649,0.23711284233461505,0.216,1.0,4,0,1.0,1.0,0,5850.0,12505.0,0,4,-0.6172500000000001,0.48637916022379085,-1.193,0.106,-0.6172500000000001,0.48637916022379085,0.785851290003395,0.67025,1.0,4,0,1.0,1.0,0,17017.0,18241.5,0,4,50.10725,0.19856910006342948,49.805,50.362,0.10725000000000051,0.19856910006342948,0.22568174494185472,0.20475000000000065,1.0,4,0,1.0,1.0,0,27858.0,31384.5,0
23,23,power_law,4.075,1.0,18152.0,-0.9249999999999998,0.9249999999999998,18.499999999999996,1,1,1.819,1.0,17673.0,-0.18100000000000005,0.18100000000000005,9.050000000000002,1,1,3.781,1.0,18167.0,-1.2189999999999999,1.2189999999999999,24.379999999999995,1,1,1.964,1.0,18044.0,-0.03600000000000003,0.03600000000000003,1.8000000000000016,1,1,0.52,1.0,20245.0,-0.07999999999999996,0.07999999999999996,13.333333333333327,1,1,0.011,1.0,49603.0,0.0009999999999999992,0.0009999999999999992,9.999999999999991,1,1,0.317,1.0,59879.0,0.017000000000000015,0.017000000000000015,5.666666666666672,1,1,19.807,1.0,42817.0,1.8069999999999986,1.8069999999999986,10.03888888888888,1,1,4,0.17625,0.09552323015895138,0.079,0.301,0.17625,0.09552323015895138,0.2004713196444818,0.17625,1.0,4,0,1.0,1.0,0,7414.0,12573.25,0,4,0.11000000000000001,0.0422788363132194,0.039,0.147,0.11000000000000001,0.0422788363132194,0.11784523749392675,0.11000000000000001,1.0,4,0,1.0,1.0,0,11289.0,16063.25,0,4,-0.28225,0.22735476133127275,-0.64,-0.06,-0.28225,0.22735476133127275,0.36242964834571695,0.28225,1.0,4,0,1.0,1.0,0,28827.0,32660.0,0,4,49.92475,0.14596125342021435,49.7,50.093,-0.07524999999999693,0.14596125342021435,0.1642170819372929,0.12274999999999991,1.0,4,0,1.0,1.0,0,35068.0,38374.75,0
24,24,power_law,4.25,1.0,16573.0,-0.75,0.75,15.0,1,1,1.815,1.0,16320.0,-0.18500000000000005,0.18500000000000005,9.250000000000004,1,1,5.979,1.0,18237.0,0.9790000000000001,0.9790000000000001,19.580000000000002,1,1,2.358,1.0,17608.0,0.3580000000000001,0.3580000000000001,17.900000000000006,1,1,0.5,1.0,18689.0,-0.09999999999999998,0.09999999999999998,16.666666666666664,1,1,0.009,1.0,55239.0,-0.0010000000000000009,0.0010000000000000009,10.000000000000009,1,1,0.269,1.0,56886.0,-0.030999999999999972,0.030999999999999972,10.333333333333325,0,1,17.995,1.0,43858.0,-0.004999999999999005,0.004999999999999005,0.027777777777772253,1,1,4,0.15675,0.06998705237399272,0.06,0.243,0.15675,0.06998705237399272,0.17166464400102893,0.15675,1.0,4,0,1.0,1.0,0,8205.0,14201.0,0,4,0.24175,0.10982799051243722,0.13,0.416,0.24175,0.10982799051243722,0.2655282470849382,0.24175,1.0,4,0,1.0,1.0,0,8256.0,12886.25,0,4,-0.1095,0.19794254216817567,-0.441,0.061,-0.1095,0.19794254216817567,0.2262111845157087,0.15,1.0,4,0,1.0,1.0,0,25908.0,33950.25,0,4,49.9495,0.2610023946250302,49.706,50.365,-0.050499999999999545,0.2610023946250302,0.26584299877935463,0.23300000000000054,1.0,4,0,1.0,1.0,0,25797.0,32509.75,0
25,25,power_law,5.702,1.06,16159.0,0.702,0.702,14.04,1,0,2.102,1.02,10501.0,0.10199999999999987,0.10199999999999987,5.099999999999993,1,0,6.366,1.01,290.0,1.3659999999999997,1.3659999999999997,27.319999999999993,1,1,2.495,1.01,705.0,0.4950000000000001,0.4950000000000001,24.750000000000007,1,1,0.499,1.06,16056.0,-0.10099999999999998,0.10099999999999998,16.833333333333332,1,0,0.009,1.02,3787.0,-0.0010000000000000009,0.0010000000000000009,10.000000000000009,1,0,0.293,1.02,109.0,-0.007000000000000006,0.007000000000000006,2.3333333333333357,1,0,16.503,1.01,1525.0,-1.4969999999999999,1.4969999999999999,8.316666666666666,1,1,4,0.263,0.09790556674673816,0.104,0.357,0.263,0.09790556674673816,0.2806323217307657,0.263,1.0,4,0,1.02,1.04,2,55.0,1219.25,1,4,0.419,0.1004614353869185,0.251,0.512,0.419,0.1004614353869185,0.43087527197554515,0.419,1.0,4,0,1.0325,1.07,3,78.0,2389.0,1,4,-0.10825000000000001,0.2166799194664794,-0.361,0.172,-0.10825000000000001,0.2166799194664794,0.24221529679192436,0.20825,1.0,4,0,1.025,1.04,2,56.0,1892.75,3,4,49.97075,0.13013526616563437,49.751,50.072,-0.029249999999999332,0.13013526616563437,0.13338197029584045,0.09675000000000189,1.0,4,0,1.0275,1.06,3,41.0,184.5,3
26,26,power_law,7.507,1.0,19467.0,2.5069999999999997,2.5069999999999997,50.13999999999999,1,1,2.562,1.0,18896.0,0.5619999999999998,0.5619999999999998,28.09999999999999,1,1,3.152,1.0,15886.0,-1.8479999999999999,1.8479999999999999,36.96,1,1,1.65,1.0,16008.0,-0.3500000000000001,0.3500000000000001,17.500000000000004,1,1,0.509,1.0,20459.0,-0.09099999999999997,0.09099999999999997,15.16666666666666,1,1,0.015,1.0,46944.0,0.004999999999999999,0.004999999999999999,49.999999999999986,1,1,0.304,1.0,50756.0,0.0040000000000000036,0.0040000000000000036,1.3333333333333346,1,1,16.944,1.0,42088.0,-1.056000000000001,1.056000000000001,5.8666666666666725,1,1,4,0.34249999999999997,0.14512494616708732,0.172,0.563,0.34249999999999997,0.14512494616708732,0.3719778219195332,0.34249999999999997,1.0,4,0,1.0,1.0,0,5184.0,10310.25,0,4,0.13075,0.08212909046129757,0.027,0.257,0.13075,0.08212909046129757,0.15440450122972452,0.13075,1.0,4,0,1.0,1.0,0,8760.0,17642.5,0,4,-0.1925,0.09280220902543215,-0.325,-0.094,-0.1925,0.09280220902543215,0.21370189517175558,0.1925,1.0,4,0,1.0,1.0,0,25859.0,29361.75,0,4,50.03875000000001,0.11141448514443525,49.859,50.163,0.03874999999999851,0.11141448514443524,0.11796079857308303,0.10924999999999763,1.0,4,0,1.0,1.0,0,30368.0,31611.25,0
27,27,power_law,5.021,1.0,19858.0,0.020999999999999908,0.020999999999999908,0.41999999999999815,1,1,2.21,1.0,19480.0,0.20999999999999996,0.20999999999999996,10.499999999999998,1,1,5.046,1.0,19445.0,0.04600000000000026,0.04600000000000026,0.9200000000000051,1,1,2.127,1.0,19678.0,0.12699999999999978,0.12699999999999978,6.349999999999989,1,1,0.54,1.0,21133.0,-0.05999999999999994,0.05999999999999994,9.999999999999991,1,1,0.012,1.0,44812.0,0.002,0.002,20.0,1,1,0.306,1.0,53531.0,0.006000000000000005,0.006000000000000005,2.0000000000000018,1,1,18.635,1.0,49312.0,0.6350000000000016,0.6350000000000016,3.5277777777777866,1,1,4,0.149,0.04316827538829875,0.091,0.206,0.149,0.04316827538829875,0.1551273670246485,0.149,1.0,4,0,1.0,1.0,0,10498.0,13909.25,0,4,0.19725,0.07231657832060362,0.114,0.288,0.19725,0.07231657832060362,0.2100886717555233,0.19725,1.0,4,0,1.0,1.0,0,8498.0,14638.0,0,4,-0.1555,0.31178077233851353,-0.555,0.28,-0.1555,0.31178077233851353,0.34840708948010807,0.2955,1.0,4,0,1.0,1.0,0,27687.0,29347.0,0,4,50.1205,0.0975768927564304,49.999,50.246,0.1205000000000016,0.0975768927564304,0.15505321667092337,0.12100000000000044,1.0,4,0,1.0,1.0,0,35988.0,37876.5,0
28,28,power_law,3.419,1.0,19406.0,-1.581,1.581,31.619999999999997,1,1,1.6,1.0,19856.0,-0.3999999999999999,0.3999999999999999,19.999999999999996,1,1,6.384,1.0,20290.0,1.3840000000000003,1.3840000000000003,27.680000000000003,1,1,2.602,1.0,20391.0,0.6019999999999999,0.6019999999999999,30.099999999999994,1,1,0.522,1.0,19524.0,-0.07799999999999996,0.07799999999999996,12.999999999999995,1,1,0.014,1.0,40541.0,0.004,0.004,40.0,1,1,0.33,1.0,47922.0,0.030000000000000027,0.030000000000000027,10.000000000000009,1,1,16.997,1.0,31666.0,-1.0030000000000001,1.0030000000000001,5.572222222222223,1,1,4,0.1225,0.043580385496229834,0.066,0.185,0.1225,0.043580385496229834,0.1300211521253369,0.1225,1.0,4,0,1.0,1.0,0,8706.0,17542.0,0,4,0.27299999999999996,0.06521119535785247,0.176,0.359,0.27299999999999996,0.06521119535785247,0.2806804232574833,0.27299999999999996,1.0,4,0,1.0,1.0,0,8356.0,11746.25,0,4,0.061000000000000006,0.26150430206786274,-0.372,0.329,0.061000000000000006,0.26150430206786274,0.26852467298183236,0.247,1.0,4,0,1.0,1.0,0,31297.0,34210.25,0,4,49.986000000000004,0.25389269386888674,49.727,50.406,-0.014000000000001123,0.25389269386888674,0.25427839074526226,0.21700000000000053,1.0,4,0,1.0,1.0,0,29897.0,33427.75,0
29,29,power_law,4.614,1.02,159.0,-0.3860000000000001,0.3860000000000001,7.7200000000000015,1,0,2.073,1.01,272.0,0.07299999999999995,0.07299999999999995,3.6499999999999977,1,1,5.734,1.0,17933.0,0.734,0.734,14.679999999999998,1,1,2.449,1.0,18578.0,0.44899999999999984,0.44899999999999984,22.449999999999992,1,1,0.526,1.02,134.0,-0.07399999999999995,0.07399999999999995,12.333333333333327,1,0,0.004,1.0,1422.0,-0.006,0.006,60.0,0,1,0.312,1.01,52652.0,0.01200000000000001,0.01200000000000001,4.0000000000000036,1,1,19.001,1.01,283.0,1.0010000000000012,1.0010000000000012,5.561111111111118,1,1,4,0.07975,0.04148719682022395,0.044,0.148,0.07975,0.04148719682022395,0.08989577298182601,0.07975,1.0,4,0,1.005,1.01,0,518.0,8377.25,0,4,0.1805,0.11149327333969526,0.07,0.312,0.1805,0.11149327333969526,0.21215796002035842,0.1805,1.0,4,0,1.0075,1.02,1,200.0,2511.5,1,4,-0.09525,0.26766431869040747,-0.397,0.316,-0.09525,0.26766431869040747,0.2841069340934853,0.25325000000000003,1.0,4,0,1.005,1.01,0,351.0,2646.75,1,4,49.76875,0.18541086133233944,49.498,50.001,-0.23125000000000107,0.1854108613323394,0.29640133265557445,0.2317499999999999,1.0,4,0,1.0125000000000002,1.02,1,266.0,11255.5,2
30,30,power_law,5.636,1.0,21232.0,0.6360000000000001,0.6360000000000001,12.720000000000004,1,1,2.211,1.0,20582.0,0.21099999999999985,0.21099999999999985,10.549999999999994,1,1,6.654,1.0,18561.0,1.654,1.654,33.08,1,1,2.345,1.0,17937.0,0.3450000000000002,0.3450000000000002,17.25000000000001,1,1,0.498,1.0,16051.0,-0.10199999999999998,0.10199999999999998,17.0,1,1,0.008,1.0,48035.0,-0.002,0.002,20.0,1,1,0.307,1.0,51701.0,0.007000000000000006,0.007000000000000006,2.3333333333333357,1,1,17.463,1.0,39078.0,-0.536999999999999,0.536999999999999,2.983333333333328,1,1,4,0.16399999999999998,0.03221800738717402,0.12,0.206,0.16399999999999998,0.03221800738717402,0.16713467623446668,0.16399999999999998,1.0,4,0,1.0,1.0,0,13849.0,17737.25,0,4,0.414,0.07693828695779495,0.309,0.526,0.414,0.07693828695779495,0.42108847051421394,0.414,1.0,4,0,1.0,1.0,0,8167.0,12528.25,0,4,-0.048,0.2449602008490359,-0.394,0.191,-0.048,0.2449602008490359,0.2496187092347046,0.23099999999999998,1.0,4,0,1.0,1.0,0,26577.0,35221.75,0,4,50.886250000000004,0.5928896925229858,50.392,51.895,0.8862500000000022,0.5928896925229858,1.0662819749015757,0.8862500000000022,0.75,3,0,1.0,1.0,0,17859.0,19739.25,0
31,31,power_law,3.677,1.0,16599.0,-1.323,1.323,26.46,1,1,1.97,1.0,15891.0,-0.030000000000000027,0.030000000000000027,1.5000000000000013,1,1,4.837,1.0,15717.0,-0.16300000000000026,0.16300000000000026,3.260000000000005,1,1,2.068,1.0,15475.0,0.06800000000000006,0.06800000000000006,3.400000000000003,1,1,0.545,1.0,16182.0,-0.05499999999999994,0.05499999999999994,9.166666666666657,1,1,0.011,1.0,41980.0,0.0009999999999999992,0.0009999999999999992,9.999999999999991,1,1,0.306,1.0,46170.0,0.006000000000000005,0.006000000000000005,2.0000000000000018,1,1,17.123,1.0,38783.0,-0.8769999999999989,0.8769999999999989,4.872222222222216,1,1,4,0.08575,0.045876873258756425,0.03,0.153,0.08575,0.045876873258756425,0.09725096400550486,0.08575,1.0,4,0,1.0,1.0,0,8921.0,19488.5,0,4,0.21550000000000002,0.1772237286595675,0.066,0.518,0.21550000000000002,0.1772237286595675,0.2790134405364731,0.21550000000000002,1.0,4,0,1.0,1.0,0,2375.0,17824.0,0,4,0.18650000000000003,0.3893420732466503,-0.309,0.78,0.18650000000000003,0.3893420732466503,0.4317053393230156,0.341,0.75,3,0,1.0,1.0,0,28916.0,36158.0,0,4,49.8155,0.23868965205890189,49.49,50.128,-0.1844999999999981,0.23868965205890189,0.30168360910065856,0.24849999999999817,1.0,4,0,1.0,1.0,0,29604.0,33404.5,0
32,32,power_law,4.42,1.06,42.0,-0.5800000000000001,0.5800000000000001,11.600000000000001,1,0,1.992,1.25,499.0,-0.008000000000000007,0.008000000000000007,0.40000000000000036,1,0,5.57,1.1,24.0,0.5700000000000003,0.5700000000000003,11.400000000000006,1,0,2.191,1.11,23.0,0.19099999999999984,0.19099999999999984,9.549999999999992,1,0,0.536,1.32,677.0,-0.06399999999999995,0.06399999999999995,10.666666666666657,1,0,0.008,1.09,94.0,-0.002,0.002,20.0,1,0,0.35,1.33,9.0,0.04999999999999999,0.04999999999999999,16.666666666666664,0,0,16.378,1.06,71.0,-1.6219999999999999,1.6219999999999999,9.01111111111111,1,0,4,0.26075000000000004,0.16236590621186459,-0.015,0.396,0.26075000000000004,0.16236590621186459,0.3071697413483301,0.26825,1.0,4,0,1.115,1.22,4,13.0,52.25,4,4,0.1335,0.5102869290898994,-0.281,0.997,0.1335,0.5102869290898994,0.5274608990247523,0.3735,1.0,4,0,1.2375000000000003,1.33,4,9.0,14.0,4,4,-0.266,0.311153499096507,-0.656,0.208,-0.266,0.311153499096507,0.40935620185847926,0.37,1.0,4,0,1.2325,1.29,4,10.0,12.75,4,4,49.7285,0.24526974945965135,49.305,49.9,-0.27149999999999963,0.24526974945965135,0.3658818115184191,0.27149999999999963,1.0,4,0,1.1925,1.24,4,151.0,515.5,3
33,33,power_law,4.676,1.0,17885.0,-0.32399999999999984,0.32399999999999984,6.479999999999997,1,1,2.04,1.0,17652.0,0.040000000000000036,0.040000000000000036,2.0000000000000018,1,1,6.028,1.0,18790.0,1.0279999999999996,1.0279999999999996,20.55999999999999,1,1,2.317,1.0,18445.0,0.31700000000000017,0.31700000000000017,15.850000000000009,1,1,0.512,1.0,21006.0,-0.08799999999999997,0.08799999999999997,14.66666666666666,1,1,0.012,1.0,45715.0,0.002,0.002,20.0,1,1,0.316,1.0,55391.0,0.016000000000000014,0.016000000000000014,5.333333333333338,1,1,15.777,1.0,41074.0,-2.2230000000000008,2.2230000000000008,12.350000000000003,0,1,4,0.14925,0.029659526294261683,0.111,0.194,0.14925,0.029659526294261683,0.1521684921394702,0.14925,1.0,4,0,1.0,1.0,0,10328.0,15900.75,0,4,0.358,0.20161845153655952,0.11,0.596,0.358,0.20161845153655952,0.4108698090636497,0.358,1.0,4,0,1.0,1.0,0,5673.0,13022.0,0,4,-0.21600000000000003,0.15829718885690927,-0.462,-0.02,-0.21600000000000003,0.15829718885690927,0.26779469748297857,0.21600000000000003,1.0,4,0,1.0,1.0,0,27611.0,33520.25,0,4,50.042,0.2712535714050587,49.651,50.39,0.04200000000000159,0.2712535714050587,0.2744858830614052,0.2339999999999982,1.0,4,0,1.0,1.0,0,24682.0,32076.75,0
34,34,power_law,2.996,1.0,16881.0,-2.004,2.004,40.08,1,1,1.541,1.0,16971.0,-0.4590000000000001,0.4590000000000001,22.950000000000003,1,1,4.168,1.0,16411.0,-0.8319999999999999,0.8319999999999999,16.639999999999997,1,1,2.097,1.0,16263.0,0.09699999999999998,0.09699999999999998,4.849999999999999,1,1,0.483,1.0,18128.0,-0.11699999999999999,0.11699999999999999,19.5,1,1,0.017,1.0,45678.0,0.007000000000000001,0.007000000000000001,70.0,1,1,0.316,1.0,51699.0,0.016000000000000014,0.016000000000000014,5.333333333333338,1,1,16.439,1.0,37938.0,-1.561,1.561,8.67222222222222,1,1,4,0.128,0.08317752100177067,0.036,0.263,0.128,0.08317752100177067,0.15265156402736266,0.128,1.0,4,0,1.0,1.0,0,9915.0,21458.25,0,4,0.21425,0.13560489482315893,0.085,0.421,0.21425,0.13560489482315893,0.2535581787282753,0.21425,1.0,4,0,1.0,1.0,0,1566.0,8266.25,0,4,0.13925,0.08731086702123626,0.062,0.279,0.13925,0.08731086702123626,0.1643586018436516,0.13925,1.0,4,0,1.0,1.0,0,33975.0,38638.25,0,4,50.176,0.37189985211075477,49.559,50.554,0.17600000000000016,0.37189985211075477,0.4114431917045187,0.3965000000000014,1.0,4,0,1.0,1.0,0,14806.0,23632.25,0
35,35,power_law,5.444,1.0,17886.0,0.44399999999999995,0.44399999999999995,8.879999999999999,1,1,2.21,1.0,17581.0,0.20999999999999996,0.20999999999999996,10.499999999999998,1,1,4.26,1.0,3048.0,-0.7400000000000002,0.7400000000000002,14.800000000000004,1,1,1.854,1.0,1754.0,-0.1459999999999999,0.1459999999999999,7.299999999999995,1,1,0.515,1.0,11773.0,-0.08499999999999996,0.08499999999999996,14.16666666666666,1,1,0.015,1.0,52276.0,0.004999999999999999,0.004999999999999999,49.999999999999986,1,1,0.295,1.0,49798.0,-0.0050000000000000044,0.0050000000000000044,1.6666666666666683,1,1,16.064,1.0,40680.0,-1.936,1.936,10.755555555555556,1,1,4,0.19699999999999998,0.05424481542046208,0.108,0.255,0.19699999999999998,0.05424481542046208,0.20433183794993867,0.19699999999999998,1.0,4,0,1.0,1.0,0,7047.0,9900.0,0,4,0.171,0.061955629284190156,0.121,0.274,0.171,0.061955629284190156,0.18187770616543417,0.171,1.0,4,0,1.0,1.0,0,12013.0,18070.25,0,4,0.03750000000000001,0.189842698042353,-0.252,0.277,0.03750000000000001,0.189842698042353,0.19351098160052832,0.1635,1.0,4,0,1.0,1.0,0,1880.0,13731.25,0,4,50.37325,0.4282279620716045,49.704,50.897,0.3732500000000005,0.4282279620716045,0.5680622765155242,0.5212500000000002,1.0,4,0,1.0,1.0,0,1583.0,15016.75,0
36,36,power_law,4.363,1.0,17379.0,-0.6369999999999996,0.6369999999999996,12.73999999999999,1,1,2.071,1.0,17269.0,0.07100000000000017,0.07100000000000017,3.5500000000000087,1,1,4.862,1.0,16442.0,-0.1379999999999999,0.1379999999999999,2.759999999999998,1,1,2.047,1.0,16061.0,0.04700000000000015,0.04700000000000015,2.3500000000000076,1,1,0.532,1.0,19220.0,-0.06799999999999995,0.06799999999999995,11.333333333333325,1,1,0.007,1.0,45957.0,-0.003,0.003,30.0,1,1,0.322,1.0,53189.0,0.02200000000000002,0.02200000000000002,7.33333333333334,1,1,19.008,1.0,44336.0,1.0079999999999991,1.0079999999999991,5.599999999999995,1,1,4,0.19274999999999998,0.11624838708558498,0.063,0.344,0.19274999999999998,0.11624838708558498,0.22509164800143072,0.19274999999999998,1.0,4,0,1.0,1.0,0,7121.0,15038.25,0,4,0.18975000000000003,0.019330998422223307,0.161,0.215,0.18975000000000003,0.019330998422223307,0.19073214202121258,0.18975000000000003,1.0,4,0,1.0,1.0,0,11377.0,14380.0,0,4,0.0007500000000000041,0.1994020749641287,-0.265,0.273,0.0007500000000000041,0.1994020749641287,0.19940348542590725,0.17675,1.0,4,0,1.0,1.0,0,38011.0,41863.25,0,4,50.065000000000005,0.18405298150260896,49.914,50.369,0.06500000000000128,0.18405298150260896,0.19519349374402797,0.14649999999999963,1.0,4,0,1.0,1.0,0,24970.0,31393.0,0
37,37,power_law,6.194,1.0,10083.0,1.194,1.194,23.88,1,1,2.445,1.0,9307.0,0.44499999999999984,0.44499999999999984,22.249999999999993,1,1,4.272,1.0,10156.0,-0.7279999999999998,0.7279999999999998,14.559999999999995,1,1,1.929,1.0,11058.0,-0.07099999999999995,0.07099999999999995,3.5499999999999976,1,1,0.528,1.0,10113.0,-0.07199999999999995,0.07199999999999995,11.999999999999993,1,1,0.008,1.0,25980.0,-0.002,0.002,20.0,1,1,0.31,1.0,31523.0,0.010000000000000009,0.010000000000000009,3.3333333333333366,1,1,18.401,1.0,25964.0,0.4009999999999998,0.4009999999999998,2.227777777777777,1,1,4,0.14625,0.04076380134383936,0.077,0.179,0.14625,0.04076380134383936,0.15182473448025524,0.14625,1.0,4,0,1.0,1.0,0,6974.0,14779.0,0,4,0.166,0.06398437309218556,0.056,0.214,0.166,0.06398437309218556,0.17790446874657198,0.166,1.0,4,0,1.0,1.0,0,7074.0,11771.0,0,4,-0.050499999999999996,0.1570390078929436,-0.287,0.155,-0.050499999999999996,0.1570390078929436,0.16495908583645824,0.128,1.0,4,0,1.0,1.0,0,31112.0,34131.5,0,4,50.1805,0.1346653259009152,49.966,50.302,0.18049999999999855,0.1346653259009152,0.22519991119003396,0.197499999999998,1.0,4,0,1.0,1.0,0,16992.0,18247.75,0
38,38,power_law,4.017,1.0,16544.0,-0.9829999999999997,0.9829999999999997,19.659999999999993,1,1,2.055,1.0,17142.0,0.05500000000000016,0.05500000000000016,2.750000000000008,1,1,4.12,1.0,16323.0,-0.8799999999999999,0.8799999999999999,17.599999999999998,1,1,1.877,1.0,16567.0,-0.123,0.123,6.15,1,1,0.534,1.0,22429.0,-0.06599999999999995,0.06599999999999995,10.999999999999991,1,1,0.012,1.0,40464.0,0.002,0.002,20.0,1,1,0.314,1.0,47562.0,0.014000000000000012,0.014000000000000012,4.666666666666671,1,1,18.083,1.0,41852.0,0.08299999999999841,0.08299999999999841,0.46111111111110226,1,1,4,0.13825,0.08522433631305086,0.03,0.246,0.13825,0.08522433631305086,0.1624076660752195,0.13825,1.0,4,0,1.0,1.0,0,3766.0,14531.5,0,4,0.19999999999999998,0.09441398201537737,0.072,0.328,0.19999999999999998,0.09441398201537737,0.22116509670379728,0.19999999999999998,1.0,4,0,1.0,1.0,0,8423.0,15189.0,0,4,-0.0002500000000000002,0.45947218359765807,-0.492,0.729,-0.0002500000000000002,0.45947218359765807,0.45947225161047534,0.37825,0.75,3,0,1.0,1.0,0,26686.0,32951.5,0,4,50.473749999999995,0.3349211660973373,50.238,51.052,0.473749999999999,0.3349211660973373,0.5801820834875887,0.473749999999999,1.0,4,0,1.0,1.0,0,27753.0,31184.5,0
39,39,power_law,3.488,1.0,17666.0,-1.512,1.512,30.240000000000002,1,1,1.73,1.0,18189.0,-0.27,0.27,13.5,1,1,5.391,1.0,14450.0,0.391,0.391,7.82,1,1,2.225,1.0,14087.0,0.2250000000000001,0.2250000000000001,11.250000000000004,1,1,0.514,1.0,16237.0,-0.08599999999999997,0.08599999999999997,14.333333333333329,1,1,0.018,1.0,37774.0,0.007999999999999998,0.007999999999999998,79.99999999999999,1,1,0.306,1.0,37408.0,0.006000000000000005,0.006000000000000005,2.0000000000000018,1,1,16.09,1.0,37925.0,-1.9100000000000001,1.9100000000000001,10.61111111111111,1,1,4,0.10375000000000001,0.07044279594110386,0.039,0.222,0.10375000000000001,0.07044279594110386,0.12540434601719352,0.10375000000000001,1.0,4,0,1.0,1.0,0,6348.0,19587.5,0,4,0.218,0.06440108694734896,0.115,0.274,0.218,0.06440108694734896,0.22731365995029865,0.218,1.0,4,0,1.0,1.0,0,8878.0,14405.75,0,4,0.16699999999999998,0.13211547978946298,-0.035,0.297,0.16699999999999998,0.13211547978946298,0.2129401324316297,0.1845,1.0,4,0,1.0,1.0,0,27542.0,34081.75,0,4,50.858000000000004,0.22445823664993872,50.538,51.12,0.8579999999999988,0.22445823664993872,0.8868740045801308,0.8579999999999988,0.75,3,0,1.0,1.0,0,14541.0,16206.25,0
40,40,power_law,4.187,1.0,13153.0,-0.8129999999999997,0.8129999999999997,16.259999999999994,1,1,1.684,1.0,14505.0,-0.31600000000000006,0.31600000000000006,15.800000000000002,1,1,3.837,1.0,8216.0,-1.1629999999999998,1.1629999999999998,23.259999999999998,1,1,1.948,1.0,13175.0,-0.052000000000000046,0.052000000000000046,2.6000000000000023,1,1,0.459,1.0,12210.0,-0.14099999999999996,0.14099999999999996,23.499999999999993,1,1,0.012,1.0,33974.0,0.002,0.002,20.0,1,1,0.293,1.0,5751.0,-0.007000000000000006,0.007000000000000006,2.3333333333333357,1,1,17.389,1.0,4846.0,-0.6110000000000007,0.6110000000000007,3.394444444444448,1,1,4,0.196,0.04680277769534625,0.122,0.247,0.196,0.04680277769534625,0.2015105456297511,0.196,1.0,4,0,1.0,1.0,0,9236.0,15588.75,0,4,0.17600000000000002,0.0483735464897913,0.134,0.258,0.17600000000000002,0.0483735464897913,0.1825267103741258,0.17600000000000002,1.0,4,0,1.0,1.0,0,5387.0,6727.0,0,4,0.09375,0.19212804974807818,-0.185,0.358,0.09375,0.19212804974807818,0.2137808457275815,0.18625,1.0,4,0,1.0,1.0,0,2855.0,20886.25,0,4,50.37325,0.13242615866965238,50.257,50.592,0.37324999999999875,0.13242615866965238,0.39604576755723453,0.37324999999999875,1.0,4,0,1.0,1.0,0,6907.0,10812.25,0
41,41,power_law,6.04,1.0,18148.0,1.04,1.04,20.8,1,1,2.393,1.0,18264.0,0.3929999999999998,0.3929999999999998,19.64999999999999,1,1,5.503,1.0,16394.0,0.5030000000000001,0.5030000000000001,10.060000000000002,1,1,2.108,1.0,16152.0,0.1080000000000001,0.1080000000000001,5.400000000000005,1,1,0.538,1.0,16692.0,-0.061999999999999944,0.061999999999999944,10.333333333333325,1,1,0.011,1.0,44249.0,0.0009999999999999992,0.0009999999999999992,9.999999999999991,1,1,0.287,1.0,57177.0,-0.013000000000000012,0.013000000000000012,4.3333333333333375,1,1,17.472,1.0,39452.0,-0.5279999999999987,0.5279999999999987,2.933333333333326,1,1,4,0.25675000000000003,0.15404767930741442,0.046,0.481,0.25675000000000003,0.15404767930741442,0.2994181858204341,0.25675000000000003,1.0,4,0,1.0,1.0,0,6660.0,14481.5,0,4,0.246,0.0940664658632395,0.169,0.406,0.246,0.0940664658632395,0.2633714107491548,0.246,1.0,4,0,1.0,1.0,0,9399.0,13812.0,0,4,-0.12575000000000003,0.31106219233458765,-0.529,0.319,-0.12575000000000003,0.31106219233458765,0.3355186283949075,0.28525,1.0,4,0,1.0,1.0,0,25040.0,31977.5,0,4,50.182500000000005,0.4674807482667074,49.682,50.923,0.182500000000001,0.4674807482667074,0.5018411103128171,0.3865000000000016,1.0,4,0,1.0,1.0,0,20722.0,26340.5,0
42,42,power_law,3.711,1.0,13710.0,-1.2890000000000001,1.2890000000000001,25.78,1,1,1.749,1.0,14550.0,-0.2509999999999999,0.2509999999999999,12.549999999999994,1,1,5.593,1.0,15285.0,0.593,0.593,11.86,1,1,2.36,1.0,17063.0,0.3599999999999999,0.3599999999999999,17.999999999999993,1,1,0.527,1.0,22266.0,-0.07299999999999995,0.07299999999999995,12.166666666666659,1,1,0.01,1.0,34089.0,0.0,0.0,0.0,1,1,0.307,1.0,9498.0,0.007000000000000006,0.007000000000000006,2.3333333333333357,1,1,15.013,1.0,29373.0,-2.987,2.987,16.594444444444445,0,1,4,0.14450000000000002,0.08978167964568273,0.059,0.277,0.14450000000000002,0.08978167964568273,0.17012054549642147,0.14450000000000002,1.0,4,0,1.0,1.0,0,4875.0,16513.25,0,4,0.23550000000000001,0.09972336737194547,0.096,0.346,0.23550000000000001,0.09972336737194547,0.2557440126376373,0.23550000000000001,1.0,4,0,1.0,1.0,0,6762.0,10479.0,0,4,-0.011249999999999996,0.18501537098306184,-0.228,0.265,-0.011249999999999996,0.18501537098306184,0.1853570878062126,0.16175,1.0,4,0,1.0,1.0,0,15642.0,24882.5,0,4,49.94425,0.23615818321625134,49.541,50.143,-0.05575000000000152,0.23615818321625132,0.2426494384910064,0.17375000000000007,1.0,4,0,1.0,1.0,0,12303.0,21168.75,0
43,43,power_law,4.453,1.0,17272.0,-0.5469999999999997,0.5469999999999997,10.939999999999994,1,1,2.032,1.0,17401.0,0.03200000000000003,0.03200000000000003,1.6000000000000014,1,1,5.183,1.0,18307.0,0.18299999999999983,0.18299999999999983,3.6599999999999966,1,1,2.183,1.0,18219.0,0.18299999999999983,0.18299999999999983,9.149999999999991,1,1,0.549,1.0,20036.0,-0.050999999999999934,0.050999999999999934,8.49999999999999,1,1,0.011,1.0,52084.0,0.0009999999999999992,0.0009999999999999992,9.999999999999991,1,1,0.314,1.0,58719.0,0.014000000000000012,0.014000000000000012,4.666666666666671,1,1,19.103,1.0,43471.0,1.1030000000000015,1.1030000000000015,6.127777777777786,1,1,4,0.17675,0.0848686485105071,0.054,0.288,0.17675,0.0848686485105071,0.19606950298299836,0.17675,1.0,4,0,1.0,1.0,0,7830.0,13635.75,0,4,0.197,0.027340446228984627,0.17,0.241,0.197,0.027340446228984627,0.19888815952690597,0.197,1.0,4,0,1.0,1.0,0,13163.0,16432.5,0,4,-0.13325,0.21555437249102605,-0.427,0.18,-0.13325,0.21555437249102605,0.2534151731842433,0.22325,1.0,4,0,1.0,1.0,0,22036.0,31345.75,0,4,50.139250000000004,0.3168322702945528,49.614,50.43,0.13924999999999876,0.31683227029455274,0.3460827213254083,0.33225000000000016,1.0,4,0,1.0,1.0,0,19711.0,36264.0,0
44,44,power_law,5.186,1.0,16185.0,0.18599999999999994,0.18599999999999994,3.719999999999999,1,1,2.092,1.0,15676.0,0.09200000000000008,0.09200000000000008,4.600000000000004,1,1,2.148,1.0,13109.0,-2.852,2.852,57.04,0,1,1.421,1.0,13880.0,-0.579,0.579,28.95,0,1,0.498,1.0,17637.0,-0.10199999999999998,0.10199999999999998,17.0,1,1,0.011,1.0,52744.0,0.0009999999999999992,0.0009999999999999992,9.999999999999991,1,1,0.298,1.0,49774.0,-0.0020000000000000018,0.0020000000000000018,0.6666666666666673,1,1,16.666,1.0,35969.0,-1.3339999999999996,1.3339999999999996,7.411111111111109,1,1,4,0.19774999999999998,0.0752940070656357,0.079,0.282,0.19774999999999998,0.0752940070656357,0.21159926748455438,0.19774999999999998,1.0,4,0,1.0,1.0,0,9264.0,14474.75,0,4,0.08025,0.042657795301679624,0.021,0.137,0.08025,0.042657795301679624,0.09088316675820667,0.08025,1.0,4,0,1.0,1.0,0,10658.0,19585.25,0,4,-0.19324999999999998,0.23738615692579884,-0.585,0.051,-0.19324999999999998,0.23738615692579884,0.30610088206341385,0.21875,1.0,4,0,1.0,1.0,0,28890.0,34250.75,0,4,49.963249999999995,0.3850301124587527,49.305,50.28,-0.03675000000000139,0.3850301124587526,0.3867799762138674,0.31074999999999875,1.0,4,0,1.0,1.0,0,26456.0,35102.75,0
45,45,power_law,2.76,1.0,17726.0,-2.24,2.24,44.800000000000004,0,1,1.565,1.0,17686.0,-0.43500000000000005,0.43500000000000005,21.750000000000004,1,1,5.482,1.0,18442.0,0.4820000000000002,0.4820000000000002,9.640000000000004,1,1,2.249,1.0,17233.0,0.2490000000000001,0.2490000000000001,12.450000000000006,1,1,0.526,1.0,19958.0,-0.07399999999999995,0.07399999999999995,12.333333333333327,1,1,0.008,1.0,5286.0,-0.002,0.002,20.0,1,1,0.317,1.0,36596.0,0.017000000000000015,0.017000000000000015,5.666666666666672,1,1,18.743,1.0,36204.0,0.7429999999999986,0.7429999999999986,4.12777777777777,1,1,4,0.08275,0.03656757443418964,0.041,0.132,0.08275,0.03656757443418964,0.09046960815655167,0.08275,1.0,4,0,1.0,1.0,0,7365.0,16314.25,0,4,0.25725,0.12010490206482,0.151,0.461,0.25725,0.12010490206482,0.28390623452118835,0.25725,1.0,4,0,1.0,1.0,0,4408.0,10228.75,0,4,-0.16825,0.2869245327607941,-0.651,0.103,-0.16825,0.2869245327607941,0.3326165209366486,0.21975,0.75,3,0,1.0,1.0,0,6928.0,23502.5,0,4,50.2825,0.18420437019788832,50.114,50.593,0.28250000000000064,0.18420437019788832,0.33724990733875826,0.28250000000000064,1.0,4,0,1.0,1.0,0,25878.0,27381.75,0
46,46,power_law,4.415,1.0,16859.0,-0.585,0.585,11.7,1,1,2.045,1.0,16177.0,0.04499999999999993,0.04499999999999993,2.2499999999999964,1,1,2.328,1.0,13630.0,-2.672,2.672,53.44,0,1,1.464,1.0,12040.0,-0.536,0.536,26.8,1,1,0.518,1.0,21288.0,-0.08199999999999996,0.08199999999999996,13.66666666666666,1,1,0.014,1.0,5546.0,0.004,0.004,40.0,1,1,0.305,1.0,40533.0,0.0050000000000000044,0.0050000000000000044,1.6666666666666683,1,1,17.758,1.0,16994.0,-0.24200000000000088,0.24200000000000088,1.3444444444444492,1,1,4,0.11074999999999999,0.024631027181179432,0.087,0.152,0.11074999999999999,0.024631027181179432,0.11345593858410409,0.11074999999999999,1.0,4,0,1.0,1.0,0,12932.0,18104.0,0,4,0.0845,0.04642467016576424,0.036,0.139,0.0845,0.04642467016576424,0.09641317337376673,0.0845,1.0,4,0,1.0,1.0,0,6178.0,11998.75,0,4,-0.104,0.37732678145077375,-0.499,0.502,-0.104,0.37732678145077375,0.39139685742223324,0.355,1.0,4,0,1.0,1.0,0,8229.0,29186.75,0,4,50.13825,0.18590773921491394,49.967,50.447,0.1382500000000011,0.18590773921491394,0.2316781172230143,0.15475000000000172,1.0,4,0,1.0,1.0,0,14817.0,28923.75,0
47,47,power_law,2.839,1.0,16356.0,-2.161,2.161,43.220000000000006,0,1,1.654,1.0,15686.0,-0.3460000000000001,0.3460000000000001,17.300000000000004,1,1,3.869,1.0,17055.0,-1.1309999999999998,1.1309999999999998,22.619999999999997,1,1,1.953,1.0,16039.0,-0.04699999999999993,0.04699999999999993,2.3499999999999965,1,1,0.545,1.0,22399.0,-0.05499999999999994,0.05499999999999994,9.166666666666657,1,1,0.004,1.0,46264.0,-0.006,0.006,60.0,0,1,0.313,1.0,53526.0,0.013000000000000012,0.013000000000000012,4.3333333333333375,1,1,19.549,1.0,39035.0,1.5489999999999995,1.5489999999999995,8.605555555555553,1,1,4,0.0645,0.02725344014982329,0.028,0.098,0.0645,0.02725344014982329,0.07002142529254886,0.0645,1.0,4,0,1.0,1.0,0,14645.0,21099.0,0,4,0.10025,0.05957505770034974,0.027,0.18,0.10025,0.05957505770034974,0.11661582225410067,0.10025,1.0,4,0,1.0,1.0,0,13510.0,24325.25,0,4,0.04,0.09595050807577832,-0.036,0.2,0.04,0.09595050807577832,0.10395431688967997,0.07450000000000001,1.0,4,0,1.0,1.0,0,34497.0,40361.75,0,4,49.934,0.24419561830630834,49.605,50.284,-0.06600000000000072,0.24419561830630837,0.25295750631281994,0.20800000000000018,1.0,4,0,1.0,1.0,0,37368.0,39822.5,0
48,48,power_law,4.915,1.0,15080.0,-0.08499999999999996,0.08499999999999996,1.6999999999999995,1,1,2.124,1.0,15120.0,0.12400000000000011,0.12400000000000011,6.2000000000000055,1,1,4.062,1.0,16329.0,-0.9379999999999997,0.9379999999999997,18.759999999999994,1,1,1.919,1.0,16102.0,-0.08099999999999996,0.08099999999999996,4.049999999999998,1,1,0.527,1.0,18094.0,-0.07299999999999995,0.07299999999999995,12.166666666666659,1,1,0.012,1.0,39881.0,0.002,0.002,20.0,1,1,0.3,1.0,47078.0,0.0,0.0,0.0,1,1,18.093,1.0,41153.0,0.09299999999999997,0.09299999999999997,0.5166666666666665,1,1,4,0.13024999999999998,0.043095098329160364,0.073,0.182,0.13024999999999998,0.043095098329160364,0.13719420541699273,0.13024999999999998,1.0,4,0,1.0,1.0,0,8584.0,18432.5,0,4,0.2025,0.1246645498929026,0.056,0.342,0.2025,0.1246645498929026,0.23779718248961657,0.2025,1.0,4,0,1.0,1.0,0,6902.0,16982.25,0,4,0.1345,0.2835687747266966,-0.306,0.465,0.1345,0.2835687747266966,0.3138494862191111,0.28750000000000003,1.0,4,0,1.0,1.0,0,12643.0,33073.25,0,4,50.267250000000004,0.22005382864199258,49.984,50.564,0.26725000000000065,0.22005382864199258,0.34618817137504826,0.2752499999999998,1.0,4,0,1.0,1.0,0,30679.0,33472.75,0
49,49,power_law,6.204,1.0,19921.0,1.2039999999999997,1.2039999999999997,24.079999999999995,1,1,2.446,1.0,20228.0,0.4460000000000002,0.4460000000000002,22.300000000000008,1,1,5.28,1.0,18365.0,0.28000000000000025,0.28000000000000025,5.600000000000005,1,1,2.197,1.0,18357.0,0.19700000000000006,0.19700000000000006,9.850000000000003,1,1,0.531,1.0,21306.0,-0.06899999999999995,0.06899999999999995,11.499999999999993,1,1,0.016,1.0,45138.0,0.006,0.006,60.0,1,1,0.299,1.0,49973.0,-0.0010000000000000009,0.0010000000000000009,0.33333333333333365,1,1,18.722,1.0,45059.0,0.7220000000000013,0.7220000000000013,4.011111111111118,1,1,4,0.23174999999999998,0.09097080575657225,0.146,0.381,0.23174999999999998,0.09097080575657225,0.24896535903615186,0.23174999999999998,1.0,4,0,1.0,1.0,0,2731.0,10608.0,0,4,0.22425,0.13016984097708653,0.06,0.42,0.22425,0.13016984097708653,0.25929182401302203,0.22425,1.0,4,0,1.0,1.0,0,7603.0,17647.75,0,4,-0.13299999999999998,0.3588537306480177,-0.713,0.271,-0.13299999999999998,0.3588537306480177,0.382707460078844,0.26849999999999996,1.0,4,0,1.0,1.0,0,30538.0,33073.0,0,4,50.17400000000001,0.25804747625194785,49.807,50.478,0.17400000000000126,0.25804747625194785,0.31123062188672895,0.2705000000000002,1.0,4,0,1.0,1.0,0,31994.0,34441.0,0
50,50,power_law,5.611,1.0,16955.0,0.6109999999999998,0.6109999999999998,12.219999999999995,1,1,2.226,1.0,17095.0,0.22599999999999998,0.22599999999999998,11.299999999999999,1,1,6.036,1.0,16827.0,1.0359999999999996,1.0359999999999996,20.71999999999999,1,1,2.234,1.0,16881.0,0.23399999999999999,0.23399999999999999,11.7,1,1,0.525,1.0,11738.0,-0.07499999999999996,0.07499999999999996,12.499999999999993,1,1,0.019,1.0,29015.0,0.009,0.009,89.99999999999999,1,1,0.307,1.0,13930.0,0.007000000000000006,0.007000000000000006,2.3333333333333357,1,1,17.128,1.0,30900.0,-0.8719999999999999,0.8719999999999999,4.844444444444443,1,1,4,0.3025,0.16008825690849407,0.132,0.54,0.3025,0.16008825690849407,0.3422491782312998,0.3025,1.0,4,0,1.0,1.0,0,4815.0,10259.5,0,4,0.21449999999999997,0.0729057610892308,0.126,0.319,0.21449999999999997,0.0729057610892308,0.22655131868960726,0.21449999999999997,1.0,4,0,1.0,1.0,0,8763.0,14945.25,0,4,-0.219,0.09420456464524422,-0.346,-0.081,-0.219,0.09420456464524422,0.23840197146835845,0.219,1.0,4,0,1.0,1.0,0,6508.0,17439.5,0,4,50.238,0.21734649755632254,50.025,50.597,0.23799999999999955,0.21734649755632254,0.3223096337374983,0.23799999999999955,1.0,4,0,1.0,1.0,0,19905.0,22609.75,0
51,51,power_law,5.182,1.0,18975.0,0.18200000000000038,0.18200000000000038,3.6400000000000077,1,1,2.24,1.0,18619.0,0.2400000000000002,0.2400000000000002,12.00000000000001,1,1,2.93,1.0,17144.0,-2.07,2.07,41.4,1,1,1.548,1.0,16865.0,-0.45199999999999996,0.45199999999999996,22.599999999999998,1,1,0.518,1.0,20863.0,-0.08199999999999996,0.08199999999999996,13.66666666666666,1,1,0.014,1.0,48739.0,0.004,0.004,40.0,1,1,0.275,1.0,53811.0,-0.024999999999999967,0.024999999999999967,8.333333333333323,1,1,16.545,1.0,39817.0,-1.4549999999999983,1.4549999999999983,8.083333333333325,1,1,4,0.22125,0.1413636710757046,0.054,0.422,0.22125,0.1413636710757046,0.2625552322845614,0.22125,1.0,4,0,1.0025,1.01,0,953.0,15607.0,0,4,0.136,0.04973429400323282,0.059,0.194,0.136,0.04973429400323282,0.1448084942259949,0.136,1.0,4,0,1.0,1.0,0,9680.0,17114.25,0,4,0.011499999999999986,0.28587890793131276,-0.233,0.493,0.011499999999999986,0.28587890793131276,0.2861101186606304,0.23500000000000001,1.0,4,0,1.0,1.0,0,34674.0,38035.0,0,4,50.20525,0.24619339450927485,49.959,50.588,0.20525000000000126,0.24619339450927485,0.32052885985508384,0.22574999999999967,1.0,4,0,1.0,1.0,0,26666.0,32116.25,0
52,52,power_law,3.478,1.0,16740.0,-1.5219999999999998,1.5219999999999998,30.439999999999994,1,1,1.716,1.0,16572.0,-0.28400000000000003,0.28400000000000003,14.200000000000001,1,1,5.877,1.0,16965.0,0.8769999999999998,0.8769999999999998,17.539999999999996,1,1,2.485,1.0,16554.0,0.4849999999999999,0.4849999999999999,24.249999999999993,1,1,0.499,1.0,18580.0,-0.10099999999999998,0.10099999999999998,16.833333333333332,1,1,0.019,1.0,48507.0,0.009,0.009,89.99999999999999,1,1,0.294,1.0,52575.0,-0.006000000000000005,0.006000000000000005,2.0000000000000018,1,1,18.554,1.0,42068.0,0.5539999999999985,0.5539999999999985,3.0777777777777695,1,1,4,0.09174999999999998,0.03667679784277793,0.045,0.144,0.09174999999999998,0.03667679784277793,0.09880915949445171,0.09174999999999998,1.0,4,0,1.0,1.0,0,11114.0,19337.0,0,4,0.3245,0.21016719534694278,0.119,0.666,0.3245,0.21016719534694278,0.3866141487322987,0.3245,1.0,4,0,1.0,1.0,0,914.0,9648.5,0,4,-0.20975,0.17792747820390192,-0.382,0.087,-0.20975,0.17792747820390192,0.27505135884049,0.25325,1.0,4,0,1.0,1.0,0,29718.0,33881.75,0,4,50.24275,0.4761782098122497,49.572,50.918,0.2427500000000009,0.4761782098122497,0.5344840970506038,0.45674999999999955,1.0,4,0,1.0,1.0,0,22158.0,30553.25,0
53,53,power_law,3.547,1.0,16957.0,-1.4529999999999998,1.4529999999999998,29.059999999999995,1,1,1.663,1.0,17590.0,-0.33699999999999997,0.33699999999999997,16.849999999999998,1,1,3.928,1.0,15324.0,-1.072,1.072,21.44,1,1,1.959,1.0,15711.0,-0.040999999999999925,0.040999999999999925,2.0499999999999963,1,1,0.487,1.0,20913.0,-0.11299999999999999,0.11299999999999999,18.833333333333332,1,1,0.019,1.0,41807.0,0.009,0.009,89.99999999999999,1,1,0.313,1.0,34002.0,0.013000000000000012,0.013000000000000012,4.3333333333333375,1,1,16.499,1.0,41815.0,-1.5010000000000012,1.5010000000000012,8.338888888888896,1,1,4,0.14375000000000002,0.014359230480774381,0.122,0.162,0.14375000000000002,0.014359230480774381,0.14446539377996379,0.14375000000000002,1.0,4,0,1.0,1.0,0,14208.0,19499.5,0,4,0.259,0.1601436854827564,0.099,0.445,0.259,0.1601436854827564,0.3045110835421266,0.259,1.0,4,0,1.0,1.0,0,4980.0,11846.5,0,4,0.15600000000000003,0.197101496696499,-0.185,0.281,0.15600000000000003,0.197101496696499,0.2513662666309861,0.24850000000000003,1.0,4,0,1.0,1.0,0,32794.0,37512.5,0,4,50.08225,0.29465095876307734,49.681,50.456,0.08225000000000016,0.2946509587630774,0.30591542948991757,0.26975000000000016,1.0,4,0,1.0,1.0,0,24334.0,33442.5,0
54,54,power_law,3.48,1.0,16944.0,-1.52,1.52,30.4,1,1,1.881,1.0,16690.0,-0.119,0.119,5.949999999999999,1,1,3.208,1.0,16648.0,-1.7919999999999998,1.7919999999999998,35.839999999999996,1,1,1.801,1.0,16497.0,-0.19900000000000007,0.19900000000000007,9.950000000000003,1,1,0.497,1.0,15020.0,-0.10299999999999998,0.10299999999999998,17.166666666666664,1,1,0.015,1.0,52275.0,0.004999999999999999,0.004999999999999999,49.999999999999986,1,1,0.315,1.0,54455.0,0.015000000000000013,0.015000000000000013,5.000000000000004,1,1,19.297,1.0,49361.0,1.2970000000000006,1.2970000000000006,7.205555555555559,1,1,4,0.08174999999999999,0.041511293644019336,0.046,0.152,0.08174999999999999,0.041511293644019336,0.09168560410446125,0.08174999999999999,1.0,4,0,1.0,1.0,0,8659.0,21621.75,0,4,0.1495,0.08795595488652261,0.031,0.24,0.1495,0.08795595488652261,0.1734546050123778,0.1495,1.0,4,0,1.0,1.0,0,1973.0,14576.0,0,4,0.26325,0.17939394499257771,0.013,0.52,0.26325,0.17939394499257771,0.318563572933253,0.26325,0.75,3,0,1.0,1.0,0,45034.0,46935.5,0,4,49.99525,0.059111652827510006,49.909,50.051,-0.004749999999999588,0.059111652827510006,0.059302192202312955,0.0547500000000003,1.0,4,0,1.0,1.0,0,21204.0,31805.5,0
55,55,power_law,4.151,1.0,18634.0,-0.8490000000000002,0.8490000000000002,16.980000000000004,1,1,1.964,1.0,18726.0,-0.03600000000000003,0.03600000000000003,1.8000000000000016,1,1,4.603,1.0,13140.0,-0.39700000000000024,0.39700000000000024,7.940000000000006,1,1,1.993,1.0,15450.0,-0.006999999999999895,0.006999999999999895,0.34999999999999476,1,1,0.533,1.0,20941.0,-0.06699999999999995,0.06699999999999995,11.166666666666657,1,1,0.011,1.0,29251.0,0.0009999999999999992,0.0009999999999999992,9.999999999999991,1,1,0.288,1.0,45448.0,-0.01200000000000001,0.01200000000000001,4.0000000000000036,1,1,17.339,1.0,34803.0,-0.6610000000000014,0.6610000000000014,3.6722222222222296,1,1,4,0.098,0.04263801121065569,0.048,0.162,0.098,0.04263801121065569,0.10687375730271674,0.098,1.0,4,0,1.0,1.0,0,10254.0,17787.75,0,4,0.14275000000000002,0.04307769144232313,0.07,0.181,0.14275000000000002,0.04307769144232313,0.14910818220339217,0.14275000000000002,1.0,4,0,1.0,1.0,0,12983.0,15635.75,0,4,-0.15175,0.2451533958565535,-0.351,0.268,-0.15175,0.2451533958565535,0.2883197010264821,0.28575,1.0,4,0,1.0,1.0,0,32424.0,35878.0,0,4,50.36750000000001,0.29524947078699243,49.904,50.705,0.3675000000000015,0.2952494707869924,0.4714111793328624,0.41549999999999976,1.0,4,0,1.0,1.0,0,6998.0,22516.25,0
56,56,power_law,2.448,1.0,17077.0,-2.552,2.552,51.04,0,1,1.476,1.0,17309.0,-0.524,0.524,26.200000000000003,0,1,4.52,1.0,15953.0,-0.4800000000000004,0.4800000000000004,9.600000000000009,1,1,2.087,1.0,15364.0,0.08700000000000019,0.08700000000000019,4.350000000000009,1,1,0.534,1.0,20327.0,-0.06599999999999995,0.06599999999999995,10.999999999999991,1,1,0.014,1.0,38862.0,0.004,0.004,40.0,1,1,0.316,1.0,42931.0,0.016000000000000014,0.016000000000000014,5.333333333333338,1,1,16.853,1.0,36429.0,-1.1469999999999985,1.1469999999999985,6.372222222222214,1,1,4,0.11125,0.06606199739638516,0.023,0.193,0.11125,0.06606199739638516,0.12938605025272237,0.11125,1.0,4,0,1.0,1.0,0,8505.0,17555.0,0,4,0.09749999999999999,0.0314364438192363,0.05,0.133,0.09749999999999999,0.0314364438192363,0.10244266689226711,0.09749999999999999,1.0,4,0,1.0,1.0,0,18887.0,23880.0,0,4,0.14425,0.1418808919481408,0.038,0.388,0.14425,0.1418808919481408,0.2023320291006839,0.14425,1.0,4,0,1.0,1.0,0,29349.0,35675.5,0,4,50.08,0.29354641881651455,49.762,50.56,0.08000000000000007,0.29354641881651455,0.30425236235730463,0.20150000000000112,1.0,4,0,1.0,1.0,0,25086.0,28540.25,0
57,57,power_law,4.436,1.0,17266.0,-0.5640000000000001,0.5640000000000001,11.280000000000001,1,1,1.902,1.0,17218.0,-0.09800000000000009,0.09800000000000009,4.900000000000004,1,1,4.888,1.0,17281.0,-0.1120000000000001,0.1120000000000001,2.240000000000002,1,1,2.238,1.0,17416.0,0.238,0.238,11.899999999999999,1,1,0.485,1.0,20500.0,-0.11499999999999999,0.11499999999999999,19.166666666666664,1,1,0.012,1.0,46675.0,0.002,0.002,20.0,1,1,0.281,1.0,56672.0,-0.01899999999999996,0.01899999999999996,6.3333333333333215,1,1,17.929,1.0,44200.0,-0.0710000000000015,0.0710000000000015,0.3944444444444528,1,1,4,0.278,0.21588538625854228,0.066,0.639,0.278,0.21588538625854228,0.3519808233412724,0.278,1.0,4,0,1.0,1.0,0,1958.0,15306.5,0,4,0.16525,0.025791229129298977,0.123,0.193,0.16525,0.025791229129298977,0.16725056053717727,0.16525,1.0,4,0,1.0,1.0,0,9257.0,12024.75,0,4,0.027499999999999997,0.14825231870024833,-0.182,0.214,0.027499999999999997,0.14825231870024833,0.1507812985751217,0.1325,1.0,4,0,1.0,1.0,0,38388.0,39772.0,0,4,50.45825,0.4715810508279559,49.746,50.897,0.4582500000000014,0.4715810508279559,0.6575574119421059,0.5852500000000003,0.75,3,0,1.0,1.0,0,17455.0,27439.0,0
58,58,power_law,4.386,1.0,17708.0,-0.6139999999999999,0.6139999999999999,12.279999999999998,1,1,2.025,1.0,17155.0,0.02499999999999991,0.02499999999999991,1.2499999999999956,1,1,3.959,1.0,15822.0,-1.041,1.041,20.82,1,1,1.856,1.0,17124.0,-0.1439999999999999,0.1439999999999999,7.199999999999996,1,1,0.527,1.0,13056.0,-0.07299999999999995,0.07299999999999995,12.166666666666659,1,1,0.009,1.0,43630.0,-0.0010000000000000009,0.0010000000000000009,10.000000000000009,1,1,0.302,1.0,51293.0,0.0020000000000000018,0.0020000000000000018,0.6666666666666673,1,1,17.633,1.0,37933.0,-0.3670000000000009,0.3670000000000009,2.038888888888894,1,1,4,0.202,0.1350499907441685,0.06,0.352,0.202,0.1350499907441685,0.24298662514632363,0.202,1.0,4,0,1.0,1.0,0,4705.0,13535.5,0,4,0.16524999999999998,0.11953738954820789,0.087,0.372,0.16524999999999998,0.11953738954820789,0.2039528131701056,0.16524999999999998,1.0,4,0,1.0,1.0,0,7240.0,19580.25,0,4,0.10750000000000001,0.29447792786557025,-0.218,0.52,0.10750000000000001,0.29447792786557025,0.31348604434647487,0.276,1.0,4,0,1.0,1.0,0,29676.0,36220.75,0,4,49.941250000000004,0.24913889198597705,49.521,50.139,-0.05874999999999808,0.24913889198597705,0.2559721664556522,0.18575000000000053,1.0,4,0,1.0,1.0,0,24430.0,33585.0,0
59,59,power_law,3.257,1.0,16179.0,-1.7429999999999999,1.7429999999999999,34.86,1,1,1.585,1.0,15997.0,-0.41500000000000004,0.41500000000000004,20.75,1,1,5.258,1.0,20035.0,0.258,0.258,5.16,1,1,2.377,1.0,19187.0,0.3769999999999998,0.3769999999999998,18.849999999999987,1,1,0.527,1.0,20499.0,-0.07299999999999995,0.07299999999999995,12.166666666666659,1,1,0.011,1.0,44739.0,0.0009999999999999992,0.0009999999999999992,9.999999999999991,1,1,0.305,1.0,46775.0,0.0050000000000000044,0.0050000000000000044,1.6666666666666683,1,1,17.382,1.0,39432.0,-0.6179999999999986,0.6179999999999986,3.433333333333325,1,1,4,0.1185,0.04839679741470503,0.047,0.183,0.1185,0.04839679741470503,0.12800195311009907,0.1185,1.0,4,0,1.0,1.0,0,13404.0,18884.25,0,4,0.15575,0.04126969226926705,0.096,0.202,0.15575,0.04126969226926705,0.16112495151279335,0.15575,1.0,4,0,1.0,1.0,0,8969.0,16144.0,0,4,-0.003999999999999997,0.17830731897485308,-0.255,0.244,-0.003999999999999997,0.17830731897485308,0.17835217968951206,0.14300000000000002,1.0,4,0,1.0,1.0,0,27862.0,31210.25,0,4,49.9685,0.36555471546678175,49.583,50.55,-0.031500000000001194,0.36555471546678175,0.36690938935928014,0.3064999999999998,1.0,4,0,1.0,1.0,0,27482.0,28969.0,0
60,60,power_law,2.576,1.0,2673.0,-2.424,2.424,48.480000000000004,0,1,1.468,1.0,4837.0,-0.532,0.532,26.6,0,1,4.176,1.0,11730.0,-0.8239999999999998,0.8239999999999998,16.479999999999997,1,1,2.038,1.0,14927.0,0.03799999999999981,0.03799999999999981,1.8999999999999906,1,1,0.527,1.0,3116.0,-0.07299999999999995,0.07299999999999995,12.166666666666659,1,1,0.011,1.0,6475.0,0.0009999999999999992,0.0009999999999999992,9.999999999999991,1,1,0.286,1.0,1443.0,-0.014000000000000012,0.014000000000000012,4.666666666666671,1,1,16.658,1.0,2554.0,-1.3419999999999987,1.3419999999999987,7.455555555555549,1,1,4,0.08175,0.03122799225054342,0.028,0.103,0.08175,0.03122799225054342,0.08751142782517034,0.08175,1.0,4,0,1.0,1.0,0,1566.0,9775.5,0,4,0.11875000000000001,0.05745596139653396,0.039,0.192,0.11875000000000001,0.05745596139653396,0.1319194830189991,0.11875000000000001,1.0,4,0,1.0,1.0,0,3746.0,8854.5,0,4,0.09250000000000001,0.2054221263642259,-0.127,0.38,0.09250000000000001,0.2054221263642259,0.22528759397712073,0.1935,1.0,4,0,1.0,1.0,0,1743.0,14752.5,0,4,49.75925,0.32080708767107763,49.447,50.285,-0.24075000000000024,0.3208070876710776,0.4010956868379397,0.38324999999999854,1.0,4,0,1.0,1.0,0,6716.0,11801.25,0
61,61,power_law,5.375,1.0,18983.0,0.375,0.375,7.5,1,1,2.191,1.0,18565.0,0.19099999999999984,0.19099999999999984,9.549999999999992,1,1,4.213,1.0,19846.0,-0.7869999999999999,0.7869999999999999,15.739999999999998,1,1,1.93,1.0,19978.0,-0.07000000000000006,0.07000000000000006,3.500000000000003,1,1,0.501,1.0,18131.0,-0.09899999999999998,0.09899999999999998,16.499999999999996,1,1,0.011,1.0,45797.0,0.0009999999999999992,0.0009999999999999992,9.999999999999991,1,1,0.307,1.0,46843.0,0.007000000000000006,0.007000000000000006,2.3333333333333357,1,1,18.023,1.0,38844.0,0.022999999999999687,0.022999999999999687,0.12777777777777605,1,1,4,0.236,0.07164495795239187,0.129,0.315,0.236,0.07164495795239187,0.24663535837344977,0.236,1.0,4,0,1.0,1.0,0,7378.0,11863.75,0,4,0.13374999999999998,0.06748842493346544,0.067,0.246,0.13374999999999998,0.06748842493346544,0.14981238266578634,0.13374999999999998,1.0,4,0,1.0,1.0,0,6676.0,19014.75,0,4,-0.16175,0.22802343629548258,-0.531,0.058,-0.16175,0.22802343629548258,0.27956707603006475,0.19075000000000003,1.0,4,0,1.0,1.0,0,29750.0,35412.5,0,4,50.04825,0.11406659239234074,49.858,50.143,0.04824999999999946,0.11406659239234075,0.12385172586605467,0.11925000000000097,1.0,4,0,1.0,1.0,0,32230.0,35314.75,0
62,62,power_law,4.376,1.0,14383.0,-0.6239999999999997,0.6239999999999997,12.479999999999993,1,1,1.912,1.0,14362.0,-0.08800000000000008,0.08800000000000008,4.400000000000004,1,1,3.652,1.0,15747.0,-1.3479999999999999,1.3479999999999999,26.959999999999994,1,1,1.869,1.0,16051.0,-0.131,0.131,6.550000000000001,1,1,0.53,1.0,18534.0,-0.06999999999999995,0.06999999999999995,11.666666666666659,1,1,0.003,1.0,35401.0,-0.007,0.007,70.0,0,1,0.292,1.0,45132.0,-0.008000000000000007,0.008000000000000007,2.666666666666669,1,1,18.175,1.0,31011.0,0.1750000000000007,0.1750000000000007,0.9722222222222262,1,1,4,0.16549999999999998,0.03277575323314477,0.112,0.199,0.16549999999999998,0.03277575323314477,0.16871425547356692,0.16549999999999998,1.0,4,0,1.0,1.0,0,5649.0,10212.25,0,4,0.151,0.09877499683624394,0.091,0.322,0.151,0.09877499683624394,0.18043696960434688,0.151,1.0,4,0,1.0025,1.01,0,433.0,14166.25,0,4,-0.34950000000000003,0.30826490231617354,-0.649,0.153,-0.34950000000000003,0.30826490231617354,0.4660230680985653,0.42600000000000005,1.0,4,0,1.0,1.0,0,12731.0,26555.25,0,4,49.67124999999999,0.18843483621665943,49.466,49.91,-0.3287500000000012,0.18843483621665946,0.3789251245298998,0.3287500000000012,1.0,4,0,1.0,1.0,0,26045.0,32914.75,0
63,63,power_law,5.026,1.0,12199.0,0.0259999999999998,0.0259999999999998,0.519999999999996,1,1,2.063,1.0,14100.0,0.06300000000000017,0.06300000000000017,3.1500000000000083,1,1,4.007,1.01,1175.0,-0.9930000000000003,0.9930000000000003,19.860000000000007,1,1,1.93,1.0,5691.0,-0.07000000000000006,0.07000000000000006,3.500000000000003,1,1,0.478,1.01,634.0,-0.122,0.122,20.333333333333332,1,1,0.007,1.04,46319.0,-0.003,0.003,30.0,1,0,0.287,1.02,182.0,-0.013000000000000012,0.013000000000000012,4.3333333333333375,1,0,19.657,1.01,261.0,1.657,1.657,9.205555555555556,1,1,4,0.198,0.11431754021146537,0.029,0.342,0.198,0.11431754021146537,0.2286318000628959,0.198,1.0,4,0,1.0275,1.05,3,109.0,4175.75,2,4,0.3035,0.22202533639204333,0.031,0.634,0.3035,0.22202533639204333,0.37604188596484833,0.3035,1.0,4,0,1.0125,1.02,1,195.0,1004.0,1,4,0.206,0.26784137096423327,-0.095,0.613,0.206,0.26784137096423327,0.3378979135774591,0.2535,1.0,4,0,1.01,1.03,1,119.0,7058.25,1,4,49.96675,0.22888138303496908,49.66,50.287,-0.03325000000000067,0.22888138303496908,0.23128391643173174,0.19674999999999976,1.0,4,0,1.0075,1.01,0,669.0,14622.0,0
64,64,power_law,5.474,1.0,18331.0,0.4740000000000002,0.4740000000000002,9.480000000000004,1,1,2.36,1.0,17642.0,0.3599999999999999,0.3599999999999999,17.999999999999993,1,1,2.978,1.0,13121.0,-2.022,2.022,40.44,1,1,1.661,1.0,13981.0,-0.33899999999999997,0.33899999999999997,16.95,1,1,0.484,1.0,19069.0,-0.11599999999999999,0.11599999999999999,19.333333333333332,0,1,0.012,1.0,41328.0,0.002,0.002,20.0,1,1,0.293,1.0,46172.0,-0.007000000000000006,0.007000000000000006,2.3333333333333357,1,1,17.835,1.0,35980.0,-0.16499999999999915,0.16499999999999915,0.916666666666662,1,1,4,0.18425000000000002,0.15867163420094973,0.035,0.448,0.18425000000000002,0.15867163420094973,0.24315581424263744,0.18425000000000002,1.0,4,0,1.0,1.0,0,1390.0,15551.0,0,4,0.22125,0.1399024213514548,0.016,0.401,0.22125,0.1399024213514548,0.26177136971028747,0.22125,1.0,4,0,1.0025,1.01,0,632.0,11646.25,0,4,-0.064,0.2046619163400949,-0.243,0.259,-0.064,0.2046619163400949,0.21443530492901583,0.1935,1.0,4,0,1.0,1.0,0,30893.0,32533.75,0,4,50.2705,0.4354035484467279,49.535,50.654,0.2705000000000002,0.4354035484467279,0.5125880412182888,0.5030000000000019,0.75,3,0,1.0,1.0,0,25112.0,27485.0,0
65,65,power_law,7.998,1.0,19902.0,2.998,2.998,59.96,1,1,2.924,1.0,20324.0,0.9239999999999999,0.9239999999999999,46.199999999999996,1,1,3.73,1.0,17515.0,-1.27,1.27,25.4,1,1,1.627,1.0,17718.0,-0.373,0.373,18.65,1,1,0.566,1.0,18159.0,-0.03400000000000003,0.03400000000000003,5.666666666666672,1,1,0.014,1.0,44445.0,0.004,0.004,40.0,1,1,0.303,1.0,48473.0,0.0030000000000000027,0.0030000000000000027,1.0000000000000009,1,1,15.857,1.0,39556.0,-2.1430000000000007,2.1430000000000007,11.90555555555556,0,1,4,0.44025,0.16313242320274654,0.202,0.62,0.44025,0.16313242320274654,0.46950212992062135,0.44025,1.0,4,0,1.0,1.0,0,2784.0,7328.0,0,4,0.2555,0.24723723425083047,0.061,0.68,0.2555,0.24723723425083047,0.3555369179143004,0.2555,1.0,4,0,1.0,1.0,0,3369.0,20291.5,0,4,-0.39974999999999994,0.29334823589038334,-0.845,-0.13,-0.39974999999999994,0.29334823589038334,0.4958359103574488,0.39974999999999994,1.0,4,0,1.0,1.0,0,26163.0,28760.25,0,4,49.74825,0.14949477415615608,49.507,49.915,-0.25175000000000125,0.14949477415615608,0.2927913079310941,0.25175000000000125,1.0,4,0,1.0,1.0,0,32176.0,37765.5,0
66,66,power_law,6.177,1.0,21166.0,1.1769999999999996,1.1769999999999996,23.539999999999992,1,1,2.507,1.0,20975.0,0.5070000000000001,0.5070000000000001,25.350000000000005,1,1,4.934,1.0,17016.0,-0.06599999999999984,0.06599999999999984,1.3199999999999967,1,1,2.098,1.0,17736.0,0.09799999999999986,0.09799999999999986,4.899999999999993,1,1,0.508,1.0,19605.0,-0.09199999999999997,0.09199999999999997,15.333333333333329,1,1,0.017,1.0,44811.0,0.007000000000000001,0.007000000000000001,70.0,1,1,0.274,1.0,53563.0,-0.025999999999999968,0.025999999999999968,8.666666666666655,1,1,18.963,1.0,42204.0,0.963000000000001,0.963000000000001,5.350000000000006,1,1,4,0.17325,0.07409917340969464,0.1,0.282,0.17325,0.07409917340969464,0.18843102186211272,0.17325,1.0,4,0,1.0,1.0,0,7773.0,13883.5,0,4,0.2825,0.1736325142362455,0.098,0.523,0.2825,0.1736325142362455,0.3315938781099555,0.2825,1.0,4,0,1.0,1.0,0,3908.0,11096.25,0,4,-0.24924999999999997,0.13762517029962215,-0.42,-0.108,-0.24924999999999997,0.13762517029962215,0.28472135501222945,0.24924999999999997,1.0,4,0,1.0,1.0,0,30166.0,33864.0,0,4,50.172250000000005,0.31275899267647106,49.678,50.536,0.17225000000000001,0.31275899267647106,0.357054967757068,0.3332500000000014,1.0,4,0,1.0,1.0,0,13332.0,29693.75,0
67,67,power_law,4.788,1.01,934.0,-0.21199999999999974,0.21199999999999974,4.239999999999995,1,1,2.142,1.01,422.0,0.1419999999999999,0.1419999999999999,7.099999999999995,1,1,3.007,1.01,358.0,-1.9929999999999999,1.9929999999999999,39.85999999999999,1,1,1.594,1.02,320.0,-0.4059999999999999,0.4059999999999999,20.299999999999997,1,0,0.551,1.0,17218.0,-0.04899999999999993,0.04899999999999993,8.166666666666655,1,1,0.019,1.0,7917.0,0.009,0.009,89.99999999999999,1,1,0.299,1.01,1009.0,-0.0010000000000000009,0.0010000000000000009,0.33333333333333365,1,1,18.209,1.01,435.0,0.20899999999999963,0.20899999999999963,1.1611111111111092,1,1,4,0.30025,0.2839563126609444,0.04,0.774,0.30025,0.2839563126609444,0.4132568813704135,0.30025,1.0,4,0,1.005,1.02,1,399.0,6000.25,1,4,0.10200000000000001,0.055803225713214825,0.062,0.198,0.10200000000000001,0.055803225713214825,0.11626693425045662,0.10200000000000001,1.0,4,0,1.0125,1.03,1,728.0,9920.75,0,4,-0.16449999999999998,0.2672606405739536,-0.529,0.144,-0.16449999999999998,0.2672606405739536,0.31382877497132095,0.252,1.0,4,0,1.0075,1.02,1,562.0,10816.0,0,4,49.831250000000004,0.0619974797874864,49.768,49.916,-0.1687499999999993,0.0619974797874864,0.17977833573598223,0.1687499999999993,1.0,4,0,1.0125,1.03,2,9974.0,21502.5,0
68,68,power_law,3.41,1.33,331.0,-1.5899999999999999,1.5899999999999999,31.799999999999994,1,0,1.749,1.38,551.0,-0.2509999999999999,0.2509999999999999,12.549999999999994,1,0,4.849,1.31,480.0,-0.1509999999999998,0.1509999999999998,3.019999999999996,1,0,2.194,1.38,602.0,0.19399999999999995,0.19399999999999995,9.699999999999998,1,0,0.51,1.06,40.0,-0.08999999999999997,0.08999999999999997,14.999999999999996,1,0,0.012,1.39,269.0,0.002,0.002,20.0,1,0,0.292,1.28,1736.0,-0.008000000000000007,0.008000000000000007,2.666666666666669,1,0,20.108,1.22,12.0,2.1080000000000005,2.1080000000000005,11.711111111111114,1,0,4,0.06075,0.1550570459540617,-0.143,0.288,0.06075,0.1550570459540617,0.16653302975686232,0.13224999999999998,1.0,4,0,1.34,1.45,4,12.0,2190.75,2,4,0.16925,0.33945277653894657,-0.209,0.687,0.16925,0.33945277653894657,0.37930693376209196,0.29475,1.0,4,0,1.165,1.3,4,10.0,30.25,4,4,-0.1425,0.28428638729281425,-0.565,0.235,-0.1425,0.28428638729281425,0.3180015723231569,0.26,0.75,3,0,1.21,1.25,4,17.0,146.0,4,4,49.778999999999996,0.417251123425688,49.063,50.108,-0.22100000000000009,0.417251123425688,0.47216469584245574,0.2749999999999986,0.75,3,0,1.2625,1.31,4,12.0,175.75,4
69,69,power_law,4.217,1.0,14495.0,-0.7830000000000004,0.7830000000000004,15.660000000000007,1,1,1.887,1.0,17549.0,-0.11299999999999999,0.11299999999999999,5.6499999999999995,1,1,5.411,1.0,13997.0,0.4109999999999996,0.4109999999999996,8.219999999999992,1,1,2.306,1.0,14935.0,0.30600000000000005,0.30600000000000005,15.300000000000002,1,1,0.495,1.0,17997.0,-0.10499999999999998,0.10499999999999998,17.5,1,1,0.014,1.0,49103.0,0.004,0.004,40.0,1,1,0.314,1.0,5302.0,0.014000000000000012,0.014000000000000012,4.666666666666671,1,1,17.718,1.0,6166.0,-0.28200000000000003,0.28200000000000003,1.5666666666666669,1,1,4,0.13024999999999998,0.08915821611046286,0.069,0.284,0.13024999999999998,0.08915821611046286,0.1578424847751707,0.13024999999999998,1.0,4,0,1.0,1.0,0,9681.0,17261.75,0,4,0.2995,0.14011869967994994,0.145,0.527,0.2995,0.14011869967994994,0.33065616582788837,0.2995,1.0,4,0,1.0,1.0,0,2225.0,8950.25,0,4,0.057749999999999996,0.3283659353526185,-0.154,0.626,0.057749999999999996,0.3283659353526185,0.3334055338472953,0.25525,1.0,4,0,1.0,1.0,0,3940.0,21154.5,0,4,50.2785,0.35813579826652353,49.824,50.733,0.2784999999999993,0.35813579826652353,0.453677749068653,0.36650000000000027,1.0,4,0,1.0,1.0,0,3266.0,22567.5,0
70,70,power_law,7.373,1.0,16951.0,2.373,2.373,47.46,1,1,2.8,1.0,16798.0,0.7999999999999998,0.7999999999999998,39.99999999999999,1,1,6.055,1.0,16473.0,1.0549999999999997,1.0549999999999997,21.099999999999994,1,1,2.071,1.0,14855.0,0.07100000000000017,0.07100000000000017,3.5500000000000087,1,1,0.552,1.0,16129.0,-0.04799999999999993,0.04799999999999993,7.999999999999989,1,1,0.011,1.0,44790.0,0.0009999999999999992,0.0009999999999999992,9.999999999999991,1,1,0.305,1.0,49783.0,0.0050000000000000044,0.0050000000000000044,1.6666666666666683,1,1,16.991,1.0,34127.0,-1.0090000000000003,1.0090000000000003,5.605555555555557,1,1,4,0.6735,0.7236565138240656,0.11,1.912,0.6735,0.7236565138240656,0.988575237399764,0.6735,1.0,4,0,1.0175,1.07,1,54.0,8323.75,1,4,0.343,0.1104445562261898,0.213,0.507,0.343,0.1104445562261898,0.3603428922568059,0.343,1.0,4,0,1.0,1.0,0,8976.0,13745.75,0,4,-0.14575,0.3914973658915217,-0.78,0.279,-0.14575,0.3914973658915217,0.4177478306347024,0.29725,1.0,4,0,1.0,1.0,0,23010.0,30189.0,0,4,50.518750000000004,0.551764159310841,49.612,51.089,0.5187500000000007,0.551764159310841,0.7573277031774289,0.7127499999999998,1.0,4,0,1.0,1.0,0,14760.0,16404.25,0
71,71,power_law,3.482,1.0,16923.0,-1.5179999999999998,1.5179999999999998,30.36,1,1,1.732,1.0,17769.0,-0.268,0.268,13.4,1,1,4.01,1.0,15832.0,-0.9900000000000002,0.9900000000000002,19.800000000000004,1,1,1.946,1.0,16029.0,-0.05400000000000005,0.05400000000000005,2.7000000000000024,1,1,0.547,1.0,18086.0,-0.052999999999999936,0.052999999999999936,8.833333333333323,1,1,0.016,1.0,48389.0,0.006,0.006,60.0,1,1,0.295,1.0,39452.0,-0.0050000000000000044,0.0050000000000000044,1.6666666666666683,1,1,18.943,1.0,43324.0,0.9430000000000014,0.9430000000000014,5.238888888888896,1,1,4,0.14475,0.08319367463936185,0.042,0.251,0.14475,0.08319367463936185,0.16695433507399562,0.14475,1.0,4,0,1.0,1.0,0,6504.0,14086.0,0,4,0.156,0.07281140020628639,0.052,0.239,0.156,0.07281140020628639,0.1721554530068682,0.156,1.0,4,0,1.0,1.0,0,9566.0,15989.5,0,4,-0.119,0.1751784804135485,-0.307,0.13,-0.119,0.1751784804135485,0.21177464437462762,0.18400000000000002,1.0,4,0,1.0,1.0,0,28608.0,35241.75,0,4,49.96575,0.16672788459043128,49.806,50.232,-0.03425000000000189,0.16672788459043125,0.17020942982103046,0.15025000000000155,1.0,4,0,1.0,1.0,0,33915.0,35858.25,0
72,72,power_law,5.18,1.0,17864.0,0.17999999999999972,0.17999999999999972,3.5999999999999943,1,1,2.06,1.0,16907.0,0.06000000000000005,0.06000000000000005,3.0000000000000027,1,1,6.133,1.0,16209.0,1.133,1.133,22.66,1,1,2.302,1.0,15396.0,0.30200000000000005,0.30200000000000005,15.100000000000001,1,1,0.512,1.0,17460.0,-0.08799999999999997,0.08799999999999997,14.66666666666666,1,1,0.007,1.0,46551.0,-0.003,0.003,30.0,1,1,0.311,1.0,48114.0,0.01100000000000001,0.01100000000000001,3.66666666666667,1,1,17.828,1.0,41654.0,-0.1720000000000006,0.1720000000000006,0.9555555555555588,1,1,4,0.202,0.07166937979360502,0.133,0.302,0.202,0.07166937979360502,0.21433735092139214,0.202,1.0,4,0,1.0,1.0,0,12389.0,14273.5,0,4,0.5965,0.23335648694647423,0.249,0.846,0.5965,0.23335648694647423,0.6405212720901625,0.5965,1.0,4,0,1.0,1.0,0,2338.0,5925.25,0,4,-0.24549999999999997,0.24858046986841104,-0.559,0.12,-0.24549999999999997,0.24858046986841104,0.3493744409655635,0.3055,1.0,4,0,1.0,1.0,0,20281.0,26349.25,0,4,50.532000000000004,0.2947575274696127,50.064,50.846,0.532,0.2947575274696127,0.6081989805976327,0.532,1.0,4,0,1.0,1.0,0,15988.0,17714.25,0
73,73,power_law,3.075,1.0,14251.0,-1.9249999999999998,1.9249999999999998,38.49999999999999,1,1,1.633,1.0,14665.0,-0.367,0.367,18.35,1,1,4.919,1.0,17381.0,-0.0810000000000004,0.0810000000000004,1.6200000000000083,1,1,2.113,1.0,16775.0,0.11299999999999999,0.11299999999999999,5.6499999999999995,1,1,0.566,1.0,20192.0,-0.03400000000000003,0.03400000000000003,5.666666666666672,1,1,0.011,1.0,47486.0,0.0009999999999999992,0.0009999999999999992,9.999999999999991,1,1,0.321,1.0,49838.0,0.02100000000000002,0.02100000000000002,7.000000000000006,1,1,16.644,1.0,38110.0,-1.3560000000000016,1.3560000000000016,7.533333333333342,1,1,4,0.1475,0.08937141601205612,0.048,0.263,0.1475,0.08937141601205612,0.17246303951861686,0.1475,1.0,4,0,1.0,1.0,0,2371.0,13641.5,0,4,0.1865,0.06641724173736817,0.092,0.27,0.1865,0.06641724173736817,0.19797348307286006,0.1865,1.0,4,0,1.0,1.0,0,13296.0,16254.25,0,4,0.07374999999999998,0.17581862102746681,-0.139,0.344,0.07374999999999998,0.17581862102746681,0.19066003776355442,0.14325,1.0,4,0,1.0,1.0,0,23040.0,29064.75,0,4,49.97875,0.1074438807005785,49.867,50.147,-0.02125000000000199,0.1074438807005785,0.10952511127590892,0.09475000000000122,1.0,4,0,1.0,1.0,0,21459.0,29120.75,0
74,74,power_law,3.789,1.0,12905.0,-1.2109999999999999,1.2109999999999999,24.22,1,1,1.736,1.0,13176.0,-0.264,0.264,13.200000000000001,1,1,4.995,1.0,17733.0,-0.004999999999999893,0.004999999999999893,0.09999999999999788,1,1,2.162,1.0,14376.0,0.16199999999999992,0.16199999999999992,8.099999999999996,1,1,0.515,1.0,18994.0,-0.08499999999999996,0.08499999999999996,14.16666666666666,1,1,0.015,1.0,49989.0,0.004999999999999999,0.004999999999999999,49.999999999999986,1,1,0.297,1.0,48409.0,-0.0030000000000000027,0.0030000000000000027,1.0000000000000009,1,1,18.085,1.0,40641.0,0.08500000000000085,0.08500000000000085,0.472222222222227,1,1,4,0.11825000000000001,0.04467311831515682,0.068,0.189,0.11825000000000001,0.04467311831515682,0.12640708049788985,0.11825000000000001,1.0,4,0,1.0,1.0,0,3646.0,7167.0,0,4,0.23450000000000001,0.13411655378811374,0.081,0.438,0.23450000000000001,0.13411655378811374,0.27014348039514113,0.23450000000000001,1.0,4,0,1.0,1.0,0,1212.0,12689.0,0,4,-0.17075,0.18517069827594215,-0.399,0.017,-0.17075,0.18517069827594215,0.25188042798121496,0.18225000000000002,1.0,4,0,1.0,1.0,0,5540.0,23511.0,0,4,49.8605,0.6486958069850607,48.911,50.735,-0.13949999999999996,0.6486958069850607,0.6635258095959788,0.5069999999999997,0.75,3,0,1.0,1.0,0,14073.0,32256.5,0
75,75,power_law,4.842,1.0,18450.0,-0.15800000000000036,0.15800000000000036,3.1600000000000072,1,1,2.286,1.0,17978.0,0.28600000000000003,0.28600000000000003,14.3,1,1,4.565,1.0,12298.0,-0.4349999999999996,0.4349999999999996,8.699999999999992,1,1,1.806,1.0,15134.0,-0.19399999999999995,0.19399999999999995,9.699999999999998,1,1,0.549,1.0,19009.0,-0.050999999999999934,0.050999999999999934,8.49999999999999,1,1,0.013,1.0,8283.0,0.002999999999999999,0.002999999999999999,29.999999999999993,1,1,0.289,1.0,37783.0,-0.01100000000000001,0.01100000000000001,3.66666666666667,1,1,18.518,1.0,25926.0,0.5180000000000007,0.5180000000000007,2.8777777777777813,1,1,4,0.157,0.08100308636095292,0.085,0.29,0.157,0.08100308636095292,0.176664937098452,0.157,1.0,4,0,1.0,1.0,0,6000.0,14098.0,0,4,0.21375,0.03206536293261002,0.186,0.266,0.21375,0.03206536293261002,0.2161417359049381,0.21375,1.0,4,0,1.0,1.0,0,10024.0,14641.75,0,4,0.0775,0.3875593502936034,-0.416,0.46,0.0775,0.3875593502936034,0.3952322102258367,0.379,1.0,4,0,1.0,1.0,0,30899.0,33832.0,0,4,49.948750000000004,0.09377199741927034,49.889,50.111,-0.051249999999999574,0.09377199741927034,0.10686323034608115,0.10674999999999812,1.0,4,0,1.0,1.0,0,16482.0,20251.75,0
76,76,power_law,2.855,1.0,4402.0,-2.145,2.145,42.9,0,1,1.572,1.0,9120.0,-0.42799999999999994,0.42799999999999994,21.4,1,1,4.998,1.0,18903.0,-0.0019999999999997797,0.0019999999999997797,0.039999999999995595,1,1,2.228,1.0,16412.0,0.2280000000000002,0.2280000000000002,11.40000000000001,1,1,0.53,1.0,6318.0,-0.06999999999999995,0.06999999999999995,11.666666666666659,1,1,0.003,1.0,26571.0,-0.007,0.007,70.0,0,1,0.314,1.0,23381.0,0.014000000000000012,0.014000000000000012,4.666666666666671,1,1,17.396,1.0,36832.0,-0.6039999999999992,0.6039999999999992,3.355555555555551,1,1,4,0.091,0.08091044431963033,0.04,0.231,0.091,0.08091044431963033,0.12176822245561442,0.091,1.0,4,0,1.0,1.0,0,3160.0,15227.75,0,4,0.22225,0.16650581821666172,0.084,0.506,0.22225,0.16650581821666172,0.2777035289656939,0.22225,1.0,4,0,1.0,1.0,0,2914.0,14208.5,0,4,0.04700000000000001,0.17103508412018864,-0.092,0.338,0.04700000000000001,0.17103508412018864,0.17737530831544734,0.12200000000000001,1.0,4,0,1.0,1.0,0,5159.0,23587.5,0,4,49.97875,0.4105620385520318,49.715,50.689,-0.021250000000000213,0.4105620385520318,0.4111116028525588,0.36575000000000024,0.75,3,0,1.0,1.0,0,12489.0,15883.25,0
77,77,power_law,4.469,1.0,18583.0,-0.5309999999999997,0.5309999999999997,10.619999999999994,1,1,1.936,1.0,18173.0,-0.06400000000000006,0.06400000000000006,3.200000000000003,1,1,5.135,1.0,18214.0,0.1349999999999998,0.1349999999999998,2.6999999999999957,1,1,2.172,1.0,17847.0,0.17200000000000015,0.17200000000000015,8.600000000000009,1,1,0.521,1.0,20722.0,-0.07899999999999996,0.07899999999999996,13.16666666666666,1,1,0.016,1.0,50455.0,0.006,0.006,60.0,1,1,0.313,1.0,50443.0,0.013000000000000012,0.013000000000000012,4.3333333333333375,1,1,17.291,1.0,41960.0,-0.7089999999999996,0.7089999999999996,3.938888888888887,1,1,4,0.163,0.0564225132371822,0.081,0.226,0.163,0.0564225132371822,0.17248913009230465,0.163,1.0,4,0,1.0,1.0,0,13427.0,18285.5,0,4,0.22775,0.07084622431717867,0.114,0.309,0.22775,0.07084622431717867,0.23851467460095616,0.22775,1.0,4,0,1.0,1.0,0,9322.0,12921.25,0,4,-0.1505,0.22648896220345927,-0.403,0.168,-0.1505,0.22648896220345927,0.2719328961343221,0.23450000000000001,1.0,4,0,1.0,1.0,0,31165.0,38744.5,0,4,50.063,0.2697795396244885,49.8,50.514,0.06300000000000061,0.2697795396244884,0.2770379035439032,0.19400000000000084,1.0,4,0,1.0,1.0,0,27806.0,31653.25,0
78,78,power_law,6.323,1.0,20531.0,1.3230000000000004,1.3230000000000004,26.460000000000004,1,1,2.729,1.0,20489.0,0.7290000000000001,0.7290000000000001,36.45,1,1,5.469,1.0,18074.0,0.4690000000000003,0.4690000000000003,9.380000000000006,1,1,2.111,1.0,18514.0,0.11100000000000021,0.11100000000000021,5.5500000000000105,1,1,0.528,1.0,20210.0,-0.07199999999999995,0.07199999999999995,11.999999999999993,1,1,0.012,1.0,51204.0,0.002,0.002,20.0,1,1,0.307,1.0,53312.0,0.007000000000000006,0.007000000000000006,2.3333333333333357,1,1,17.975,1.0,48178.0,-0.02499999999999858,0.02499999999999858,0.138888888888881,1,1,4,0.1965,0.09037283883999661,0.053,0.294,0.1965,0.09037283883999661,0.21628569069635653,0.1965,1.0,4,0,1.0,1.0,0,7000.0,14103.25,0,4,0.2015,0.06350393688583408,0.112,0.286,0.2015,0.06350393688583408,0.2112699694703438,0.2015,1.0,4,0,1.0,1.0,0,9165.0,14379.25,0,4,0.10099999999999999,0.29079718017890066,-0.29,0.41,0.10099999999999999,0.29079718017890066,0.3078376195334157,0.27899999999999997,1.0,4,0,1.0,1.0,0,36938.0,42018.5,0,4,50.14625,0.277904997256257,49.68,50.414,0.1462500000000002,0.27790499725625706,0.31403861227562496,0.30625000000000036,1.0,4,0,1.0,1.0,0,33884.0,37501.75,0
79,79,power_law,3.418,1.0,2074.0,-1.5819999999999999,1.5819999999999999,31.639999999999997,1,1,1.86,1.0,6393.0,-0.1399999999999999,0.1399999999999999,6.999999999999995,1,1,5.033,1.01,506.0,0.03300000000000036,0.03300000000000036,0.6600000000000072,1,1,2.041,1.0,1985.0,0.040999999999999925,0.040999999999999925,2.0499999999999963,1,1,0.539,1.02,17589.0,-0.06099999999999994,0.06099999999999994,10.166666666666657,1,0,0.01,1.01,31590.0,0.0,0.0,0.0,1,1,0.331,1.0,859.0,0.031000000000000028,0.031000000000000028,10.333333333333343,1,1,17.544,1.0,2861.0,-0.4559999999999995,0.4559999999999995,2.5333333333333306,1,1,4,0.1965,0.13899370489342314,0.025,0.364,0.1965,0.13899370489342314,0.24068963417646386,0.1965,1.0,4,0,1.0074999999999998,1.01,0,372.0,5301.75,1,4,0.16049999999999998,0.08086562928710812,0.091,0.292,0.16049999999999998,0.08086562928710812,0.17972061651352078,0.16049999999999998,1.0,4,0,1.0125000000000002,1.03,2,96.0,3596.25,1,4,0.17350000000000002,0.29990540175195246,-0.306,0.459,0.17350000000000002,0.29990540175195246,0.34647582888276635,0.3265,1.0,4,0,1.0125,1.03,1,641.0,12285.5,0,4,50.261,0.27892023949509276,49.979,50.708,0.26099999999999923,0.27892023949509276,0.38199149205185123,0.27149999999999963,1.0,4,0,1.0150000000000001,1.02,2,144.0,4078.75,2
80,80,power_law,5.202,1.04,67.0,0.20199999999999996,0.20199999999999996,4.039999999999999,1,0,2.299,1.03,109.0,0.29899999999999993,0.29899999999999993,14.949999999999996,1,0,5.229,1.06,43.0,0.2290000000000001,0.2290000000000001,4.580000000000002,1,0,2.118,1.06,41.0,0.11799999999999988,0.11799999999999988,5.899999999999994,1,0,0.54,1.09,18741.0,-0.05999999999999994,0.05999999999999994,9.999999999999991,1,0,0.011,1.04,32160.0,0.0009999999999999992,0.0009999999999999992,9.999999999999991,1,0,0.336,1.08,51141.0,0.03600000000000003,0.03600000000000003,12.00000000000001,0,0,19.817,1.03,9232.0,1.8170000000000002,1.8170000000000002,10.094444444444445,1,0,4,0.113,0.07345747068882784,0.031,0.231,0.113,0.07345747068882784,0.1347775945771403,0.113,1.0,4,0,1.05,1.07,4,35.0,3815.5,3,4,0.24275,0.11397669717973057,0.06,0.374,0.24275,0.11397669717973057,0.26817578190433233,0.24275,1.0,4,0,1.0425,1.06,4,46.0,4301.75,3,4,-0.11024999999999999,0.026574188604734483,-0.146,-0.071,-0.11024999999999999,0.026574188604734483,0.11340745125431574,0.11024999999999999,1.0,4,0,1.0525000000000002,1.11,3,25.0,11160.5,2,4,50.165,0.6903126103440392,49.357,51.234,0.16499999999999915,0.6903126103440392,0.7097580573688481,0.5670000000000002,1.0,4,0,1.0274999999999999,1.07,2,34.0,334.0,2
81,81,power_law,3.485,1.0,14020.0,-1.5150000000000001,1.5150000000000001,30.300000000000004,1,1,1.881,1.0,14976.0,-0.119,0.119,5.949999999999999,1,1,4.342,1.0,15164.0,-0.6580000000000004,0.6580000000000004,13.160000000000007,1,1,1.825,1.0,15084.0,-0.17500000000000004,0.17500000000000004,8.750000000000002,1,1,0.552,1.0,17721.0,-0.04799999999999993,0.04799999999999993,7.999999999999989,1,1,0.016,1.0,49563.0,0.006,0.006,60.0,1,1,0.29,1.0,55986.0,-0.010000000000000009,0.010000000000000009,3.3333333333333366,1,1,17.333,1.0,37062.0,-0.6670000000000016,0.6670000000000016,3.7055555555555646,1,1,4,0.20775,0.14631195269013397,0.022,0.426,0.20775,0.14631195269013397,0.2541008657993908,0.20775,1.0,4,0,1.0,1.0,0,522.0,12762.75,0,4,0.255,0.11607109890063073,0.092,0.403,0.255,0.11607109890063073,0.2801740530456024,0.255,1.0,4,0,1.0,1.0,0,4146.0,13975.5,0,4,0.07425,0.25195374079382116,-0.207,0.431,0.07425,0.25195374079382116,0.2626666137901808,0.23425,0.75,3,0,1.0,1.0,0,31035.0,37898.25,0,4,49.7795,0.16908355922442497,49.499,49.948,-0.22049999999999947,0.16908355922442497,0.2778659748871736,0.22049999999999947,1.0,4,0,1.0,1.0,0,22500.0,28544.25,0
82,82,power_law,5.866,1.0,18340.0,0.8659999999999997,0.8659999999999997,17.319999999999993,1,1,2.097,1.0,17256.0,0.09699999999999998,0.09699999999999998,4.849999999999999,1,1,4.407,1.0,17646.0,-0.593,0.593,11.86,1,1,2.043,1.0,17454.0,0.04300000000000015,0.04300000000000015,2.1500000000000075,1,1,0.508,1.0,21295.0,-0.09199999999999997,0.09199999999999997,15.333333333333329,1,1,0.01,1.0,49343.0,0.0,0.0,0.0,1,1,0.318,1.0,52478.0,0.018000000000000016,0.018000000000000016,6.000000000000005,1,1,17.666,1.0,43338.0,-0.33399999999999963,0.33399999999999963,1.8555555555555534,1,1,4,0.2615,0.1129391429044864,0.107,0.416,0.2615,0.1129391429044864,0.2848464498637818,0.2615,1.0,4,0,1.0,1.0,0,6461.0,13560.25,0,4,0.1825,0.0979808654789291,0.066,0.335,0.1825,0.0979808654789291,0.20713884232562468,0.1825,1.0,4,0,1.0,1.0,0,6464.0,13905.75,0,4,-0.3375,0.5321524687530821,-0.849,0.538,-0.3375,0.5321524687530821,0.6301527592576264,0.6065,1.0,4,0,1.0,1.0,0,21814.0,30808.25,0,4,50.033500000000004,0.17751408394828727,49.829,50.318,0.033500000000000085,0.1775140839482873,0.18064744670213193,0.12549999999999883,1.0,4,0,1.0,1.0,0,26728.0,34851.5,0
83,83,power_law,3.145,1.0,15276.0,-1.855,1.855,37.1,1,1,1.744,1.0,15146.0,-0.256,0.256,12.8,1,1,4.228,1.0,18688.0,-0.7720000000000002,0.7720000000000002,15.440000000000003,1,1,1.998,1.0,18243.0,-0.0020000000000000018,0.0020000000000000018,0.10000000000000009,1,1,0.517,1.0,20557.0,-0.08299999999999996,0.08299999999999996,13.833333333333329,1,1,0.011,1.0,44031.0,0.0009999999999999992,0.0009999999999999992,9.999999999999991,1,1,0.302,1.0,51616.0,0.0020000000000000018,0.0020000000000000018,0.6666666666666673,1,1,19.608,1.0,43397.0,1.6080000000000005,1.6080000000000005,8.933333333333335,1,1,4,0.08925000000000001,0.04809560790758341,0.039,0.163,0.08925000000000001,0.04809560790758341,0.1013841703620442,0.08925000000000001,1.0,4,0,1.0,1.0,0,11011.0,20388.5,0,4,0.07325000000000001,0.01127774356863996,0.063,0.091,0.07325000000000001,0.01127774356863996,0.07411308926228889,0.07325000000000001,1.0,4,0,1.0,1.0,0,21549.0,23588.25,0,4,0.165,0.10214940038982119,0.0,0.263,0.165,0.10214940038982119,0.1940605575587167,0.165,1.0,4,0,1.0,1.0,0,31784.0,36775.0,0,4,49.78425,0.06416141753421654,49.713,49.875,-0.2157499999999999,0.06416141753421654,0.22508831600063123,0.2157499999999999,1.0,4,0,1.0,1.0,0,31375.0,38345.25,0
84,84,power_law,4.697,1.0,19889.0,-0.30299999999999994,0.30299999999999994,6.059999999999999,1,1,2.157,1.0,19091.0,0.15700000000000003,0.15700000000000003,7.850000000000001,1,1,3.257,1.0,15693.0,-1.7429999999999999,1.7429999999999999,34.86,1,1,1.626,1.0,15501.0,-0.3740000000000001,0.3740000000000001,18.700000000000006,1,1,0.507,1.0,21070.0,-0.09299999999999997,0.09299999999999997,15.499999999999996,1,1,0.011,1.0,51382.0,0.0009999999999999992,0.0009999999999999992,9.999999999999991,1,1,0.288,1.0,50674.0,-0.01200000000000001,0.01200000000000001,4.0000000000000036,1,1,17.092,1.0,40892.0,-0.9080000000000013,0.9080000000000013,5.044444444444451,1,1,4,0.1475,0.06266777481289726,0.06,0.237,0.1475,0.06266777481289726,0.16026072507011815,0.1475,1.0,4,0,1.0,1.0,0,7302.0,19096.75,0,4,0.19549999999999998,0.17744506192058432,0.078,0.502,0.19549999999999998,0.17744506192058432,0.26402083251137587,0.19549999999999998,1.0,4,0,1.0,1.0,0,2752.0,15552.25,0,4,0.16224999999999998,0.3405850664665143,-0.24,0.702,0.16224999999999998,0.3405850664665143,0.37725753802939443,0.28225,1.0,4,0,1.0,1.0,0,42496.0,43789.25,0,4,49.86325,0.1563911362577817,49.601,49.993,-0.13675000000000104,0.1563911362577817,0.2077468411312199,0.13675000000000104,1.0,4,0,1.0,1.0,0,17875.0,31054.5,0
85,85,power_law,5.854,1.0,20019.0,0.8540000000000001,0.8540000000000001,17.080000000000002,1,1,2.194,1.0,19954.0,0.19399999999999995,0.19399999999999995,9.699999999999998,1,1,5.347,1.0,18500.0,0.3470000000000004,0.3470000000000004,6.940000000000008,1,1,2.242,1.0,18798.0,0.242,0.242,12.1,1,1,0.521,1.0,22753.0,-0.07899999999999996,0.07899999999999996,13.16666666666666,1,1,0.019,1.0,51809.0,0.009,0.009,89.99999999999999,1,1,0.302,1.0,55762.0,0.0020000000000000018,0.0020000000000000018,0.6666666666666673,1,1,16.182,1.0,45262.0,-1.8180000000000014,1.8180000000000014,10.100000000000007,1,1,4,0.2315,0.11441700048506778,0.105,0.396,0.2315,0.11441700048506778,0.25823148529952733,0.2315,1.0,4,0,1.0,1.0,0,8068.0,14958.25,0,4,0.24475000000000002,0.06968635088738684,0.133,0.325,0.24475000000000002,0.06968635088738684,0.25447740567681054,0.24475000000000002,1.0,4,0,1.0,1.0,0,6872.0,11627.75,0,4,-0.058750000000000004,0.23778601199397748,-0.315,0.21,-0.058750000000000004,0.23778601199397748,0.24493621618699019,0.23625000000000002,1.0,4,0,1.0,1.0,0,32807.0,35509.75,0,4,49.9675,0.19688257921918917,49.717,50.167,-0.03250000000000064,0.19688257921918917,0.19954698694793752,0.19250000000000078,1.0,4,0,1.0,1.0,0,27958.0,34366.25,0
86,86,power_law,4.465,1.0,18688.0,-0.5350000000000001,0.5350000000000001,10.700000000000003,1,1,1.918,1.0,18401.0,-0.08200000000000007,0.08200000000000007,4.100000000000003,1,1,4.201,1.0,17151.0,-0.7990000000000004,0.7990000000000004,15.980000000000008,1,1,2.156,1.0,18687.0,0.15600000000000014,0.15600000000000014,7.800000000000007,1,1,0.477,1.0,21786.0,-0.123,0.123,20.5,0,1,0.005,1.0,36810.0,-0.005,0.005,50.0,1,1,0.312,1.0,49305.0,0.01200000000000001,0.01200000000000001,4.0000000000000036,1,1,18.795,1.0,36489.0,0.7950000000000017,0.7950000000000017,4.416666666666677,1,1,4,0.17225,0.07929809266306471,0.068,0.286,0.17225,0.07929809266306471,0.18962660678290902,0.17225,1.0,4,0,1.0,1.0,0,9058.0,16838.5,0,4,0.2115,0.16492195123754755,0.051,0.465,0.2115,0.16492195123754755,0.2682004847124628,0.2115,1.0,4,0,1.0,1.0,0,1085.0,13141.25,0,4,-0.4205,0.07033669028323697,-0.529,-0.348,-0.4205,0.07033669028323697,0.42634199886945223,0.4205,1.0,4,0,1.0,1.0,0,20304.0,28119.0,0,4,49.763999999999996,0.2866853676070687,49.536,50.241,-0.23600000000000065,0.2866853676070687,0.37132802210444665,0.3565000000000005,1.0,4,0,1.0,1.0,0,13600.0,33833.25,0
87,87,power_law,4.648,1.0,2371.0,-0.3520000000000003,0.3520000000000003,7.040000000000006,1,1,1.893,1.0,2393.0,-0.10699999999999998,0.10699999999999998,5.35,1,1,4.603,1.0,13088.0,-0.39700000000000024,0.39700000000000024,7.940000000000006,1,1,2.154,1.0,11587.0,0.15399999999999991,0.15399999999999991,7.699999999999996,1,1,0.489,1.0,11605.0,-0.11099999999999999,0.11099999999999999,18.5,1,1,0.024,1.0,32135.0,0.014,0.014,140.0,0,1,0.289,1.0,1506.0,-0.01100000000000001,0.01100000000000001,3.66666666666667,1,1,17.357,1.0,21823.0,-0.6430000000000007,0.6430000000000007,3.572222222222226,1,1,4,0.14,0.042485291572496,0.071,0.187,0.14,0.042485291572496,0.14630447703334304,0.14,1.0,4,0,1.0,1.0,0,12087.0,15101.0,0,4,0.14825,0.07517438060935389,0.082,0.276,0.14825,0.07517438060935389,0.1662204861020446,0.14825,1.0,4,0,1.0,1.0,0,4443.0,12971.0,0,4,-0.1525,0.1767448726271854,-0.447,-0.011,-0.1525,0.1767448726271854,0.2334416415295266,0.1525,1.0,4,0,1.0,1.0,0,2545.0,12908.0,0,4,50.15275,0.41524473205568796,49.625,50.771,0.15275000000000105,0.41524473205568796,0.4424485845835654,0.34224999999999994,1.0,4,0,1.0,1.0,0,1286.0,10172.25,0
88,88,power_law,3.187,1.0,12476.0,-1.8130000000000002,1.8130000000000002,36.260000000000005,1,1,1.637,1.0,14955.0,-0.363,0.363,18.15,1,1,5.649,1.0,16987.0,0.649,0.649,12.98,1,1,2.341,1.0,17136.0,0.3410000000000002,0.3410000000000002,17.05000000000001,1,1,0.525,1.0,17167.0,-0.07499999999999996,0.07499999999999996,12.499999999999993,1,1,0.01,1.0,41017.0,0.0,0.0,0.0,1,1,0.327,1.0,44879.0,0.027000000000000024,0.027000000000000024,9.000000000000007,1,1,17.332,1.0,28240.0,-0.6679999999999993,0.6679999999999993,3.711111111111107,1,1,4,0.07725,0.03580764583158184,0.035,0.127,0.07725,0.03580764583158184,0.0851454637664274,0.07725,1.0,4,0,1.0,1.0,0,11199.0,22230.25,0,4,0.1905,0.0465966737010272,0.121,0.247,0.1905,0.0465966737010272,0.19611603708009193,0.1905,1.0,4,0,1.0,1.0,0,7810.0,12573.25,0,4,-0.251,0.21378143043772538,-0.515,0.033,-0.251,0.21378143043772538,0.32970213830061823,0.2675,0.75,3,0,1.0,1.0,0,34880.0,38051.75,0,4,50.309749999999994,0.35590474498101266,49.912,50.796,0.3097499999999993,0.35590474498101266,0.4718190860912678,0.3537499999999998,1.0,4,0,1.0,1.0,0,19114.0,24039.25,0
89,89,power_law,3.493,1.0,17736.0,-1.5070000000000001,1.5070000000000001,30.14,1,1,1.82,1.0,14025.0,-0.17999999999999994,0.17999999999999994,8.999999999999996,1,1,4.144,1.0,15887.0,-0.8559999999999999,0.8559999999999999,17.119999999999997,1,1,1.947,1.0,15454.0,-0.052999999999999936,0.052999999999999936,2.649999999999997,1,1,0.52,1.01,890.0,-0.07999999999999996,0.07999999999999996,13.333333333333327,1,1,0.019,1.0,38838.0,0.009,0.009,89.99999999999999,1,1,0.297,1.0,36891.0,-0.0030000000000000027,0.0030000000000000027,1.0000000000000009,1,1,17.856,1.0,2803.0,-0.14399999999999835,0.14399999999999835,0.7999999999999908,1,1,4,0.07550000000000001,0.059856077385675714,0.034,0.178,0.07550000000000001,0.059856077385675714,0.09634832639957996,0.07550000000000001,1.0,4,0,1.0,1.0,0,1079.0,6252.0,0,4,0.20650000000000002,0.15939494973179041,0.029,0.429,0.20650000000000002,0.15939494973179041,0.26086203249994044,0.20650000000000002,1.0,4,0,1.005,1.01,0,4561.0,17479.0,0,4,-0.28925,0.19407263459849253,-0.593,-0.083,-0.28925,0.19407263459849253,0.34832420243215945,0.28925,1.0,4,0,1.0025,1.01,0,6717.0,18497.25,0,4,50.309000000000005,0.23033453931184658,49.949,50.591,0.30900000000000105,0.23033453931184658,0.3854023871228631,0.334500000000002,0.75,3,0,1.0,1.0,0,1145.0,8900.25,0
90,90,power_law,4.228,1.0,14420.0,-0.7720000000000002,0.7720000000000002,15.440000000000003,1,1,1.81,1.0,14323.0,-0.18999999999999995,0.18999999999999995,9.499999999999996,1,1,3.089,1.0,13839.0,-1.911,1.911,38.22,1,1,1.728,1.0,13488.0,-0.272,0.272,13.600000000000001,1,1,0.483,1.0,17624.0,-0.11699999999999999,0.11699999999999999,19.5,1,1,0.005,1.0,24177.0,-0.005,0.005,50.0,1,1,0.307,1.0,48116.0,0.007000000000000006,0.007000000000000006,2.3333333333333357,1,1,17.566,1.0,39099.0,-0.43400000000000105,0.43400000000000105,2.411111111111117,1,1,4,0.17525000000000002,0.04255804859248131,0.141,0.247,0.17525000000000002,0.04255804859248131,0.1803434223918355,0.17525000000000002,1.0,4,0,1.0,1.0,0,7543.0,11769.0,0,4,0.113,0.0851087539563352,0.029,0.255,0.113,0.0851087539563352,0.14146554350795107,0.113,1.0,4,0,1.0,1.0,0,2434.0,13341.5,0,4,-0.27225,0.31375338643590767,-0.64,0.105,-0.27225,0.31375338643590767,0.41540492293664505,0.32475,1.0,4,0,1.0,1.0,0,21206.0,25007.25,0,4,49.993,0.1642452434623288,49.718,50.137,-0.006999999999997897,0.1642452434623288,0.16439434296836258,0.13400000000000034,1.0,4,0,1.0,1.0,0,19608.0,30452.25,0
91,91,power_law,3.746,1.0,12735.0,-1.254,1.254,25.080000000000002,1,1,1.82,1.0,5895.0,-0.17999999999999994,0.17999999999999994,8.999999999999996,1,1,5.089,1.0,2762.0,0.08900000000000041,0.08900000000000041,1.7800000000000082,1,1,2.166,1.0,14059.0,0.16599999999999993,0.16599999999999993,8.299999999999997,1,1,0.52,1.0,2841.0,-0.07999999999999996,0.07999999999999996,13.333333333333327,1,1,0.005,1.0,2103.0,-0.005,0.005,50.0,1,1,0.3,1.0,3067.0,0.0,0.0,0.0,1,1,18.518,1.0,1924.0,0.5180000000000007,0.5180000000000007,2.8777777777777813,1,1,4,0.13875,0.056419743884565804,0.084,0.225,0.13875,0.056419743884565804,0.14978234208343785,0.13875,1.0,4,0,1.0,1.0,0,1214.0,1993.5,0,4,0.18124999999999997,0.10922768650850388,0.073,0.36,0.18124999999999997,0.10922768650850388,0.2116181702973542,0.18124999999999997,1.0,4,0,1.0,1.0,0,4676.0,13726.5,0,4,-0.14024999999999999,0.09458428780722514,-0.292,-0.036,-0.14024999999999999,0.09458428780722514,0.1691633825625392,0.14024999999999999,1.0,4,0,1.0,1.0,0,2545.0,9515.75,0,4,50.247,0.13767534274516835,50.127,50.47,0.24700000000000166,0.13767534274516835,0.282778181619446,0.24700000000000166,1.0,4,0,1.0,1.0,0,887.0,10954.0,0
92,92,power_law,4.735,1.0,19335.0,-0.2649999999999997,0.2649999999999997,5.299999999999994,1,1,1.908,1.0,18632.0,-0.09200000000000008,0.09200000000000008,4.600000000000004,1,1,3.128,1.0,16111.0,-1.8719999999999999,1.8719999999999999,37.44,1,1,1.716,1.0,15534.0,-0.28400000000000003,0.28400000000000003,14.200000000000001,1,1,0.483,1.0,21209.0,-0.11699999999999999,0.11699999999999999,19.5,1,1,0.005,1.0,42356.0,-0.005,0.005,50.0,1,1,0.31,1.0,45607.0,0.010000000000000009,0.010000000000000009,3.3333333333333366,1,1,15.904,1.0,41983.0,-2.096,2.096,11.644444444444444,0,1,4,0.31,0.2168605542739389,0.123,0.67,0.31,0.2168605542739389,0.37832327446246283,0.31,1.0,4,0,1.0,1.0,0,1649.0,12180.0,0,4,0.11549999999999999,0.05381681893237467,0.052,0.201,0.11549999999999999,0.05381681893237467,0.12742252548117228,0.11549999999999999,1.0,4,0,1.0,1.0,0,7081.0,18847.25,0,4,-0.0605,0.07915333221033717,-0.146,0.067,-0.0605,0.07915333221033717,0.09962680362231843,0.094,1.0,4,0,1.0,1.0,0,29252.0,33377.25,0,4,49.9665,0.1421275835297278,49.845,50.205,-0.033500000000000085,0.1421275835297278,0.14602225857724485,0.13599999999999923,1.0,4,0,1.0,1.0,0,34191.0,38238.0,0
93,93,power_law,6.546,1.0,18126.0,1.5460000000000003,1.5460000000000003,30.92,1,1,2.401,1.0,17703.0,0.4009999999999998,0.4009999999999998,20.04999999999999,1,1,5.55,1.0,15581.0,0.5499999999999998,0.5499999999999998,10.999999999999996,1,1,2.198,1.0,15896.0,0.19799999999999995,0.19799999999999995,9.899999999999999,1,1,0.511,1.0,15860.0,-0.08899999999999997,0.08899999999999997,14.833333333333329,1,1,0.011,1.0,41972.0,0.0009999999999999992,0.0009999999999999992,9.999999999999991,1,1,0.282,1.0,40272.0,-0.018000000000000016,0.018000000000000016,6.000000000000005,1,1,17.684,1.0,44874.0,-0.31599999999999895,0.31599999999999895,1.7555555555555498,1,1,4,0.29525,0.1262762348979411,0.122,0.472,0.29525,0.1262762348979411,0.32112030455889895,0.29525,1.0,4,0,1.0,1.0,0,6072.0,9971.25,0,4,0.45649999999999996,0.30307136123362105,0.143,0.824,0.45649999999999996,0.30307136123362105,0.5479457089894947,0.45649999999999996,1.0,4,0,1.0025,1.01,0,770.0,8056.5,0,4,-0.38025,0.3164848930043897,-0.735,-0.065,-0.38025,0.3164848930043897,0.49472492356864334,0.38025,0.75,3,0,1.0,1.0,0,21435.0,26079.75,0,4,49.959,0.18104281261624258,49.755,50.195,-0.04099999999999859,0.18104281261624255,0.18562731480038117,0.1745000000000001,1.0,4,0,1.0,1.0,0,25701.0,27993.75,0
94,94,power_law,3.55,1.0,7530.0,-1.4500000000000002,1.4500000000000002,29.000000000000004,1,1,1.834,1.0,7671.0,-0.16599999999999993,0.16599999999999993,8.299999999999997,1,1,4.49,1.0,17019.0,-0.5099999999999998,0.5099999999999998,10.199999999999996,1,1,1.991,1.0,16876.0,-0.008999999999999897,0.008999999999999897,0.44999999999999485,1,1,0.531,1.0,18649.0,-0.06899999999999995,0.06899999999999995,11.499999999999993,1,1,0.005,1.0,42027.0,-0.005,0.005,50.0,1,1,0.283,1.0,24730.0,-0.017000000000000015,0.017000000000000015,5.666666666666672,1,1,17.82,1.0,43042.0,-0.17999999999999972,0.17999999999999972,0.9999999999999984,1,1,4,0.11175,0.06013058705850127,0.038,0.195,0.11175,0.06013058705850127,0.12690055161424635,0.11175,1.0,4,0,1.0,1.0,0,9686.0,16912.75,0,4,0.27675,0.27537917041780774,0.04,0.746,0.27675,0.27537917041780774,0.39041548381179764,0.27675,1.0,4,0,1.0025,1.01,0,608.0,14311.25,0,4,-0.015250000000000007,0.12045616422582947,-0.168,0.15,-0.015250000000000007,0.12045616422582947,0.12141766757766352,0.10975000000000001,1.0,4,0,1.0,1.0,0,16265.0,33381.0,0,4,50.104749999999996,0.4609324109888565,49.577,50.842,0.10474999999999923,0.4609324109888565,0.47268514890992713,0.34325000000000117,1.0,4,0,1.0,1.0,0,26757.0,36551.0,0
95,95,power_law,3.057,1.0,16155.0,-1.943,1.943,38.86,1,1,1.649,1.0,16620.0,-0.351,0.351,17.549999999999997,1,1,5.029,1.0,17900.0,0.028999999999999915,0.028999999999999915,0.5799999999999983,1,1,2.119,1.0,17357.0,0.11900000000000022,0.11900000000000022,5.950000000000011,1,1,0.508,1.0,19536.0,-0.09199999999999997,0.09199999999999997,15.333333333333329,1,1,0.012,1.0,48039.0,0.002,0.002,20.0,1,1,0.289,1.0,54874.0,-0.01100000000000001,0.01100000000000001,3.66666666666667,1,1,16.679,1.0,43385.0,-1.3210000000000015,1.3210000000000015,7.3388888888888975,1,1,4,0.13825,0.08538259483056251,0.042,0.276,0.13825,0.08538259483056251,0.16249076896857864,0.13825,1.0,4,0,1.0,1.0,0,8150.0,17497.75,0,4,0.3235,0.29623850188657114,0.075,0.829,0.3235,0.29623850188657114,0.4386450729234286,0.3235,1.0,4,0,1.0,1.0,0,2396.0,14240.5,0,4,0.03975000000000001,0.2646047760339938,-0.302,0.381,0.03975000000000001,0.2646047760339938,0.2675738215894821,0.24725,1.0,4,0,1.0,1.0,0,32682.0,41355.25,0,4,50.2115,0.45652081004046435,49.73,50.712,0.2115000000000009,0.45652081004046435,0.5031336800493504,0.45500000000000185,1.0,4,0,1.0,1.0,0,25464.0,32603.75,0
96,96,power_law,5.217,1.0,15977.0,0.21699999999999964,0.21699999999999964,4.339999999999993,1,1,2.164,1.0,15373.0,0.16400000000000015,0.16400000000000015,8.200000000000006,1,1,3.898,1.0,14516.0,-1.1019999999999999,1.1019999999999999,22.04,1,1,1.822,1.0,14550.0,-0.17799999999999994,0.17799999999999994,8.899999999999997,1,1,0.5,1.0,18551.0,-0.09999999999999998,0.09999999999999998,16.666666666666664,1,1,0.01,1.0,44686.0,0.0,0.0,0.0,1,1,0.314,1.0,50445.0,0.014000000000000012,0.014000000000000012,4.666666666666671,1,1,17.257,1.0,39653.0,-0.7429999999999986,0.7429999999999986,4.12777777777777,1,1,4,0.20375,0.04707108985353962,0.133,0.259,0.20375,0.04707108985353962,0.20911659427219068,0.20375,1.0,4,0,1.0,1.0,0,7706.0,11589.75,0,4,0.16375,0.05451777233159844,0.108,0.254,0.16375,0.05451777233159844,0.17258693461557278,0.16375,1.0,4,0,1.0,1.0,0,8787.0,13682.75,0,4,-0.22599999999999998,0.17173089413381623,-0.438,0.041,-0.22599999999999998,0.17173089413381623,0.2838441473766898,0.2465,1.0,4,0,1.0,1.0,0,19677.0,27634.25,0,4,50.153000000000006,0.21051484508224078,49.862,50.408,0.15300000000000047,0.21051484508224078,0.26024123424238516,0.22199999999999953,1.0,4,0,1.0,1.0,0,22149.0,25511.5,0
97,97,power_law,5.539,1.0,18425.0,0.5389999999999997,0.5389999999999997,10.779999999999994,1,1,2.229,1.0,18296.0,0.2290000000000001,0.2290000000000001,11.450000000000005,1,1,5.162,1.0,16495.0,0.16199999999999992,0.16199999999999992,3.2399999999999984,1,1,2.25,1.0,16642.0,0.25,0.25,12.5,1,1,0.512,1.0,17630.0,-0.08799999999999997,0.08799999999999997,14.66666666666666,1,1,0.013,1.0,51138.0,0.002999999999999999,0.002999999999999999,29.999999999999993,1,1,0.297,1.0,49270.0,-0.0030000000000000027,0.0030000000000000027,1.0000000000000009,1,1,18.446,1.0,45106.0,0.4460000000000015,0.4460000000000015,2.477777777777786,1,1,4,0.23825,0.17242588987736154,0.053,0.462,0.23825,0.17242588987736154,0.2940981978863523,0.23825,1.0,4,0,1.0,1.0,0,1846.0,13190.25,0,4,0.2415,0.142222536892013,0.093,0.422,0.2415,0.142222536892013,0.2802668371391806,0.2415,1.0,4,0,1.0,1.0,0,2671.0,14816.0,0,4,-0.03425,0.17966687925157493,-0.339,0.126,-0.03425,0.17966687925157493,0.18290229632238084,0.13525,1.0,4,0,1.0,1.0,0,27766.0,35951.5,0,4,50.493,0.278717599013769,50.1,50.88,0.4930000000000003,0.278717599013769,0.566332499508902,0.4930000000000003,1.0,4,0,1.0,1.0,0,29216.0,32227.5,0
98,98,power_law,2.973,1.0,14073.0,-2.027,2.027,40.540000000000006,1,1,1.521,1.0,14359.0,-0.4790000000000001,0.4790000000000001,23.950000000000003,1,1,2.881,1.0,15412.0,-2.119,2.119,42.38000000000001,1,1,1.782,1.0,15564.0,-0.21799999999999997,0.21799999999999997,10.899999999999999,1,1,0.484,1.0,19739.0,-0.11599999999999999,0.11599999999999999,19.333333333333332,1,1,0.015,1.0,45053.0,0.004999999999999999,0.004999999999999999,49.999999999999986,1,1,0.305,1.0,42612.0,0.0050000000000000044,0.0050000000000000044,1.6666666666666683,1,1,17.241,1.0,32509.0,-0.7590000000000003,0.7590000000000003,4.216666666666669,1,1,4,0.119,0.06997499553411919,0.047,0.21,0.119,0.06997499553411919,0.13804890437812245,0.119,1.0,4,0,1.0,1.0,0,9463.0,18285.75,0,4,0.12375,0.09348362156014284,0.04,0.268,0.12375,0.09348362156014284,0.15509110225928502,0.12375,1.0,4,0,1.0,1.0,0,3514.0,15820.0,0,4,-0.061000000000000006,0.18889812068943407,-0.328,0.145,-0.061000000000000006,0.18889812068943407,0.19850314858963822,0.1765,1.0,4,0,1.0,1.0,0,20831.0,26853.75,0,4,49.97725,0.1885740902138985,49.691,50.217,-0.02275000000000027,0.1885740902138985,0.1899414383435051,0.1462500000000002,1.0,4,0,1.0,1.0,0,25205.0,31276.25,0
99,99,power_law,5.756,1.0,1514.0,0.7560000000000002,0.7560000000000002,15.120000000000006,1,1,2.297,1.0,1815.0,0.29700000000000015,0.29700000000000015,14.850000000000009,1,1,5.698,1.0,16521.0,0.6980000000000004,0.6980000000000004,13.960000000000008,1,1,2.064,1.0,16012.0,0.06400000000000006,0.06400000000000006,3.200000000000003,1,1,0.537,1.0,16466.0,-0.06299999999999994,0.06299999999999994,10.499999999999991,1,1,0.005,1.0,47705.0,-0.005,0.005,50.0,1,1,0.28,1.0,5444.0,-0.019999999999999962,0.019999999999999962,6.666666666666654,1,1,16.925,1.0,11569.0,-1.0749999999999993,1.0749999999999993,5.972222222222219,1,1,4,0.25525,0.2070040760468257,0.072,0.603,0.25525,0.2070040760468257,0.3286384791834334,0.25525,1.0,4,0,1.0,1.0,0,825.0,7007.75,0,4,0.328,0.03747665940288703,0.291,0.385,0.328,0.03747665940288703,0.33013406367716736,0.328,1.0,4,0,1.0,1.0,0,9383.0,10395.5,0,4,-0.016500000000000015,0.37247113982159746,-0.531,0.361,-0.016500000000000015,0.37247113982159746,0.3728364252591208,0.35450000000000004,1.0,4,0,1.0,1.0,0,12733.0,23926.0,0,4,50.67100000000001,0.4926078562101898,49.819,50.998,0.6710000000000012,0.4926078562101899,0.8324082532027182,0.7614999999999998,1.0,4,0,1.0,1.0,0,10357.0,17461.5,0
