,coord_x,coord_y,y_obs,y_pred,y_low,y_high,y_std
0,529286.3973489881,181084.1173568114,0.0,0.020469137046139153,0.0,0.17560975811460852,0.057664916359474704
1,529289.8149757241,181079.7481055296,0.0555555555555555,0.020782593695548423,0.0,0.17910590803992893,0.058211768686717534
2,529291.7306369036,181075.34064446908,0.0,0.021309041884530474,0.0,0.1799783595637726,0.058049227478370304
3,529293.5114145369,181070.3275635728,0.0,0.021557641267310346,0.0,0.18071886998776804,0.05822726718543974
4,529295.3550454364,181065.79783335765,0.0,0.02267919912094794,0.0,0.1852536984309902,0.06340047895192104
5,529297.4239756963,181061.27383579296,0.2777777777777778,0.022526683926586948,0.0,0.18556167591510975,0.059927946173964526
6,529300.1718612342,181056.6466755313,0.0555555555555555,0.023524923742310206,0.0,0.19161781066571795,0.06240654513005297
7,529302.4277446445,181050.68218308283,0.0,0.02388680381693448,0.0,0.1903339098843735,0.06296664332980485
8,529304.8721815533,181046.1677421704,0.0,0.024146729616717023,0.0,0.1933638777609287,0.0656808753290758
9,529286.4466052917,181000.33092507027,0.0,0.020882226682234363,0.0,0.17713361981880932,0.05875288927408689
10,529289.868293883,180993.75938101992,0.0,0.02065333627102375,0.0,0.17670268410432297,0.05883523428777321
11,529292.0374070337,180990.1523387432,0.0,0.020913103598524736,0.0,0.17950400406051847,0.058011561130191104
12,529294.7714112727,180986.11576255225,0.0,0.021320704157200075,0.0,0.18119856420577551,0.06011848277022255
13,529298.6747000506,180979.66745264063,0.0,0.02157388856771353,0.0,0.1795451218755308,0.0583928225199408
14,529275.7296236021,181020.81668393456,0.0,0.019553915078978103,0.0,0.17052948074875018,0.05385374498169642
15,529280.0446543538,181023.7403643604,0.0,0.020611924438789172,0.0,0.1772309338788235,0.05949219768118435
16,529283.9591717446,181026.0614567432,0.1111111111111111,0.02046667054265153,0.0,0.1754137076195123,0.05664881673686747
17,529287.7813369951,181028.3802028625,0.1111111111111111,0.020999696632548626,0.0,0.1793964381018372,0.05821093889006509
18,529291.1398732383,181030.76120738813,0.0555555555555555,0.021380477512101866,0.0,0.1823974350417215,0.05859876090034764
19,529293.461862699,181033.93039773728,0.0555555555555555,0.0226626682309394,0.0,0.18792999556563242,0.05958429409663711
20,529338.4783542244,181056.0364976903,0.0,0.030160116094460666,0.0,0.22377279944575273,0.07251733281712355
21,529340.7850941448,181051.7263453392,0.0,0.029869032808345693,0.0,0.2210427696464276,0.07174412520248154
22,529271.7607787041,181027.73172548928,0.0555555555555555,0.01916272491960916,0.0,0.1689434403422043,0.055046612715169994
23,529268.9283331692,181031.6022871588,0.0,0.01936514081791686,0.0,0.1694396788941459,0.055228323132538344
24,529266.9804881453,181034.96386425363,0.0,0.019115382322783123,0.0,0.16801892816151548,0.05636271450780547
25,529264.018025314,181039.86306592892,0.0,0.019149060168852435,0.0,0.16678125786575695,0.05657053481101418
26,529261.442583664,181043.4929420211,0.0,0.01832167347617075,0.0,0.1644956367794943,0.052979067449931604
27,529259.3030465321,181047.4181664789,0.0555555555555555,0.01790180270323334,0.0,0.16195831101892966,0.0514434858631172
28,529256.7384496109,181050.6219302344,0.0,0.0182165338337617,0.0,0.1636666345768917,0.05367109655183685
29,529253.7054424922,181054.80869255087,0.3333333333333333,0.01704927747953159,0.0,0.1543434625704898,0.04966623029567575
30,529251.2150278767,181058.5828659304,0.0,0.017766543354095995,0.0,0.15657007126880254,0.05443245898358288
31,529249.082729183,181062.2240181096,0.0,0.017191540374927202,0.0,0.15639055045326175,0.051684697713777254
32,529246.9829445004,181064.58682714903,0.0,0.01710678512183381,0.0,0.1558959513714862,0.05255540407451751
33,529233.1524292668,181074.8948614692,0.0,0.014957325087134704,0.0,0.1430764256240414,0.04695847968185008
34,529237.6958993884,181077.56874345447,0.0,0.015691384522237055,0.0,0.1464764363190598,0.04718595352771877
35,529242.7005493981,181079.54370771648,0.0,0.016211291501775874,0.0,0.1515497317712608,0.05148301226167226
36,529247.0848230808,181081.50289940505,0.0,0.016505921106929656,0.0,0.14972851376161653,0.051355234693993196
37,529252.6067634983,181084.05955010848,0.0,0.01724574305423174,0.0,0.1564600101474159,0.05242629393980175
38,529257.7108643547,181085.6106687257,0.0,0.017822674392357372,0.0,0.15975527174626988,0.053648725578089584
39,529263.4208828902,181087.74572492173,0.0,0.01793857769134764,0.0,0.16145704468233554,0.05303547742822311
40,529269.96655975,181091.89186600532,0.0,0.018801543443060495,0.0,0.16324534351361047,0.05613936284951208
41,529283.7450338227,181052.49519058783,0.0555555555555555,0.021084686249962292,0.0,0.17949902714326257,0.05906358637401588
42,529285.9335368793,181049.17860803264,0.1111111111111111,0.021051653177864452,0.0,0.17691724631721206,0.05708685560714463
43,529288.381021426,181044.54379955376,0.0,0.021553672224470754,0.0,0.18198284896442513,0.05859471184690713
44,529290.4132084824,181041.46411751767,0.0,0.02165483416356242,0.0,0.18347311077744158,0.05802521818848956
45,529293.8367597392,181013.75004184863,0.1111111111111111,0.02196544120896289,0.0,0.18230445299991996,0.05996788004996678
46,529299.1607676313,181017.05953830216,0.0,0.023071814408306895,0.0,0.18661954059792607,0.061255651229753905
47,529302.8052570344,181008.588061844,0.1111111111111111,0.023137136690877132,0.0,0.18794861729972326,0.061038922173371674
48,529305.2500220948,181004.07466416544,0.0,0.02354228427188166,0.0,0.19185170008181754,0.061239205242874094
49,529308.0240760008,180999.51705272688,0.0,0.023166925950308972,0.0,0.1915147870322106,0.06131482402008725
50,529310.8570375943,180995.2239070023,0.1111111111111111,0.02388705843651175,0.0,0.19143815631639938,0.06311506932979506
51,529312.8948404226,180988.9439608284,0.2777777777777778,0.02369028939072039,0.0,0.19472902255792335,0.06269839171666625
52,529316.1679606001,180983.8325606417,0.1666666666666666,0.0238303713297308,0.0,0.19057531153665377,0.0635594680770672
53,529323.8580000873,180971.12023664004,0.0,0.02358317502409885,0.0,0.19072636138446242,0.06169557978057349
54,529325.5285966779,180967.227380768,0.0555555555555555,0.02370605888377648,0.0,0.1912228395500215,0.062051738100854174
55,529328.3029480567,180962.41812479496,0.0,0.023725301078836095,0.0,0.19165478095245586,0.06258880895805684
56,529328.9218387355,180957.3966040348,0.0555555555555555,0.023149527056720878,0.0,0.19353182165897065,0.06182350061323087
57,529337.6236247377,180947.3860946148,0.0555555555555555,0.023659142645409303,0.0,0.1913063590158726,0.06385965754097206
58,529370.5972220169,180994.8201132037,0.1111111111111111,0.03493647037818693,0.0,0.24095556472398477,0.07937991025268899
59,529365.7574481982,180992.0208638,0.1111111111111111,0.03225595958485954,0.0,0.23448147830507185,0.07389562580362281
60,529360.7874781506,180990.4776230992,0.0,0.031255976787585196,0.0,0.2300420850393638,0.07350371001943304
61,529357.1375926425,180987.23642565164,0.1666666666666666,0.030850047287784958,0.0,0.2282046548917933,0.07171042751089426
62,529351.4845195116,180985.5183925008,0.1111111111111111,0.029482106215809857,0.0,0.22001252707254632,0.0699494536593796
63,529346.8010031471,180984.29728622056,0.1666666666666666,0.028422829250374797,0.0,0.21666261320056932,0.06893171508824526
64,529341.3762670797,180981.32575838847,0.0555555555555555,0.027267802504053425,0.0,0.2123592266164663,0.06930798091528
65,529336.7568004158,180977.5876564897,0.1666666666666666,0.025554821567152133,0.0,0.20130896964406142,0.06314067092735291
66,529341.0395509113,180971.40006248752,0.0,0.02565260678926706,0.0,0.20526728787357995,0.06589829083092656
67,529343.1107980949,180967.20257897844,0.1111111111111111,0.025904484686086377,0.0,0.20349036161631065,0.06511919257982549
68,529341.9749255425,181046.54007841527,0.1666666666666666,0.0307735633399468,0.0,0.22580108542306987,0.07303333529439382
69,529344.8719952186,181040.68521804016,0.0555555555555555,0.03164847277761676,0.0,0.23024011887264723,0.07392431710341775
70,529347.5998827694,181035.26110421369,0.0,0.03212415755856372,0.0,0.23241788201448713,0.07532513269347423
71,529351.2288244299,181030.34824052657,0.0,0.03325490718490092,0.0,0.2356076747620488,0.07570810831149691
72,529353.7563033353,181023.8203201338,0.0555555555555555,0.03369904314661187,0.0,0.24108358530375737,0.0772622527765471
73,529360.7113228079,181016.91678342727,0.0,0.035469906566586926,0.0,0.2497629307422124,0.0787483940943743
74,529328.4893535421,180999.00568303137,0.0,0.026763264929956326,0.0,0.20945023475795815,0.0665045292744939
75,529333.3659335286,181001.93759338648,0.0,0.027803415488935255,0.0,0.2113813091212591,0.06820735713752205
76,529338.2238788576,181005.60150669207,0.1111111111111111,0.028298114633829797,0.0,0.2154787199284783,0.06852676421631251
77,529342.9916710708,181006.8215561528,0.0,0.030213569470419713,0.0,0.2240822883014463,0.07355249055601858
78,529350.2606913692,181011.52347528373,0.0555555555555555,0.03113675254920357,0.0,0.23069795982222122,0.07536385935050503
79,529356.428227444,181014.61034530573,0.0555555555555555,0.033643088733619375,0.0,0.23853382450087188,0.07642921073621843
80,529307.2396481977,181040.82627467852,0.0,0.024002358070569045,0.0,0.1938974205545694,0.06384359196170376
81,529309.9768073175,181035.0361421664,0.2222222222222222,0.02493866209802831,0.0,0.19832787646151875,0.06314197367623325
82,529312.7652606092,181030.22394563275,0.0,0.02493669300823132,0.0,0.1986191831728562,0.061948361429363386
83,529316.0104539724,181025.42337239537,0.1666666666666666,0.026033328671385372,0.0,0.20338260366519906,0.06689892012249342
84,529318.1231277136,181020.22774688728,0.1111111111111111,0.026194571097657424,0.0,0.20728440306418616,0.06559820147015152
85,529319.4714744088,181015.1347516521,0.1111111111111111,0.025944297175538755,0.0,0.20269382920247428,0.06601506372992651
86,529322.570646446,181010.08630901243,0.0555555555555555,0.026101689483910163,0.0,0.20745426652018578,0.06686270116545837
87,529324.369527497,181005.2489368489,0.2222222222222222,0.025781762114719824,0.0,0.20561068564000376,0.06435733807790166
88,529327.046122918,180998.84687762664,0.0,0.025862239585450173,0.0,0.20365195251132712,0.06387662512750494
89,529283.6392529754,181007.38668435212,0.2222222222222222,0.020454359940315497,0.0,0.17525956082157385,0.059281731843457385
90,529288.5189523322,181010.19655168767,0.1666666666666666,0.02159497460877582,0.0,0.1788177624519274,0.059821578699674804
91,528996.1404633644,181214.41417371703,0.0,0.005599843351490165,0.0,0.06527463341242823,0.0327981687104468
92,529000.4882963112,181210.63054046733,0.0,0.005766065859507483,0.0,0.06702212581344093,0.031240786000134853
93,529006.9188601099,181200.57203140756,0.0,0.00582355760790268,0.0,0.06634645205451958,0.032586748601247495
94,529006.8347974954,181207.8711488372,0.0,0.006278094745996341,0.0,0.06905788730839811,0.03602926618448843
95,529008.2851791504,181194.60346582928,0.0,0.005856259191609111,0.0,0.06806844475853825,0.03118815288032829
96,529009.6161934191,181186.03800378583,0.0,0.006166868569260033,0.0,0.06983735356711232,0.0347261862717853
97,529011.6142275281,181179.111975784,0.0,0.006226859365134439,0.0,0.07073158245076128,0.0336685260039067
98,529013.0011381556,181172.3326838276,0.0,0.005999281774989607,0.0,0.06812034645137893,0.031086159006650765
99,529005.5582003132,181174.41523569063,0.0,0.0062184573106314495,0.0,0.06785202237210075,0.03793648110650174
100,529008.9593871454,181146.8786309876,0.0,0.006205087204662907,0.0,0.06969372460204808,0.03401987898080971
101,529019.0685049553,181148.9861585772,0.0,0.006624149889177734,0.0,0.0757435970123344,0.03291189890364612
102,529020.0783039861,181141.052979442,0.0,0.006632702253856433,0.0,0.07630672456498579,0.03472834700147709
103,529031.0589601945,181113.38336771604,0.0,0.006876729914000044,0.0,0.07515147734662642,0.0360887333503731
104,529032.3821391572,181106.75376843748,0.0,0.00681961180927746,0.0,0.07760835501452266,0.03366409408687206
105,529036.1383461363,181099.8157682937,0.0,0.006857071679922209,0.0,0.07790352374876902,0.03444352535954351
106,529048.8149773611,181076.04112162287,0.0,0.007350695341248173,0.0,0.08186685681054,0.03639519560278844
107,529052.0329327225,181066.8834295521,0.0,0.0077780483079980586,0.0,0.08278610956942074,0.039220528367915626
108,529055.7993798708,181064.5042341193,0.0,0.0073783846466408025,0.0,0.083647887433723,0.03339741752723294
109,529058.2786501658,181060.1124801949,0.0,0.007766618038824856,0.0,0.0856583321086362,0.03851501856841705
110,529068.1222052388,181041.38868180005,0.0,0.00762605959995421,0.0,0.08398461911733654,0.034043577592767486
111,529071.7816114093,181039.17176816647,0.0,0.007984147676281302,0.0,0.08543792479809713,0.0359938578687683
112,529074.0677106613,181034.28014669148,0.0,0.008506195312738557,0.0,0.08988225262916863,0.04084201340924536
113,529077.1936024416,181028.7498977204,0.0,0.008168764271643064,0.0,0.0913677712671798,0.03524929124623109
114,529080.3195006961,181023.219650608,0.0,0.008142851489495489,0.0,0.09060709592590904,0.03670788933878961
115,529082.9351938708,181017.51145676005,0.0,0.008085446960700397,0.0,0.08950878836023599,0.03550835842287334
116,529085.9833528235,181010.98930147276,0.0,0.008388405098172512,0.0,0.09348194521941776,0.03422173483150043
117,529089.8043025921,181006.4666505918,0.0,0.008287947887691972,0.0,0.09227145155345515,0.034606541114710614
118,529092.8650409362,180999.4498500814,0.0,0.008420373653020872,0.0,0.09359292899367488,0.03426512815155946
119,529107.5958042761,180966.6611690588,0.0,0.009135261577669907,0.0,0.09913336610057782,0.04066786486035712
120,529115.827617992,180954.6610752995,0.0,0.008978301644337012,0.0,0.09798746230688671,0.03742329695991671
121,529122.5371933512,180941.79737085628,0.0,0.00942995695062796,0.0,0.09641913313222049,0.04196080124135706
122,529126.893578676,180936.4634011492,0.0,0.009306434020133652,0.0,0.0994766832347234,0.039217624804940204
123,529129.9208899153,180930.7656865199,0.0,0.008923869995181511,0.0,0.09544868272302627,0.03610723293952949
124,529134.3927421896,180924.9396879541,0.0,0.009129136924487151,0.0,0.09706630395880934,0.03867449235382878
125,529139.1248335436,180916.9754421677,0.0,0.009475740498409707,0.0,0.09958443029424936,0.03995918118470964
126,529140.9008252566,180911.90589568712,0.0,0.009495605997280934,0.0,0.09826082635400181,0.039843309228068585
127,529145.4881573094,180905.58787171936,0.0,0.009503537737356973,0.0,0.09963143186242585,0.04225889576728983
128,529148.3055513665,180900.04982204977,0.0,0.009545744152241707,0.0,0.10256428592091357,0.04137527301275902
129,529150.814303963,180894.50393057367,0.0,0.00931175528054,0.0,0.09657100548028026,0.04124875362829194
130,529042.205078583,181210.669641002,0.0,0.006538053270416836,0.0,0.07104703383959378,0.03794749413916819
131,529043.0173224601,181207.06049859297,0.0,0.006355978526204073,0.0,0.0719395204679308,0.03308963837537289
132,529044.5413262773,181203.79940918687,0.0,0.006594093607144186,0.0,0.0723772504788067,0.03565402885915145
133,529043.4407941104,181198.49180071676,0.0,0.007023152104610843,0.0,0.07724094187037626,0.03825287564527691
134,529045.8296805614,181193.60277936087,0.0,0.006627787790214153,0.0,0.07700326636167784,0.032099424529195966
135,529048.0457268179,181179.3049713996,0.0,0.00696155128767535,0.0,0.0762162230656966,0.036593729222691385
136,529049.7270498123,181173.9030153832,0.0,0.0069243093070984205,0.0,0.07836056682072744,0.034950534380308526
137,529051.0010557967,181168.32572676864,0.0,0.006706674546379517,0.0,0.07648363206432951,0.03292420042279893
138,529052.1805615214,181162.4160597212,0.0,0.006986353396770156,0.0,0.07678199572485515,0.035972313007536394
139,529054.1872733646,181156.362410266,0.0,0.007536450620301827,0.0,0.08032418782986656,0.0401725428109147
140,529060.5429985423,181133.0953155732,0.0,0.007348183338213289,0.0,0.08389128534860454,0.03475093223962892
141,529062.9905525583,181125.89793850723,0.0,0.007659352774492054,0.0,0.08401284078564313,0.03785652525999069
142,529065.5894307325,181120.84926846367,0.0,0.007883321221225715,0.0,0.08279540256983633,0.04029031997181
143,529067.6739242474,181115.78753556727,0.0,0.007512295943177126,0.0,0.08505903101298452,0.03451447619311737
144,529071.0222715513,181109.60297631327,0.0,0.007837514255902364,0.0,0.08490972109064406,0.037480423960559645
145,529073.7324187845,181104.22715698532,0.0,0.007975158007206431,0.0,0.08737125861355485,0.03770684718256161
146,529076.7512061872,181098.85917804367,0.0,0.007744024064443676,0.0,0.08570386486121674,0.03646998316448721
147,529079.7951273511,181092.50190229027,0.0,0.007962924419459656,0.0,0.08804813654048418,0.03541290193272798
148,529082.0895899627,181087.28051813247,0.0,0.008229394244570457,0.0,0.09055772280339179,0.0369528719367391
149,529084.1489832355,181083.20809029488,0.0,0.008316650245330315,0.0,0.08885923428915475,0.03968210820748678
150,529086.9620355122,181077.83489092492,0.0,0.008369592892147495,0.0,0.08981766022377936,0.037565211893773966
151,529096.2703310478,181059.92249497084,0.0,0.00871386987263847,0.0,0.09427651538974939,0.03766454958083852
152,529099.9357607588,181053.416028122,0.0,0.009224246504140695,0.0,0.09773742766526122,0.039945120226533036
153,529103.8153353629,181046.58502474148,0.0,0.008754798864344491,0.0,0.09379094190731159,0.03775221429470424
154,529108.0370686217,181038.44280049167,0.0,0.00904570649216887,0.0,0.09609288416124956,0.0377013811590821
155,529112.3198051032,181031.95202400564,0.0,0.009062158386874027,0.0,0.0969832728520735,0.03945061772995011
156,529114.7088266049,181027.06303390017,0.0,0.009170759190148862,0.0,0.09809955090272246,0.03914547487270513
157,529119.115405931,181019.750461372,0.0,0.009774632995703468,0.0,0.09978194578703746,0.04212776075847825
158,529122.0565418184,181013.39059622967,0.0,0.009765420559067846,0.0,0.1058723478051315,0.03876888210575715
159,529125.0879968179,181007.5279958544,0.0,0.009755233748853362,0.0,0.10374400167853953,0.03988203094890639
160,529132.4925608524,180995.67190036568,0.0,0.009967727681260728,0.0,0.1035227656818957,0.04021094140633264
161,529135.07480895,180991.28279686475,0.0,0.010104429870185139,0.0,0.10164899859524391,0.043022750535042
162,529138.509433616,180985.76042693536,0.0,0.009748568066407027,0.0,0.10439161670202612,0.039054558122076324
163,529142.6977488816,180978.9372949088,0.0,0.01012501833307057,0.0,0.10653657992185157,0.04031871551984817
164,529144.7739893488,180974.20535861928,0.0,0.010162094308793317,0.0,0.10900204779515822,0.03962955709583115
165,529147.7803514933,180969.3320695941,0.0,0.010212779647718712,0.0,0.1041211738966551,0.040843463526347434
166,529150.2932644661,180963.6212948298,0.0,0.010239677340303953,0.0,0.1064231499936269,0.041280302308915884
167,529153.82242354,180958.43131544068,0.0,0.010596942348994236,0.0,0.10979847727925181,0.04222663656818962
168,529156.9568256956,180952.5713479548,0.0,0.010522925997402625,0.0,0.10767909437437695,0.04313463609315795
169,529160.38730769,180947.2138753624,0.0,0.010271420886851292,0.0,0.10965332905795594,0.03994196417813093
170,529163.7107246967,180942.01867333497,0.0,0.010697354538088096,0.0,0.10736965308140348,0.0439428432681593
171,529166.6435747402,180935.98859917204,0.0,0.010641550481681165,0.0,0.11096381667059307,0.03997724687662094
172,529171.153182466,180928.67868505453,0.0,0.010507317598127083,0.0,0.10924179041090872,0.039812976776605384
173,529157.5682589023,180883.95124763023,0.0,0.009447523892186257,0.0,0.1016121800081318,0.03787085617729577
174,529161.1435687119,180876.94755967165,0.0,0.009321290805472705,0.0,0.10044240243909977,0.040202711444099475
175,529176.4081209052,180920.3977813472,0.0,0.010891580594644007,0.0,0.1120034460283877,0.0422192581134926
176,529179.662215977,180913.8809102648,0.0,0.011039322949802002,0.0,0.11363303344647352,0.04057093743515462
177,529183.0801727292,180909.0181015636,0.0,0.01049243121164715,0.0,0.10995138363307326,0.041382816596197386
178,529185.0452111776,180904.61333209608,0.0,0.010797566161841706,0.0,0.11145039398697429,0.04245291919463129
179,529191.0622847577,180894.70191885007,0.0,0.011080492139879291,0.0,0.11409386215831628,0.04488812866963989
180,529173.4528252124,180858.45159338036,0.0,0.009964249813993211,0.0,0.10066992979681547,0.044860549847977195
181,529166.9982072805,180853.1728718548,0.0,0.008962014877444031,0.0,0.09678080294101332,0.03765024695350791
182,529170.8281501377,180856.40501103023,0.0,0.009422971687953374,0.0,0.10016336561079761,0.03928651269852296
183,529198.5174513877,180880.8673202688,0.0,0.011014826623680168,0.0,0.11231544297858292,0.0447475977836405
184,529176.4802303324,180852.7539055585,0.0,0.009132292871930181,0.0,0.09828031991225278,0.03917360853367828
185,529179.4215218889,180846.39407245565,0.0,0.008895814788778628,0.0,0.09715488083617561,0.037553538274231864
186,529183.3748917896,180840.71992367395,0.0,0.009190811103279113,0.0,0.09960460738022668,0.03829867726215955
187,529186.7403058892,180833.87590597203,0.0,0.009165923588131486,0.0,0.0986534755329254,0.03672714605231361
188,529190.6033827689,180827.70449848773,0.0,0.009346743994177,0.0,0.09747937780083844,0.041439097795719144
189,529194.4538947314,180822.0277428308,0.0,0.0090000353686318,0.0,0.0962327840250746,0.0380958206542306
190,529202.78785077,180874.87126658525,0.0,0.010609024043334215,0.0,0.11212136338545271,0.03857885091916985
191,529205.4605230934,180870.97946217388,0.0,0.010630019478378178,0.0,0.11130928598981568,0.04313287800641084
192,529208.4460401642,180866.93062289036,0.0,0.010562212308938761,0.0,0.10980599720096941,0.041724890466844536
193,529212.2965458467,180861.2538806052,0.0,0.010836210598379397,0.0,0.1122204563320007,0.04031639056240928
194,529214.9943842145,180856.3727830554,0.0,0.010927232836694204,0.0,0.11239700046320947,0.04519085072004393
195,529218.3262958516,180850.8478496,0.0,0.010841025949299947,0.0,0.11127783224786511,0.041227918709309544
196,529222.2922840003,180844.67908145147,0.0,0.010392412662296707,0.0,0.1076886776296635,0.04149520797288886
197,529199.9147387865,180813.75209292432,0.0,0.009185285036160968,0.0,0.09858311405325586,0.036846899731392414
198,529201.7727476656,180809.50959729508,0.0,0.009035170591405442,0.0,0.09769962472712454,0.03817249212643243
199,529228.6726476097,180832.6320800013,0.0,0.010374685734464177,0.0,0.10754869059211217,0.041093859462196486
200,529232.6051209664,180827.78238354647,0.0,0.010037721407766284,0.0,0.1059635171470011,0.03881677540822484
201,529237.2913304713,180821.63193927472,0.0,0.010371468091840634,0.0,0.10771030302792436,0.042264478620449006
202,529208.6088378868,180799.78401040265,0.0,0.008680919057318623,0.0,0.09441458275806773,0.03715885184382508
203,529211.7182391058,180794.9133733821,0.0,0.008943418807256511,0.0,0.0969067814077146,0.03728953494374002
204,529214.6428365074,180789.21309190005,0.0,0.009175035196466275,0.0,0.09639827754017159,0.04079310135770612
205,529219.0520217129,180785.8604102694,0.0,0.008942410226942418,0.0,0.09686283407221154,0.0392942140156268
206,529221.7057069269,180778.6683385524,0.0,0.00842319661878348,0.0,0.09299831133111348,0.034415957623584195
207,529225.0818648937,180775.45438674727,0.0,0.008750805442795528,0.0,0.09514437115617559,0.037509442074259075
208,529229.8100327585,180767.65510563017,0.0,0.008790827303023292,0.0,0.09409131036930753,0.03959985142527718
209,529239.7708654897,180817.24027107217,0.0,0.010152378055980776,0.0,0.1057427228659424,0.04014083427175784
210,529243.3611653238,180813.70179793067,0.0,0.010136380067993252,0.0,0.10917257386859591,0.037977098654048976
211,529245.7671755921,180808.15333542,0.0,0.010359382246414538,0.0,0.10492643168801427,0.04368519963945454
212,529248.6456819327,180804.2667856789,0.0,0.009963618509910161,0.0,0.10550831747411649,0.03998926924402834
213,529251.3519687809,180799.0559408436,0.0,0.009792593079401207,0.0,0.10067856515708531,0.040348340794143164
214,529254.7490997544,180795.01759371004,0.0,0.009982841260884235,0.0,0.10462893056430717,0.04117791175915252
215,529258.5619675509,180790.82483213424,0.0,0.009694285619387963,0.0,0.10263023534232243,0.04024687059579412
216,529262.712849735,180785.48574256516,0.0,0.009685072418914111,0.0,0.10241288101392401,0.039569411530755855
217,529265.4884963444,180781.596585416,0.0,0.00992945076285221,0.0,0.10400400980759086,0.0428963171078953
218,529243.3082877101,180751.00440802792,0.0,0.00860300760707027,0.0,0.09223955517359941,0.03918302730146356
219,529227.9493709708,180759.85328643152,0.0,0.008484881082195368,0.0,0.09174799355195404,0.038395657285296196
220,529245.7269015748,180744.96129662203,0.0,0.008209844886046168,0.0,0.08975606611961665,0.03780295393589907
221,529249.6720328652,180739.6169637504,0.0,0.00817580324930151,0.0,0.08956863152671383,0.03818441063501841
222,529252.8927792184,180734.41920160013,0.0,0.008051150366606478,0.0,0.08835444453199462,0.03817139120900016
223,529256.1303045992,180728.56190959827,0.0,0.008225249586481439,0.0,0.09189935966408978,0.03829804266569817
224,529263.3423526025,180716.20611631367,0.0,0.0077972784245783355,0.0,0.08677035085553081,0.03501104481994088
225,529266.7730923535,180710.8487130401,0.0,0.007721682674132575,0.0,0.08568306778083903,0.03618289668164698
226,529270.495723454,180706.1586941837,0.0,0.007433083918865332,0.0,0.08316747335709657,0.03457552055904301
227,529273.6558226749,180768.1101764643,0.0,0.009291554798977234,0.0,0.0997591341026295,0.03876473324655502
228,529277.14329437,180764.56910963816,0.0,0.009079754684576493,0.0,0.09901215049849432,0.03697620142150308
229,529280.2737522459,180758.87409864573,0.0,0.009334323977945865,0.0,0.10090197688221175,0.04038233746787332
230,529284.3092140781,180754.027058046,0.0,0.00908447293881182,0.0,0.09638250525668914,0.03842962293853283
231,529288.8842760811,180748.203808752,0.0,0.0092175911168143,0.0,0.09983952419083329,0.03791879479663909
232,529293.1758580328,180741.38341395705,0.0,0.0088433559272323,0.0,0.09451259462446013,0.0387959056332519
233,529298.4060060759,180734.0919301054,0.0,0.008863613633078724,0.0,0.09466741593165993,0.03681948813714328
234,529302.8949940895,180727.60654389803,0.0,0.008887847617721188,0.0,0.09469563070520275,0.04069808447075046
235,529306.4496297033,180721.42736954425,0.0,0.008314268006817626,0.0,0.09191394713911925,0.03797306608246538
236,529309.5675597617,180716.227024826,0.0,0.008434921042557013,0.0,0.090125951179564,0.04031696859941409
237,529313.817244004,180711.05547628863,0.0,0.007931461772326183,0.0,0.08801279574755719,0.03451886083840014
238,529317.136764892,180706.02525436296,0.0,0.007768125429727433,0.0,0.08675743458193245,0.034846598522558295
239,529327.2382071125,180693.4130809756,0.0,0.007642875611198569,0.0,0.08637071895767678,0.03456869536214876
240,529333.0082452139,180693.2299232604,0.0,0.008216412520805409,0.0,0.08879857316958543,0.039782930774630874
241,529341.2056025619,180694.7584381819,0.0,0.0076341404177059395,0.0,0.08389825793416297,0.03618601251797795
242,529325.0360339397,180711.1759326256,0.0,0.008306613752841143,0.0,0.09028449127720858,0.036324441318547236
243,529336.1309594167,180712.11821025785,0.0,0.00871274808508249,0.0,0.09371995124737234,0.039401115640376794
244,529339.5473571736,180719.46469493204,0.0,0.008805160497975457,0.0,0.0925688838167845,0.04032726995525602
245,529369.8731718727,180696.9729510448,0.0,0.008110414257168687,0.0,0.09252071586105654,0.03518287994524029
246,529377.910909548,180696.68257576143,0.0,0.008504689843962389,0.0,0.09079919695770584,0.04017161219488304
247,529380.5673470516,180717.70389490732,0.0,0.008984448734663595,0.0,0.09684431702539881,0.03907604616786094
248,529360.6769017561,180726.60202434103,0.0,0.009067524136651746,0.0,0.09854625664092087,0.0376594001534738
249,529336.1501100822,180723.5029867988,0.0,0.00883962467352828,0.0,0.09493327295333823,0.040387056649332675
250,529331.9129988193,180728.17986814168,0.0,0.008951754744279571,0.0,0.09851437559277149,0.036261158612830226
251,529328.7908563055,180733.54508241348,0.0,0.009000394279107888,0.0,0.09681018310836807,0.03738351850810402
252,529325.290741051,180737.5807633469,0.0,0.008817155329826859,0.0,0.0966021031446501,0.03760824906391974
253,529321.3329404817,180743.4196875853,0.0,0.009056810284738585,0.0,0.09697221053147362,0.03735268550461282
254,529317.1168346374,180747.27216622565,0.0,0.009439775357955397,0.0,0.09954827902744162,0.04003353276316362
255,529314.036669367,180750.9885598615,0.0,0.00928201466109684,0.0,0.10049915445379846,0.03778089830493957
256,529310.7171779851,180756.01878361547,0.0,0.00964337081094602,0.0,0.10123105921886746,0.04192929558641411
257,529308.0779275652,180758.59147067703,0.0,0.009555333750543984,0.0,0.10224185626431516,0.03709024343546115
258,529303.3222497515,180763.42017030047,0.0,0.009631324342572143,0.0,0.09991218836920003,0.04179799070709116
259,529301.6279633407,180769.31669453887,0.0,0.009843502154750074,0.0,0.10379831672797649,0.04069962863465235
260,529358.9090285219,180731.3417313184,0.0,0.009283960881791307,0.0,0.10000741888805308,0.04156616971570233
261,529354.6844907489,180735.5239451709,0.0,0.009540545336917953,0.0,0.10221296952839615,0.04168398200417982
262,529352.7444251382,180738.93935376185,0.0,0.00949205128029522,0.0,0.10220862117615395,0.03818371880452073
263,529350.0358286278,180740.1903375412,0.0,0.00983139046715611,0.0,0.10122729108405704,0.04475126317855661
264,529347.1152479019,180745.7256606077,0.0,0.009613195460995975,0.0,0.10245269044095,0.040213992528270216
265,529342.9159075269,180748.9185864009,0.0,0.009700558547432328,0.0,0.10092958467185673,0.04124411637213581
266,529338.7061686157,180756.56597309164,0.0,0.009755804417873255,0.0,0.10358252044060369,0.03852047486670124
267,529347.2100577755,180762.22704586363,0.0,0.010679968807455429,0.0,0.11023370029519985,0.04382330660130007
268,529349.7800119269,180758.33269694,0.0,0.009886785081506283,0.0,0.10514794986127417,0.03858415154136429
269,529352.4654442103,180753.9463189459,0.0,0.009953183854316637,0.0,0.10296079130685157,0.04044739214017503
270,529331.7856743874,180761.50454777648,0.0,0.009766409033040392,0.0,0.1051911411496997,0.03780596449281666
271,529327.0489500472,180769.6335023724,0.0,0.010277783103959605,0.0,0.1039391118507677,0.04229861746929096
272,529322.6186994201,180773.81050626576,0.0,0.010315168922714777,0.0,0.10599572557220122,0.041839027528486304
273,529297.7121588481,180773.50680710573,0.0,0.009589542333152255,0.0,0.10444488263065388,0.03706428258574449
274,529308.88090261,180791.77482523443,0.0,0.010906565257577853,0.0,0.11361434397964407,0.04190573664018901
275,529305.4501661808,180797.13220051856,0.0,0.011386628482892418,0.0,0.11689400208345667,0.04461275449580555
276,529301.9039680675,180802.9816094518,0.0,0.011169249552653887,0.0,0.1144030627273749,0.04173886868175448
277,529301.9039680675,180802.9816094518,0.0,0.011287847458908097,0.0,0.1144900020851457,0.04322244490962547
278,529297.2302461468,180808.6373465823,0.0,0.01146038282451683,0.0,0.11734891490806072,0.042960096569192
279,529292.8526031858,180814.79558863968,0.0,0.010996548467515401,0.0,0.11370374039116099,0.03969341659556268
280,529288.4791648353,180820.78895138463,0.0,0.0120487569045045,0.0,0.12106032219743788,0.045460231734434885
281,529284.0847653727,180827.6067326337,0.0,0.011718933165702489,0.0,0.11903312675314276,0.04370660654697231
282,529280.0325810447,180833.1133048674,0.0,0.011784774027807475,0.0,0.12093238208914435,0.043325351485613214
283,529276.030732887,180836.64128454385,0.0,0.012342518221741212,0.0,0.11950717708904898,0.04706221344123408
284,529274.2545832718,180841.7107857992,0.0,0.012112915823106243,0.0,0.12010032897121325,0.04215418614144809
285,529270.7461938943,180846.0762690121,0.0,0.011872080249617395,0.0,0.12021196458184152,0.042153695651788364
286,529267.7564208589,180850.28995551687,0.0,0.012244380000739621,0.0,0.12357183867868761,0.04637627003234362
287,529285.8068675483,180772.0490253067,0.0,0.009450824676849864,0.0,0.10176081225767573,0.03901870515467045
288,529279.4707299055,180794.4914350081,0.0,0.009942536714457908,0.0,0.1043002820570795,0.039432062425037766
289,529277.5223478916,180798.23663737683,0.0,0.010698456457584252,0.0,0.11153683046010804,0.041443620908458025
290,529273.4050098843,180802.25665127992,0.0,0.010606460596481628,0.0,0.1101149221297753,0.04117748319718518
291,529269.3066882449,180809.57694464887,0.0,0.010861500528212725,0.0,0.11258145072392454,0.04144788467997116
292,529263.7596143325,180817.1903731824,0.0,0.011124730334433078,0.0,0.11318405785086683,0.04466285658557769
293,529258.3322139,180824.14689227048,0.0,0.010796726619215012,0.0,0.10944285031245769,0.04106561208330479
294,529254.9309046089,180828.35011988776,0.0,0.01078925070057559,0.0,0.11412716209670577,0.04054888870181218
295,529252.1343234716,180833.06369743065,0.0,0.010632560910278737,0.0,0.11289594551928746,0.0395940785913398
296,529250.0895328139,180840.60121853783,0.0,0.011467331450993008,0.0,0.11521510106572262,0.04593989253219225
297,529242.4697032969,180836.61268359429,0.0,0.0109582057913874,0.0,0.11344676071500719,0.04248345028500229
298,529247.0701150368,180837.8845988729,0.0,0.010903933591827104,0.0,0.11332321494721331,0.041262595257755205
299,529261.7226555487,180868.9453120503,0.0,0.012936825759619935,0.0,0.1265925066404513,0.04789535033500945
300,529257.5631614194,180866.52966836523,0.0,0.012488703670540929,0.0,0.12547281552795972,0.04356388264184668
301,529252.6876751753,180863.9308296996,0.0,0.012121077859785839,0.0,0.12341079436037145,0.04263310856465546
302,529247.9444188203,180860.18043127249,0.0,0.01214233959415079,0.0,0.12271828527738846,0.04514944379176427
303,529241.5382524175,180857.04770892396,0.0,0.011875868319724476,0.0,0.1200771302993828,0.0433928248541922
304,529236.7824033501,180853.79197014865,0.0,0.011237147531270081,0.0,0.11266140528918638,0.04158527342521136
305,529230.2230289417,180852.63524201344,0.0,0.011191490302320233,0.0,0.11364241552804999,0.043973563421445275
306,529275.7773894996,180858.7434542992,0.0,0.012943858330144897,0.0,0.12837791225710307,0.045164658705619684
307,529284.1531171224,180865.39110487944,0.0,0.013704854389458312,0.0,0.1335552645908924,0.0467930205085011
308,529258.6425998613,180872.66173809403,0.0,0.012785990700767094,0.0,0.1263214646075548,0.04652431129189523
309,529254.9326716241,180876.85711565427,0.0,0.012656060205301729,0.0,0.12545906118802047,0.044508699450767
310,529251.3340185715,180880.72534633303,0.0,0.012988017219907723,0.0,0.12550624454950615,0.04596655929296592
311,529248.0482119832,180884.43654569803,0.0,0.013020852737740474,0.0,0.13053433333980802,0.04447752228859679
312,529243.6097367841,180888.9433825377,0.0,0.012550655825831114,0.0,0.12640661535263853,0.04500473557489437
313,529239.805335646,180892.80638855087,0.0,0.012921045828372254,0.0,0.12733028050164544,0.04404187826690785
314,529236.7127314743,180897.01747652536,0.0,0.012627857756557108,0.0,0.12445984608409372,0.04549001745718259
315,529233.8300895762,180901.06891555927,0.0,0.012586051074296622,0.0,0.12538321336802238,0.04304363520724564
316,529264.2513883775,180890.95325052223,0.0,0.014229059291687201,0.0,0.1398523457600305,0.04721337423718202
317,529259.5903645881,180896.11437206864,0.0,0.014025657893060935,0.0,0.13462304834730499,0.04823583503020315
318,529255.078359546,180899.4644013836,0.0,0.013749063038752585,0.0,0.13409852262073285,0.04725003277601631
319,529252.269233066,180904.67262768847,0.0,0.013568660121113447,0.0,0.13358595883050606,0.045215648510464876
320,529249.4894645009,180908.7266745036,0.0555555555555555,0.01417706147871214,0.0,0.13596951234382326,0.0486535795857588
321,529244.8787880846,180911.90921321727,0.0,0.013578903230686968,0.0,0.13421895205437348,0.045136631791983704
322,529240.4696886169,180915.26187155503,0.0,0.013506893493798413,0.0,0.13300104399003154,0.045641517300429764
323,529238.0027736288,180919.15889025887,0.0,0.013944856944422438,0.0,0.1343627386706725,0.04847318412215568
324,529234.2551597732,180924.83822941576,0.0,0.013599778358021142,0.0,0.13322744259375327,0.045058896537201604
325,529230.146338401,180928.5285109154,0.0,0.013175600016109228,0.0,0.13012489867620866,0.045829598270089776
326,529227.0369921572,180933.39913655163,0.0,0.013293613873316356,0.0,0.12992029169545327,0.0457302838324524
327,529224.2782205783,180936.6287817066,0.0,0.013689670292287298,0.0,0.13173705128543903,0.04758563259665797
328,529220.3751787577,180940.32430278463,0.0,0.013062590474374003,0.0,0.12930230264068424,0.04523039081442627
329,529217.3687299865,180945.19755001928,0.0,0.013707600142393837,0.0,0.1309178154614361,0.04918679315864091
330,529214.0913718136,180948.57900459963,0.0,0.01372796552508504,0.0,0.13141439722011142,0.04832335252122545
331,529209.6739399695,180952.26145504767,0.0,0.012960546020936485,0.0,0.1288635830664787,0.04428475940440689
332,529198.5235017091,180965.6721147776,0.0,0.01197784730111163,0.0,0.11929427863790489,0.04038497211879782
333,529196.4346326593,180970.8986789764,0.0,0.01238183035450371,0.0,0.12376558439027673,0.04494404318093154
334,529193.1824531876,180973.29084852024,0.0,0.012429295385968937,0.0,0.12437539492803203,0.045411161240822895
335,529190.2579723431,180978.9911417747,0.0555555555555555,0.01211224947611167,0.0,0.12183393128961417,0.043172509683501475
336,529186.5817043845,180981.86750350508,0.0,0.01223215345945768,0.0,0.1230601772088765,0.04222504993369891
337,529183.8965259426,180986.25396640948,0.0,0.012234628140432373,0.0,0.12337474510255184,0.04393897165229596
338,529179.2566227997,180990.5907445076,0.0,0.01217848370730414,0.0,0.1213724297640214,0.04468460383748558
339,529176.7078630145,180993.6607618385,0.0,0.0118829669287629,0.0,0.11910881306818068,0.04351145385047474
340,529173.3067274062,180997.86404223813,0.0,0.011817767123259198,0.0,0.11955227116214277,0.043240082277359745
341,529171.3794470963,181000.78486870503,0.0,0.011669657218387993,0.0,0.11578123136353159,0.04347693768501513
342,529168.1882714793,181004.82849917,0.0,0.011691969128014514,0.0,0.11541209463239492,0.04469585176442805
343,529165.1860985851,181009.53689328648,0.0,0.011550356824040256,0.0,0.11813247536668194,0.04375655800789277
344,529163.3030393264,181014.76870013625,0.0,0.01134221043752445,0.0,0.11413287849534205,0.041776637734017255
345,529180.9453202592,180960.6055677244,0.0,0.01172161785703018,0.0,0.11892258157428458,0.044220557872138334
346,529179.7949697544,180965.361025084,0.0,0.01142122865614142,0.0,0.11653641576043179,0.04051532566995636
347,529176.5828122684,180970.22906568687,0.0,0.011252823719189162,0.0,0.11563468741364395,0.04192275993957929
348,529173.2971156733,180973.94031208876,0.0,0.011382981896340457,0.0,0.11246968762031086,0.04368598727987282
349,529170.1962316188,180978.48120545264,0.0,0.011362826949731666,0.0,0.11605516724677625,0.04141580681750218
350,529164.0824808526,180984.1004538088,0.0,0.01134526416277263,0.0,0.11645415257531748,0.042482012799042776
351,529159.7870690756,180991.08583703573,0.0,0.01135564429155006,0.0,0.11311045283047388,0.04405765857577133
352,529156.1927564753,180994.78925026115,0.0,0.010688369710958965,0.0,0.11114357326306172,0.04056079741560849
353,529153.2934699709,180999.5002658396,0.0,0.010766618405096328,0.0,0.11164985188615044,0.039898071631293226
354,529149.9575271852,181005.1901234889,0.0,0.010838286617597535,0.0,0.10934882026325088,0.045000865237328797
355,529146.2305703537,181001.96061217427,0.0,0.01037583898394427,0.0,0.10576746924143102,0.039448984333005706
356,529142.5036087644,180998.73110368333,0.0,0.010361740504677685,0.0,0.10966611619409053,0.04103490177427119
357,529129.3628779587,181009.45149723464,0.0,0.009560127487246677,0.0,0.1014038986959583,0.03892668247652541
358,529136.7115882486,181011.94807610504,0.0,0.010014156576346434,0.0,0.1045430274683356,0.041954207342085985
359,529146.9292571588,181031.18151413964,0.0555555555555555,0.010819007846093378,0.0,0.10919523466793264,0.04178979011562764
360,529149.2028628344,181026.78457450305,0.0,0.010747835438554263,0.0,0.11044404868168205,0.04302252022637162
361,529152.7696932385,181020.11064713247,0.0,0.010698636502826741,0.0,0.11026475522667592,0.04222890924644827
362,529143.12084168,181035.20947353856,0.0,0.010452747032571128,0.0,0.10938415519970575,0.043314328434159714
363,529135.479356236,181015.87651353487,0.0,0.010009549336538097,0.0,0.1044355265832073,0.04065837976761848
364,529131.2761781308,181019.23449290093,0.0,0.009851905961945162,0.0,0.10170197811718035,0.04146501613569676
365,529127.3797897564,181026.72500820653,0.0,0.009783188096644184,0.0,0.10396754173874014,0.039534551140186634
366,529123.204098449,181033.0535031776,0.0,0.009222733214449264,0.0,0.09982404442071172,0.03597284776178055
367,529119.8807771662,181038.2487307714,0.0,0.009707988227510891,0.0,0.10276107889235332,0.038421305380248495
368,529117.1873060312,181042.96499403447,0.0,0.009343892679485646,0.0,0.09885680984651868,0.038715804831098134
369,529112.4362535918,181047.6289841256,0.0,0.009385262735469534,0.0,0.09744818076084844,0.041965731838422934
370,529109.9694966872,181051.52606315748,0.0,0.008998792232114004,0.0,0.09632651268898969,0.036549047058845575
371,529107.1605956745,181056.73436712747,0.0,0.009552289577929548,0.0,0.09867331436200971,0.04263812379475865
372,529127.5306605092,181057.2519013736,0.0,0.00987168320347717,0.0,0.10299928659630808,0.04084374881463419
373,529135.6069079327,181043.26801486025,0.0,0.009840896951536246,0.0,0.10482010483076162,0.03806513237501469
374,529132.7537512669,181046.16532805387,0.0,0.009896735479167492,0.0,0.10457251395291739,0.03978429707744899
375,529129.7432548524,181051.2035086163,0.0,0.009620914560242005,0.0,0.10111650580095367,0.03973122175725638
376,529115.1144471081,181067.82574488275,0.0,0.009392274178397298,0.0,0.10076903726988838,0.039206681847270254
377,529121.4845600277,181068.31756863085,0.0,0.00967095434703054,0.0,0.10016879671739543,0.04209298213048549
378,529130.1077682872,181073.3213664548,0.0,0.009764905148069497,0.0,0.10248805182175157,0.0404346082936944
379,529139.3901306143,181076.692034067,0.0,0.009962099795707908,0.0,0.10740353380202247,0.039837063781546146
380,529146.6651892263,181078.03183342968,0.0,0.010369298543783743,0.0,0.10727260380828381,0.041621131724303415
381,529156.8566789823,181082.0855953777,0.0,0.011164387098361657,0.0,0.11178467998371572,0.04315872806020016
382,529163.4515948334,181085.8829773612,0.0,0.011144669609713385,0.0,0.11438444511874467,0.04398902802628704
383,529169.6559414228,181088.845493236,0.0,0.011308104910403405,0.0,0.11463403277962322,0.04025516688629319
384,529177.436986338,181090.5281776657,0.0,0.011986706758697112,0.0,0.12024851123141841,0.04511938218692501
385,529126.5354271935,181092.36938183903,0.0,0.009576940352852371,0.0,0.10172375758237127,0.03652979680206563
386,529147.7017992509,181106.1064006037,0.0,0.010098470639203447,0.0,0.10608954046935713,0.03944359458949179
387,529146.3773935431,181113.66226330452,0.0,0.010379582123253095,0.0,0.10490443378623365,0.04220382407170684
388,529150.1685621642,181102.2093395581,0.0,0.010148083879719643,0.0,0.10891531112243039,0.038867164385417145
389,529157.2820366994,181105.85490337943,0.0,0.011077548533961699,0.0,0.11084831929905135,0.046344384793244014
390,529167.1648274492,181109.90084329536,0.0,0.01102531442673792,0.0,0.1139401416650264,0.0411568457318417
391,529123.7833236421,181099.3940046781,0.0,0.00972737035628738,0.0,0.10156366725415261,0.04162662558333503
392,529120.8296601734,181106.24851808048,0.0,0.009270444914420693,0.0,0.09981846478486768,0.03950087317356231
393,529115.6275945557,181116.5106877784,0.0,0.009134954753726065,0.0,0.09756402203744391,0.03864504998515994
394,529113.2302302525,181121.7294435888,0.0,0.00919374821092787,0.0,0.09730391703220707,0.041816036721509894
395,529108.4038496553,181129.36133229284,0.0,0.008449969456208238,0.0,0.09236413503559444,0.03888340446186055
396,529141.2232433275,181117.98600250616,0.0,0.009866780068460814,0.0,0.1050098671702019,0.04176567957661625
397,529137.5368512141,181125.31685565412,0.0,0.00985797392591435,0.0,0.10384959778579622,0.041440479586510114
398,529133.9617262398,181132.3205593852,0.0,0.009523666576224998,0.0,0.10045637299102873,0.038502568663879126
399,529131.3711632004,181137.03942934208,0.0,0.009299276638029912,0.0,0.10049489330842039,0.03773082894026432
400,529104.6355795593,181135.86517944955,0.0,0.008483472937285066,0.0,0.08972037802663545,0.039165336931575576
401,529101.3146860772,181145.02022638207,0.0,0.008630834296924027,0.0,0.09395941636679186,0.03947379720681493
402,529095.8100888801,181150.98500115832,0.0,0.008271777929697794,0.0,0.08874962410636071,0.03892628273895439
403,529118.2126624996,181160.62857054052,0.0,0.008362234552441707,0.0,0.09300629548778425,0.03630204817888509
404,529085.4147704694,181142.80144278985,0.0,0.00815972823025012,0.0,0.08914717127981875,0.03587124904309864
405,529078.889250788,181140.32583945617,0.0,0.007871168319957943,0.0,0.08528649954735092,0.037128069984162224
406,529073.7998216723,181138.051708863,0.0,0.007640900192801378,0.0,0.08408971583922688,0.03600574590889404
407,529068.3891927258,181136.264394222,0.0,0.007675644419503794,0.0,0.0830332880727468,0.03797242655329734
408,529068.012864292,181159.18837175984,0.0,0.007604687701724398,0.0,0.0822429983524586,0.03793851524770115
409,529072.3653838732,181162.10373877548,0.0,0.007914864073689173,0.0,0.08411879411392918,0.039429234405579675
410,529079.2204486271,181163.7627578656,0.0,0.007512447286184018,0.0,0.08423960639207786,0.03460694390331947
411,529090.1780203993,181166.0209657057,0.0,0.008140784665067088,0.0,0.08817913021508866,0.03891377631661994
412,529112.0051663114,181173.99999787024,0.0,0.008414899017963618,0.0,0.0941115443043697,0.03545644113029295
413,529114.5472769239,181167.1350243232,0.0,0.008408288019861584,0.0,0.09348253597159469,0.03471751087879217
414,529107.6638920475,181182.7991374441,0.0,0.008345872862560636,0.0,0.0892114335751451,0.0400671719647398
415,529086.5126749552,181172.52743914156,0.0,0.007691207646072138,0.0,0.08645443618772404,0.03613907489597832
416,529083.9915459853,181178.56801058163,0.0,0.007584552652627748,0.0,0.0845317389854547,0.0365040960230528
417,529080.7335345339,181185.24982385675,0.0,0.007286268311924858,0.0,0.08382474496387463,0.030596768541826393
418,529077.9289168217,181190.2932602148,0.0,0.007443732438156387,0.0,0.08181294937233285,0.03675478525301717
419,529074.4861070304,181196.145435689,0.0,0.007341454316735824,0.0,0.08187487132091777,0.03660375182559424
420,529103.1964671132,181188.4602744596,0.0,0.007956422213668216,0.0,0.08647044254594734,0.038743444501671526
421,529101.3912700856,181194.68401571663,0.0,0.007902594198276505,0.0,0.08787472268091924,0.03551213624037497
422,529096.8293630063,181200.0127784112,0.0,0.007805536679999774,0.0,0.0849083012250838,0.03766691589831425
423,529093.5922889436,181205.87016814403,0.0,0.0073062048204345,0.0,0.0819310854062355,0.03739112114859881
424,529090.2146499509,181213.20889458776,0.0,0.007523720278210819,0.0,0.08211724615780897,0.038241327340248134
425,529071.2155545724,181203.3219042056,0.0,0.007033954186070627,0.0,0.07812400151084359,0.03523207851955489
426,529069.3242762694,181208.8835108858,0.0,0.006893081833113296,0.0,0.07939002125295039,0.032948064916575565
427,529063.901720036,181215.6753475663,0.0,0.007221886844777811,0.0,0.08032201469591704,0.03784068207072474
428,529088.2814695586,181220.41932570745,0.0,0.007484561132426697,0.0,0.08481761747146566,0.03563539858102891
429,529043.318169334,181215.48259993485,0.0,0.006398304206657473,0.0,0.07408662204677686,0.033460774052832126
430,529046.7154601236,181219.52861650108,0.0,0.0062449826549270115,0.0,0.07266107165555595,0.03240664488417149
431,529050.4381212284,181222.92294044228,0.0,0.006738626231059004,0.0,0.07419344692105842,0.037775460768643646
432,529054.5782742874,181222.0381436479,0.0,0.006701650792979241,0.0,0.07544858603223727,0.03515382785270278
433,529058.2901761363,181221.80243202805,0.0,0.006853841826443228,0.0,0.07695763361308411,0.03489295018396051
434,529061.1204470666,181223.85418500847,0.0,0.006971761429513913,0.0,0.07779689730427028,0.036557038372918065
435,529065.75404192,181223.80687659016,0.0,0.006772687912263196,0.0,0.07569894783472512,0.03495705775317974
436,529083.7279744943,181225.41833354373,0.0,0.00752904148070178,0.0,0.08071106447495158,0.04016228719779531
437,529088.8550053397,181226.20852777216,0.0,0.007352186620939358,0.0,0.08213593580474153,0.03645857339894826
438,529093.9820347981,181226.99872719927,0.0,0.007120069813157937,0.0,0.08057570642612613,0.033592706230301445
439,529100.446446295,181227.82290744787,0.0,0.007446546445000644,0.0,0.08440426596226072,0.034577655916070434
440,529114.280198296,181230.31923243369,0.0,0.008000176183646622,0.0,0.08770883629172155,0.03668515766799277
441,529121.45635345,181231.4915024556,0.0,0.007666296903275623,0.0,0.08372366398746996,0.035649831392788336
442,529126.8058836098,181231.62743065009,0.0,0.007975666869434322,0.0,0.08931743095778016,0.0362101514360698
443,529132.9407095697,181233.2682258332,0.0,0.008111229784117551,0.0,0.08875523333682285,0.03608967166724281
444,529133.6729610018,181224.70737533603,0.0,0.008237800411687852,0.0,0.09024507822798332,0.037242269028608666
445,529134.2478695245,181218.2873911236,0.0,0.008547759346893604,0.0,0.09356178249981527,0.038315011912184775
446,529135.710953458,181213.37488292687,0.0,0.00852404119337471,0.0,0.09082454432446124,0.040608534295952195
447,529136.9682878123,181208.4571466229,0.0,0.009047634649640195,0.0,0.0912089970515942,0.04379192699972108
448,529138.0659618591,181201.7204679997,0.0,0.008663536433598913,0.0,0.09543588892750138,0.03730787332894808
449,529139.3065405509,181197.4622646596,0.0,0.008794998939599301,0.0,0.0943988644114625,0.03977071751111066
450,529147.3768087882,181232.3151670556,0.0,0.008434363484796321,0.0,0.0908072059787699,0.03912485583610174
451,529154.7251819215,181234.81177805256,0.0,0.008745003154999053,0.0,0.09554855776785456,0.03551578183300093
452,529164.0533275072,181236.36878231823,0.0,0.008891289425340183,0.0,0.09594891184111745,0.038148640959340736
453,529168.5211749291,181238.7921995076,0.0,0.008761399530726946,0.0,0.09559274133353174,0.0375240313472494
454,529172.4955969664,181240.3781302668,0.0,0.008974244230013154,0.0,0.09840402223088791,0.03607492286888443
455,529177.6477504446,181240.17911602365,0.0,0.008982549159198933,0.0,0.09574572762034107,0.03878900607155126
456,529183.0624243037,181241.80166660732,0.0,0.009311767159770109,0.0,0.09857871006991652,0.03935400811343377
457,529187.3789990931,181242.07638999177,0.0,0.009111491933612822,0.0,0.0984116828674696,0.03967853830232701
458,529193.6943953151,181244.71178825008,0.0,0.00958981210408409,0.0,0.0990576391816864,0.04137956551074049
459,529198.2376780811,181244.16733629664,0.0,0.009176197314456284,0.0,0.09989641474722943,0.03578986791774892
460,529202.5858594829,181247.2477007036,0.0,0.009631141199939103,0.0,0.10291143697399933,0.03935272966410156
461,529150.240142401,181224.9634046408,0.0,0.008814992358813873,0.0,0.09376763577730837,0.040964932887256146
462,529151.0985568587,181219.54056418213,0.0,0.008852700297090193,0.0,0.0949225277383057,0.037165078965834326
463,529151.5412785526,181214.27214874647,0.0,0.008898938835046883,0.0,0.095073016419093,0.03687143836111732
464,529153.0085707766,181209.1947621806,0.0,0.00934144601750256,0.0,0.09841144959298224,0.040912403639405445
465,529153.5583612799,181203.7640784385,0.0,0.009002521578251588,0.0,0.09891046077172831,0.03755056321278051
466,529154.4144773278,181194.38142980327,0.0,0.009353656526637074,0.0,0.09870743228387847,0.040585964278736786
467,529141.428793156,181190.916612959,0.0,0.009178083653906115,0.0,0.09850477525703627,0.042115321633456174
468,529143.8303492537,181185.53298691672,0.0,0.009155531110373916,0.0,0.09802448603515353,0.03863807442319796
469,529146.4460438198,181179.8248246616,0.0,0.00922745245206126,0.0,0.09816295212373849,0.0373588333182531
470,529181.2053944714,181173.1187723144,0.0,0.010438653222380762,0.0,0.10976214432063407,0.038650082722594716
471,529186.8868550728,181176.39800194456,0.0,0.010836339527588067,0.0,0.10952967271651197,0.0421420204728077
472,529190.4288570199,181178.7979002937,0.0,0.011162920907397645,0.0,0.11396204932315644,0.04248858345060927
473,529197.1977578655,181179.7949319888,0.0,0.010968839898208299,0.0,0.11364615726383082,0.04094553387513666
474,529205.3976270629,181209.53655594183,0.0,0.010491818751160429,0.0,0.10768568754569573,0.04024285288078724
475,529202.9099067026,181214.2580059976,0.0,0.010359831067836915,0.0,0.10842170495406445,0.03935845163323531
476,529169.7465192297,181222.98434180536,0.0,0.009365302961910139,0.0,0.09730876050220941,0.04117768125298197
477,529204.8720068979,181242.35613615485,0.0,0.009536016462677837,0.0,0.09979987376233194,0.03917502798089437
478,529206.5157519584,181238.43817701103,0.0,0.009851981726967883,0.0,0.10699748427371476,0.03697990284347516
479,529209.2637169649,181231.5784800813,0.0,0.010024565916941938,0.0,0.10625587743682792,0.04057156355648137
480,529210.9977669087,181228.1577873137,0.0,0.010383607009712097,0.0,0.10696665793946973,0.041264918035385824
481,529189.8504076004,181201.5517651374,0.0555555555555555,0.01019522026890189,0.0,0.10847190943685626,0.04141162327279691
482,529213.1768616886,181223.4284936896,0.0,0.010648524646343187,0.0,0.1111061164439973,0.041381502541502704
483,529215.0366918984,181215.06130990217,0.0,0.010064495938046465,0.0,0.10654170647287162,0.03822670115921459
484,529217.2977084798,181211.15904920647,0.0,0.010313608021121167,0.0,0.10809004832304378,0.04088359545060378
485,529211.5618054264,181210.0232644538,0.0,0.011213531364823934,0.0,0.11310346653573472,0.04341037716339527
486,529224.4500490993,181193.02706529683,0.0,0.011936949812466454,0.0,0.12073311498515284,0.04210148104142694
487,529228.4896323662,181196.0996031504,0.0,0.01185872200799997,0.0,0.12046784884355412,0.04161565974225289
488,529229.7554464438,181190.85212230525,0.0,0.011724888281837953,0.0,0.12230210629448753,0.042135095045770996
489,529227.7603612713,181232.8737604628,0.0,0.010445304569016994,0.0,0.10975965135499928,0.038247710038749924
490,529229.3054441672,181228.7883092384,0.0,0.010630284043096934,0.0,0.11186491213419136,0.040593232432336944
491,529230.5125509368,181225.84919150505,0.0,0.010855051316813436,0.0,0.11183118283427822,0.042774364726168496
492,529232.4649480089,181221.93908892828,0.0,0.011490050181763647,0.0,0.11402271939985209,0.04573699093065832
493,529260.4755279573,181257.9592988432,0.0,0.011109551664432086,0.0,0.11531561259794794,0.043069008101003586
494,529253.2826592524,181257.44636352983,0.0,0.011028788015718303,0.0,0.11308816788218642,0.04232678935844462
495,529249.1151042237,181255.36048657435,0.0,0.010556477838006291,0.0,0.10876824745435572,0.03919832488652848
496,529244.4857229745,181255.2427441923,0.0,0.01047783346662892,0.0,0.10896031514462524,0.04034747664264407
497,529239.1781491071,181253.45786081348,0.0,0.010448759147804805,0.0,0.10923839857549682,0.04290804981305562
498,529231.0803618486,181252.0969947232,0.0,0.00980901410082358,0.0,0.10616916878290031,0.03841061644229821
499,529224.7817639677,181248.80201716872,0.0,0.010165613124251571,0.0,0.10412882404046614,0.042310196555568245
500,529219.9192199928,181245.708553742,0.0,0.01049808672634611,0.0,0.1081610142051162,0.043582757812184195
501,529245.0890842351,181154.6143622052,0.0,0.0143271214440574,0.0,0.13800313758818158,0.049051066084261845
502,529248.2528426048,181147.60026830863,0.0,0.01441859891094032,0.0,0.13969605784138364,0.046901858741955994
503,529240.5915555242,181145.2605576056,0.0,0.014737598870693388,0.0,0.13909631860675364,0.04786927873305329
504,529235.8401808864,181141.8399310478,0.0,0.013955658034963783,0.0,0.1325822648678061,0.04685514744240625
505,529270.9460722741,181125.57388546487,0.0,0.01726999294385163,0.0,0.15516168796183114,0.05338703493982731
506,529262.7452076686,181124.2103552972,0.0,0.0166545220288048,0.0,0.15091560810589885,0.05295431643213358
507,529255.2412860813,181119.72976032784,0.0,0.016111102678956473,0.0,0.14782515735185606,0.049202605155361366
508,529247.3825899035,181117.0550407708,0.0,0.016087868125863044,0.0,0.1461396712402655,0.05167792134049204
509,529241.2979710504,181113.4355127093,0.0,0.015430702681901252,0.0,0.1443421835699229,0.05003428156473621
510,529235.5177848884,181109.98872379487,0.0,0.014727621414282242,0.0,0.14039090298302845,0.047724181600908674
511,529229.224426257,181138.86686802356,0.0,0.01374730934803634,0.0,0.13475867994026983,0.04650957226715378
512,529214.2691293621,181131.8870010238,0.0,0.013319905857263368,0.0,0.13034982647774399,0.04746448773299585
513,529229.4247637388,181106.69897634943,0.0,0.014465843411803691,0.0,0.13739717652235547,0.04750305657789603
514,529208.8878821948,181128.9453546533,0.0,0.01301122746328927,0.0,0.12913600343832043,0.04698981748458912
515,529223.327542244,181103.57411940504,0.0,0.014263107389061726,0.0,0.13778990265491395,0.049690473781579786
516,529202.4652755455,181126.47220760188,0.0,0.012369328730668771,0.0,0.12450099116705678,0.04438342381233692
517,529193.9851072385,181123.94676068,0.0,0.012346473670834936,0.0,0.12332709141928562,0.04521792655424718
518,529216.7117296908,181100.60107375024,0.0,0.013705657764684609,0.0,0.13529561576861926,0.0459886675207246
519,529213.5518495941,181099.3658024408,0.0,0.013709771946404938,0.0,0.13413061077761526,0.04464649998634314
520,529213.6818108335,181094.2544278653,0.0555555555555555,0.014208182575402597,0.0,0.13409320876349157,0.048675337275034196
521,529212.2202151811,181086.9577215584,0.0,0.01392069610609783,0.0,0.13664704962721405,0.045420695838178864
522,529210.695731908,181082.1342615373,0.0,0.014096277871383952,0.0,0.1359221721198526,0.04861812030865796
523,529210.578010326,181078.6664861124,0.0,0.013832193752715993,0.0,0.1363034234141567,0.04573746940914564
524,529210.4202920832,181072.7228493069,0.0,0.014288490007282056,0.0,0.13670659341300753,0.04831933895326524
525,529209.0931755741,181068.23438744916,0.0,0.013833275736878087,0.0,0.13233382531517918,0.04915150412268749
526,529209.8445972762,181062.97382407656,0.0,0.013865313650676843,0.0,0.13453916473919805,0.04752980620212984
527,529211.8873347742,181059.5609785673,0.0,0.014302427903570069,0.0,0.13740655572615462,0.047650753161624704
528,529188.7086677129,181072.335865966,0.0,0.012386697183029791,0.0,0.12333906037913021,0.0451287571920545
529,529187.596050957,181075.60737454207,0.0,0.013134009313872413,0.0,0.12673061727410573,0.04765653521596115
530,529187.4367767525,181081.87293062813,0.0,0.013051722587154539,0.0,0.1265985821934394,0.047245226776664484
531,529183.0282405561,181093.31013685372,0.0,0.012375582133079942,0.0,0.1217115984127772,0.046696275552683436
532,529220.6556057581,181071.0032173663,0.1111111111111111,0.014560776511461121,0.0,0.1381235919248382,0.04554850898545998
533,529226.2552458458,181073.45545800927,0.0,0.015081590684912112,0.0,0.1439576531149615,0.04675451745227865
534,529217.4850611808,181066.13790113595,0.0,0.013973247810706801,0.0,0.13811959818601716,0.04698777500322971
535,529232.5744180265,181059.75701555377,0.0,0.016037736111508154,0.0,0.1484188397991277,0.05077681005575485
536,529228.1190139048,181056.83889553425,0.0,0.01563843632635322,0.0,0.1460627002697883,0.05205707404769916
537,529224.0918918857,181053.27171123755,0.0,0.015338751643982587,0.0,0.14262571117908482,0.04947204470239301
538,529220.0144548528,181051.68312670087,0.0555555555555555,0.014760446540688192,0.0,0.1407509291943761,0.04720559295129905
539,529186.3397879313,181060.2314070676,0.0555555555555555,0.012609333239384304,0.0,0.1257416057425988,0.04379768494369332
540,529145.4227988219,181049.9520390079,0.0,0.01054028543993013,0.0,0.11032532937334641,0.04106912198940805
541,529150.5080995101,181052.391123258,0.0,0.010915763366826207,0.0,0.11324956351677103,0.04429724224989081
542,529152.2658626827,181060.19030260725,0.0,0.010608679611460616,0.0,0.10986908574147117,0.042160138339221435
543,529158.3692509349,181059.0254983233,0.0,0.010639117007792347,0.0,0.1116994231574042,0.04016413919824326
544,529163.4796803168,181060.47529746132,0.0,0.011375235101423697,0.0,0.1170884108569643,0.04390252519187608
545,529167.322032587,181063.21278820687,0.0,0.011907998274855634,0.0,0.12015797064901176,0.0452643243483671
546,529173.7679870484,181068.82128207904,0.0,0.011977342990459916,0.0,0.1177922665648239,0.044747982757302504
547,529177.8739711819,181053.08664868167,0.0,0.011690900601481964,0.0,0.11858041243554174,0.04115740944213613
548,529174.2164199944,181051.1787952036,0.0,0.01171051536743677,0.0,0.119717584242175,0.04248399447050599
549,529168.3164755693,181048.3890021664,0.0,0.012000345417047977,0.0,0.11952908179212905,0.044318762566652896
550,529163.8526452899,181045.8007054238,0.0,0.010710160503322113,0.0,0.11162550679621008,0.03935809452423236
551,529157.3605551588,181042.0059385712,0.0,0.011491765894537619,0.0,0.11616321192938418,0.04663872958500474
552,529153.5139907798,181039.43333884163,0.0,0.010725378869787135,0.0,0.11042213875340784,0.04280666604189593
553,529157.5319311551,181027.16123444284,0.0,0.010980662678143844,0.0,0.11303555548113489,0.04018382425896794
554,529163.6376657428,181029.9562438544,0.0,0.01091518374540544,0.0,0.11558635388486735,0.03906291071224722
555,529167.5577774149,181033.68564736107,0.0555555555555555,0.01187011131642924,0.0,0.11768996742748997,0.046530538337146106
556,529172.4163716856,181036.94393903777,0.0,0.011748207743433655,0.0,0.11855405407907181,0.04328211872653395
557,529175.9752455868,181038.6842929657,0.0,0.011781434931327666,0.0,0.12050252077952345,0.044218162540758915
558,529179.5173526531,181041.08418162767,0.0,0.012187714085013462,0.0,0.12400007158814164,0.04264968803523605
559,529183.3471384126,181044.31633348204,0.0,0.012684130676919257,0.0,0.12800579357747868,0.04316956769300835
560,529187.428783118,181045.74000523664,0.0,0.012394733090795128,0.0,0.12632894191033125,0.042188155649757635
561,529197.208060965,181033.6143865919,0.1111111111111111,0.01291414617672218,0.0,0.1288643178611678,0.04222752848715956
562,529190.8756309836,181031.638521074,0.1111111111111111,0.012845174842079431,0.0,0.12656157289631217,0.04652280126433192
563,529187.1319540159,181029.0685110649,0.0,0.01299849125420119,0.0,0.12494410200072521,0.046368667460203475
564,529184.6395953946,181025.87035351223,0.0,0.012212465773675909,0.0,0.12201518494370951,0.04440232898454888
565,529182.0024419888,181024.31841257945,0.0,0.012478212387445141,0.0,0.12494227924667027,0.04619169041623177
566,529178.0529954723,181021.74317923523,0.0,0.012063036862893723,0.0,0.12101624383967749,0.04462148203953243
567,529173.2721240248,181019.47679561732,0.0,0.011779673259153758,0.0,0.1173181716919759,0.043356771034925405
568,529169.3603862107,181015.4176217896,0.0,0.011883523285876978,0.0,0.11993800132666188,0.04462533722972235
569,529190.325882469,181055.5051007452,0.0,0.013173172525645595,0.0,0.12873460970238682,0.047579746752560007
570,529193.891134134,181049.87999782123,0.0,0.013105878773337727,0.0,0.12754431939184496,0.04731440530421287
571,529201.7043677383,181040.0398650676,0.0,0.013442503535908992,0.0,0.1328353909671508,0.04598702636032973
572,529205.1720643955,181034.3194495164,0.0,0.014125473093509497,0.0,0.13370627861101703,0.04740024842244615
573,529208.3770556869,181031.0125971007,0.0,0.014134497490389343,0.0,0.13583509554307896,0.04717307646272251
574,529210.2104097735,181026.2187288665,0.0555555555555555,0.014668947028517561,0.0,0.13783046125350568,0.0509183925275409
575,529216.1892743212,181020.72351558047,0.0,0.014545113583983246,0.0,0.13959250434028028,0.0470126344985492
576,529205.6703206475,181018.68123126304,0.0,0.01401240152360296,0.0,0.1341674248827298,0.04749194881773916
577,529198.7423978497,181013.98732153128,0.0,0.013624946141157772,0.0,0.1320339998373288,0.047533977188254216
578,529205.0968829637,181005.59735638904,0.0,0.013306513274223221,0.0,0.1313068005513889,0.046288303810314825
579,529209.7394749623,181009.10372539173,0.0,0.013963364082380211,0.0,0.1340316896865302,0.04574332719064055
580,529220.5993894173,181013.5749270993,0.0,0.014623420039032201,0.0,0.1401425284807379,0.04675396803597959
581,529222.3034504489,181009.9072206486,0.0,0.015020623747059262,0.0,0.1422630244253567,0.050328965476673815
582,529225.4570580468,181004.66287921809,0.0555555555555555,0.01525099175027482,0.0,0.14188736245347067,0.04838190129075532
583,529219.7712054912,181046.14643952547,0.0,0.015069781057440314,0.0,0.1411703790227486,0.048906059808091665
584,529221.8940947271,181041.84398516556,0.1111111111111111,0.015107220836102211,0.0,0.14203649204012153,0.04914637248835197
585,529224.394825536,181038.51923533692,0.0,0.015103494883393746,0.0,0.1427820959987992,0.048805402754482745
586,529226.6984402685,181035.0281249912,0.0,0.015266532758598338,0.0,0.1416647045091029,0.04961569350552299
587,529230.8581366811,181029.8093699786,0.0,0.015682147259873377,0.0,0.14614751869514025,0.05059713981725151
588,529233.7777197782,181025.84987773653,0.0,0.015632487030374634,0.0,0.14573566670013807,0.05008227129143438
589,529236.6973072841,181021.89038712505,0.1111111111111111,0.015664208972871407,0.0,0.146781177591655,0.0469752298919137
590,529232.0187572849,181043.55358015627,0.0,0.016239869436084485,0.0,0.15020481299667668,0.05279963875518923
591,529237.2772535526,181046.5915905125,0.0,0.015726941428156307,0.0,0.1469418843735835,0.049275606601370925
592,529230.3806570461,181001.0770408808,0.0,0.01514749233300252,0.0,0.14512862550145383,0.04746878548631992
593,529233.111334714,180996.62869613635,0.0,0.015374085354851085,0.0,0.14569122457474182,0.04612788411683328
594,529237.1458536691,180992.37485814848,0.0,0.01606661978605818,0.0,0.1496411897296208,0.05141354136573522
595,529242.0539478941,181013.1523922697,0.0,0.016406149415356504,0.0,0.14864964048391988,0.05069473763842779
596,529245.3759895207,181009.20314089276,0.0,0.0166689417171533,0.0,0.1530400530833235,0.05117017798085291
597,529247.8130473734,181004.4246376952,0.0,0.01661687472406394,0.0,0.15309763796225384,0.05091758934277689
598,529251.2439109966,181000.15545855404,0.0,0.016801419024010403,0.0,0.1555103668498038,0.05137774633873582
599,529230.9941042921,180988.83008835104,0.0,0.015476156528402353,0.0,0.1426626091043715,0.05157212109374747
600,529227.5588348615,180985.354399544,0.0,0.014579631956855445,0.0,0.1396575267346127,0.04698643839721251
601,529223.7047178019,180982.51346064516,0.0,0.014581270742896762,0.0,0.14157923771319952,0.04648445453282645
602,529240.0320620475,180973.89307661296,0.0555555555555555,0.01517715273497489,0.0,0.1437845675690441,0.048972785576132306
603,529236.9027210743,180970.2638121705,0.1111111111111111,0.0153846449062159,0.0,0.14596217382065482,0.04962946946587758
604,529230.8351541065,180967.3665819448,0.0,0.014988290784466226,0.0,0.14233861528599942,0.04918309873035415
605,529226.5833779131,180964.11529669823,0.4444444444444444,0.014161506476571939,0.0,0.136546515736615,0.04914202866278624
606,529222.5441806032,180959.83390275456,0.0,0.013912303596533124,0.0,0.1338567614869428,0.046526075748980274
607,529217.4100629636,180956.6643158572,0.1111111111111111,0.013488245389963722,0.0,0.13249597120073858,0.046148507875758464
608,529213.6537798648,180955.23922901627,0.0,0.012973031224388845,0.0,0.12856712599827266,0.043612476382368204
609,529219.8145622008,180979.75611041253,0.1111111111111111,0.013863214925407657,0.0,0.13500871727824232,0.046147414375440954
610,529214.3482008916,180975.2130135124,0.0,0.013752364763110902,0.0,0.13074194322997287,0.04710379680492717
611,529210.3811235438,180972.4972109797,0.0,0.013493296742578594,0.0,0.13005994376020413,0.047275097050544744
612,529206.8221595827,180970.6175581978,0.0,0.01322476015380467,0.0,0.13054099133038635,0.04592089040022221
613,529215.5203794275,180986.52835175363,0.0,0.014081407920241087,0.0,0.13351324217539692,0.04715144499869097
614,529212.4703190587,180990.63989033407,0.0,0.01410073731731684,0.0,0.13460434881488129,0.04856418771065765
615,529209.4296196268,180994.34053108108,0.0,0.013966623452673264,0.0,0.13522372025026713,0.047616450591420716
616,529202.4041404065,180988.6524099468,0.0555555555555555,0.01328286012000951,0.0,0.12921102197286405,0.045058455264193116
617,529205.4448376745,180984.9517650508,0.0,0.013471512979444182,0.0,0.1310459571223419,0.04476469978285548
618,529258.4077941318,180991.8080491557,0.0555555555555555,0.01714777653654116,0.0,0.15668520654277543,0.05177179642426395
619,529262.5482655079,180987.34833531483,0.0,0.017660564279866345,0.0,0.16137025093189852,0.05284698419739295
620,529264.8317603265,180982.5265627488,0.0,0.017988710727507417,0.0,0.15945270702274,0.05447803301264957
621,529268.2891450817,180977.8920642353,0.0,0.018138844641347775,0.0,0.1639022078238093,0.05453251176973833
622,529271.6443771382,180973.4123840756,0.0,0.018171538893003065,0.0,0.16143440496653583,0.05469575281191713
623,529274.5949805378,180969.3946572831,0.0,0.01786305481998583,0.0,0.1617760949078252,0.0536926930366501
624,529277.2231045804,180966.47063135792,0.0,0.017901037986990075,0.0,0.16178917046426447,0.05275179385763185
625,529280.0094146491,180961.18941124287,0.0,0.018174257409264063,0.0,0.16121994839752346,0.05203653306465824
626,529282.4412305445,180958.26039410327,0.0555555555555555,0.01826545413400481,0.0,0.16178373039019028,0.05610791000957356
627,529245.4766523577,180978.88601008605,0.0,0.016205649781334583,0.0,0.14839622646402945,0.05235076823222664
628,529247.7001231486,180976.42392271524,0.0,0.01644447821443635,0.0,0.15083907055159282,0.05108069540209689
629,529250.4583915332,180972.2438767801,0.0,0.016551050630997346,0.0,0.1508863984192015,0.04981437145273476
630,529253.9037664426,180968.0813071592,0.0,0.01627050576955054,0.0,0.1515121641768523,0.05068336932447825
631,529256.9423799033,180960.6026878817,0.0555555555555555,0.01636419728856713,0.0,0.1509660427357804,0.05194748535738885
632,529260.7443883695,180957.86592418188,0.0,0.01611073263802728,0.0,0.15052491108430013,0.050569323389100244
633,529264.0694881561,180950.70942432145,0.0,0.01637498285866728,0.0,0.149320313803336,0.05197246272954416
634,529269.3057377768,180945.64792708337,0.0,0.01626264572240468,0.0,0.1482135590538795,0.05073973600079315
635,529274.3736922129,180939.48025172547,0.0,0.016187029633338925,0.0,0.1493473080550207,0.05050635891245396
636,529278.8807212568,180932.1964101652,0.0,0.01689525248532959,0.0,0.15258287295429943,0.05404124162827805
637,529282.8049310953,180928.5182825066,0.0,0.01714355080159775,0.0,0.1538117384329031,0.05283921820891339
638,529286.2503606078,180924.35573419044,0.0,0.017685984449836056,0.0,0.1580197295510577,0.05508900886586021
639,529289.1729882282,180921.43920524564,0.0,0.016682132737744795,0.0,0.15442783217012238,0.05118982389531487
640,529286.3192910108,180952.5347055748,0.0,0.01835428557524002,0.0,0.16200974365612997,0.05562688901192586
641,529290.2995197729,180946.65420420188,0.0,0.018248311671344553,0.0,0.16413026771950862,0.05351407980662869
642,529292.6371923211,180943.56538186767,0.0,0.018306432115023225,0.0,0.16285921872925177,0.0532319728731789
643,529295.0610192049,180940.95099623763,0.0,0.018358598208304835,0.0,0.16268592270615748,0.05281135158114247
644,529298.6646430846,180934.43126113896,0.0,0.018646675731843993,0.0,0.16261405406630192,0.055312558910634746
645,529301.7915937377,180931.2051082989,0.0,0.018750255916892257,0.0,0.1654263566371542,0.05742359134656527
646,529291.1780667579,180915.98070159252,0.0555555555555555,0.0165848702999239,0.0,0.15308329733594384,0.05179657845245515
647,529295.5770818412,180912.94432042923,0.0,0.016602057008540904,0.0,0.15123289281746755,0.05094088078493148
648,529298.6419040408,180908.29985303665,0.0555555555555555,0.016952932954514582,0.0,0.1511427665026402,0.054179513794825496
649,529305.2410400899,180926.88525981252,0.0,0.0187250231753148,0.0,0.16712098528346167,0.05605450882088992
650,529308.0193937825,180921.91868017803,0.0,0.018255880557669826,0.0,0.16004249529097772,0.055946235221267904
651,529312.9452307076,180917.47898589005,0.0555555555555555,0.0184884061074525,0.0,0.1626840833498457,0.05451028111967175
652,529314.4936588865,180914.52750585525,0.0555555555555555,0.01776720125063702,0.0,0.15911328778126893,0.05261238315406118
653,529316.9535352867,180910.49731509807,0.2222222222222222,0.018130644382068697,0.0,0.16030714786649902,0.05230788648085416
654,529319.6459355336,180912.7696284008,0.0555555555555555,0.01837278290650771,0.0,0.1629791704191088,0.055371348034306114
655,529323.4861275726,180912.39510053687,0.0,0.01856298644366098,0.0,0.16415938744951197,0.055020221697648634
656,529325.7458593771,180916.230554256,0.0,0.01865196591259412,0.0,0.1654060783817997,0.05240976107122103
657,529329.6902932017,180919.47922127656,0.0555555555555555,0.01933784446910076,0.0,0.16779736884439236,0.0537483553817726
658,529335.6339193734,180921.3620354605,0.1666666666666666,0.020383693843528464,0.0,0.17418800848047322,0.05835203103681116
659,529340.4257361371,180926.04900817983,0.1111111111111111,0.02086001081932036,0.0,0.177465303633217,0.0562498979166113
660,529344.9470913849,180929.7846142744,0.1111111111111111,0.022023578254946077,0.0,0.18481390295352337,0.05964388584609941
661,529343.6631653728,180937.78008759132,0.0,0.0232088820782536,0.0,0.1910703491630953,0.06317334231422901
662,529277.7654037655,180883.3695117811,0.0,0.014009895103828872,0.0,0.13495606240475777,0.047180050144331465
663,529282.6133333212,180885.8540488604,0.0,0.01486409313591712,0.0,0.14061299747051773,0.04965599373612737
664,529290.063528302,180890.2937651384,0.0,0.015592784663947748,0.0,0.14250413740839415,0.05185341692387496
665,529293.0464260286,180892.7308680096,0.0,0.015467393263873001,0.0,0.14505136286423576,0.050305719159929964
666,529297.1050663593,180895.35275489063,0.0,0.01593911362496001,0.0,0.14884487580526548,0.05077175437658199
667,529300.9433712998,180898.9135273355,0.0,0.01679695664165346,0.0,0.15525764213505763,0.052253850106291425
668,529306.4503693188,180902.51675850103,0.0,0.01709204552641854,0.0,0.15102413560575578,0.05447206953480959
669,529306.8464116681,180879.229468399,0.0555555555555555,0.015214131418722805,0.0,0.14558191751511823,0.04766177138699557
670,529290.064967153,180870.9318042336,0.0,0.013051412903694711,0.0,0.1291170108302981,0.0417948837132199
671,529293.3101178217,180866.92157897487,0.0,0.0139957232140459,0.0,0.13574631432440495,0.048128706338850656
672,529296.3549524061,180863.06367412003,0.0555555555555555,0.014174912774079902,0.0,0.1340354385610565,0.04940987880123942
673,529300.0989150513,180858.75131351012,0.0,0.014083613056134054,0.0,0.1350697701146208,0.04811127130645858
674,529303.6945921112,180852.54620731092,0.0,0.01333508741880369,0.0,0.13095517508514964,0.04531688357015722
675,529306.3187870062,180849.7795084926,0.0,0.013838148670738173,0.0,0.13502529011580872,0.047583998322958405
676,529310.7538888038,180845.3273245128,0.0,0.013600945393993112,0.0,0.13313760566784444,0.046495116527500116
677,529308.7213439388,180875.02697644537,0.0,0.015363531890439609,0.0,0.1435818050188473,0.049943354311881114
678,529312.5474583092,180871.3463735728,0.0,0.014773071091134902,0.0,0.1450554730853936,0.04687553940566163
679,529316.0209674379,180866.0826551765,0.0,0.01528753372552483,0.0,0.14329710908296642,0.05029291878059211
680,529321.7140363766,180858.51419592195,0.0555555555555555,0.014295462667039786,0.0,0.13979139607909985,0.047622707112735925
681,529314.9156651535,180886.36102094664,0.0,0.01629042326460294,0.0,0.14813903800164527,0.05228957158484331
682,529318.1308970893,180887.38731859403,0.0,0.016543482465099537,0.0,0.15230206221733145,0.05020452030921154
683,529320.4888041712,180891.2252672329,0.0,0.016835951596934216,0.0,0.15128385149355641,0.05380791389365339
684,529324.3711296321,180893.05561672268,0.0555555555555555,0.0175908345706432,0.0,0.15651881202009393,0.053100606104657486
685,529328.4257514678,180895.83484170027,0.0,0.01795443844780856,0.0,0.1595211797352509,0.054382751562400716
686,529334.7841374193,180900.71908685192,0.0,0.018360198120673122,0.0,0.16229693208164264,0.05453025349050544
687,529339.4898273811,180904.9316218605,0.0,0.01912630770374915,0.0,0.1672133111447935,0.05647553479246303
688,529357.7008754043,180880.2087567224,0.0,0.017532272482373115,0.0,0.1573163501153313,0.05413717859895487
689,529353.0653078613,180877.0998929423,0.0,0.01752184944828882,0.0,0.1553133657373094,0.05490206856335292
690,529349.1408721604,180873.0646443012,0.0,0.01660527846220569,0.0,0.1540092887638944,0.05150331061995546
691,529342.2676447848,180869.11176795448,0.0,0.016469627916907818,0.0,0.1500316050839574,0.05379837627522976
692,529335.5125828407,180864.3748350999,0.0,0.01515023162730469,0.0,0.14524921223112938,0.04821917318729836
693,529329.1501466742,180859.64790279348,0.0,0.01493214307639955,0.0,0.14222931810477119,0.04601244642008045
694,529314.609949273,180836.6102160261,0.0,0.013185794181069023,0.0,0.13070849993735636,0.045814350380132846
695,529317.8951670822,180831.02687808263,0.0,0.013402759628961982,0.0,0.1310248139878638,0.047816668806558715
696,529322.2441429753,180826.10026784788,0.0,0.012938757426385351,0.0,0.12549373123990276,0.047048806880876766
697,529326.8294774299,180819.6055289397,0.0,0.01219374894349434,0.0,0.12261520622121982,0.04386164499131607
698,529331.0923201529,180814.20448993097,0.0,0.012508286133634236,0.0,0.12324976657953084,0.04593245946359678
699,529335.6736727161,180807.8670715485,0.0,0.011840052132672965,0.0,0.12133022782489225,0.044155999215477276
700,529340.3612037603,180801.21752965343,0.0,0.012167755925308039,0.0,0.12287466432038807,0.045259984452241796
701,529344.8123900574,180796.13612345257,0.0,0.011651886991906469,0.0,0.11980178306852039,0.04291354673244228
702,529347.8693145072,180791.80631023995,0.0,0.011642163020850303,0.0,0.11548669312554866,0.04239009021211579
703,529352.9535231594,180785.00945956967,0.0,0.011273283767221457,0.0,0.1156905752229368,0.041977539135992704
704,529358.0257333614,180778.6845521365,0.0,0.010692022655637255,0.0,0.11380373503185831,0.03941710447454045
705,529357.8211368537,180763.56753643352,0.0,0.010452315034347568,0.0,0.1093618090867309,0.04374410649372037
706,529363.9249760242,180751.4445476704,0.0,0.010174201856312836,0.0,0.10574219695054278,0.04174104326866601
707,529361.5453295857,180767.75510581143,0.0,0.010825726606613099,0.0,0.11093094085012525,0.041537013601567106
708,529368.5005944036,180756.9131104796,0.0,0.010550601467358254,0.0,0.11127046808343756,0.04254263787477921
709,529362.9917865392,180772.6717766872,0.0,0.010496875226036713,0.0,0.11173552460709069,0.039355436756305304
710,529367.6153170792,180768.53926343945,0.0,0.010483249375863814,0.0,0.10933765139977517,0.04121094624409237
711,529372.6635352931,180763.15824679888,0.0,0.010612299168278154,0.0,0.10969662481783767,0.041660689911077374
712,529375.4260174785,180758.82095374487,0.0,0.010501699888458572,0.0,0.1089538254424616,0.04229107777704236
713,529378.6913257507,180754.02421766368,0.0,0.010258912506161743,0.0,0.10714401534345966,0.04024750118117022
714,529380.8728564688,180749.3573094264,0.0,0.009770901594491208,0.0,0.10378942139706214,0.037894078164206264
715,529384.7231417155,180744.7328827008,0.0,0.010088040276198763,0.0,0.10578947741799413,0.042474673904301576
716,529400.5918205124,180804.3248087552,0.0,0.0131303908241814,0.0,0.12888952973427584,0.047006168320880844
717,529396.3688736395,180800.43933950123,0.0,0.013094180039712312,0.0,0.127935132009555,0.04800422023314404
718,529390.9920200699,180795.58000903245,0.0,0.012311558781824865,0.0,0.12163634936853397,0.04584027723973903
719,529385.5550848927,180793.0803758817,0.0,0.012079428633692607,0.0,0.12216144752108174,0.04266964857834562
720,529381.5604760044,180787.94141507425,0.0,0.011688061321336696,0.0,0.11590167781764825,0.043367261905133084
721,529377.8283060417,180784.06845593144,0.0,0.011246826620326122,0.0,0.11578496124007541,0.042049506118786065
722,529384.1265393451,180775.88580606825,0.0,0.011361021467075016,0.0,0.11523562383585007,0.04530452603177743
723,529387.1093765888,180770.6096404387,0.0,0.01076556137264814,0.0,0.11108793827209379,0.04133572241558985
724,529390.8775110333,180765.35346844676,0.0,0.010883063291242763,0.0,0.11274806834119025,0.04159089123776923
725,529395.8556314181,180758.86878614555,0.0,0.010321747645860958,0.0,0.10637050907778565,0.03910017819116762
726,529390.0496904567,180724.56198528816,0.0,0.008962728855416461,0.0,0.09595397481368252,0.038343488373605725
727,529394.8096171789,180730.50750784983,0.0,0.009536871745920748,0.0,0.09869445119096247,0.041459096248954955
728,529393.567425952,180717.56787791816,0.0,0.009214231123253636,0.0,0.0968373262637259,0.04043565322742175
729,529399.5312980162,180718.6641992086,0.0,0.009562000905534593,0.0,0.10142186542107055,0.04145965864865629
730,529367.1799608581,180727.75778096617,0.0,0.00916193421748291,0.0,0.0962289317244186,0.040107600414567145
731,529364.4573832514,180722.8086289896,0.0,0.009379823141627622,0.0,0.0980693562943572,0.0407830829751572
732,529370.4053557027,180732.24748920783,0.0,0.009600024379941861,0.0,0.1005126955798599,0.04216544142090466
733,529374.2016409449,180733.6034378632,0.0,0.009426282799009962,0.0,0.10124961314910015,0.0382677844724811
734,529378.5028025575,180738.27794967973,0.0,0.009600460520103936,0.0,0.09923442455114173,0.04007196307192197
735,529381.0690793003,180741.6489845017,0.0,0.009727690290382724,0.0,0.10345730985106313,0.040891406043205694
736,529406.2946448437,180738.5132345748,0.0,0.009153009529102488,0.0,0.101594477320046,0.034752325053386865
737,529410.3994499373,180743.182775392,0.0,0.010004314583148183,0.0,0.10513187092621593,0.04165282782913133
738,529413.8531651343,180746.4190088605,0.0,0.009949299121658067,0.0,0.10512774330267026,0.03884430737223915
739,529418.8334004958,180751.4256772912,0.0,0.010322737055801548,0.0,0.10752167060391882,0.0421987662842623
740,529423.7234760976,180756.1152256772,0.0,0.010742307900063702,0.0,0.11028423612573306,0.04208809322420646
741,529426.4700131965,180760.12053439737,0.0,0.010423780549226097,0.0,0.10833991500281324,0.03921637034313688
742,529429.7694597556,180765.55665786783,0.0,0.01116827935653479,0.0,0.11277019969715381,0.042984790657513226
743,529434.3069282123,180768.66309044475,0.0,0.011204065628328402,0.0,0.11268780348018881,0.04494652530726661
744,529480.4272674089,180685.62090425787,0.0,0.007712401010882805,0.0,0.08584177247953124,0.03516990466027855
745,529531.2354771455,180696.2029778328,0.0,0.00798888755229077,0.0,0.08628979900371105,0.03885452117544535
746,529527.4151461998,180695.7907878616,0.0,0.007880257569385665,0.0,0.08867107885832239,0.03661511919654352
747,529522.6431986581,180698.0304028733,0.0,0.008119801186271529,0.0,0.08942210814806043,0.03743651837586599
748,529519.1593969858,180699.8306030215,0.0,0.007797221163976343,0.0,0.08508201008098935,0.03543887268171127
749,529513.9667460978,180703.16140916184,0.0,0.008258049662302303,0.0,0.08978871613609826,0.037142885360298625
750,529510.1523868137,180706.3699256572,0.0,0.008195772031495706,0.0,0.09251831690537035,0.03552059180110816
751,529507.27556505,180711.3338970056,0.0,0.00848441281175444,0.0,0.09244401103525064,0.03860748863472728
752,529503.6835536894,180717.38155069447,0.0,0.008644545545479589,0.0,0.09239560926620621,0.03910064075717621
753,529500.045494884,180721.38164046223,0.0,0.008642072887547597,0.0,0.09334198058680428,0.038593840059479925
754,529485.3891137168,180741.4721556592,0.0,0.00955788308738988,0.0,0.10134001318440634,0.038729407395915
755,529481.3303849034,180746.56344423976,0.0,0.009781490375528628,0.0,0.10424952681086867,0.03802814839926777
756,529477.610232129,180749.93179798903,0.0,0.01010503088347507,0.0,0.10536763768232602,0.041118848929202166
757,529401.1002818985,180761.20611854777,0.0,0.010811234195212545,0.0,0.11132497895301365,0.04387112052515468
758,529404.7302860668,180765.2339081646,0.0,0.010714307983208587,0.0,0.1090704625007001,0.04270808746433743
759,529408.4664565806,180768.94957432928,0.0,0.01139342713210712,0.0,0.11501127343520408,0.04444685295167625
760,529412.1986160171,180772.82255609665,0.0,0.011608212293946889,0.0,0.11632423000694939,0.04428064874761925
761,529415.668331367,180775.42954026573,0.0,0.011628576811984401,0.0,0.11687488727996183,0.04336864223728429
762,529419.466595328,180780.563529078,0.0,0.0113242845388929,0.0,0.11712808398576464,0.04321171791438025
763,529424.0240853353,180782.8833888892,0.0,0.011721246941140719,0.0,0.11788202803421265,0.04370706199487061
764,529448.9149329914,180781.3134819648,0.0,0.01152641139510927,0.0,0.11792645374493288,0.042583516121780754
765,529452.8433752534,180785.1914945657,0.0,0.012068820888262796,0.0,0.12023601823998216,0.044861709373270914
766,529457.773456111,180788.30794953523,0.0,0.011688162865182065,0.0,0.11897700578588592,0.04189949369028208
767,529462.549270172,180793.6242873572,0.0,0.011609083744570274,0.0,0.12034514837374924,0.04140515463670445
768,529467.7457683297,180797.84944266544,0.0,0.012125008348828379,0.0,0.12159743628741251,0.044727553165268885
769,529473.4130240631,180802.87367016528,0.0,0.012909103880192653,0.0,0.12519340173581855,0.04635745691767971
770,529453.4703558945,180810.70866177196,0.0,0.012760379076730154,0.0,0.1256258531613719,0.044602047052300614
771,529449.6120484655,180807.9343375992,0.0,0.013217912739690967,0.0,0.13005621583276158,0.047293614863458885
772,529444.4355798184,180802.922637122,0.0,0.013196516834730266,0.0,0.12756246122024895,0.047025289108809466
773,529440.3028115581,180799.35425636685,0.0,0.012348000940482218,0.0,0.12552225893344648,0.04249981901083835
774,529436.8170999083,180797.3765058124,0.0,0.012251597302123694,0.0,0.12095521022020579,0.04317158125076216
775,529435.0361899484,180801.7387647768,0.0,0.012616383853278018,0.0,0.12477182788280858,0.044301201813604016
776,529432.3878619376,180805.4492749224,0.0,0.01329191619577944,0.0,0.12825054528340668,0.046998039155821146
777,529428.938228574,180809.76903935312,0.0,0.01383812446128236,0.0,0.13237237491958292,0.050957130382902616
778,529424.8956320325,180814.23112073605,0.0,0.013492216880471877,0.0,0.13134307167678302,0.04478298911461282
779,529415.7946636991,180797.47082194773,0.0,0.012397983114535183,0.0,0.12496480326405969,0.04493937406888801
780,529412.0585689605,180801.4684736748,0.0,0.013130581751408096,0.0,0.12708876007552344,0.045356892333342766
781,529409.2720424072,180806.7496237429,0.0,0.012925954084953931,0.0,0.12539036496733125,0.04465171400455993
782,529406.0267620217,180810.75977664263,0.0,0.01341768626485602,0.0,0.12956500644580113,0.0484187200548731
783,529422.3174364787,180819.0453249353,0.0,0.013943007444349302,0.0,0.13453710777471076,0.0465612362274313
784,529418.7856833711,180822.733345408,0.0,0.013915381390773333,0.0,0.13786227298657336,0.04640063568633681
785,529416.8505555978,180829.2954895833,0.0,0.014526042241788908,0.0,0.13714830141228349,0.04986558226507301
786,529413.871722778,180834.4143253656,0.0,0.014957332511251942,0.0,0.14255919677296114,0.04818801346912031
787,529409.6949480567,180840.2897338695,0.0,0.015133590462193267,0.0,0.1426643681083214,0.0508645639960322
788,529404.5986952735,180847.5584669053,0.0,0.015218778284542047,0.0,0.1456424058886804,0.048801549937904976
789,529400.4179360651,180853.5911955696,0.0,0.016198663171977507,0.0,0.14995976829938285,0.05013486535461071
790,529395.4599199833,180859.2893090128,0.0,0.01674501814034086,0.0,0.15304087644882383,0.05341099663600838
791,529391.5776641075,180865.1722293236,0.0,0.017533767624615684,0.0,0.158321522169982,0.05433562913965064
792,529387.0904410653,180871.66940982096,0.0,0.017745129197083563,0.0,0.157943759545112,0.05510533154753641
793,529382.402905871,180878.31890919263,0.0,0.01871351447748469,0.0,0.16459137820097383,0.055964451832873574
794,529378.3283649802,180884.0395287909,0.0,0.018321919280219784,0.0,0.16026757251183837,0.053670180960122764
795,529366.6776240963,180894.1323253344,0.0,0.01974260293618808,0.0,0.1715800469880975,0.05663074927495206
796,529362.7633928342,180901.27376930785,0.0555555555555555,0.01965436473570366,0.0,0.17082256262335305,0.05729088509553336
797,529356.4192300553,180907.40887936976,0.0555555555555555,0.02094615739473609,0.0,0.17416518925970229,0.06216682430631461
798,529353.5847661751,180914.57781246587,0.0555555555555555,0.021166957615502913,0.0,0.18033551241690624,0.0576109727206727
799,529351.7253077233,180887.29774311127,0.0,0.017963859676552504,0.0,0.16243039842939117,0.050844982873396005
800,529348.652416876,180892.2568048996,0.0,0.01842571504714037,0.0,0.16253200923425337,0.056780709029564315
801,529344.2794450719,180898.1272692665,0.0,0.01864178028636303,0.0,0.1646757672662883,0.05399335017480219
802,529342.0278692817,180901.69050496147,0.0555555555555555,0.01933110811709269,0.0,0.1675227247072993,0.058038140035070664
803,529358.250735564,180943.50346543267,0.0555555555555555,0.024324202489263907,0.0,0.1946758588113047,0.06371891639460833
804,529354.5849172977,180948.6048458597,0.1111111111111111,0.02455070654937675,0.0,0.1977126968033799,0.061739341990307325
805,529352.1210227984,180952.7923315948,0.1111111111111111,0.02520213877144818,0.0,0.20266419088375842,0.0655886227156064
806,529297.0232607818,180960.20454677407,0.0555555555555555,0.019416002291320282,0.0,0.17026042911940012,0.054586571758785736
807,529293.1622829075,180964.98928696144,0.0555555555555555,0.01971792546237698,0.0,0.17232814456761142,0.05672980121119172
808,529291.662592891,180969.5011714042,0.0,0.020192791476582206,0.0,0.17438047638632823,0.056744853710891406
809,529289.0528770728,180974.09579383896,0.0555555555555555,0.019757836938117404,0.0,0.17027037306872014,0.055900801458602045
810,529286.0336062261,180978.45804567487,0.1666666666666666,0.019218161555350673,0.0,0.168512797660399,0.053178464460592136
811,529282.0483573553,180982.68474955947,0.0,0.019741139802727865,0.0,0.1696731913060727,0.058283081355135775
812,529280.2493108573,180988.07683377777,0.1111111111111111,0.018924429888286923,0.0,0.16457601531672514,0.055918101456330645
813,529277.1523916672,180992.7700446227,0.0555555555555555,0.01928262420256761,0.0,0.16960402692582488,0.05438159800915872
814,529273.0387185066,180999.32399465467,0.1111111111111111,0.019311861878250125,0.0,0.1653428870338248,0.05886793554630522
815,529266.7215898505,180994.50229825647,0.0555555555555555,0.018366667812418514,0.0,0.16265978633167485,0.05445929702727895
816,529269.4190710398,180997.345323246,0.0,0.01924301824585965,0.0,0.16599927239420592,0.05633377105375761
817,529261.9586027679,181010.25079002476,0.0,0.01864685714683138,0.0,0.1648181490177814,0.05505958583958355
818,529265.5951688507,181011.56402777229,0.0,0.018834502539579325,0.0,0.16414447282916458,0.0574834763548222
819,529257.4478221821,181007.91653187887,0.0,0.017437419836595542,0.0,0.15864161496996995,0.051379365657487165
820,529246.4467327141,181015.73802750395,0.0,0.016882349363706292,0.0,0.15076597965085428,0.05057381616713795
821,529250.6807114956,181018.0652362206,0.0555555555555555,0.017278114407793244,0.0,0.15761290320075141,0.05274612504819969
822,529254.4190052757,181020.82374766585,0.1111111111111111,0.017483792366886127,0.0,0.15761486274578082,0.05198213116402451
823,529257.7859095396,181024.57160455297,0.0,0.017553194839802826,0.0,0.1561310208423874,0.05189549276834481
824,529251.2955186177,181032.6517177996,0.0,0.017792986812415142,0.0,0.15749865468743227,0.057042538017044696
825,529249.1329616577,181036.1350666289,0.0,0.017377581979509837,0.0,0.15541872733088033,0.05361963543831183
826,529246.4969455226,181039.82082063577,0.0555555555555555,0.01700613776062299,0.0,0.15562791730861025,0.0518978987087245
827,529242.0463042365,181046.46266245176,0.0555555555555555,0.01674922387170387,0.0,0.1535335480697464,0.05258369800392839
828,529239.4471822071,181051.3288073488,0.0555555555555555,0.01648524263134578,0.0,0.1491840514834489,0.04991600628806193
829,529235.8479106979,181056.06229690835,0.0555555555555555,0.016561374229804363,0.0,0.1525430883950112,0.05294054538303556
830,529278.7583963905,181134.2952103728,0.0,0.017467555592170846,0.0,0.15639925295373822,0.053783816770614626
831,529283.5084630534,181139.05815811933,0.0,0.017476237009215058,0.0,0.15428127101392672,0.052994525900774914
832,529288.3604499404,181139.81460978452,0.0,0.017970347646399834,0.0,0.15821052744754815,0.05397344655486929
833,529293.0003924427,181143.73074556296,0.0,0.01813980435017801,0.0,0.1606008973356233,0.05471317809393753
834,529298.8459142019,181146.83353957013,0.0,0.01892077706719658,0.0,0.16460212199269753,0.058512382755816904
835,529304.6914289801,181149.93634043232,0.0,0.018025188384367542,0.0,0.16248751268888928,0.05364336553987577
836,529309.5837573315,181154.2809240676,0.0,0.018437918673291944,0.0,0.1646716244590908,0.053506916201119976
837,529312.583024264,181155.41226700047,0.0,0.019142438954693558,0.0,0.16697194553248723,0.0553261235826358
838,529266.3621094668,181160.98850397,0.0,0.015387519175227652,0.0,0.14271442805587403,0.050254450294150044
839,529274.4228437685,181164.9916382986,0.0,0.015383841678269287,0.0,0.14278994126209157,0.04890815864493298
840,529282.5614895975,181171.10681744548,0.0,0.015762204025356497,0.0,0.1460732432062263,0.049892703220882455
841,529290.3697876688,181174.6815464084,0.0,0.016059894298292715,0.0,0.15035566994019084,0.052443275766780435
842,529296.5885199192,181178.63785437704,0.0,0.01579735469069439,0.0,0.14898281224693757,0.04881318128114203
843,529303.0220914484,181184.49868162224,0.0,0.016272231572089985,0.0,0.14801807480155424,0.053477723670185676
844,529316.4442503084,181158.88660057908,0.0,0.01870570348488645,0.0,0.1652168285086405,0.054338984807286855
845,529323.0684235609,181162.43124799844,0.0,0.018547886388399513,0.0,0.16322078963508743,0.054661389986002965
846,529310.8196238236,181188.4951795929,0.1666666666666666,0.016395599083943616,0.0,0.15158214274821943,0.05077657099470516
847,529317.4705906996,181190.98547807263,0.0,0.016279381787245754,0.0,0.1493241485726873,0.048286450520507444
848,529322.62063721,181195.5476398688,0.1666666666666666,0.016306962793340544,0.0,0.14998282786641076,0.04994466422386618
849,529329.2978805368,181165.9658592044,0.0,0.018538665465304627,0.0,0.16362404867007538,0.05215257722940263
850,529333.9699676854,181168.6168227308,0.0,0.019213221486362814,0.0,0.16762783810791604,0.05765695360001138
851,529339.9255381428,181172.56648724768,0.0,0.019506527730043303,0.0,0.17084523150719141,0.056822824318852556
852,529327.5343701581,181199.048768164,0.0,0.016276916789682946,0.0,0.1504260510232922,0.048620256791187505
853,529332.4749295446,181201.49555905347,0.0,0.016118610767776983,0.0,0.14855901573375555,0.04930136772921656
854,529337.3779163942,181205.4184340273,0.0,0.01632148163089892,0.0,0.1503980452694047,0.05101570710366076
855,529346.6705123032,181176.53625157927,0.0,0.019187117956395237,0.0,0.1691263671183066,0.05436270998482788
856,529352.1051563906,181180.26166715453,0.0,0.018990205325159198,0.0,0.1648404944268573,0.05672134875860476
857,529341.8808247555,181209.542136289,0.0555555555555555,0.016157529649214065,0.0,0.14845084281043927,0.05202324545130377
858,529285.3832807825,181267.18586355745,0.0,0.011135248942848355,0.0,0.112476750878445,0.042934447283402837
859,529290.7345845242,181269.0100510445,0.0,0.011641563110250316,0.0,0.11810575391895738,0.04346228409972162
860,529296.1906247186,181271.89193420857,0.0,0.010898190668273076,0.0,0.11318140514403255,0.04120253425462208
861,529301.4103537161,181273.71278557795,0.0,0.011024609665339068,0.0,0.11405798893330919,0.040717370031428154
862,529309.776937007,181276.0357272996,0.0555555555555555,0.011191933207679914,0.0,0.1152185564712437,0.041811873342041755
863,529314.5025887836,181276.57798987464,0.0,0.01111126797294527,0.0,0.11533880341685833,0.0407540744226439
864,529316.5054984163,181270.2988076241,0.0,0.011814191249558577,0.0,0.12007943157563192,0.04315701279736989
865,529318.5970496944,181265.70992208,0.0,0.011425899559861709,0.0,0.11769821377825877,0.040808194750946554
866,529320.5463054115,181261.53942617791,0.0,0.012309328017811568,0.0,0.12355838938113388,0.04596810158365552
867,529320.8334931368,181255.4275884725,0.0,0.012262335128024255,0.0,0.12268597638146372,0.043751762266216125
868,529321.8671523201,181251.02278761123,0.0,0.012704651836004522,0.0,0.1252336983614019,0.04668697996857469
869,529323.4324473237,181246.42051131785,0.0,0.013340032061623158,0.0,0.1291124149623629,0.047919171419160064
870,529325.376347004,181242.46088567493,0.0,0.013617929575350511,0.0,0.1303458053657039,0.04565427211718364
871,529330.4750936569,181233.51742958144,0.0,0.013947461009764338,0.0,0.1351979621692751,0.046659582580622375
872,529332.8834725227,181226.8265618356,0.0,0.01422959802161723,0.0,0.13753308291726313,0.046583995813169826
873,529334.5910847485,181221.80590038167,0.0,0.014715872668336275,0.0,0.14083015797148812,0.04745505953281528
874,529337.203573814,181217.44128468813,0.0,0.015158670497107576,0.0,0.14162415774690373,0.04920750832960661
875,529366.7129874873,181289.09014002664,0.0,0.011720664134107134,0.0,0.11784435856467616,0.04095793290741551
876,529362.3605766181,181289.4013501696,0.0,0.011715201660993525,0.0,0.12017533149884976,0.04403648358470566
877,529352.8260454785,181286.41557455697,0.0,0.011995873538223227,0.0,0.120230600166637,0.04518656421679553
878,529346.6800165927,181284.78209637268,0.0,0.011798957682736401,0.0,0.11984120296975433,0.04129933331948579
879,529340.5017813724,181284.41383655448,0.0,0.01128126135970761,0.0,0.11493328437165971,0.04199798607016457
880,529334.5087801684,181281.9402479893,0.0,0.011358187491023757,0.0,0.1142912582048061,0.04212213708942071
881,529329.3723365804,181282.02052696043,0.0,0.011405606850071524,0.0,0.11611114169954535,0.04347901871632235
882,529331.3269626716,181277.6391665789,0.0,0.011830629135604039,0.0,0.12016888859396127,0.04406070748987944
883,529333.3084258635,181272.20346453696,0.0,0.011925763805898488,0.0,0.1213184379686632,0.04207789717998014
884,529334.846891898,181268.65553394376,0.0,0.012069992913656229,0.0,0.12185925139161087,0.04274196071165062
885,529336.0067610648,181264.46495272132,0.0,0.012259627611982361,0.0,0.12248886052121638,0.04314048387659012
886,529337.9936004832,181258.81838397525,0.0,0.012710074075001338,0.0,0.12635603191827158,0.04405010445903151
887,529339.38977247,181255.6888430576,0.0,0.01308539201656592,0.0,0.1272824755645458,0.04455689157017841
888,529341.5081853778,181250.04562426967,0.0,0.013129760725231263,0.0,0.1303558683512075,0.04408737016463728
889,529343.1996985192,181245.6575709338,0.0,0.013662855418961804,0.0,0.1321720418138007,0.04512117977942212
890,529344.7972176985,181239.7900901346,0.0,0.01413311998082832,0.0,0.13635489702647516,0.04695296847921174
891,529347.0203729792,181235.2045646521,0.0,0.014203013386249793,0.0,0.13837104758278082,0.047641512888018524
892,529348.727997103,181230.183907712,0.0,0.014680181782276916,0.0,0.13977302492054638,0.047424427365622523
893,529350.8142246379,181225.80590342777,0.0,0.01543089924834846,0.0,0.1465682120736279,0.04847247676823147
894,529352.889720515,181221.8496368804,0.0,0.015228476186426877,0.0,0.14748521034008866,0.045798373757497644
895,529357.8623347644,181212.6919900276,0.0555555555555555,0.016444942249855897,0.0,0.14781746192940837,0.05213105012278488
896,529354.8658572438,181216.6248114191,0.0,0.015906943900745135,0.0,0.14714261132417872,0.05203756575788645
897,529359.4223045076,181208.3005928164,0.0,0.016473753323629492,0.0,0.15021417796031675,0.05153079390161025
898,529362.0670287603,181202.67077885327,0.0,0.016826583317094187,0.0,0.15570719073250514,0.04927134173594008
899,529365.6488405266,181196.43180581345,0.0,0.017989636264628045,0.0,0.15878056207699556,0.05411851241182012
900,529367.6733113583,181189.3091691755,0.0,0.01906424406052392,0.0,0.16730030501001888,0.05597168852602572
901,529378.1565695913,181294.6566079154,0.0,0.011605760418203135,0.0,0.11715614520689618,0.04192177677899112
902,529370.6966547256,181184.32201289124,0.1111111111111111,0.019558633657534467,0.0,0.16894563877098742,0.05416774093210418
903,529373.6152765248,181178.27716668852,0.0,0.020484623434167515,0.0,0.17440288852642705,0.05782707430012182
904,529376.3029773788,181170.96041240508,0.0,0.021110956856042938,0.0,0.1777447592046632,0.05839278369807551
905,529379.7478890817,181164.92896783532,0.2222222222222222,0.022559540139594013,0.0,0.18662157435769247,0.06161763497625805
906,529355.7084397739,181173.17921346883,0.0,0.019695267260101193,0.0,0.17261555404829249,0.05563867889528928
907,529358.9599667266,181164.39976744683,0.0,0.021957260938025053,0.0,0.18103765038458886,0.06146292256278989
908,529361.6637554653,181156.45040047093,0.1666666666666666,0.02212054253310884,0.0,0.18470946103799513,0.062820927500717
909,529364.4024997271,181152.3000158649,0.0,0.02308313717434758,0.0,0.1870617972869367,0.06198718063854968
910,529366.9264208964,181146.24511823247,0.0,0.02338619877364539,0.0,0.19090944388849804,0.061025357971027684
911,529341.2994579652,181118.58416709228,0.2777777777777778,0.024736450410777638,0.0,0.19735309198674705,0.06087932022177444
912,529389.8194688424,181136.4886956464,0.0555555555555555,0.026868005034378684,0.0,0.21012509040735383,0.06595976880898217
913,529376.5469256934,181125.17851743023,0.1666666666666666,0.027884394335501612,0.0,0.21476805717408823,0.06930511581110516
914,529379.3340134877,181119.1303248296,0.0,0.02915234036832397,0.0,0.22059250304504532,0.0702574195049971
915,529391.3955924129,181131.46470266543,0.0,0.027927729228838627,0.0,0.21534513863267435,0.0676583728536404
916,529393.9356621064,181124.777212714,0.0,0.03040805957650067,0.0,0.22330088397384212,0.07252547078894063
917,529381.8687036088,181112.65369752856,0.0,0.030902756883470203,0.0,0.22667145257032023,0.0736474488996456
918,529384.5457075926,181105.75868436525,0.0,0.03233321479025032,0.0,0.23089405960526152,0.07497332933641171
919,529396.9134022736,181116.4128268976,0.2222222222222222,0.031516631301152884,0.0,0.22986664565907272,0.07280965462593965
920,529400.2590167765,181109.11283522096,0.0,0.032855239534708786,0.0,0.23475481216754676,0.07479798368798567
921,529402.493011021,181104.10559634856,0.0,0.03551198327318041,0.0,0.2467676938782677,0.080634386749306
922,529405.1431997871,181098.26493561896,0.0,0.037028498865124396,0.0,0.24996770688099862,0.0827446242495637
923,529407.9840305938,181090.1080742019,0.0,0.039090000533754596,0.0,0.2581673973458467,0.08451871245947254
924,529394.9369575005,181080.2806293196,0.0,0.039634288327478326,0.0,0.2650826835832521,0.08488596589461028
925,529391.7658568935,181085.89702709016,0.0555555555555555,0.03847133013108642,0.0,0.25948533125146805,0.08299836121059394
926,529388.8632738042,181091.30925805308,0.0555555555555555,0.036015024794203314,0.0,0.2515161712181219,0.07991112047908697
927,529386.3124597524,181098.41848720115,0.0555555555555555,0.03428464464904048,0.0,0.24170812064020378,0.07762568532284782
928,529397.3454814602,181073.5897910776,0.1111111111111111,0.04310595430034784,0.0,0.2752675375960304,0.08950915571160933
929,529398.9538428403,181067.30059009284,0.0,0.0443392131118528,0.0,0.2830621372650247,0.09024633004018476
930,529410.3892214119,181082.37360887547,0.0555555555555555,0.04182182414250714,0.0,0.27176651060083934,0.08709418600369033
931,529417.7500460817,181066.3202561012,0.0,0.04858785508725991,0.0,0.2961478340389597,0.09588066486589832
932,529401.2811800763,181060.6131886193,0.0,0.04676332421247321,0.0,0.2934525278874198,0.09456086854188454
933,529408.7285038913,181041.16278942168,0.0,0.05386058410418409,0.0,0.31244747454149,0.10173237744023089
934,529425.3656495579,181049.5180150404,0.0,0.0575696777450374,0.0,0.3237160562864874,0.1068749519770862
935,529422.4001477065,181054.91904103343,0.0,0.05443761053588237,0.0,0.31419639899450447,0.10243684597446624
936,529340.9284040561,181070.78528718115,0.1666666666666666,0.02909757314493487,0.0,0.22368998377250704,0.0708675128304949
937,529346.4941638502,181074.326177748,0.0,0.03053977620858857,0.0,0.22396071011425478,0.07232146387542712
938,529351.7162598302,181077.480634714,0.0555555555555555,0.030595941618228546,0.0,0.22917101940691118,0.0730065618626323
939,529402.3432644174,181037.4121180699,0.0555555555555555,0.050211750951441224,0.0,0.2991524651644463,0.09796318785007947
940,529397.1355704601,181033.69143709727,0.3333333333333333,0.04877002891342587,0.0,0.2957840017866114,0.09634703923113758
941,529392.2571105418,181030.92337642613,0.1111111111111111,0.04682654108072897,0.0,0.29216745179253717,0.09370104092981757
942,529386.657697378,181028.70350485644,0.1666666666666666,0.044140768709875024,0.0,0.27692785291951366,0.09097865782989843
943,529381.1808397523,181026.2979133044,0.1111111111111111,0.04222280142427806,0.0,0.2745162097252016,0.0878317269380893
944,529376.047635405,181024.2787691528,0.0,0.039181369444184495,0.0,0.2652919933745685,0.08388225841076094
945,529370.9048187275,181022.63707846432,0.0,0.03863128826731713,0.0,0.25873914345389576,0.08484527159532584
946,529379.4949089312,180996.28058249093,0.2777777777777778,0.03611510203754125,0.0,0.2504653878175745,0.07999415238369707
947,529385.1847125805,180998.09688317927,1.0,0.038134698555716474,0.0,0.2574736004394743,0.08167952867068304
948,529389.5208422288,181003.3410114213,0.1666666666666666,0.040126436946727025,0.0,0.26739143425265227,0.08423212813873956
949,529394.7852248674,181004.3107681516,0.2777777777777778,0.04206894530725906,0.0,0.2716805747342102,0.08972540300018164
950,529400.4780525003,181006.00777441065,0.0555555555555555,0.04337764751706972,0.0,0.2792686923386145,0.08996329454314854
951,529405.1437986427,181001.2316196776,0.0,0.04288515548320348,0.0,0.27926112564734645,0.08880252696653636
952,529406.4564526035,180996.489477054,0.0,0.04183636620272646,0.0,0.27357924442853393,0.08807917580679826
953,529417.2556931511,181011.2105605431,0.0,0.047628049452916495,0.0,0.29135332588223856,0.09467580822631247
954,529409.198771478,180991.1867929924,0.3333333333333333,0.04049094462551846,0.0,0.264063625357605,0.08533505248975261
955,529412.5485991101,180986.3443666672,0.1111111111111111,0.039346688765049,0.0,0.2628893467868142,0.08280251852830822
956,529423.2495285533,181003.62872927496,0.1111111111111111,0.04544004736904151,0.0,0.28563073424311536,0.09216521520307482
957,529426.2016112035,180997.9395591876,0.0,0.04317905293855733,0.0,0.2770405881536416,0.08993104474134982
958,529428.6026429945,180993.22051405383,0.0,0.041893114304114944,0.0,0.2709368283716848,0.08735099203993882
959,529431.9501387617,180989.22854387067,0.0555555555555555,0.04091860227329302,0.0,0.2688025033377906,0.08773008914540174
960,529434.088174435,180984.50280304183,0.2222222222222222,0.038636024923948964,0.0,0.25885477912703064,0.08296377734201672
961,529437.321176864,180978.117823672,0.0,0.03668208891339808,0.0,0.25153848229699094,0.08037221806781127
962,529429.9802741865,180959.7942512648,0.0,0.032633094817334396,0.0,0.23372659795955342,0.07608208312776335
963,529426.7168443569,180957.03985745224,0.0,0.031384813508283746,0.0,0.22660251927163463,0.07325840510908738
964,529422.3137153204,180954.25644240083,0.0,0.03063759087168476,0.0,0.22402980263410785,0.07098420549500142
965,529414.8635341604,180981.1414263165,0.0,0.03773105304837744,0.0,0.25210059081146974,0.08108270027958697
966,529417.5472933261,180976.64688287608,0.0555555555555555,0.03698630401408001,0.0,0.2502124916706645,0.08163558016748254
967,529420.6559285668,180971.8292907756,0.1111111111111111,0.034810133819020185,0.0,0.24686422409644532,0.07834695840987041
968,529417.4368077337,180970.077966744,0.0,0.03502283115032651,0.0,0.2428232654299767,0.07818215015159967
969,529412.5323597579,180969.0627584805,0.0555555555555555,0.0335045403042854,0.0,0.23899348064267595,0.07548343586362516
970,529408.0924283301,180966.1674553466,0.1111111111111111,0.03323978394883011,0.0,0.24095762837233445,0.07493646687534669
971,529403.2998485825,180963.48575683808,0.0555555555555555,0.03209082330734646,0.0,0.2300565928442927,0.07497752349651725
972,529398.7905111897,180960.5886950513,0.0555555555555555,0.030730009961427992,0.0,0.2262171103592003,0.07261497308459508
973,529394.5332679009,180958.6996645557,0.0,0.030281933202290126,0.0,0.2216697805718925,0.07129029187412235
974,529418.4267039787,180950.29357711933,0.0,0.030381961049230386,0.0,0.22646109409562698,0.07371475251382942
975,529422.9657617946,180943.84306371835,0.0,0.028695919269653862,0.0,0.2155938291475862,0.06957428915119672
976,529426.410072272,180939.47918213127,0.0,0.02756506505394791,0.0,0.21441090863226814,0.06812598057445325
977,529429.1717548694,180934.65275861905,0.0555555555555555,0.026985243367137205,0.0,0.20860570910297221,0.06602370589829984
978,529360.4834975624,180938.14784184104,0.0555555555555555,0.024011339378594582,0.0,0.19224798607007199,0.06433399017221073
979,529364.3097225488,180941.73320817776,0.1111111111111111,0.024785944843694563,0.0,0.1980979358076413,0.062012085338126806
980,529368.3553246713,180944.02862863263,0.0,0.02505788514594516,0.0,0.19939305953574524,0.06262718725929534
981,529372.8207058528,180946.93267680347,0.0555555555555555,0.02664202460652144,0.0,0.20746442045903382,0.06654882748739015
982,529376.7369456344,180949.4241240559,0.0555555555555555,0.02768930273547959,0.0,0.20988692970942166,0.06756372661481921
983,529382.5250454685,180951.66425863383,0.0555555555555555,0.028340558396450454,0.0,0.2172534216140522,0.07000683779686433
984,529387.2440506388,180954.37546404047,0.0,0.029018234708074492,0.0,0.21725236141852783,0.07132820532185315
985,529389.445661134,180955.8267050608,0.0555555555555555,0.029120567380789476,0.0,0.21788775432748195,0.07088798647650472
986,529383.9934401971,180933.0658910405,0.0,0.02508293212929259,0.0,0.20074369994056698,0.06484367084115017
987,529388.9686376025,180935.4846501954,0.0,0.025785252360358415,0.0,0.19945028068462356,0.06601084096647213
988,529393.8842239225,180937.8022402943,0.0,0.02630953759514082,0.0,0.20449926971077817,0.06689914904695596
989,529397.303324858,180940.28104630264,0.0,0.026989824714151504,0.0,0.20907691063651346,0.06896579442340926
990,529389.8410762385,180925.64087613625,0.0555555555555555,0.024425426494209156,0.0,0.1971191283980931,0.061751570973521235
991,529391.811837242,180921.50548080832,0.0,0.023700081983633308,0.0,0.19318607637660934,0.05945186649963671
992,529381.9158963488,180912.0851544984,0.1111111111111111,0.021651338358174163,0.0,0.18519387815106492,0.05971038151374889
993,529394.7946281222,180916.69825745904,0.0,0.0229325602048471,0.0,0.18893985909044622,0.06224218819963663
994,529385.9817508563,180908.7006881857,0.0,0.02242570689927519,0.0,0.18542025834842793,0.06170858522763467
995,529388.8313605104,180901.79728609405,0.0,0.021227199728119785,0.0,0.17870646009689958,0.058224217212549396
996,529391.6454797933,180896.2881716244,0.0,0.02048039606629851,0.0,0.17431353971877456,0.05884337920392783
997,529395.3333853063,180888.210238154,0.0,0.019637487256227364,0.0,0.16938930108707434,0.05621779788995198
998,529398.0564221863,180910.7022621892,0.0,0.022459965429080242,0.0,0.18635289027867166,0.06045039452154611
999,529401.9447200779,180904.52290752687,0.0555555555555555,0.021666813611123364,0.0,0.1779851043683287,0.05748315033071329
1000,529404.194497823,180899.19874343483,0.0,0.02084720799261484,0.0,0.17939321015531257,0.05727669689998444
1001,529408.2616315775,180893.3229158189,0.0555555555555555,0.020019402089918786,0.0,0.17151922264911318,0.05525979266395457
1002,529409.3573491238,180889.36455851543,0.0,0.020289975900663327,0.0,0.17423322088865337,0.06165430204195542
1003,529399.3637304676,180881.33690275843,0.0,0.01910026388263787,0.0,0.16290414248604448,0.05717013391742905
1004,529403.301514152,180875.65709050416,0.0,0.018679366578406197,0.0,0.16449360116286163,0.05693868836687227
1005,529412.5607235408,180861.24335668352,0.0,0.017395028495090777,0.0,0.1572438317577208,0.05427758891229466
1006,529417.065432415,180855.2790204409,0.0,0.016174959913631076,0.0,0.14936342728055207,0.04715645600726028
1007,529420.8041447485,180850.0924333708,0.0,0.016358825999028787,0.0,0.14929948298653384,0.05208140485566612
1008,529430.8497940028,180858.52008049705,0.0,0.01737586932166071,0.0,0.1566532047538907,0.05305850177046893
1009,529435.5929543286,180852.96045805165,0.0,0.016309634962271044,0.0,0.15245430517807237,0.05071446935242547
1010,529439.4838748833,180846.68153935,0.0,0.015583866488865889,0.0,0.14580376343618917,0.04874661462348331
1011,529444.2067629548,180841.9186595006,0.0,0.015323512551199313,0.0,0.14480771135556997,0.05052585998475211
1012,529424.8687975506,180844.3162103751,0.0,0.015717096421326796,0.0,0.14619030583779802,0.0496151116352781
1013,529429.5320663467,180839.4521427276,0.0,0.015402227450873437,0.0,0.14369937078732373,0.05087756743419042
1014,529432.7482924055,180835.2488222223,0.0,0.014935409878316985,0.0,0.14074815951996622,0.04958455060322564
1015,529437.1477848248,180830.9759820815,0.0,0.014350285556464459,0.0,0.1379664776039649,0.04570485785695458
1016,529439.4318702971,180826.7489260006,0.0,0.014340230670208232,0.0,0.138035237260567,0.04611149952860451
1017,529442.4667545239,180822.341679744,0.0,0.01391888540116313,0.0,0.13538238696746455,0.04758371140335214
1018,529445.8668956577,180818.2427072904,0.0,0.013584222397251988,0.0,0.13212113545906667,0.04592886115399017
1019,529451.3101363605,180834.02740893097,0.0,0.014245483702010876,0.0,0.13880330265790705,0.04430641217333804
1020,529455.4395166186,180828.1532007536,0.0,0.013804538811430712,0.0,0.1371092962635123,0.04497242655092473
1021,529449.473765846,180813.35175071127,0.0,0.013694045881787766,0.0,0.13010207297408144,0.048278978823339945
1022,529461.7502808648,180819.6438360076,0.0,0.013643064891355455,0.0,0.13020312234572945,0.04791470746109127
1023,529464.6963755798,180823.60548321207,0.0,0.013745423302082733,0.0,0.1334625885128847,0.04585261203828074
1024,529469.2658065455,180827.30951557844,0.0,0.01388418627803872,0.0,0.13583619362490507,0.046206747700232816
1025,529473.1072693863,180830.29741215945,0.0,0.014325797710383116,0.0,0.13624245106216565,0.04770527041336384
1026,529477.0831631481,180832.8901106573,0.0,0.014206795156364534,0.0,0.13570375658729003,0.04664364400007785
1027,529479.9470142992,180808.34792059017,0.0,0.012813503782318736,0.0,0.12634101933234587,0.04436006443998955
1028,529484.1461245468,180811.94287537123,0.0,0.012735715613213796,0.0,0.12711100357570435,0.044046639078325574
1029,529488.1664100908,180815.23430841288,0.0,0.012351516168515365,0.0,0.12688435643007928,0.039962043757575214
1030,529492.2830656345,180819.6244215548,0.0,0.012893859935841455,0.0,0.12883922781482995,0.0431778380810479
1031,529495.9304786364,180822.90636102587,0.0,0.013688687431454611,0.0,0.13328652304435057,0.04754978012105449
1032,529501.3546715851,180827.2301408765,0.0,0.013303510041807264,0.0,0.12867430365453614,0.04636181051404466
1033,529507.0375799721,180831.1618933819,0.0,0.013421824451853687,0.0,0.1304541070814145,0.04359491728566557
1034,529491.8795131829,180845.2258566327,0.0,0.015161066926143172,0.0,0.14381277349093202,0.04870852683329751
1035,529485.6562424392,180852.74084940183,0.0,0.015744628154159723,0.0,0.14649149721781637,0.05033429142449795
1036,529482.6809418891,180857.24924540392,0.0,0.016110498133749433,0.0,0.15144996589943527,0.049590666602963934
1037,529480.1888553853,180859.87648036616,0.0,0.01615459255677635,0.0,0.14856707884791903,0.05060722400396849
1038,529478.1685436113,180863.51230019864,0.1111111111111111,0.01676039263338,0.0,0.15371431419129108,0.05190899444446633
1039,529473.540958618,180837.6830392247,0.0,0.015095180640363177,0.0,0.1420399880609258,0.04861797421749529
1040,529469.7260995401,180840.9741773032,0.0,0.01484810723265976,0.0,0.13978462050703366,0.04516891673084908
1041,529465.5574010087,180845.95046448207,0.0,0.015534581595000435,0.0,0.1442263806512258,0.05084280589124485
1042,529462.1572604778,180850.0494238725,0.0,0.016268245138254415,0.0,0.15047322420833859,0.05154278648749888
1043,529457.8275151035,180854.02504991152,0.0,0.016248320998571906,0.0,0.15079439467382344,0.050937303235149736
1044,529472.4272672182,180866.75435850056,0.0555555555555555,0.01720352968960157,0.0,0.15635912207782168,0.05389352539375763
1045,529467.5191990964,180873.90425056047,0.0555555555555555,0.017577450248517867,0.0,0.1587809083185527,0.05245629941434092
1046,529454.1382259016,180859.71115241235,0.2222222222222222,0.017242017770689944,0.0,0.15467786416623056,0.054677027718028674
1047,529449.8401979648,180864.88347009607,0.0,0.016989907414259705,0.0,0.15244379415028933,0.05167311570867942
1048,529445.0602544656,180869.44557815263,0.0,0.017945262428517413,0.0,0.16044600460755284,0.05446126763799983
1049,529439.8820974646,180874.99411293032,0.0,0.01881320726339448,0.0,0.16364223065324202,0.055561257156391756
1050,529452.1419464299,180894.14144072548,0.0555555555555555,0.020051992597125395,0.0,0.17438943850797176,0.057575772803835405
1051,529449.0271929839,180899.2442412548,0.0,0.02115625446872389,0.0,0.17649712867992143,0.058244182658475425
1052,529435.4851772741,180884.05052461528,0.0,0.019114687448589993,0.0,0.16476894350173177,0.053389334863893946
1053,529445.9872710921,180903.8506671364,0.1111111111111111,0.021372692618910425,0.0,0.17957395380172508,0.05699228108398412
1054,529442.2980278793,180909.53677784908,0.0555555555555555,0.022925848381772626,0.0,0.18893268910031571,0.061693303102775036
1055,529440.5060386957,180913.97567793727,0.0555555555555555,0.023056095524911946,0.0,0.19035150812899518,0.06305156739470075
1056,529437.100887944,180918.27383715488,0.0,0.02366349242142155,0.0,0.1907643767697822,0.062439819629542904
1057,529434.6151951419,180923.09369737632,0.0,0.024667255705022945,0.0,0.19611870571181605,0.06463248810509063
1058,529431.7642624978,180927.60528755185,0.0,0.02628238345714698,0.0,0.20069532569583237,0.06648236392338969
1059,529432.4972571995,180889.0569084736,0.0,0.01996463768871886,0.0,0.17392525488257152,0.05638895792401791
1060,529429.7388874737,180892.37498020445,0.0,0.020781567823072635,0.0,0.17577705744878702,0.05956792292053844
1061,529427.0046203921,180897.18851377448,0.0,0.020631727310271162,0.0,0.1764813709395936,0.05643074856238156
1062,529423.944428474,180902.59168738697,0.0555555555555555,0.022777299584213956,0.0,0.18624309996934083,0.06405538987267641
1063,529420.583674878,180907.58858301345,0.0,0.022261013531355033,0.0,0.18647134869528512,0.05944808871180926
1064,529419.1721671681,180911.73820954852,0.0555555555555555,0.023123312908351904,0.0,0.18965993477421436,0.061656659672392866
1065,529415.5945644432,180917.9254633457,0.0555555555555555,0.023730626657360355,0.0,0.1895705155554279,0.06111309728526045
1066,529412.0740403641,180924.31348566545,0.0,0.025583213554269395,0.0,0.1999430833243468,0.06621591777104861
1067,529409.6251573715,180930.13085872243,0.0,0.025572492617527753,0.0,0.20401563388867566,0.06662793610025616
1068,529406.3722221977,180933.3366922264,0.1111111111111111,0.025780754841873674,0.0,0.20411883467144748,0.06523767948952232
1069,529441.9669354652,180968.9235978896,0.1111111111111111,0.03337119913077808,0.0,0.2366254289455178,0.07603730043530026
1070,529434.5124695479,180953.98458319888,0.2222222222222222,0.031032807362841783,0.0,0.22907336879192938,0.07288687705368287
1071,529439.609382743,180946.73981665808,0.1111111111111111,0.02880585786574753,0.0,0.21727200795137158,0.06968115811169696
1072,529441.8858151074,180942.81153736968,0.1111111111111111,0.02878098701895424,0.0,0.21743105295609144,0.07003879964880938
1073,529444.4678880731,180939.0903565875,0.2222222222222222,0.0271037235350944,0.0,0.20979793198275412,0.06596393964659698
1074,529447.9021978816,180936.08847925515,0.0555555555555555,0.026514823465862727,0.0,0.21057690278856564,0.06709777196605872
1075,529445.0613505425,180964.6175282201,0.0,0.03189859130755705,0.0,0.23365938311866444,0.07334689100740056
1076,529448.1608440911,180960.11227665312,0.0555555555555555,0.03109407152767714,0.0,0.2279919302468825,0.07280449730060626
1077,529452.5957640067,180954.4451645966,0.0,0.029668420579877883,0.0,0.22424989598966008,0.07217538451782377
1078,529455.9539852277,180949.54788166995,0.0,0.02925040722686384,0.0,0.22002436898094768,0.07151612189750085
1079,529458.4713867954,180945.92471681524,0.0,0.027636175822520908,0.0,0.21147416951840692,0.06718858450973851
1080,529461.4161753763,180942.61140951017,0.0,0.02723411553568593,0.0,0.21031892919924491,0.06771241283887061
1081,529463.8942748605,180938.0903375857,0.0,0.026044160320765373,0.0,0.20457688738250554,0.0651996321270836
1082,529450.9966362418,180931.78241300065,0.0,0.02506339752928772,0.0,0.20361852679128983,0.06386345852856043
1083,529454.9788286001,180926.80136594805,0.0555555555555555,0.02527287609500793,0.0,0.20149399683853708,0.06502330311412838
1084,529457.8690933493,180923.18769808207,0.0,0.024580672868372885,0.0,0.19707106277099562,0.06536100268936508
1085,529460.8316520905,180919.17724736,0.0555555555555555,0.02348050590786057,0.0,0.19117222144001206,0.06121343833341166
1086,529464.1797545672,180914.67833702912,0.0555555555555555,0.023091200905840884,0.0,0.1882372089065342,0.06002939329742312
1087,529467.7320494289,180909.4870350081,0.0,0.02220629823928757,0.0,0.1859201755778825,0.059671414958061636
1088,529470.7567659477,180905.4781729404,0.0,0.021277546225452155,0.0,0.17976766430924107,0.05857736504960657
1089,529474.1923998459,180899.984933594,0.0555555555555555,0.019667599355851443,0.0,0.17155975927122485,0.05399039264201239
1090,529478.2139459965,180895.90181397845,0.0555555555555555,0.020132624386687753,0.0,0.17378899947275298,0.05787796070640419
1091,529467.289288651,180934.1905634729,0.1111111111111111,0.025450405101216777,0.0,0.20237930053783082,0.06506115370514602
1092,529470.4966293919,180927.894254787,0.0,0.024367414014581514,0.0,0.19453882998847094,0.0626616426806952
1093,529474.1795314924,180924.8987272232,0.0,0.02428266064249646,0.0,0.19377812454672072,0.06439398508270809
1094,529476.8706982315,180921.77827983967,0.0,0.02347549363325955,0.0,0.19262333916259497,0.061641373421433804
1095,529480.5016153149,180918.38280619707,0.1666666666666666,0.022623672711443964,0.0,0.18647694159468123,0.06266494015573051
1096,529482.1275100957,180913.1424352149,0.0,0.0219341461410045,0.0,0.18333219076003462,0.06141975992836477
1097,529484.0628287194,180910.4013603604,0.0,0.02042376477976834,0.0,0.17657545627048166,0.05687099394608234
1098,529488.2811486379,180886.3919630708,0.0,0.01840046531355046,0.0,0.16389960100654702,0.05402987141740921
1099,529497.6901930829,180875.86879578067,0.0,0.017570172777693977,0.0,0.15851514722141924,0.05540706219407896
1100,529501.8905923747,180872.08922017185,0.0,0.016582120311268076,0.0,0.154568235897716,0.05082964412637252
1101,529508.3570952005,180884.31243342304,0.0,0.017256243930341367,0.0,0.15555978279457885,0.05252925947978767
1102,529512.8644392388,180878.24858864263,0.0,0.01663579427579798,0.0,0.15243083775855612,0.05136650410358738
1103,529515.873981632,180874.83730378468,0.0,0.016061557788226596,0.0,0.14911508318406588,0.04996461143213238
1104,529495.6283555296,180849.40728949744,0.0,0.014942380733875434,0.0,0.14082543348011142,0.0490810510475968
1105,529500.844548654,180852.1312665004,0.0,0.014366775964762265,0.0,0.13783438510311938,0.04472684858600682
1106,529504.3055022815,180855.40846229464,0.0,0.015321174244047435,0.0,0.14155165962851088,0.04782895414297392
1107,529508.0150237536,180858.69199462252,0.0,0.015456108034160464,0.0,0.1438875132734759,0.05013214547438645
1108,529510.8393106486,180862.55091086007,0.2222222222222222,0.01618697503666931,0.0,0.14973741696119677,0.05206658320208128
1109,529512.0115239938,180836.07215143327,0.0,0.014168937337518853,0.0,0.13462092350959662,0.04761434766689963
1110,529515.3748081792,180840.74205674225,0.0,0.014075081523358563,0.0,0.13456924156474173,0.0499559826003444
1111,529519.695614839,180844.43980096345,0.0,0.014392120815445799,0.0,0.13920869528305382,0.0489987633352628
1112,529523.2681584718,180848.21813625167,0.0,0.014301614073396713,0.0,0.13679763914708323,0.046416260271965964
1113,529526.5249045533,180852.1877390656,0.0,0.014005183632822962,0.0,0.1381911222210056,0.045136491755892634
1114,529540.1133337384,180855.44528987852,0.0,0.013889750181992774,0.0,0.1346020969720083,0.04616369686607035
1115,529544.4010975092,180850.8873651657,0.0,0.013687036901713256,0.0,0.1338135542148513,0.046031337525382236
1116,529547.505782262,180846.4254283836,0.0,0.013386018394975305,0.0,0.13185027311499703,0.04476541640371432
1117,529551.5865046683,180840.7269635432,0.0,0.012604826463644787,0.0,0.12486396625572212,0.044156052139024314
1118,529547.8369981315,180821.0795470292,0.0555555555555555,0.011641288462185493,0.0,0.11930089508426674,0.042310116171633584
1119,529549.9214275894,180859.7317994876,0.0555555555555555,0.013960708044417855,0.0,0.13373821394721308,0.048235748199432396
1120,529553.5283804431,180863.3556885352,0.0,0.013810414073341092,0.0,0.13143290964242824,0.0468698176376472
1121,529557.5174423482,180864.34036140857,0.0,0.013633749399824622,0.0,0.13471780960470311,0.04789478690821717
1122,529562.3737191112,180849.83180997905,0.0,0.013147179330634928,0.0,0.12825455428424226,0.04887863982028152
1123,529558.5340008319,180846.07584034925,0.0,0.012843185082176183,0.0,0.12907758204551714,0.04339983078233676
1124,529555.0877067938,180836.14899739012,0.0,0.012360968594176085,0.0,0.12410803541044511,0.04437624208915599
1125,529558.5760612431,180832.0752696173,0.0555555555555555,0.012138326564948794,0.0,0.1224114768541544,0.0423824966607501
1126,529562.764387322,180825.2442875292,0.0,0.011809583440871777,0.0,0.11875230727228372,0.04430885804553141
1127,529571.4445367948,180808.94111028776,0.0,0.011515937846774082,0.0,0.11524005137604441,0.044539164087959375
1128,529572.8059186095,180804.93930760276,0.1111111111111111,0.011213363448032053,0.0,0.11399433397043683,0.0433352973714097
1129,529573.8125732341,180799.41477044352,0.0,0.010647859190571178,0.0,0.11014794636481257,0.041639379307891376
1130,529563.5137193449,180771.1489337684,0.0,0.009505463065029291,0.0,0.10179156645298902,0.03858756092407305
1131,529571.819477896,180772.62208114448,0.0,0.00983699450821445,0.0,0.10248544852974034,0.041652734435450305
1132,529573.611200696,180764.0901761662,0.0,0.009323121242982787,0.0,0.10067851116622215,0.037872539780099995
1133,529575.9985392692,180753.80748358247,0.0,0.008880191563434198,0.0,0.09530615728432483,0.0385795927720956
1134,529591.1395895383,180758.8607334432,0.0,0.00895883629827054,0.0,0.09491673040732387,0.0375124206353983
1135,529592.523497304,180753.97652293532,0.0,0.00902696551692854,0.0,0.09631220517009104,0.041129060203922825
1136,529592.74036812,180748.55799209516,0.0,0.008623179347392079,0.0,0.09405892940396342,0.03753810543579377
1137,529595.0313230872,180742.05707755795,0.0,0.008350210058704205,0.0,0.09380060591980477,0.03677343666460226
1138,529576.3168614528,180735.14674219297,0.0,0.008494319780053553,0.0,0.09042945523560526,0.038305609409150364
1139,529572.3902910639,180734.79435656985,0.0,0.008181620590673715,0.0,0.0879716791362064,0.03657415628005159
1140,529565.9466013974,180734.37780624628,0.0,0.008329012558059116,0.0,0.09272829631291016,0.036954448795716056
1141,529561.5079712877,180732.49868465247,0.0,0.008526107690990516,0.0,0.09318219001170895,0.03847202969353242
1142,529556.3003453012,180732.99664215933,0.0,0.008269536588794429,0.0,0.09297989329608371,0.03499001598732625
1143,529550.8985116638,180731.8498230872,0.0,0.008812562297886456,0.0,0.09348857267165493,0.0412306950259609
1144,529545.6572088697,180730.5809606156,0.0,0.008810700000261417,0.0,0.0934560604046801,0.038886490946201446
1145,529569.0861295054,180753.25283760947,0.0,0.008955501133739675,0.0,0.09780538399220888,0.03609121921045278
1146,529539.9375176805,180729.55219266005,0.0,0.008731576711525722,0.0,0.09697559326622142,0.03834786307848572
1147,529534.2113989537,180728.77554917856,0.0,0.008908549616792228,0.0,0.09370753718947757,0.03974713446322833
1148,529526.3518196475,180728.3229643302,0.0,0.008878366367433796,0.0,0.09372138688242901,0.04108598844370717
1149,529517.4857203619,180727.21403844608,0.0,0.009053784375276569,0.0,0.09776515960859788,0.03850022606850088
1150,529512.8704742579,180726.08730482147,0.0,0.009094522289498605,0.0,0.09685588498162043,0.040545494870773524
1151,529508.0031855524,180725.5848574669,0.0,0.008872562345201963,0.0,0.09797631527018968,0.03681508425385142
1152,529621.6791308977,180653.93337879088,0.0,0.006456309234175364,0.0,0.07232645951034783,0.03519427270984328
1153,529615.6496397147,180649.61696349445,0.0,0.00635238098505648,0.0,0.07336743293667261,0.034207718012709935
1154,529611.2574657237,180649.0003951488,0.0,0.0062370140696198974,0.0,0.07059357616489167,0.03437996221949828
1155,529607.6118162876,180646.88917557496,0.0,0.00648350574994235,0.0,0.07309841074217323,0.03533117105771765
1156,529598.6997005724,180678.4494407142,0.0,0.00692034716651465,0.0,0.07758550616000233,0.034728666074824936
1157,529602.2795266389,180680.05441262064,0.0,0.007038524262613609,0.0,0.07850615379683312,0.03686759332797816
1158,529605.8128343808,180680.39679153,0.0,0.007270216267346309,0.0,0.08092790961042413,0.03676801901005179
1159,529619.7051548461,180685.03985296388,0.0,0.006977266241544765,0.0,0.07772774261089065,0.03586540051066473
1160,529624.8035304258,180688.8279645744,0.0,0.007018803294300091,0.0,0.07726440209654223,0.03706498345204889
1161,529601.6997891652,180687.3558042934,0.0,0.007083195375715349,0.0,0.07870490615173707,0.0351841772576369
1162,529598.7008602154,180693.838664324,0.0,0.006697869343341178,0.0,0.07917493822639378,0.028754187386301797
1163,529596.3922931773,180697.9424509121,0.0,0.007552364845058191,0.0,0.08279316833033536,0.03707670915521718
1164,529594.3823005515,180702.6845560228,0.0,0.007759909741162076,0.0,0.08561421367775723,0.03908925257664339
1165,529592.5825792479,180708.4411506267,0.0,0.00770048281615504,0.0,0.0847927173692957,0.03646518731973137
1166,529579.2934022233,180723.3653811147,0.0,0.008081751561862393,0.0,0.08901796558602675,0.03768014881244203
1167,529575.0521822227,180723.0049718852,0.0,0.007981665359794303,0.0,0.08674012771296587,0.03691198683278091
1168,529570.3887383491,180723.76907064265,0.0555555555555555,0.007653645184814245,0.0,0.08684320685059224,0.031357983708769355
1169,529565.5407318587,180722.51021418328,0.0,0.00789963611759785,0.0,0.08675370011761803,0.03495474000272013
1170,529585.5236231561,180722.89351868856,0.0,0.007869503863688839,0.0,0.08644872936707272,0.03682693378343919
1171,529584.926316458,180727.7977860028,0.0,0.008002747488213707,0.0,0.08659665953210556,0.03755461482814853
1172,529583.0142883501,180731.78554705484,0.0,0.008238903999350495,0.0,0.08996890917294607,0.038539216627469945
1173,529679.353831164,180762.75057184795,0.0,0.007075488785806966,0.0,0.0798579575810994,0.03304039661180642
1174,529676.5636191873,180767.22045794327,0.0,0.007666699336625939,0.0,0.08391866989363764,0.036852669781036476
1175,529674.3208115478,180771.83045284,0.0,0.007940400909231603,0.0,0.08555124340373706,0.036987901517167146
1176,529672.0490618495,180777.5749794538,0.0,0.007751572790128357,0.0,0.08588756421466842,0.03443371413241877
1177,529654.1857363735,180768.1632426,0.0,0.008358736012893763,0.0,0.08898974878684233,0.03977794984938662
1178,529650.2525145896,180774.24381720508,0.0,0.007798420099707769,0.0,0.08877167747592044,0.035566629973343415
1179,529647.6500782685,180780.6106230409,0.0,0.008421497572954137,0.0,0.09170155652796833,0.03608312799586389
1180,529667.7818910824,180784.40386712368,0.0,0.008070974301269962,0.0,0.09009876004728844,0.03559851790579106
1181,529666.1426426289,180790.03839185048,0.0555555555555555,0.00813306620389866,0.0,0.09061364191956571,0.03646189938876416
1182,529645.9079583929,180830.3918828636,0.0,0.009744764642456653,0.0,0.10197764874047147,0.041475567327309164
1183,529653.0416345857,180834.61037226688,0.0,0.009959175196487775,0.0,0.10276709107778713,0.04454848662769985
1184,529647.1622757689,180855.27365996287,0.0,0.010497362520815897,0.0,0.10874234791408609,0.04299638070520875
1185,529625.4426151979,180821.16614889272,0.0,0.009790936772037791,0.0,0.10493762504347623,0.036947764761637886
1186,529620.9410642976,180831.01647821628,0.0,0.01029648254510675,0.0,0.10778679514135057,0.040982453229564654
1187,529619.3243846425,180835.7686043868,0.0,0.010397069698630645,0.0,0.10924841306322994,0.0400301503525073
1188,529612.5754184539,180847.32759719767,0.0555555555555555,0.011526598412568595,0.0,0.11711988959797029,0.04519400137822064
1189,529611.0935637617,180852.966150838,0.0,0.011526572754332854,0.0,0.11844748596281796,0.04296918186146662
1190,529602.0552226084,180874.05348693367,0.0,0.01245982037464075,0.0,0.12368082121021326,0.04580816939885007
1191,529599.6149294348,180883.32569110667,0.0,0.01317735233761288,0.0,0.1283129648814048,0.04630549341005941
1192,529598.3000557082,180888.5900829108,0.0,0.01332288179758221,0.0,0.13132162066712397,0.04743523944460421
1193,529613.9445555732,180898.57575628883,0.0,0.012678167535199753,0.0,0.12633254015116865,0.0432189546176833
1194,529608.4880512387,180905.7527790948,0.0,0.013484194782063882,0.0,0.1292938646772355,0.0475714769236687
1195,529600.1651382294,180895.70153769257,0.0,0.013351850725594633,0.0,0.12999313914406066,0.04689858981299867
1196,529595.4004952043,180903.52692151823,0.0,0.014071071063618924,0.0,0.13635357970204104,0.04672867889935912
1197,529591.9091296368,180901.54578009687,0.0,0.014352329647398559,0.0,0.13643487440474375,0.050296967222038656
1198,529595.4330240216,180889.9045253719,0.0,0.013320035548984447,0.0,0.13059673121147555,0.043439873449293724
1199,529589.1578208806,180898.32210154785,0.0,0.014484857431425592,0.0,0.13960625527386747,0.05066373966838214
1200,529585.7082338105,180894.70219735225,0.0,0.01349964810088334,0.0,0.13357546092631703,0.0453732094523343
1201,529582.0162409436,180891.32839708476,0.0,0.014275190332482163,0.0,0.13903838045086975,0.045807117382566875
1202,529578.4397762778,180889.5973776896,0.0555555555555555,0.014499596546346818,0.0,0.1388080329134684,0.04854459027006921
1203,529576.123521608,180884.74496661543,0.0,0.01451895967216228,0.0,0.137440098110804,0.04939595631240864
1204,529572.8938195597,180881.7613828044,0.0,0.014368588804849165,0.0,0.13866051726498577,0.04668645055387583
1205,529571.46359998,180879.20210075847,0.0,0.0143017834418325,0.0,0.13635610515569893,0.0481390450816046
1206,529575.7579684724,180868.21118179528,0.0,0.012973411664866211,0.0,0.12597485926662882,0.04402147034129604
1207,529578.5654629221,180872.31927108337,0.0,0.013476995049656555,0.0,0.13320464031115956,0.045927204633084036
1208,529581.382594864,180876.04918498683,0.0,0.013617269326765777,0.0,0.13045143915935337,0.04891065615096679
1209,529585.1757567428,180878.5425770144,0.0555555555555555,0.013103600655650917,0.0,0.12887539030156742,0.04641802373471139
1210,529588.2914397465,180882.91081221783,0.0,0.013590980955792293,0.0,0.13368941511566604,0.04607065272725869
1211,529591.1310585901,180885.75831870307,0.0,0.013712521726386704,0.0,0.133831587598704,0.04867772356973862
1212,529535.2556940431,180860.74553875384,0.0,0.014625147621439292,0.0,0.13730063200302994,0.04832488114565105
1213,529538.6892753018,180864.99570266675,0.0,0.014456707049785054,0.0,0.13894859795501752,0.04688604485561854
1214,529542.0474058888,180869.1178051124,0.0,0.014932219043156374,0.0,0.14075981499523715,0.05095675740359264
1215,529544.0218216648,180871.9432309884,0.0,0.014810658304752276,0.0,0.14209369441135009,0.04587633450008303
1216,529547.39922242,180875.30898302607,0.0,0.01451147380737989,0.0,0.1397329842104338,0.04663074895961799
1217,529550.48448083,180877.784304178,0.0,0.015407111464814167,0.0,0.14239141471231842,0.0518623332033851
1218,529552.8489634854,180880.74581777985,0.0555555555555555,0.014519228922811479,0.0,0.13747446690176446,0.04611563054177379
1219,529556.38688114,180883.98952711865,0.0,0.014774407110132927,0.0,0.14288282936821792,0.048128337703525564
1220,529559.5076260746,180878.8973025232,0.0,0.01461386674812584,0.0,0.1386822619028783,0.04757170404104428
1221,529561.9444837167,180875.93204144697,0.0,0.014185637774623578,0.0,0.13634890392675653,0.047066834265876184
1222,529565.461741671,180870.72378736947,0.0,0.014095032490882795,0.0,0.13709218867469122,0.048326010323950445
1223,529566.9322158444,180868.61687881427,0.0,0.013841624721660247,0.0,0.13253631170264557,0.047883648340034064
1224,529522.9767598056,180876.20020908304,0.0,0.01605252743603479,0.0,0.14735308353243282,0.05252703561055613
1225,529525.8950754119,180879.0496830193,0.0,0.016091958484198213,0.0,0.14942346482409521,0.05058066667398751
1226,529528.5469483668,180880.00025459315,0.0,0.01620909541565647,0.0,0.15045070720547798,0.05059832081554827
1227,529535.1283737335,180887.35802589485,0.0,0.016193374980071677,0.0,0.14894714383224902,0.05175011887020231
1228,529539.1543076618,180889.983456748,0.0,0.01666405007436364,0.0,0.15139762813944488,0.053409256763638176
1229,529542.2074294107,180893.71936325828,0.0,0.016416195508734414,0.0,0.1532841452388212,0.05243519488266203
1230,529548.0425795445,180897.76560309285,0.0555555555555555,0.01647743429692682,0.0,0.15292639151136322,0.04915313495968436
1231,529552.3645000649,180901.41351171857,0.0,0.016382556122571987,0.0,0.14816223260649508,0.05139235564724459
1232,529556.6689708048,180905.74570348984,0.0,0.016588597654286146,0.0,0.15255574425735785,0.05247672888898571
1233,529559.8160154135,180907.99422128333,0.0,0.015938802061332275,0.0,0.1502067732793018,0.04957868231877608
1234,529567.0721861336,180885.92567238116,0.0,0.01488499919414368,0.0,0.14083397602862505,0.05022999079979319
1235,529564.4289412069,180889.053665678,0.0,0.014872539198781542,0.0,0.14341063081715122,0.049149313762750925
1236,529561.9991856283,180892.18710266656,0.0,0.01584932656572563,0.0,0.14679927857052727,0.04961144610175324
1237,529565.1375144935,180894.77776328992,0.0,0.01515084909991802,0.0,0.1447025480261588,0.048987156061188496
1238,529568.5633956124,180897.26163620173,0.1111111111111111,0.014839663797400702,0.0,0.14339827090117668,0.047491311550091946
1239,529571.4141626076,180899.95909053236,0.0,0.015211746071095555,0.0,0.14442809460568684,0.04949031584040438
1240,529574.1792263853,180903.2249649928,0.0,0.015071013561107554,0.0,0.1430197624282816,0.05075315759471695
1241,529565.9357905553,180913.74214664352,0.0,0.016310800531464595,0.0,0.1512381741975793,0.050385048092796716
1242,529556.0413992588,180913.60403175035,0.0,0.017049318301471893,0.0,0.15274251447069134,0.05302379385855413
1243,529561.9723296628,180921.1730693341,0.0,0.016965110824956175,0.0,0.15279777987324372,0.052945696864563026
1244,529558.9950337962,180926.2326002673,0.0,0.01779587333535706,0.0,0.15901146358235158,0.05329488428103528
1245,529553.2384080123,180917.41268192424,0.0,0.01717040317124248,0.0,0.15501268566424983,0.050412608489148664
1246,529551.1499444529,180921.12542673465,0.1111111111111111,0.018592730530803826,0.0,0.162430997609563,0.05854409652638931
1247,529548.6287000274,180925.0553818383,0.0,0.018044787132032974,0.0,0.16020351187082943,0.053840459459397215
1248,529556.4375112059,180928.79217877268,0.0,0.018298555607317506,0.0,0.15956913519055096,0.05366367635972671
1249,529554.5305542229,180933.7648765492,0.0555555555555555,0.018709988369935975,0.0,0.1629571831241399,0.05498023972180884
1250,529546.2947805118,180930.01719894988,0.1111111111111111,0.01844633693976967,0.0,0.16320969347191955,0.05323312410460743
1251,529548.4351900985,180941.02734257944,0.0,0.018963674096921596,0.0,0.16732525442916035,0.055882361080864744
1252,529540.4422659717,180934.13289398915,0.6666666666666666,0.019362551199749896,0.0,0.16834213442147883,0.05537396174030719
1253,529539.0648250834,180921.9185657125,0.0555555555555555,0.01837742457672143,0.0,0.16260042132846472,0.05242617082463323
1254,529536.0027520547,180929.41869937605,0.0555555555555555,0.019574716028030886,0.0,0.1661239627528993,0.05612226798985079
1255,529532.2502996173,180927.56383785792,0.0555555555555555,0.01946638663275827,0.0,0.17094321013551972,0.05621024867115385
1256,529526.7671480832,180924.04097439395,0.0555555555555555,0.020025843846549887,0.0,0.1720743795277222,0.05741912128568193
1257,529521.5973982675,180921.47337668075,0.0555555555555555,0.01990011024150079,0.0,0.1723984645974798,0.056298610936616846
1258,529517.2645880248,180919.19776239124,0.0555555555555555,0.019895448757173834,0.0,0.1725755756365125,0.05732896628678844
1259,529535.6595845409,180952.82111804164,0.0555555555555555,0.021805270857535412,0.0,0.18156334646992586,0.06343339229301023
1260,529524.36103079,180942.24847882456,0.0,0.021775973200971726,0.0,0.18184580922458282,0.06010962788111746
1261,529520.6826280793,180940.80148671623,0.0,0.02202337341464848,0.0,0.1825646745030567,0.06045975243468198
1262,529517.352096274,180938.95738872784,0.1111111111111111,0.021957590156104385,0.0,0.183631960943439,0.06141164636789824
1263,529528.7240240666,180893.64280404503,0.0,0.016914977559187364,0.0,0.1552998305286279,0.052678129013039914
1264,529527.2033270862,180896.98716325505,0.0555555555555555,0.017295677943502844,0.0,0.15653530848362163,0.052616568415801195
1265,529516.8517552976,180889.00985021912,0.0555555555555555,0.017936740914018257,0.0,0.158937591520929,0.05541186806718823
1266,529486.5728905308,180930.7302395824,0.0,0.023521442362332966,0.0,0.19084503909735676,0.06223574138923804
1267,529525.9260394248,180963.6696587969,0.0555555555555555,0.023297870471079563,0.0,0.19200812357245353,0.06118842783183025
1268,529521.2539550482,180964.76850865383,0.0555555555555555,0.024516705224928645,0.0,0.19632093907166068,0.06297546696937717
1269,529514.6756351104,180957.83463011807,0.1111111111111111,0.024213928738504472,0.0,0.1958734021231584,0.06342461380600277
1270,529507.7752235256,180953.5990457117,0.0,0.02391813874525877,0.0,0.19142367206609492,0.060936707004046596
1271,529504.1485163724,180950.12351339275,0.2777777777777778,0.02505837963968501,0.0,0.19632121586749424,0.06647035812285985
1272,529516.9846663749,180976.56827445043,0.0555555555555555,0.02516508990005757,0.0,0.20003154057250436,0.06323917869638009
1273,529513.8436015089,180973.91705839147,0.0555555555555555,0.026613712513443213,0.0,0.20838228395190372,0.06736882200883668
1274,529508.0229586327,180970.3856127065,0.0555555555555555,0.026756582839923774,0.0,0.20767739541940652,0.06666018686144824
1275,529503.3165165134,180966.20594270312,0.0555555555555555,0.026064931693903975,0.0,0.20454983154593417,0.0664565354156371
1276,529500.3975730597,180964.77831722045,0.0555555555555555,0.02705861746857454,0.0,0.20621582601834174,0.0669524083000275
1277,529498.083092802,180962.82479718467,0.0555555555555555,0.0264493048211635,0.0,0.20596510371937848,0.06711545130733361
1278,529496.8449148838,180961.7106506345,0.0555555555555555,0.0262995750696978,0.0,0.20435290314509585,0.06607124101415877
1279,529487.6575725905,180954.43968092956,0.1111111111111111,0.026685336759980048,0.0,0.20795627940474665,0.06784250697647637
1280,529481.5853681758,180960.78055357467,0.1111111111111111,0.028951236093233353,0.0,0.21658583463882095,0.06955383869789243
1281,529477.2817749052,180967.30181565217,0.0,0.030089102923053848,0.0,0.22335755141710195,0.07139359309985054
1282,529474.5659895868,180971.15704024848,0.0,0.0309894303909872,0.0,0.2281667457499787,0.07152524203382347
1283,529472.2101074159,180977.4572776412,0.0555555555555555,0.03214837821208505,0.0,0.23174284973629428,0.07388270494647382
1284,529468.447286841,180982.63907708417,0.1666666666666666,0.03409693713250954,0.0,0.23812002465555046,0.07651126325830629
1285,529462.4354869658,180976.66697219567,0.1666666666666666,0.033953682171541905,0.0,0.24025784827188557,0.07711715451336279
1286,529457.004161434,180976.0776605928,0.2777777777777778,0.0342641963127115,0.0,0.24365985717539315,0.07777794837163404
1287,529453.2041474902,180973.03727553,0.1111111111111111,0.03437226684439813,0.0,0.24158563373931133,0.07819423580149243
1288,529445.165092176,180984.4465451745,0.2222222222222222,0.037357317009190635,0.0,0.2521353557551605,0.08114299933674589
1289,529449.3928452882,180986.3762951066,0.1111111111111111,0.03848548599506669,0.0,0.25663149137440666,0.08370839129872891
1290,529452.6445341288,180988.36795122703,0.0555555555555555,0.03809303835243357,0.0,0.25758183869333884,0.08271601704553731
1291,529456.27714944,180990.28254778625,0.0,0.03811471932498521,0.0,0.25721645864164494,0.08398399978015787
1292,529462.5635081579,180993.6095953525,0.1666666666666666,0.03849751543824839,0.0,0.2591187416911948,0.0850211512001194
1293,529460.6187064139,180997.57061837384,0.0555555555555555,0.03885184987691261,0.0,0.26176342339323466,0.08214240593565184
1294,529457.8103075144,181001.82626691784,0.1666666666666666,0.0408014011948198,0.0,0.26808934381389105,0.08725920207285306
1295,529456.4000579633,181005.4842846052,0.0555555555555555,0.042253423607680425,0.0,0.2741626308035087,0.0891934118791757
1296,529447.187714438,181025.064623388,0.2777777777777778,0.05047351600104709,0.0,0.3028046290773837,0.09862654876671818
1297,529442.2369660209,181023.8497926002,0.1111111111111111,0.050690469640255545,0.0,0.30384461108093247,0.09828607943351983
1298,529438.3222447081,181020.48389131203,0.1666666666666666,0.051267910199197304,0.0,0.3015120791810395,0.09957744022288602
1299,529431.4533804453,181017.52663643623,0.1111111111111111,0.05206725596841547,0.0,0.3066314224572935,0.09906663214889874
1300,529425.3511371512,181014.10503410976,0.3333333333333333,0.05038795096340341,0.0,0.2972308651162223,0.09770551087824028
1301,529429.9370441651,181050.39189364103,0.2777777777777778,0.055824142276254776,0.0,0.32208292516318715,0.10536857502800638
1302,529435.0586391028,181053.78852726024,0.0555555555555555,0.05313288609997903,0.0,0.3092016071595157,0.10165586264307293
1303,529439.8369439006,181055.845751108,0.1666666666666666,0.05165829285051431,0.0,0.30424223826132485,0.09952664644294457
1304,529446.1782795168,181058.86460116296,0.3888888888888889,0.04929734833680047,0.0,0.3027206545107483,0.09671521910850976
1305,529451.1012659294,181062.4090185915,0.0,0.0456881516034506,0.0,0.2854003082615041,0.0918865733930926
1306,529454.5710674269,181064.377864808,0.0555555555555555,0.04521745493130882,0.0,0.27999194775838254,0.09084464527395647
1307,529460.5556506484,181068.12028516544,0.0555555555555555,0.04136129149632492,0.0,0.2680489448973975,0.0870784463448571
1308,529466.6337643671,181072.3779487432,0.2222222222222222,0.039691522882608576,0.0,0.26297789840946934,0.08432338375073394
1309,529472.5204385489,181075.7759876559,0.1111111111111111,0.03703581083152137,0.0,0.2523464493819616,0.08089158010418455
1310,529477.7936461425,181078.13269773085,0.2777777777777778,0.03601964418208488,0.0,0.24492934962410318,0.07988689672928287
1311,529483.4540565964,181082.03783835995,0.0,0.033576843670170685,0.0,0.235718256191478,0.07457028662522255
1312,529488.94479723,181084.2291519682,0.0,0.032760921372045046,0.0,0.23370480843111358,0.07593150731050868
1313,529506.365839928,181094.8178471158,0.1111111111111111,0.027787473359687103,0.0,0.2105105397843017,0.06786857684665604
1314,529486.2125718802,181089.6599976476,0.0,0.032083143350558695,0.0,0.23167203214621432,0.07344913471467411
1315,529483.6042150753,181093.4637997832,0.2777777777777778,0.032286306810866555,0.0,0.23265322488190995,0.07401683276529036
1316,529496.9923054809,181106.34458039672,0.0555555555555555,0.02795477451936451,0.0,0.21341178974350566,0.06921467543412985
1317,529495.0458117953,181114.4999352495,0.1111111111111111,0.027530218485924393,0.0,0.21154558030679224,0.0676058106567303
1318,529480.9367352545,181099.5882533892,0.0,0.031302312201223224,0.0,0.22936335663548837,0.07329197175340117
1319,529479.5990558396,181102.80519071367,0.1666666666666666,0.031440148753673326,0.0,0.22868203288976605,0.07317897533085836
1320,529475.73379909,181110.44723388925,0.0,0.03020877624203412,0.0,0.22409540632174593,0.07066850578460185
1321,529490.9658476241,181119.19509776763,0.0,0.026509893028110874,0.0,0.20490609104080235,0.06671484008369022
1322,529488.8283273207,181123.4753255856,0.0555555555555555,0.02654653467015283,0.0,0.20749865088865502,0.06604240112209271
1323,529485.1069038227,181129.26330128475,0.0,0.025591718239169767,0.0,0.2023369808335045,0.06372598198934246
1324,529471.7483735005,181119.0150807115,0.0555555555555555,0.02940263895988542,0.0,0.2215455319922285,0.06828922367252532
1325,529468.0190841904,181125.1124886723,0.0,0.028575754496659816,0.0,0.21557389643426986,0.06975427363908916
1326,529482.7566221243,181134.31216254592,0.0,0.024909500286758462,0.0,0.2007260957100736,0.06432225711403587
1327,529480.3216400328,181138.89443532427,0.0,0.025583572922241466,0.0,0.20180992366444186,0.06598276853152309
1328,529465.3792269736,181130.15398001336,0.0,0.02758951947994856,0.0,0.2116965102845203,0.06873492556747185
1329,529435.6460161374,181080.16688872027,0.1111111111111111,0.04270146380050829,0.0,0.27879378950992206,0.08861163857362413
1330,529441.9894999616,181081.4121305683,0.4444444444444444,0.04229366483769878,0.0,0.27420314840521026,0.08847211215458753
1331,529444.7278125904,181087.6742938457,0.0555555555555555,0.04008163633943454,0.0,0.2622748529357816,0.08427407555294661
1332,529451.0673443109,181089.07425725504,0.2222222222222222,0.03860473204989194,0.0,0.25648574451841133,0.08325498390279908
1333,529455.6949052665,181093.2172058994,0.0,0.03753184885402286,0.0,0.2548759701784422,0.08118364937910533
1334,529460.1688080969,181095.8081405835,0.1666666666666666,0.035703763614720246,0.0,0.24512873775217817,0.0792928615471515
1335,529465.101713594,181099.33963520423,0.0,0.034144489161373116,0.0,0.23881731346528257,0.07771473109662835
1336,529425.8864951696,181099.2696246232,0.0,0.03732505788144696,0.0,0.2558058653917051,0.08222325629437478
1337,529428.9321438178,181101.0501053636,0.0,0.03725488130632458,0.0,0.25284204363345675,0.08202028471522131
1338,529433.8493029792,181105.20040951413,0.0555555555555555,0.03569774258563414,0.0,0.24751998732394853,0.077729859679676
1339,529439.7908700078,181107.05465498503,0.0,0.034894228637147376,0.0,0.24406200838001244,0.07837804142800574
1340,529445.1552019172,181112.60965408027,0.0555555555555555,0.03307678409028616,0.0,0.23500281430585043,0.07628482922766791
1341,529451.1243428064,181113.38094283867,0.0555555555555555,0.032506505482836894,0.0,0.2341731959898171,0.07533934349147967
1342,529456.7447740394,181116.4655119204,0.1111111111111111,0.031510733903979675,0.0,0.22710180174949351,0.07376478972262959
1343,529419.3854442205,181119.38422012425,0.0,0.03208060069559405,0.0,0.23502688450264952,0.07480165804058914
1344,529415.1538681305,181126.24292455672,0.0,0.030425235977649543,0.0,0.22625495261034928,0.07256293926435096
1345,529413.4675491863,181131.7731545208,0.0,0.02842433084260908,0.0,0.21549669011516748,0.06636818368058464
1346,529421.572157318,181139.7200679788,0.1111111111111111,0.027275904049726275,0.0,0.21260320528182383,0.06719610353344663
1347,529425.2087835884,181141.0511669872,0.0555555555555555,0.027380141048868316,0.0,0.2076268546390203,0.0684854441239629
1348,529427.9766367187,181142.36014228224,0.0555555555555555,0.026841351398101686,0.0,0.20530007809775835,0.06816125509138254
1349,529436.1875982082,181146.12990870568,0.0555555555555555,0.026396104445605334,0.0,0.20525609411710882,0.06572406963425877
1350,529475.9166423723,181144.9746213353,0.0555555555555555,0.024559648695419403,0.0,0.19593343295070922,0.06618545781323805
1351,529474.1297897019,181150.65708289263,0.0555555555555555,0.024311020728510446,0.0,0.19135368381224727,0.06469604522261664
1352,529470.8024038562,181156.14548610456,0.0,0.023675751846502776,0.0,0.18879265196500625,0.05977202194138106
1353,529468.9466207636,181160.74251994083,0.0555555555555555,0.023504070757728708,0.0,0.18991969549629684,0.06426473663641381
1354,529466.5116624432,181165.32479911097,0.0,0.021971734028485016,0.0,0.18224752634628227,0.05798697887282123
1355,529461.6972477025,181134.39487219576,0.1111111111111111,0.026887771574897645,0.0,0.20846467339747227,0.06726649257419651
1356,529460.3241174689,181139.00420463568,0.0555555555555555,0.026184104929684412,0.0,0.20606126130677876,0.06568191512386383
1357,529457.4715084393,181144.8143319024,0.1111111111111111,0.02589772876627756,0.0,0.20419655501441508,0.06744428202401266
1358,529455.0050255391,181150.63429666404,0.0,0.025377070486461224,0.0,0.19897109509261807,0.06583395930339438
1359,529452.485368892,181154.74999328968,0.0,0.024311844560301905,0.0,0.19626036249546372,0.06486176781745281
1360,529450.8955460148,181160.2826704927,0.0,0.023575298306604552,0.0,0.19229504184290158,0.06328229700123404
1361,529447.6568394699,181166.08296742776,0.0,0.023076920869316595,0.0,0.18928356727427073,0.06079720681746949
1362,529437.3458235351,181184.0879583326,0.0,0.020242602374997577,0.0,0.1723613882818354,0.05649310195594478
1363,529432.8877523099,181180.87820220616,0.0,0.021539678214098038,0.0,0.18007803664891534,0.060357132371369145
1364,529442.5506343717,181161.7730208769,0.0555555555555555,0.023354809621476024,0.0,0.18943726528579802,0.06487251832093102
1365,529437.4010746942,181159.1648900261,0.0555555555555555,0.023808819391031407,0.0,0.19511078887976765,0.06320019736753162
1366,529432.7144572985,181157.3426075065,0.0555555555555555,0.024401472237366238,0.0,0.19709135612039178,0.06347341860354799
1367,529426.6842644524,181177.93361758007,0.0,0.021368691070676706,0.0,0.17836681377285077,0.05799410653899027
1368,529422.5689581842,181176.43551503864,0.0,0.021552310637964506,0.0,0.17934818052500212,0.05944094684687592
1369,529417.5967037366,181174.45116107585,0.1111111111111111,0.021760626757801993,0.0,0.1829533849183592,0.0578336935000103
1370,529427.7185458037,181156.28650413064,0.0,0.024723283569354493,0.0,0.19590901306752723,0.06479787206608024
1371,529423.7884014441,181155.10273794644,0.0,0.024414797124102654,0.0,0.19499355049212114,0.0608933999525348
1372,529417.9867559025,181151.54915810248,0.0,0.02505446215796651,0.0,0.20056931195778305,0.06549182347948962
1373,529411.9113056145,181170.1264958684,0.0,0.02289473229438407,0.0,0.18762700901568627,0.06184435008587726
1374,529406.6415729348,181168.44419837795,0.0,0.023211728831480472,0.0,0.18882778529268174,0.0620932434145175
1375,529400.1327088256,181166.1111126772,0.0,0.022600731799505846,0.0,0.18747820919300318,0.05879038399289357
1376,529408.2313105505,181147.740091302,0.0,0.026137604524059842,0.0,0.20319843900061807,0.06640634131983252
1377,529404.6262014057,181145.17132408416,0.0,0.026435170695131176,0.0,0.20326226637854153,0.06582672598643347
1378,529401.560875191,181144.16440773968,0.0,0.025832853120262074,0.0,0.20322103925217075,0.06631661765093272
1379,529396.608277356,181141.4065248423,0.0,0.026376718347587386,0.0,0.20500714751768573,0.06488405677952358
1380,529383.4763469418,181156.39839588097,0.0,0.023526597961112165,0.0,0.18895351742853253,0.06338883439899154
1381,529373.5768844284,181131.68633652973,0.0,0.02626839712240132,0.0,0.20310560606689224,0.0650834473481813
1382,529374.6314378448,181200.29415784124,0.1666666666666666,0.01732332419180773,0.0,0.15751906139079433,0.051343346089317295
1383,529373.6011918602,181206.6151532477,0.1666666666666666,0.01696237570827531,0.0,0.15599043725269918,0.04906039179676659
1384,529376.2843669428,181215.04322141304,0.0,0.016167472946233222,0.0,0.14902848474959135,0.05009465027921642
1385,529379.3378373382,181216.51425340047,0.0,0.01688302850799785,0.0,0.15377256289706606,0.05184853941403078
1386,529384.0204768685,181218.4911974457,0.0,0.016386907564992968,0.0,0.14907325549634703,0.05368727969842122
1387,529391.01586127,181220.68184251856,0.0,0.01648292658487037,0.0,0.15056941468198373,0.05275966386284895
1388,529395.026731816,181222.48688226024,0.0,0.016511782669668216,0.0,0.15143322925332864,0.05360218463164676
1389,529400.5544803969,181225.4142230766,0.0,0.015939532327682575,0.0,0.1482583599536719,0.0500050921418938
1390,529405.796576896,181228.1794857196,0.0,0.01616750503892765,0.0,0.14706941811280508,0.04922150893022885
1391,529385.2298885534,181193.75233358887,0.0,0.018918343174590967,0.0,0.16614846343436404,0.056137140907005716
1392,529389.9283041185,181195.11044247524,0.0,0.0189845497797461,0.0,0.17036789550614195,0.054920502728161534
1393,529393.8879854024,181198.926711708,0.0,0.01846027580521565,0.0,0.1657097402876696,0.054342908103366235
1394,529398.9843285135,181199.8305303093,0.0,0.018511456896844487,0.0,0.1645498112558254,0.052802921508187356
1395,529402.8908053457,181201.94253816624,0.0555555555555555,0.019074540752863876,0.0,0.16475701743456062,0.055534303950195395
1396,529406.9863972663,181204.21417532745,0.0,0.018046495611321135,0.0,0.16342387297224772,0.05241451261841592
1397,529412.8037468051,181207.14890349293,0.0,0.01794515073631439,0.0,0.1593743555924025,0.05317652663872454
1398,529434.7139050525,181188.8200449769,0.0,0.019933672136085084,0.0,0.16980502834290223,0.05678590364311268
1399,529431.9007541145,181193.08308566947,0.0555555555555555,0.01920659098051722,0.0,0.1676658461979704,0.0558868244891662
1400,529430.9984877944,181198.16884872748,0.0,0.019026195483411713,0.0,0.16351618073749857,0.05530650941607774
1401,529428.8413460769,181203.2226511679,0.0,0.01897848657713984,0.0,0.16413728343037143,0.05701063794969779
1402,529426.1089752428,181208.106993651,0.0,0.018059822780613674,0.0,0.16044794971835125,0.05567199591696046
1403,529422.6043789828,181212.97167033987,0.0555555555555555,0.01747223546435897,0.0,0.1586809220706834,0.05339193211402151
1404,529454.200993076,181189.78085325667,0.0,0.019481261625491884,0.0,0.1717154646253857,0.05549421388269832
1405,529452.1324719886,181195.1465252365,0.0,0.019667892917513242,0.0,0.16943276867137655,0.05604072546137245
1406,529449.2306620157,181199.0976775135,0.0,0.0189046051926191,0.0,0.16671641274882038,0.05624879406331387
1407,529447.166090276,181204.30864140036,0.0,0.018133928173948054,0.0,0.16240205517076556,0.054336730175846934
1408,529445.0207568937,181208.89830710035,0.0,0.01841694569415765,0.0,0.16042080783512846,0.056650507530270594
1409,529442.0953152537,181213.7777235823,0.0,0.01719979925391716,0.0,0.15639275997501106,0.052516660031638504
1410,529430.7383293194,181238.7225504825,0.0,0.01586205698471821,0.0,0.1475499329236518,0.05187349721968454
1411,529427.704567689,181244.06364657503,0.0,0.015173534688033744,0.0,0.1428157844609777,0.051270853659387904
1412,529425.5671471483,181248.34390008543,0.0,0.014260552220776546,0.0,0.1366925068078781,0.04749214962285938
1413,529423.2937996825,181254.16879664484,0.0,0.013795532185054166,0.0,0.13364181562554667,0.04448511688671723
1414,529421.1563866064,181258.44905194608,0.0555555555555555,0.013995086560601513,0.0,0.13468119725133895,0.04346147061729584
1415,529413.5287081945,181231.78221746747,0.0,0.015858749469485872,0.0,0.14649587846056042,0.049306897294752294
1416,529411.3715961574,181236.83602706503,0.0,0.015070436243006273,0.0,0.14075787979206275,0.04809127943949563
1417,529408.036450385,181242.633890204,0.0,0.015306686777855096,0.0,0.14346461375596864,0.05009188489437162
1418,529406.3265311331,181249.0923830852,0.0,0.014368490361714857,0.0,0.13801712297522192,0.047088639460631326
1419,529418.6210452127,181263.18360495663,0.0,0.013184788850664495,0.0,0.13114828465371461,0.04348532433996876
1420,529402.1699213479,181253.011606384,0.0,0.014060185958379122,0.0,0.13547672869852356,0.047077647165952745
1421,529398.82297722,181259.27360556804,0.0,0.014213211577873535,0.0,0.13608903604126174,0.04896416814283367
1422,529395.9212431733,181263.22478741745,0.0,0.01370184821100611,0.0,0.13335859427898109,0.04884828546311336
1423,529394.1620892216,181267.8243054764,0.0,0.01314388163412989,0.0,0.12832378771991185,0.0473820998168049
1424,529391.746941002,181271.6330689324,0.0,0.012505793716794993,0.0,0.12414144306687405,0.04497407253534589
1425,529387.8701127536,181279.7393068604,0.0,0.012686072316305929,0.0,0.12366843867557228,0.045935975334069415
1426,529384.8935552164,181286.6299862432,0.0,0.011758289864775543,0.0,0.11732501974400615,0.041151348976881184
1427,529416.0699481944,181268.5369994488,0.0,0.012882221672910232,0.0,0.12788338497413812,0.04536520038827258
1428,529414.1984896862,181273.7528928388,0.0,0.012712293908289285,0.0,0.12558312531786073,0.044052821101716974
1429,529410.2841967946,181279.53600497276,0.0,0.01264094349289824,0.0,0.1238638188088609,0.04787684877246254
1430,529408.1468041218,181283.81626555807,0.0,0.012064444451158235,0.0,0.12165859191448944,0.04386780003381868
1431,529398.2580377011,181294.61325047904,0.0,0.011549443712975675,0.0,0.1188606877346694,0.04262422144329337
1432,529400.4541898819,181298.6906098725,0.0,0.011354749928792353,0.0,0.11757027763741618,0.042852330141292666
1433,529405.117972502,181298.9210786865,0.0,0.011402877507034786,0.0,0.11816365345764065,0.042452109349499535
1434,529410.673004882,181299.7327814748,0.0,0.011178605915080178,0.0,0.11404899866594824,0.04178869630045259
1435,529416.8492095635,181300.7837232856,0.0,0.011241624426573449,0.0,0.1170774242671397,0.041918153358325154
1436,529422.8306746454,181301.27117998595,0.0,0.011684078192072537,0.0,0.118135706856988,0.04424618077632955
1437,529427.8782417405,181302.8519234629,0.0,0.011266969951604993,0.0,0.11518640074006944,0.04273717461693443
1438,529433.8597038591,181303.33939320972,0.0,0.01105366014409493,0.0,0.11439453451705558,0.04077052724372233
1439,529439.667740308,181305.1629317727,0.0,0.011576114856408177,0.0,0.11689162307604684,0.04371627521628597
1440,529461.4130863168,181305.1583449797,0.0,0.011072230041326655,0.0,0.11693674467446949,0.041138962665591895
1441,529444.0102945333,181301.5872295736,0.0,0.010883663235722,0.0,0.11273911538147184,0.04093423755960619
1442,529446.9157741705,181296.9695638892,0.0,0.011555193060055605,0.0,0.11666290619168203,0.043064978439596
1443,529449.234210421,181290.7730528341,0.0,0.011888418700553044,0.0,0.11947422481268903,0.043732320663968566
1444,529451.9307465161,181286.15006706287,0.0,0.012046576734633404,0.0,0.11983823258138966,0.041846907030600546
1445,529453.94783665,181280.8395341382,0.0,0.012368822150865398,0.0,0.12174621783107374,0.04520145230643988
1446,529455.4873004534,181277.8626732164,0.0,0.013030463730290029,0.0,0.12771032094114224,0.04587965835645949
1447,529458.1397923375,181272.23320876856,0.0,0.012823402350242413,0.0,0.12557963804751035,0.04437546001227288
1448,529460.7112622147,181267.04850786543,0.0,0.01319228766580239,0.0,0.12824516853670315,0.04580267609841908
1449,529462.9287907507,181262.0782041899,0.0,0.013503246094983982,0.0,0.1299436071890029,0.047516820694148636
1450,529465.7987855106,181256.1191645249,0.0,0.01361737270429221,0.0,0.13343934511903316,0.04686742594964377
1451,529467.0506472688,181297.25909556297,0.0,0.011825048230189069,0.0,0.12064802297122793,0.04431869292286476
1452,529468.8857845227,181293.61953173304,0.0,0.01184073292549583,0.0,0.11886019151249876,0.04523007235014481
1453,529470.4906709401,181288.0750894383,0.0,0.012108561997241625,0.0,0.12117166209122045,0.04276797545508918
1454,529472.9583641549,181284.22822993965,0.0,0.011753795736715037,0.0,0.11878651381658581,0.042993620779423904
1455,529475.1645212668,181279.7044680637,0.0,0.012269545607587353,0.0,0.12442507053293354,0.04622554730049766
1456,529477.7160950344,181275.30121463205,0.0,0.012058570558011426,0.0,0.12463450892704986,0.040058113123197535
1457,529479.2172113532,181271.0946102423,0.0,0.013097502486781615,0.0,0.12632360632855177,0.04554458443409473
1458,529481.7972370022,181265.5750171932,0.0,0.013084557950536535,0.0,0.1304280709264689,0.04317725646868187
1459,529484.0759052655,181260.9413996247,0.0,0.012974936127743017,0.0,0.1280151318405826,0.04316250201320159
1460,529442.6305362389,181221.6818655892,0.0,0.016589992063985384,0.0,0.1509250090133186,0.04971842145518328
1461,529446.6717682608,181224.46576373908,0.0,0.016705796592746725,0.0,0.1507436921050609,0.053429269951585395
1462,529450.8665187801,181226.69504298124,0.0,0.015949977912067263,0.0,0.1495060512565011,0.04944285043684641
1463,529453.5844353558,181218.49799057265,0.0555555555555555,0.0169700471387023,0.0,0.15371578151545637,0.05164217414772832
1464,529457.5460812885,181218.93403142836,0.0,0.01715395185348751,0.0,0.15488328224693088,0.05270611269499442
1465,529460.9746579056,181221.14380082427,0.0,0.01681575809114674,0.0,0.15606487522108178,0.05217953999550691
1466,529456.2538828711,181228.61958741955,0.0,0.016418359546570276,0.0,0.15025521648321175,0.05192861838967689
1467,529461.145146669,181230.86661903275,0.0,0.01535096606619405,0.0,0.144594255766074,0.048670021557035786
1468,529464.495529278,181233.4095190336,0.0,0.015185849270332496,0.0,0.1419567376995624,0.048310570703459885
1469,529439.5245154905,181242.380175624,0.0,0.015160715692533494,0.0,0.140740226450034,0.05091570426515345
1470,529443.0255783922,181244.48007308025,0.0,0.014884922266052002,0.0,0.14196191724843513,0.047425177486884476
1471,529447.4548618984,181245.70996490368,0.0,0.01443464943099785,0.0,0.1369487441935756,0.048194531574745667
1472,529451.8031164724,181247.38462295948,0.0,0.014492637320783895,0.0,0.1397728755600447,0.04605534784696902
1473,529456.5408404411,181250.1862726504,0.0,0.014263546002843965,0.0,0.13519664905873477,0.047945306067929634
1474,529461.8414613929,181252.7788541125,0.0,0.014279907073879104,0.0,0.13509195474970706,0.0491106799043055
1475,529473.6341033165,181238.5574366216,0.0,0.015144275702966309,0.0,0.1388591329228337,0.04917788299301528
1476,529476.7685089579,181233.16367216327,0.0,0.015406587465200844,0.0,0.14279579732478348,0.04868928657694709
1477,529479.1083041246,181228.86672953007,0.0555555555555555,0.01538621551295811,0.0,0.14472657597763305,0.049681918826035835
1478,529482.0366088792,181223.35601001504,0.0,0.015618648228271133,0.0,0.14910274865824905,0.04689048627600461
1479,529484.0594403484,181217.8222203185,0.0,0.01598736194888174,0.0,0.15033086971074608,0.04969874479256581
1480,529486.1234832417,181213.4065476661,0.0,0.01671498571381857,0.0,0.15080990000950636,0.052304198548164295
1481,529490.3817012451,181248.70264121436,0.0,0.013716778098154523,0.0,0.1322787685120853,0.04492028463201879
1482,529492.3149691955,181243.94851885905,0.0,0.01372244627414388,0.0,0.13222840114053544,0.04585998093915311
1483,529495.9398007289,181238.4555558646,0.0555555555555555,0.01438059330020433,0.0,0.13768323463245463,0.0471205815028342
1484,529497.4082710191,181232.79593778067,0.0,0.014860721260372849,0.0,0.14003290102270377,0.04906223944798087
1485,529500.0238478,181228.61773839893,0.0,0.014776101934420475,0.0,0.14160407293386984,0.04638818286364726
1486,529502.6821017036,181222.76502811268,0.0,0.015557497176069201,0.0,0.144457046440452,0.05084646937756004
1487,529505.3787194688,181218.1420698097,0.0,0.015721364187675807,0.0,0.14638029476893127,0.049943163188952845
1488,529507.8948346745,181212.39744622196,0.0,0.015693885285526225,0.0,0.14737361243969313,0.0494436558304485
1489,529488.215974846,181207.87453434456,0.0,0.01718888038877424,0.0,0.15524776975093577,0.05131600937429054
1490,529511.0150666134,181207.56187298425,0.0,0.016129307124247347,0.0,0.14932043770723086,0.05130149902742667
1491,529459.863300894,181193.6356640494,0.0,0.018895143979053213,0.0,0.16515810649388177,0.052974559998106595
1492,529465.1412290419,181197.12132106628,0.1111111111111111,0.018942889625343975,0.0,0.16508361647582148,0.05529401540437437
1493,529468.7816195289,181199.224784786,0.0,0.018306660984491022,0.0,0.16155907615720907,0.05580802260890101
1494,529472.686396025,181201.8935202713,0.0555555555555555,0.017716522399328846,0.0,0.15894024617755362,0.051909829355283446
1495,529477.962917887,181202.69819668328,0.0,0.017812869686996257,0.0,0.1587046767504015,0.05365712000206591
1496,529481.5720110494,181206.02964539648,0.0,0.017205031958754464,0.0,0.15390230734656957,0.0533537304878394
1497,529467.5878144356,181174.95403682225,0.0,0.02152961309685249,0.0,0.18012386469900216,0.059668008540067353
1498,529472.3113796978,181178.3138707446,0.0,0.0205086460713739,0.0,0.17598967591960551,0.058503409988521396
1499,529477.0193270015,181179.5508857552,0.1111111111111111,0.019900638853625866,0.0,0.17443841300529467,0.05725829595377506
1500,529482.06270181,181184.03594365093,0.0,0.0199632970095434,0.0,0.17106670855173844,0.05726052227600623
1501,529486.666855254,181186.6108027962,0.0,0.01924546025154461,0.0,0.16742669069671579,0.056556330164438375
1502,529491.7983969925,181187.6352120864,0.0,0.01870797859022856,0.0,0.16612899842096285,0.05623689504047599
1503,529497.0066585125,181191.11912759213,0.0,0.018596717203009084,0.0,0.16198475008099794,0.055333999758836565
1504,529500.5235162919,181184.3946421769,0.0,0.01870270043418998,0.0,0.1630935076666815,0.05605830416273459
1505,529503.2372190763,181179.10187784315,0.0,0.01879728763675467,0.0,0.165762301574445,0.05535746472608158
1506,529505.9395476256,181174.25565146544,0.0,0.018766625505839792,0.0,0.1663187028770747,0.055353424874443787
1507,529508.4940403912,181169.7407787424,0.0,0.01987033384316487,0.0,0.1702854079856985,0.058609076085565676
1508,529510.9206114899,181164.7758204997,0.0,0.02003450422485078,0.0,0.1747009501208376,0.0577871168181327
1509,529513.472267931,181160.372584332,0.0,0.020673134155488434,0.0,0.17305605007159933,0.05781646285176418
1510,529515.7978986962,181156.63382869423,0.0,0.020032294426970573,0.0,0.17301093246903948,0.05626614558601862
1511,529518.8357657506,181149.562026945,0.0555555555555555,0.020983010169359315,0.0,0.17524778809574154,0.06130233277765872
1512,529519.965919016,181146.2396312368,0.0,0.021472198046377393,0.0,0.1780701196722849,0.06145985943882994
1513,529524.6441794,181140.43841396796,0.0,0.02094521813006331,0.0,0.17803394420610064,0.0566768183274518
1514,529527.342336,181133.02283830545,0.0,0.021723957228508332,0.0,0.1830893244174807,0.0593786703457718
1515,529520.0219536049,181187.79593322217,0.0,0.017048971131393302,0.0,0.154484452439055,0.05176174328422439
1516,529523.0256676325,181182.06374352967,0.0,0.017445961684140615,0.0,0.15699985237447242,0.05432610686342732
1517,529529.0245787257,181170.93427169483,0.0,0.017957659468323416,0.0,0.1622204385404782,0.05378885626089195
1518,529534.05826944,181162.1260428881,0.0,0.018624725117151224,0.0,0.16313987117901663,0.05281506791675608
1519,529535.6845386745,181158.48117608565,0.0,0.01850001651654954,0.0,0.1633857959568691,0.05322380775983546
1520,529537.6733035977,181154.28701647365,0.0,0.01875378337096814,0.0,0.1661945576453433,0.05339171673197307
1521,529540.9158291182,181150.12481670248,0.0555555555555555,0.018994330098699726,0.0,0.1651705621952158,0.05477077159470388
1522,529542.8051342068,181144.3642302073,0.0,0.019385066987804754,0.0,0.16971705803743312,0.05482074104919417
1523,529545.7747479876,181139.97166303132,0.0,0.018982363245469678,0.0,0.16738483665469023,0.05524858509240029
1524,529548.9462811326,181133.12669804087,0.0,0.020084274428530915,0.0,0.1702515776007669,0.05942624840691536
1525,529531.2984724747,181128.2085809365,0.0,0.02138841375153713,0.0,0.18025568754250698,0.05789563170456986
1526,529532.7655237505,181125.34160137072,0.0,0.021924679245373283,0.0,0.18219888773186527,0.060097981803267635
1527,529535.2447179665,181121.04823450043,0.0555555555555555,0.02144224686958037,0.0,0.17806521969053626,0.058360802022222276
1528,529539.4354418885,181115.23460244105,0.0,0.02171228629876443,0.0,0.18216576522576466,0.0598387496379427
1529,529518.8451376304,181105.43814246712,0.1111111111111111,0.02527630652165787,0.0,0.19920004991840298,0.0658598572419164
1530,529515.6240917405,181100.5526664859,0.0,0.02634802569259653,0.0,0.2067042872682305,0.06778031383942709
1531,529511.7803740589,181098.220576733,0.0,0.026817487713996075,0.0,0.20739690139188585,0.06806312832714846
1532,529481.812739032,181166.4916358787,0.0,0.021777242302566523,0.0,0.18211871970541796,0.06067570269840673
1533,529486.5620486806,181157.8995307652,0.0,0.021672409930618686,0.0,0.18091736900180125,0.05881007970833862
1534,529489.7974551675,181151.2795731668,0.0,0.022975083167667696,0.0,0.1868672819294085,0.061633623390305405
1535,529492.5168510447,181145.76353497,0.0,0.02333647990186417,0.0,0.19302740239572255,0.061895208356654144
1536,529518.0649138689,181004.7850424992,0.4444444444444444,0.028021499311761403,0.0,0.21409755660891808,0.06877527246921575
1537,529513.5233457098,181009.10808942612,0.1111111111111111,0.02916125904714399,0.0,0.21746299895755755,0.06966308155789708
1538,529509.9807651675,181014.59800016665,0.1666666666666666,0.03040888994023992,0.0,0.22306420214016287,0.0730224915056879
1539,529497.8069852778,181029.63330304183,0.0,0.0340965786653473,0.0,0.2431344815241033,0.07788409973968702
1540,529502.2564331258,181032.02948736725,0.1666666666666666,0.03286546357397562,0.0,0.2370589952939993,0.07593372643454785
1541,529507.8888515376,181034.58264413767,0.0,0.031635383302889425,0.0,0.23000227093699888,0.07416999574217815
1542,529515.4433616285,181039.34077367367,0.0,0.029775298841884124,0.0,0.2226422658502274,0.07197986974395137
1543,529520.0236669731,181033.49684650835,0.0,0.0286362222632857,0.0,0.21788737238260972,0.0702420016459559
1544,529523.1643845885,181028.25034568465,0.1666666666666666,0.02790074160863007,0.0,0.2131661428107157,0.06885302095689709
1545,529526.6875899201,181023.5208850272,0.0555555555555555,0.02766175098416135,0.0,0.2121774021591307,0.06878945183495058
1546,529529.6378560718,181019.53775882543,0.0,0.02724791432886105,0.0,0.20929214620549674,0.07132914850500259
1547,529532.2879560664,181014.91287098627,0.0,0.026454837185145453,0.0,0.20558657541026898,0.06569861743752066
1548,529492.88935118,181039.40015070536,0.1111111111111111,0.03556802002890516,0.0,0.24699650228334696,0.08018130663230372
1549,529498.1067508972,181042.5595332537,0.0,0.03308019354112753,0.0,0.2387974559185694,0.075475428431263
1550,529502.4918402322,181045.44550893857,0.1111111111111111,0.032664901532667524,0.0,0.23698506116672352,0.07481293606565427
1551,529506.0467621644,181047.9740623864,0.0555555555555555,0.03248734629729909,0.0,0.23311708386003033,0.07609630151280451
1552,529510.7624559337,181048.1783026586,0.1111111111111111,0.03048911162922968,0.0,0.2241076979211428,0.07055311286463228
1553,529508.9405217918,181051.74678573507,0.0,0.031128861889054497,0.0,0.22720561162812014,0.07317278262102678
1554,529487.0609249073,181049.9282446401,0.0555555555555555,0.03652333293770325,0.0,0.25082706382093717,0.08113553935812914
1555,529492.7393962509,181053.51970853008,0.1111111111111111,0.03540469955240918,0.0,0.2449800457759967,0.08036199960712596
1556,529497.4111702542,181057.50586559527,0.1111111111111111,0.033546238248947216,0.0,0.23633039162790104,0.07669684911235167
1557,529500.5574277957,181059.60366346184,0.0,0.03215917752286161,0.0,0.2345878163917851,0.07526557599825004
1558,529504.3701596707,181062.3069211981,0.1111111111111111,0.031205675758177055,0.0,0.22816365796342272,0.07312098006733658
1559,529506.2060355638,181056.13269200167,0.0,0.031024861925269334,0.0,0.22759954968436577,0.07169641460371953
1560,529550.446798285,181101.02373687224,0.0,0.020978075492419184,0.0,0.17671695629909845,0.05804246023097693
1561,529546.2481263853,181097.47970791516,0.0555555555555555,0.021896591901633854,0.0,0.18326311372329027,0.059540018721513356
1562,529540.022939954,181094.91512523853,0.0,0.02293277308931127,0.0,0.18715675937653237,0.060768600996691666
1563,529535.0267725169,181091.80904414423,0.0,0.02419007961872372,0.0,0.19265101963913914,0.06424527864715393
1564,529539.9400844881,181084.1437563057,0.0,0.02377020499423755,0.0,0.19077559975658323,0.0642079809622378
1565,529524.8494999873,181086.0275368541,0.0,0.026096896186079615,0.0,0.2050980885746479,0.06637597024702595
1566,529520.1020893764,181081.24750200656,0.0555555555555555,0.026587202247005,0.0,0.20812210659805447,0.06429298207303381
1567,529527.5576178252,181079.57390400127,0.0,0.02610228596336518,0.0,0.2031839457290271,0.0668757021815649
1568,529529.8551322882,181074.9734228084,0.0555555555555555,0.0259744074538254,0.0,0.204669634713503,0.0660302221900085
1569,529532.5365597376,181069.5673958967,0.0,0.025595618638445082,0.0,0.20112434495961895,0.06668936666158877
1570,529534.8000242922,181063.45186082192,0.0,0.0260213287687757,0.0,0.20621512575966575,0.0683399180882873
1571,529537.524421032,181059.2116913873,0.0555555555555555,0.02558808681724995,0.0,0.20107722989313517,0.06422278118810171
1572,529540.3184835297,181055.0897750261,0.0,0.024671902067257258,0.0,0.2003007062564105,0.06485095101932241
1573,529548.7244349169,181041.7928319417,0.0555555555555555,0.02390386278138052,0.0,0.19391612734362532,0.06349383913244547
1574,529559.1532806222,181043.2234488764,0.0,0.02168316330467697,0.0,0.18276860008263518,0.05822017559480571
1575,529561.9561206687,181044.4596639833,0.0,0.02198154026533178,0.0,0.184710623815961,0.06075146354931124
1576,529564.9309247814,181044.65198066656,0.0,0.021576920330712894,0.0,0.18190296874966644,0.0592091694128711
1577,529568.7297888577,181046.7289251469,0.0,0.021148120649126054,0.0,0.1792994662159672,0.05882982235971441
1578,529515.5429905481,181071.92970795467,0.0,0.02842698745440804,0.0,0.2163391861311754,0.07060572183366348
1579,529517.6863408501,181067.6747206876,0.0,0.02787188837341427,0.0,0.21485396908880364,0.06653906729395388
1580,529521.1518368796,181062.8710505504,0.0,0.027707113516610177,0.0,0.21244856474859186,0.06772565086432061
1581,529524.0303789288,181058.2853749625,0.0,0.02868230597340178,0.0,0.21554004464776605,0.06955706124566945
1582,529527.6263101207,181054.0674130944,0.0555555555555555,0.027292394549065086,0.0,0.21197944162051677,0.06763646272730028
1583,529529.6511213006,181048.761125138,0.0,0.026555293456788455,0.0,0.20622116774222168,0.06580743781258233
1584,529532.5785721712,181045.1085083469,0.0555555555555555,0.02582354465968464,0.0,0.20625328648263477,0.06463008523980635
1585,529535.550530744,181039.70988766244,0.0,0.026825337009425968,0.0,0.2077982005879107,0.06873743982832872
1586,529538.2779064766,181035.353318191,0.1111111111111111,0.02558124468621242,0.0,0.20268778352479544,0.0660166891433288
1587,529541.438092254,181031.12425828236,0.0555555555555555,0.025128829185509415,0.0,0.19948802899312074,0.0648739731946043
1588,529544.0261537929,181026.53118846985,0.0,0.024573544505310668,0.0,0.19808298660103527,0.06440313024275504
1589,529547.026255937,181022.8804310849,0.0555555555555555,0.023918679418047054,0.0,0.19587522164384044,0.06212164619341284
1590,529550.4162120083,181018.1913292763,0.1111111111111111,0.023355480462605455,0.0,0.18906909823623133,0.06313734489760411
1591,529553.179218522,181012.43796320423,0.0,0.022630889697126146,0.0,0.1880791476808211,0.06018380330338524
1592,529557.4896260411,181008.70413796787,0.1111111111111111,0.021940185317284505,0.0,0.18427690780846198,0.060188410369526935
1593,529560.3341766369,181002.60342610243,0.0555555555555555,0.021524034076688788,0.0,0.1798563654322848,0.05904290714455251
1594,529564.0902713473,180997.807190608,0.4444444444444444,0.020520486966128508,0.0,0.17327012419082152,0.056677438057087345
1595,529566.6457254224,180994.4945358582,0.1111111111111111,0.01993195299645977,0.0,0.17328725924362348,0.0553364707119272
1596,529566.92593249,180992.0556833734,0.0,0.02065618514009635,0.0,0.17770863707688067,0.05751488614896453
1597,529569.8801497131,180987.3554842325,0.0555555555555555,0.01952655725365307,0.0,0.16913287220178522,0.05435193606529107
1598,529573.1130191833,180983.12829511607,0.0,0.018872491822602228,0.0,0.16702245098223745,0.05434467713302971
1599,529566.2079307612,181014.51724881155,0.0,0.020954389041470244,0.0,0.17706095819371948,0.05886014918478708
1600,529570.1491079753,181016.7142975758,0.0,0.02074244805186669,0.0,0.1784090007222832,0.05727944808602405
1601,529574.7928290196,181019.861070009,0.0555555555555555,0.020125470814406982,0.0,0.17362449708928385,0.05828258686042237
1602,529579.8293678502,181021.85310244892,0.0,0.01940694886593325,0.0,0.17148195867355726,0.056964082677020064
1603,529543.7189033648,180957.04285416327,0.0,0.02063119292622659,0.0,0.17533165626537023,0.05765787617971459
1604,529548.6891448377,180960.72020887432,0.0,0.02012270904695157,0.0,0.17483662300098732,0.05583466323944131
1605,529553.4286205334,180964.13806741004,0.0,0.02077064899463355,0.0,0.17662408873364283,0.057962229211434076
1606,529557.5451964841,180967.15962318968,0.0,0.01992228412513615,0.0,0.17039503272539044,0.058224779622353375
1607,529556.9463038145,180975.13334641204,0.0,0.02049141133699207,0.0,0.17699128855504614,0.05772232417951323
1608,529555.1227029961,180978.3839022852,0.0,0.021226436014542552,0.0,0.17755324925514954,0.059400021532846715
1609,529553.3975603536,180980.8761123893,0.0,0.021412213260471893,0.0,0.1795603728376451,0.059842206860208635
1610,529550.0586570841,180984.59527974736,0.0,0.021884023635223973,0.0,0.1807974383637555,0.05861045597419919
1611,529552.6012481896,180943.8274780335,0.0,0.01914076531225361,0.0,0.16509615318420864,0.05624590935919457
1612,529556.0981762386,180946.32599871137,0.0,0.01862729561332865,0.0,0.16335008820904187,0.05450854038815692
1613,529560.0033906134,180948.32769284083,0.0,0.019427119343509002,0.0,0.16786946517127677,0.05650806758814755
1614,529562.9306445648,180951.44574277836,0.0,0.018823339319185072,0.0,0.1629155014970942,0.057260025030596344
1615,529568.0202552321,180956.64787240908,0.0,0.01892371773232465,0.0,0.1650939047055194,0.05724607153527648
1616,529571.2075041803,180952.6712305077,0.0,0.01838447510152198,0.0,0.16247690817524352,0.05575646105032796
1617,529572.9488192382,180949.5453912117,0.0,0.01806550467813673,0.0,0.15929907072842683,0.05570422365369444
1618,529575.2065803704,180944.78419762937,0.0,0.016942138063113323,0.0,0.15608276815570363,0.051523941439948276
1619,529577.0398980863,180941.15346769884,0.0,0.01701336655230066,0.0,0.15493889545056314,0.052846380762392405
1620,529579.3541222131,180937.28138102224,0.0,0.016448629685511352,0.0,0.15244798365566767,0.05146104854189148
1621,529580.7920768855,180933.64057187407,0.0,0.016499423212226687,0.0,0.14844207424722425,0.050406916118767964
1622,529579.2243438794,180960.9914282136,0.0,0.0174049310653037,0.0,0.15688646014418295,0.053423484433395556
1623,529580.7025922585,180958.87335926355,0.0,0.01766450473451734,0.0,0.15763128076576977,0.05441447386452928
1624,529582.3083831376,180954.85640175623,0.0,0.01716198595988416,0.0,0.15441099895355917,0.05241122759251445
1625,529584.5532261815,180950.60212022392,0.0,0.017443592413617457,0.0,0.1546523665726371,0.057835668563080395
1626,529586.94329453,180946.85878013048,0.0,0.017051822232824206,0.0,0.15150508673739574,0.05261587101452755
1627,529588.849230988,180943.4835245713,0.0555555555555555,0.016851059257399128,0.0,0.15253701297299657,0.053061690811468276
1628,529592.0640676758,180935.32288801196,0.0555555555555555,0.015600409252261145,0.0,0.14683497015724614,0.04816328616796304
1629,529577.8219388169,180963.2382406842,0.0,0.0181793930216285,0.0,0.16271318437085422,0.0558030492675601
1630,529570.5347383292,180918.2952234581,0.0,0.01588654137977472,0.0,0.1482246651073196,0.04833150238262277
1631,529581.0006800697,180927.685939698,0.0,0.016528314299736547,0.0,0.15373799558944176,0.05137765230571698
1632,529579.1271302898,180906.51440673292,0.0555555555555555,0.014847658809079836,0.0,0.14211289503046035,0.0473725201422068
1633,529581.4580565963,180909.74736045196,0.0,0.01541965815321056,0.0,0.14558006938097756,0.04939464496897769
1634,529584.9046385379,180912.90958906824,0.0,0.015015460515460889,0.0,0.14240875588278687,0.04925228621647257
1635,529589.0806680392,180916.5862828967,0.0,0.01526371774253872,0.0,0.14179225227738973,0.05008334000053007
1636,529593.6142117826,180908.6689012952,0.0,0.014208631574312715,0.0,0.1359536310567006,0.04904966577892251
1637,529604.5700461047,180912.78932275396,0.0,0.01368748551365172,0.0,0.131159308401989,0.045696320914437094
1638,529601.9489694968,180916.90980613307,0.0,0.01432714793109015,0.0,0.1385162307678472,0.04693989994678699
1639,529599.1068192878,180922.11025569303,0.0,0.014768224851534131,0.0,0.1408057642511023,0.04830228341822194
1640,529598.7608805153,180939.4710732741,0.0,0.015361164728137979,0.0,0.14350882019510675,0.05059155423749252
1641,529603.5289836996,180942.22912743327,0.0,0.014957849752568492,0.0,0.14008604337441077,0.050397533743396394
1642,529609.3943104789,180947.49654549407,0.0,0.015319039584580021,0.0,0.1423471904984483,0.04901524865138852
1643,529605.2939123103,180926.1451842973,0.0,0.014849029709060923,0.0,0.1408766604677558,0.05073996080869377
1644,529609.9534615636,180929.36573397488,0.0555555555555555,0.014066146829506476,0.0,0.13525302676536805,0.045982269899121846
1645,529614.3919243399,180933.6662523034,0.0,0.014307916457697165,0.0,0.13731219885113716,0.04568596783368256
1646,529619.2606840496,180936.27180231587,0.0,0.01385325948298587,0.0,0.13237852531114824,0.04645082768983877
1647,529696.1695033883,180863.7669690767,0.0,0.008969509161086683,0.0,0.097142182160341,0.03746935933190738
1648,529687.8189586371,180878.6109759413,0.0,0.009554054061669964,0.0,0.10116680046091336,0.03775580688964396
1649,529686.1735318529,180883.5880215889,0.0,0.009751461292015717,0.0,0.10381071297822286,0.04013707793742087
1650,529670.7132126227,180872.09083456156,0.0,0.00958710737449516,0.0,0.10306444145473732,0.03833345791399045
1651,529644.8624039714,180921.9258348922,0.0,0.01219380618918447,0.0,0.12251830410596488,0.04358665166778828
1652,529641.6008908668,180927.0137597244,0.0,0.012442750794332274,0.0,0.12453130045434471,0.04228909650931321
1653,529639.156251461,180929.8411457001,0.0,0.01264582945148424,0.0,0.12471003116518165,0.04468412684402897
1654,529636.1560032923,180935.8482891681,0.0,0.012372887282316478,0.0,0.1226923923578566,0.04311654454167845
1655,529633.5816398105,180940.04119519447,0.0,0.013267497779909916,0.0,0.13237069723834,0.04364309148810141
1656,529649.5956591909,180944.7082669431,0.0,0.01205709239788389,0.0,0.12100525933246796,0.04144189547034068
1657,529645.4051550695,180949.01203085604,0.0,0.013053537030938228,0.0,0.1282896983650027,0.04888743704241547
1658,529642.2384954394,180954.10237450968,0.0,0.013274498603908141,0.0,0.13007825508580448,0.04708845531616379
1659,529629.1453982093,180942.817785572,0.0,0.013667308877941037,0.0,0.13284779252910364,0.04702761176713268
1660,529620.1566334583,180952.93076656444,0.0,0.014312103942847914,0.0,0.1389181821897527,0.047748230432060224
1661,529618.654451689,180959.73658636963,0.0,0.014695416449929352,0.0,0.14072444576945028,0.047616669286884294
1662,529616.8871409079,180965.7751854632,0.0,0.015254298597879802,0.0,0.14323717567245586,0.04897549253655657
1663,529615.309510164,180971.81862264857,0.0,0.015463137256951314,0.0,0.14472463510629494,0.051805849219793726
1664,529614.1499987784,180976.3518055353,0.0,0.015303703588588265,0.0,0.14328492162677559,0.04792991559879389
1665,529611.983964372,180983.14069623657,0.0,0.015580492661770109,0.0,0.14571161699554824,0.05118329592416087
1666,529639.9987497231,180963.779119954,0.0,0.013512080745148255,0.0,0.1301779942772503,0.04868784361673226
1667,529638.1869784985,180967.83938439636,0.0,0.013423234659617108,0.0,0.13121238625508178,0.04695680215776898
1668,529635.8234784347,180974.92741299057,0.0,0.013740665508712124,0.0,0.13435281178866906,0.04459089394500367
1669,529633.5974690819,180980.34593914967,0.0,0.014302573418048123,0.0,0.13844496771972478,0.04743678532178879
1670,529630.9959894589,180985.60279709,0.0,0.014753263651948394,0.0,0.13747057315207373,0.04918145393331644
1671,529629.0061870762,180989.20224771276,0.0,0.01438675852076008,0.0,0.13687277970052755,0.04873271036739967
1672,529585.651846542,180984.9026749713,0.0,0.018339522125785376,0.0,0.16270416103789787,0.054872139328812325
1673,529590.5059031057,180988.0682831749,0.0,0.01840429053794956,0.0,0.16034007099562428,0.05794424279660736
1674,529594.6844617366,180991.6729464319,0.0,0.01739730293267623,0.0,0.15676963330979377,0.05217893186016862
1675,529600.6998149349,180993.9556272929,0.0,0.01709327935406738,0.0,0.15326077647839026,0.053290265905177645
1676,529588.081385846,180967.77825135813,0.0,0.01703982571438758,0.0,0.15499744944391688,0.04896020188854776
1677,529593.1212586169,180971.1006912044,0.0,0.016578132166956302,0.0,0.1537666962629193,0.04970621059793185
1678,529597.8649828689,180974.8718598124,0.0,0.01642817863810602,0.0,0.15276191628835856,0.0515944432234249
1679,529604.2480790665,180977.6201971585,0.0555555555555555,0.01588255468493545,0.0,0.14793404182772854,0.05071299897113953
1680,529625.5201625916,180995.65328108065,0.0,0.014746731440670754,0.0,0.14293128684122386,0.04672982197104084
1681,529606.9725426037,180997.30952197887,0.0,0.016558274331738194,0.0,0.15209144522587048,0.0511378972674858
1682,529620.522420481,181005.56387205207,0.0,0.015265061417582257,0.0,0.1437181571850077,0.047186182284311054
1683,529617.1816490536,181010.04142117823,0.0,0.015852155395291966,0.0,0.1480989162326279,0.049460875944088205
1684,529615.3233926531,181015.92560916927,0.0,0.015932459369380612,0.0,0.14970094174142345,0.04966628569691314
1685,529613.1400611049,181019.6722212456,0.0,0.015811946896939506,0.0,0.14907435187908338,0.04908060155933114
1686,529611.6611607855,181025.5660854345,0.0,0.01640405461415382,0.0,0.15140295883938215,0.05279832037866017
1687,529606.4332281168,181033.34153201504,0.0,0.01656438438505539,0.0,0.1528772478055293,0.05326524712094247
1688,529604.4202028498,181037.85294982087,0.0,0.017338855904039358,0.0,0.15721846852029359,0.05364422474701317
1689,529601.242006359,181043.3992970768,0.0,0.017297062296584103,0.0,0.15736896580408546,0.05212410759275219
1690,529598.2806219354,181047.88653225312,0.0,0.017354949827576134,0.0,0.1573976269778133,0.05238779543163461
1691,529596.6353275817,181052.86360581973,0.0555555555555555,0.017831618892498617,0.0,0.15954740205938978,0.055750024839297
1692,529593.4881550695,181057.1940138604,0.0,0.018513569882610457,0.0,0.16186053146616491,0.0553621768265801
1693,529592.1351289123,181061.8743579576,0.0555555555555555,0.018236715100495262,0.0,0.16021724460390965,0.05446390744708669
1694,529604.2995177732,181001.65201669847,0.0,0.016213972617565214,0.0,0.14925965423331847,0.04937031798775297
1695,529603.4245338255,181006.1924576254,0.0,0.017276248584800993,0.0,0.15623454480279503,0.05291143144395968
1696,529600.5695934749,181010.2261312173,0.0,0.017710814458441443,0.0,0.1596109105330697,0.05389844686976823
1697,529598.4617283965,181014.7351328164,0.0,0.01727075549392266,0.0,0.15919661256066892,0.050022736847177895
1698,529595.7132613844,181018.31524855876,0.0,0.018085603551090547,0.0,0.1608230520757377,0.0548019202786664
1699,529593.9227387529,181025.2658132713,0.0,0.017921726657386526,0.0,0.16034920757366858,0.05475127310237432
1700,529591.1820317718,181028.5419454137,0.0,0.01814324408065446,0.0,0.16320267023552817,0.05334078429119713
1701,529589.9432176054,181032.4647433834,0.0,0.018446237919772547,0.0,0.1622183809777852,0.05550595029409718
1702,529587.6456961735,181036.9689127315,0.0,0.018887521692538604,0.0,0.16847708151079882,0.05452326807970345
1703,529584.8817455885,181041.15700608076,0.0,0.018959840346807054,0.0,0.16605234572359728,0.055188670081147966
1704,529581.1992719885,181048.37319806567,0.1666666666666666,0.019306538008459752,0.0,0.16920144022262618,0.055942478086923604
1705,529578.5413574906,181052.20834688644,0.0,0.018988399753180278,0.0,0.16545898565725692,0.053818263121222384
1706,529575.6477936184,181057.93891082524,0.0555555555555555,0.020305479793837927,0.0,0.1749729414351077,0.05846819303423357
1707,529572.8026836864,181061.7692894317,0.0,0.02027951081050213,0.0,0.17656600519469523,0.0561206147956
1708,529588.4028814051,181067.0707294247,0.0,0.018730273003102246,0.0,0.16687668314060292,0.05700711141590249
1709,529569.8620287606,181066.8982065208,0.0555555555555555,0.020560705971872567,0.0,0.17678263563596971,0.05783033351091952
1710,529567.5351932475,181072.4430740185,0.0555555555555555,0.020043514635499814,0.0,0.17154437682651993,0.05863708211552236
1711,529565.2440589003,181076.58780476407,0.0555555555555555,0.020998943230103526,0.0,0.17586866399451348,0.06096032351620056
1712,529564.2722097584,181082.86774294896,0.0555555555555555,0.020647932260369786,0.0,0.17296032349886978,0.0602718328017847
1713,529586.5828861805,181072.3282886413,0.0,0.017595360742974454,0.0,0.16105989960416744,0.05083699122475269
1714,529583.951678436,181077.565163514,0.0555555555555555,0.018108451133165098,0.0,0.16322864595773515,0.052129540633276086
1715,529580.68881402,181083.086158104,0.0,0.01921766138608642,0.0,0.17005069874472833,0.05590514295690676
1716,529577.870285036,181087.7894248427,0.0,0.018745549946580696,0.0,0.16423401131826132,0.05703847825336295
1717,529576.9090116215,181092.777832386,0.2222222222222222,0.018891356629695186,0.0,0.16641182195173712,0.05435822215192604
1718,529573.8426855193,181095.8187986548,0.0,0.019482920686575134,0.0,0.16811137922038452,0.0584964561543322
1719,529572.123017365,181100.56507399748,0.0,0.01890946465998831,0.0,0.16662233548481084,0.05532399726414664
1720,529558.7229119162,181089.08362058265,0.0,0.021327072456897342,0.0,0.18210281500917422,0.06073864226951757
1721,529567.1428445335,181107.79037809523,0.0,0.019235460870872193,0.0,0.17024298562223447,0.05564676877811901
1722,529564.6322238843,181110.8455174648,0.0555555555555555,0.019396041149735924,0.0,0.1681678714877025,0.05685687443832372
1723,529561.6297005177,181114.11091341497,0.0,0.01945053102774232,0.0,0.1676294305394414,0.05479225993611587
1724,529559.4876051247,181119.0692191776,0.1111111111111111,0.019834534546774068,0.0,0.17138657370256516,0.056368930977780986
1725,529556.2681917942,181122.6632830393,0.1111111111111111,0.019698388807907644,0.0,0.17112097552303177,0.05711040522079182
1726,529552.7556148395,181126.03414940703,0.0,0.019632082543419863,0.0,0.17097448290937703,0.058754563596294766
1727,529544.1826939012,181319.85232281376,0.0,0.009331540199944194,0.0,0.0998386700223132,0.03774056120876134
1728,529546.302900083,181315.81114302893,0.1111111111111111,0.009852074685491487,0.0,0.10390283450415427,0.03984278509755207
1729,529510.4914070176,181273.77617639376,0.0555555555555555,0.01204848016686317,0.0,0.1212282479336537,0.044487565618026026
1730,529525.8764678821,181190.85659718243,0.0555555555555555,0.01671568232806179,0.0,0.15297721003585563,0.05215260035575973
1731,529555.3975295785,181138.89564569504,0.0,0.018368372549684694,0.0,0.16637616018908016,0.053256574072681154
1732,529559.4048414689,181142.75802248367,0.0555555555555555,0.018342817286030665,0.0,0.16087652095203403,0.0541845457868238
1733,529565.2065493099,181145.2560708733,0.0,0.017122059345627258,0.0,0.15326693482087617,0.05258791677061291
1734,529570.1987628549,181148.8302161715,0.1111111111111111,0.017054490203867678,0.0,0.15207262112514092,0.052521304508221005
1735,529575.7193567017,181150.8510827567,0.1666666666666666,0.015896235936203828,0.0,0.1504761696547766,0.04868657064546915
1736,529564.6119703482,181160.9084739983,0.1111111111111111,0.01717503547847201,0.0,0.15544239315897918,0.05281755988813243
1737,529582.3284195665,181156.18989876285,0.0,0.015703180378915067,0.0,0.14763570412289828,0.05046390154278012
1738,529585.1274508184,181161.43156839808,0.1111111111111111,0.014874223925618458,0.0,0.14126075502881882,0.05032409157549408
1739,529590.0538835998,181163.7506518936,0.3333333333333333,0.015040546882659597,0.0,0.14218812374920184,0.05050527481828461
1740,529595.2095038911,181168.58239563537,0.1111111111111111,0.014256934458408099,0.0,0.13664395431508833,0.046160414829065355
1741,529600.2096596599,181171.84342357132,0.1666666666666666,0.013775803439417922,0.0,0.13589861192010608,0.046443193304110605
1742,529606.23065968,181173.40705955893,0.0555555555555555,0.012960014934544982,0.0,0.12946384301047004,0.04546830781333269
1743,529611.1810320345,181174.7867208824,0.0,0.013161649068989409,0.0,0.1295665286959886,0.04529690400449262
1744,529614.6101056186,181178.3210451288,0.0555555555555555,0.012935677138885467,0.0,0.1252270964296497,0.04714081283064266
1745,529620.8105041963,181180.51597736607,0.0,0.01289567540263759,0.0,0.12609482096900948,0.04659502054250776
1746,529627.9804660646,181167.6947810388,0.0555555555555555,0.012666159193259259,0.0,0.1262775854813029,0.0446882275874672
1747,529622.4021538448,181164.105626818,0.1666666666666666,0.013036951086505755,0.0,0.12802544855360595,0.04570379283717047
1748,529616.4868266099,181162.231315836,0.0,0.013905345678971507,0.0,0.13391154010349068,0.04610546670202545
1749,529612.8543701938,181159.00515490436,0.0,0.01368420245855965,0.0,0.1347525517574755,0.04619673213054889
1750,529608.6237720195,181156.23376868424,0.0555555555555555,0.014076411763544502,0.0,0.13574411563598077,0.04725749441769178
1751,529604.2417080008,181151.73509091497,0.1111111111111111,0.014093352766110115,0.0,0.13676037830799578,0.044686456664852166
1752,529598.7091462738,181150.1839146347,0.0555555555555555,0.015034834925587557,0.0,0.14100214818574014,0.050181182656202764
1753,529595.7706357474,181142.7452211376,0.1666666666666666,0.01557103629519803,0.0,0.14540351486779154,0.05007798846571298
1754,529590.7265276219,181141.20651040145,0.1111111111111111,0.01544055207095353,0.0,0.1461771080877502,0.04904133412163739
1755,529585.8360055962,181137.47826214216,0.1111111111111111,0.01641171741780003,0.0,0.15103084054232976,0.05296541299137751
1756,529580.3931317643,181136.2427449799,0.0555555555555555,0.01678028802506477,0.0,0.15354620940658775,0.05177587855167189
1757,529575.8614328721,181133.77706133452,0.0555555555555555,0.017395384622912933,0.0,0.15520073775876503,0.052969525418998555
1758,529569.6750427843,181127.19562701933,0.0555555555555555,0.01858078539174179,0.0,0.16341638442770473,0.05655711216299031
1759,529566.1599666368,181130.8662218112,0.0,0.018059389539304884,0.0,0.16096179274340772,0.05473347181442433
1760,529561.1397894521,181128.38809778972,0.0,0.018807448985189615,0.0,0.1644846651904097,0.05466225498852814
1761,529667.3677567992,181018.60427118247,0.0555555555555555,0.012602109477605178,0.0,0.12726495007282038,0.046015543752409536
1762,529643.5177386977,181026.14293956367,0.0555555555555555,0.013986409469056415,0.0,0.1357448325987773,0.04977707488772388
1763,529630.9472894756,181016.89177033032,0.0555555555555555,0.014817930217051105,0.0,0.14040792793732382,0.047733342059216956
1764,529644.4575603255,181008.46256185876,0.1111111111111111,0.013870842093967795,0.0,0.1330067140230393,0.04644429536471002
1765,529675.7063938089,181005.969625448,0.0555555555555555,0.011841158031324413,0.0,0.12026759440966642,0.04284151531033765
1766,529398.6718069755,180693.3220909856,0.0,0.008347617052017914,0.0,0.09094106919228513,0.036989295810976944
1767,529404.6764034692,180692.0028186692,0.0,0.008189846887673833,0.0,0.08939240312683877,0.03616776168545048
1768,529410.8870971894,180691.6088927663,0.0,0.007895189125107496,0.0,0.08627460167682995,0.0339937934308019
1769,529371.4378489349,180888.8403750814,0.0,0.018949700482791577,0.0,0.16682843047369886,0.057896703039197556
1770,529455.4277206813,180889.24073606555,0.0,0.019333529752072174,0.0,0.171464481109162,0.05343446518908718
1771,529460.4865830252,180882.93152622573,0.0,0.019071324468767147,0.0,0.1647071166749211,0.05826614078026314
1772,529272.4864332535,180896.84955620248,0.0555555555555555,0.014518607376934395,0.0,0.1377665360177588,0.04653034502385057
1773,529024.1636770646,181128.3239278916,0.0,0.006169089354285463,0.0,0.0718878600770856,0.02950783076234893
1774,529290.1391487041,180681.3686551728,0.0,0.00735516561427951,0.0,0.08212110938518638,0.03569190199185427
1775,529292.5602320988,180776.7198477168,0.0,0.010129502222218192,0.0,0.10825484552238447,0.03958803823697955
1776,529315.0684138708,180784.11241292968,0.0,0.010271048686706143,0.0,0.10775777031768978,0.038347507521706146
1777,529273.1367889454,180880.41918283032,0.0,0.0140348619552243,0.0,0.13445412134556006,0.04840422497403593
1778,529267.8982557395,180886.53754383017,0.0,0.014037654298419399,0.0,0.13262086156722638,0.04822112786384798
1779,529196.9593245238,180943.44649689592,0.0,0.012158638371828368,0.0,0.12264468599529005,0.04547497468396066
1780,529209.6541331308,180928.15573136497,0.0,0.012469255626845853,0.0,0.1235298305863912,0.04341103991064363
1781,529215.3813868151,180916.0922893333,0.0,0.012673826885812287,0.0,0.12659599165861501,0.045786843968566776
1782,529133.7659636801,181075.20079077923,0.0,0.010355736644052389,0.0,0.10731641386496385,0.043780437500470476
1783,529126.2305494758,181071.95705963188,0.0,0.010066977025616401,0.0,0.1063704819315102,0.04060743975050073
1784,529140.5912338524,181068.91751671035,0.0,0.010584435065373893,0.0,0.10924692399561045,0.04253534537421107
1785,529139.2424711944,181072.99205767704,0.0,0.009937947252508472,0.0,0.10583223577458072,0.04005040544081572
1786,529108.664285411,181229.32555896236,0.0,0.007554210762507991,0.0,0.08180408791954201,0.037097477984939946
1787,529155.499904329,181185.20801154664,0.0,0.00991533736418311,0.0,0.10450224813262354,0.04229730997555197
1788,529161.8145180749,181188.9063820872,0.0,0.009383349816101876,0.0,0.10263967860135058,0.03733849174897748
1789,529149.2268655831,181171.46769388748,0.0,0.009703312051113456,0.0,0.10158933745009803,0.04253938497160822
1790,529164.7193999093,181167.068185786,0.0,0.010068884255093908,0.0,0.10508700876137536,0.040701241566836084
1791,529171.6004202564,181170.89508917413,0.0,0.011113312000682848,0.0,0.10876271406568279,0.04751789181243477
1792,529171.9918565481,181217.12572877848,0.0,0.009783559900862132,0.0,0.10214539795035368,0.04307262103890276
1793,529185.0176685544,181197.71318908813,0.0,0.009982535916298834,0.0,0.10447206007049055,0.03983359935474878
1794,529178.9210437692,181196.6452086087,0.0,0.010336910730462638,0.0,0.1064177435601206,0.042375073442585266
1795,529196.3233954483,181229.15678153167,0.0,0.009726263010746689,0.0,0.10427404274956081,0.04028868273237439
1796,529206.1802842126,181205.5552222272,0.0,0.010878866998199866,0.0,0.1097568796895965,0.04301448794246278
1797,529201.0136079883,181181.9140719116,0.0,0.0108256917547304,0.0,0.11201768613381678,0.041085363015094724
1798,529206.0849969573,181184.0972633797,0.0,0.011824101639853521,0.0,0.11903753140091806,0.04306377479581353
1799,529210.1572300612,181186.36918071556,0.0,0.01146729292111598,0.0,0.11714183739486567,0.04376019750579674
1800,529213.0174859983,181169.09487653733,0.0,0.012376324795858042,0.0,0.12406794080394593,0.045779613740593465
1801,529221.9741720153,181183.7023960016,0.0,0.0121523149670497,0.0,0.1245558817676896,0.042480127480011516
1802,529224.8174945131,181178.29668756857,0.0,0.012080765114944,0.0,0.12210525845918985,0.04234201581465091
1803,529226.9550128586,181172.6447820745,0.0,0.01269089226369374,0.0,0.12715010422385215,0.04569686345527098
1804,529218.7489506637,181190.1255218468,0.0,0.011451502064659651,0.0,0.11641237467341041,0.043564932811680966
1805,529241.1272784448,181203.3624997644,0.0,0.012617072698298416,0.0,0.12573826192735935,0.04446723913031367
1806,529247.9602399486,181206.27528704645,0.0,0.012567019471403066,0.0,0.12283055458446128,0.04648225550725509
1807,529243.6148087297,181197.9477527284,0.0,0.012533541262373714,0.0,0.12263588013581901,0.04829179700585091
1808,529246.7746984552,181191.2947294256,0.0,0.012836833702964576,0.0,0.12790540358134606,0.04482644363373494
1809,529250.3963703859,181183.28394992492,0.0,0.013093615180279383,0.0,0.12872584023959927,0.04529754607603558
1810,529254.1411456155,181209.62799986743,0.0,0.012564949922588182,0.0,0.12322634645071866,0.04563790124871951
1811,529259.8950804211,181212.9698601337,0.0,0.012294938062998442,0.0,0.12452298979988974,0.04162959400920605
1812,529250.6782112033,181230.99546691804,0.0,0.011600838753527716,0.0,0.11600625308627535,0.04558966856370022
1813,529253.2705272257,181232.65915469,0.0,0.0114564395333117,0.0,0.11604408193578138,0.04595469273818427
1814,529243.219346132,181227.49612973825,0.0,0.011769684358277674,0.0,0.11630190620880276,0.046062457347388966
1815,529276.5076929484,181223.32134275528,0.0,0.013122786512518105,0.0,0.12526073021924275,0.04641573795885072
1816,529274.5458993731,181230.46132798464,0.0,0.012158774414634158,0.0,0.12447961476089205,0.04384875440717613
1817,529177.6693035889,181115.0743246808,0.0,0.011784058234011031,0.0,0.11667196915220952,0.04582822005812429
1818,529189.3551335059,181005.4519994896,0.0,0.01258719667606598,0.0,0.12610206931394977,0.04515026728159897
1819,529193.6292184676,181009.87459652903,0.0,0.01285941143781537,0.0,0.12650375614808843,0.04511595371729937
1820,529420.5543461101,180791.2331337292,0.0,0.012002957759695761,0.0,0.12155874262613235,0.044667505079389776
1821,529496.3131351793,180726.70818550745,0.0,0.009262824328616791,0.0,0.09773956605742563,0.03874446889519421
1822,529502.7674815266,180683.2711744517,0.0,0.007647660477943358,0.0,0.08472754606309121,0.03497581674945467
1823,529580.2140215554,180791.84319075887,0.0,0.010153980830039534,0.0,0.10627843219508426,0.041224385990419554
1824,529494.3767402696,180916.8514609498,0.0,0.02140285027068627,0.0,0.18030171830123276,0.06014386461557817
1825,529508.165990033,180924.26927242504,0.0,0.02079902447887937,0.0,0.17569956068394216,0.05681018946897427
1826,529510.9059378718,180919.82859568665,0.0,0.020475142866952546,0.0,0.17378797191773626,0.055550415927299854
1827,529503.0346121676,180912.1105207176,0.0,0.02045065890317765,0.0,0.1763244370105207,0.057822138365634844
1828,529499.2443329465,180909.9090417864,0.0,0.020179042947207928,0.0,0.1744254825442798,0.05498781016126127
1829,529507.4082044535,180931.91780889285,0.0,0.021898406761124443,0.0,0.18578716998998135,0.05920869787009068
1830,529512.9376466961,180935.81746384304,0.0,0.021278487067364703,0.0,0.17875940815041746,0.05745170849895938
1831,529404.1315597844,181053.0250305896,0.0,0.05064847757281119,0.0,0.3009495212521851,0.09855874426810687
1832,529361.9869467489,181056.24769462613,0.0,0.035969072401003464,0.0,0.24777734317613018,0.08101717544389753
1833,529364.8694472573,181038.82403005383,0.0,0.03676864304491144,0.0,0.25227388671247075,0.07941189938852922
1834,529336.8858759427,181061.37911355568,0.0,0.03035478611825827,0.0,0.22232895318962304,0.07274137811994154
1835,529429.7200099888,181119.21194876416,0.0,0.03226343988844204,0.0,0.23190146191069516,0.07499311491693918
1836,529446.4261723497,181142.71867800545,0.0,0.026825002838308416,0.0,0.20629570286590793,0.06851154038096803
1837,529448.0819005881,181136.9905482912,0.0,0.027952364382312047,0.0,0.20881160533761461,0.06950955441725651
1838,529450.531132706,181132.02718720707,0.0,0.027895454338356083,0.0,0.2129254109478844,0.06915937127626852
1839,529500.9061459065,181101.29473358643,0.0,0.028259962041140462,0.0,0.21373353141016133,0.06951667765326627
1840,529532.8761486068,180995.26574336068,0.0,0.02553263345226554,0.0,0.20051360021637998,0.06515073972184855
1841,529560.6857473318,180970.47358715872,0.0,0.02026440573825338,0.0,0.1740264460657628,0.056986543155765755
1842,529573.30696995,181035.75787333003,0.0,0.020190041292232855,0.0,0.17516226066103305,0.05515394829142338
1843,529573.5605770751,181030.36630770977,0.0,0.020162918308785385,0.0,0.1723646326497411,0.0572233588160869
1844,529559.9712256425,181030.39212688664,0.0,0.022149808618875055,0.0,0.18402839025779508,0.060884312626903234
1845,529567.0016546895,181027.96541612217,0.0,0.021733195393428696,0.0,0.18017979507220822,0.05946841825704444
1846,529581.0468830027,180991.8402681781,0.0,0.018680755547822444,0.0,0.1673422137897717,0.05547587016966375
1847,529586.0685033953,180995.3188113036,0.0,0.018057673561938714,0.0,0.16032118894866854,0.05374113585915235
1848,529566.8385762435,180925.02639495995,0.0,0.01711840906560221,0.0,0.1535448060683712,0.05441021588106348
1849,529605.5674768153,180868.31080017835,0.0,0.012024005643134163,0.0,0.12017899545898296,0.04342090065174835
1850,529616.0195533154,180841.0287750605,0.0,0.010678163547960192,0.0,0.10860460907510276,0.041575506195159116
1851,529638.1344822156,180848.29382688453,0.0,0.01051282143540049,0.0,0.11096936053002196,0.04264033559941775
