,coord_x,coord_y,y_obs,y_pred,y_low,y_high,y_std
0,529286.3973489881,181084.1173568114,0.0,0.023409974001002823,0.0,0.1885125421868532,0.06351583311703221
1,529289.8149757241,181079.7481055296,0.0555555555555555,0.022898267206537003,0.0,0.18666927653151438,0.05995481885723393
2,529291.7306369036,181075.34064446908,0.0,0.024534542901637174,0.0,0.19688094380189614,0.06504617630373921
3,529293.5114145369,181070.3275635728,0.0,0.024665317178288963,0.0,0.1974998146524205,0.06416374798622679
4,529295.3550454364,181065.79783335765,0.0,0.025522200824295446,0.0,0.19832455783329866,0.0672255611129461
5,529297.4239756963,181061.27383579296,0.2777777777777778,0.02597447588146702,0.0,0.2036460303917432,0.06583809399874467
6,529300.1718612342,181056.6466755313,0.0555555555555555,0.026515119201867287,0.0,0.2024714602262314,0.06640628979528093
7,529302.4277446445,181050.68218308283,0.0,0.027459976333778707,0.0,0.21150887956523154,0.06831316415860657
8,529304.8721815533,181046.1677421704,0.0,0.02816891629719344,0.0,0.21404558501968743,0.07036840827739399
9,529286.4466052917,181000.33092507027,0.0,0.024589493627070694,0.0,0.19549228246055458,0.06393315749914927
10,529289.868293883,180993.75938101992,0.0,0.024987250569300037,0.0,0.1973781482591938,0.06479552111994276
11,529292.0374070337,180990.1523387432,0.0,0.024630447658122567,0.0,0.19947815841705036,0.06484117383856848
12,529294.7714112727,180986.11576255225,0.0,0.02453526043527998,0.0,0.1966731819969141,0.06331535448771067
13,529298.6747000506,180979.66745264063,0.0,0.025519220893864387,0.0,0.19838788519714567,0.06670418060677771
14,529275.7296236021,181020.81668393456,0.0,0.02302140919581562,0.0,0.1888254033024661,0.05922335886960885
15,529280.0446543538,181023.7403643604,0.0,0.024277139863192066,0.0,0.19453217960260286,0.06446884814474367
16,529283.9591717446,181026.0614567432,0.1111111111111111,0.02477359698154199,0.0,0.1970765048061311,0.06439424788913403
17,529287.7813369951,181028.3802028625,0.1111111111111111,0.02542055284385977,0.0,0.19928575580864422,0.06489782803170012
18,529291.1398732383,181030.76120738813,0.0555555555555555,0.02553881476486231,0.0,0.20262214842649287,0.06404806775753269
19,529293.461862699,181033.93039773728,0.0555555555555555,0.026058609117667494,0.0,0.20509382552454972,0.06541258928426631
20,529338.4783542244,181056.0364976903,0.0,0.03399601969519981,0.0,0.238981480826585,0.07819023500593712
21,529340.7850941448,181051.7263453392,0.0,0.03458963490110228,0.0,0.24506160171213998,0.0773775644949203
22,529271.7607787041,181027.73172548928,0.0555555555555555,0.023399285604838487,0.0,0.1892713110152386,0.06248793331242901
23,529268.9283331692,181031.6022871588,0.0,0.022680834605582196,0.0,0.18844412354076215,0.06003512683816718
24,529266.9804881453,181034.96386425363,0.0,0.022885740020158987,0.0,0.18483082436231413,0.06345558082164164
25,529264.018025314,181039.86306592892,0.0,0.021409090052189435,0.0,0.1796946070314156,0.05799019768681248
26,529261.442583664,181043.4929420211,0.0,0.0215878235761596,0.0,0.17910502721537278,0.05915472228711931
27,529259.3030465321,181047.4181664789,0.0555555555555555,0.021476137025446734,0.0,0.18331686805913724,0.05982688373989679
28,529256.7384496109,181050.6219302344,0.0,0.02070206613235173,0.0,0.1757902050218179,0.05553728406648565
29,529253.7054424922,181054.80869255087,0.3333333333333333,0.020482659060691098,0.0,0.17315145562080797,0.058630317842129596
30,529251.2150278767,181058.5828659304,0.0,0.020334490859569464,0.0,0.17352508345780895,0.05791764629603602
31,529249.082729183,181062.2240181096,0.0,0.0202801841245362,0.0,0.17376331780439025,0.05790636275632754
32,529246.9829445004,181064.58682714903,0.0,0.01916907818283008,0.0,0.1679396601604876,0.05498904402335975
33,529233.1524292668,181074.8948614692,0.0,0.018897272860980564,0.0,0.16707059497059856,0.05488370798977206
34,529237.6958993884,181077.56874345447,0.0,0.01896263351681924,0.0,0.1679320161539935,0.05399134690780253
35,529242.7005493981,181079.54370771648,0.0,0.019235580166674142,0.0,0.1686507073344331,0.0550406407056697
36,529247.0848230808,181081.50289940505,0.0,0.01986448415115087,0.0,0.16851614957857342,0.0565137503542493
37,529252.6067634983,181084.05955010848,0.0,0.01971027804277352,0.0,0.17231526949914994,0.05547178411951955
38,529257.7108643547,181085.6106687257,0.0,0.020579547928158057,0.0,0.17429002625619175,0.05630516666109693
39,529263.4208828902,181087.74572492173,0.0,0.019931798301345675,0.0,0.1719850810678343,0.05435956973982077
40,529269.96655975,181091.89186600532,0.0,0.020987028901014896,0.0,0.17912194582017024,0.05858078399825097
41,529283.7450338227,181052.49519058783,0.0555555555555555,0.024436571613495443,0.0,0.19585722840396638,0.06256610680252343
42,529285.9335368793,181049.17860803264,0.1111111111111111,0.024769341531893575,0.0,0.19972075102456258,0.06380151452722327
43,529288.381021426,181044.54379955376,0.0,0.025148440839459912,0.0,0.19770642811861147,0.06442203971828303
44,529290.4132084824,181041.46411751767,0.0,0.02581547445794027,0.0,0.20491813243257886,0.06676069931528511
45,529293.8367597392,181013.75004184863,0.1111111111111111,0.025970785919004143,0.0,0.20233374254303807,0.06605355201538883
46,529299.1607676313,181017.05953830216,0.0,0.02648897378283789,0.0,0.20400228673654103,0.06615122677244206
47,529302.8052570344,181008.588061844,0.1111111111111111,0.027274212480708274,0.0,0.21195339559339801,0.06672274216580666
48,529305.2500220948,181004.07466416544,0.0,0.027383594771537356,0.0,0.20924115341807495,0.06828338299749824
49,529308.0240760008,180999.51705272688,0.0,0.027860399679722134,0.0,0.21409613972305327,0.06857877068196874
50,529310.8570375943,180995.2239070023,0.1111111111111111,0.02870390648619735,0.0,0.2166707307496868,0.0687091906298662
51,529312.8948404226,180988.9439608284,0.2777777777777778,0.027881469870917854,0.0,0.21296808551610114,0.06768564735127844
52,529316.1679606001,180983.8325606417,0.1666666666666666,0.028137688755110957,0.0,0.21508985882518578,0.06919422667048318
53,529323.8580000873,180971.12023664004,0.0,0.028661200365344693,0.0,0.21537764358005176,0.07037987379531337
54,529325.5285966779,180967.227380768,0.0555555555555555,0.02815253685607156,0.0,0.21290451846219396,0.06899290686160124
55,529328.3029480567,180962.41812479496,0.0,0.027732367314121317,0.0,0.2113268414636518,0.06772538099803288
56,529328.9218387355,180957.3966040348,0.0555555555555555,0.027315772300845115,0.0,0.20757415589547135,0.06740973019490941
57,529337.6236247377,180947.3860946148,0.0555555555555555,0.027222627411200226,0.0,0.2084537574908434,0.06770503189716481
58,529370.5972220169,180994.8201132037,0.1111111111111111,0.044331659966849644,0.0,0.2810157750677513,0.0907529551714391
59,529365.7574481982,180992.0208638,0.1111111111111111,0.04175156028979335,0.0,0.27036369659276765,0.08690703750699902
60,529360.7874781506,180990.4776230992,0.0,0.03848804033148547,0.0,0.25905748400628265,0.08226757382947568
61,529357.1375926425,180987.23642565164,0.1666666666666666,0.03719917422513255,0.0,0.2530909819601011,0.08342263744320952
62,529351.4845195116,180985.5183925008,0.1111111111111111,0.035903821530872286,0.0,0.24156416482140924,0.07938276987892483
63,529346.8010031471,180984.29728622056,0.1666666666666666,0.03453110480823407,0.0,0.24088078297384186,0.07739576410564084
64,529341.3762670797,180981.32575838847,0.0555555555555555,0.03332470890620308,0.0,0.23330760322599173,0.07630794305411912
65,529336.7568004158,180977.5876564897,0.1666666666666666,0.03152556377248243,0.0,0.23005056722017497,0.0737268599853979
66,529341.0395509113,180971.40006248752,0.0,0.030468704638207295,0.0,0.2236060313291689,0.0701228249379035
67,529343.1107980949,180967.20257897844,0.1111111111111111,0.03108125207221619,0.0,0.223892665074349,0.07386728456510029
68,529341.9749255425,181046.54007841527,0.1666666666666666,0.03610148575974805,0.0,0.2483419767744375,0.08090261395717654
69,529344.8719952186,181040.68521804016,0.0555555555555555,0.03802846554065223,0.0,0.2547273912774817,0.08279872288675931
70,529347.5998827694,181035.26110421369,0.0,0.03981472666273884,0.0,0.26283620925360207,0.08352804716653578
71,529351.2288244299,181030.34824052657,0.0,0.041097606241990464,0.0,0.26661905037960787,0.08612501354225906
72,529353.7563033353,181023.8203201338,0.0555555555555555,0.04206951845587092,0.0,0.2672279497671124,0.08705390465686846
73,529360.7113228079,181016.91678342727,0.0,0.04401718149190325,0.0,0.2775865546048539,0.08892756257049728
74,529328.4893535421,180999.00568303137,0.0,0.031231948511721813,0.0,0.23105092585950773,0.07402536713136862
75,529333.3659335286,181001.93759338648,0.0,0.03389498265350374,0.0,0.24120364961599433,0.0771597908116209
76,529338.2238788576,181005.60150669207,0.1111111111111111,0.034699099599440356,0.0,0.24171711306272725,0.07601672000863086
77,529342.9916710708,181006.8215561528,0.0,0.037534896785413746,0.0,0.24945876215513685,0.08281253331005016
78,529350.2606913692,181011.52347528373,0.0555555555555555,0.040316216096139244,0.0,0.2639150279557727,0.086992393663127
79,529356.428227444,181014.61034530573,0.0555555555555555,0.04286822179203393,0.0,0.2744417833733199,0.0894994929634521
80,529307.2396481977,181040.82627467852,0.0,0.028242867807545348,0.0,0.2103034666601092,0.0692576034886552
81,529309.9768073175,181035.0361421664,0.2222222222222222,0.028715783763403273,0.0,0.21833283946109922,0.06875484857319995
82,529312.7652606092,181030.22394563275,0.0,0.029474322091215796,0.0,0.21942440417611356,0.06782618091381859
83,529316.0104539724,181025.42337239537,0.1666666666666666,0.030471610043290437,0.0,0.22201205652178876,0.07267266903986348
84,529318.1231277136,181020.22774688728,0.1111111111111111,0.030610777490400417,0.0,0.22236660879215087,0.07189820263232342
85,529319.4714744088,181015.1347516521,0.1111111111111111,0.03108817023531299,0.0,0.22898104760530003,0.07393061066414024
86,529322.570646446,181010.08630901243,0.0555555555555555,0.03183111537186188,0.0,0.2317019192449412,0.0743172674583772
87,529324.369527497,181005.2489368489,0.2222222222222222,0.031430628593265696,0.0,0.22852928226660213,0.07383618481824113
88,529327.046122918,180998.84687762664,0.0,0.03135391792870528,0.0,0.22839473078207903,0.07311876678559065
89,529283.6392529754,181007.38668435212,0.2222222222222222,0.023905512037777934,0.0,0.19317143124282504,0.06244095282851419
90,529288.5189523322,181010.19655168767,0.1666666666666666,0.02397086532681466,0.0,0.1955372164619287,0.06249572430043553
91,528996.1404633644,181214.41417371703,0.0,0.008190594001578889,0.0,0.08933556664355632,0.03684954069628199
92,529000.4882963112,181210.63054046733,0.0,0.007837992571110772,0.0,0.08647185381369991,0.03732695556075199
93,529006.9188601099,181200.57203140756,0.0,0.008462806254711545,0.0,0.09107686586734232,0.03901602425168164
94,529006.8347974954,181207.8711488372,0.0,0.007939075974126153,0.0,0.0892703314063307,0.03545236880054345
95,529008.2851791504,181194.60346582928,0.0,0.007911139033502582,0.0,0.08768581321949256,0.03417858717567277
96,529009.6161934191,181186.03800378583,0.0,0.008394850800184504,0.0,0.09210841585793254,0.038230560545506366
97,529011.6142275281,181179.111975784,0.0,0.008278893238404732,0.0,0.0892884764296989,0.03464603767498139
98,529013.0011381556,181172.3326838276,0.0,0.008123478958667062,0.0,0.08874864879609838,0.03462647721265083
99,529005.5582003132,181174.41523569063,0.0,0.008345838995091382,0.0,0.09019962293650635,0.0373664366250842
100,529008.9593871454,181146.8786309876,0.0,0.008595168321549766,0.0,0.09330938426781032,0.04023763935160162
101,529019.0685049553,181148.9861585772,0.0,0.009098400172054764,0.0,0.0950334398876323,0.04098892189476426
102,529020.0783039861,181141.052979442,0.0,0.009456159832337491,0.0,0.09972854331451202,0.04215809149289204
103,529031.0589601945,181113.38336771604,0.0,0.009250735844657682,0.0,0.09889067464634549,0.03814338594826649
104,529032.3821391572,181106.75376843748,0.0,0.009000365554077521,0.0,0.09892833091180134,0.03732810241016667
105,529036.1383461363,181099.8157682937,0.0,0.009137351225579642,0.0,0.0993990094686555,0.037149587331468906
106,529048.8149773611,181076.04112162287,0.0,0.009538559033245917,0.0,0.10455859249529215,0.03725927822017347
107,529052.0329327225,181066.8834295521,0.0,0.009888786049904147,0.0,0.10300128542940604,0.04134167593256323
108,529055.7993798708,181064.5042341193,0.0,0.010211011876043037,0.0,0.10696274630395299,0.0413343845863617
109,529058.2786501658,181060.1124801949,0.0,0.010278195035566177,0.0,0.10678119510054435,0.0433899095003445
110,529068.1222052388,181041.38868180005,0.0,0.010470745604674933,0.0,0.11001410293392583,0.04005192532233145
111,529071.7816114093,181039.17176816647,0.0,0.010503321093848201,0.0,0.10749517575136991,0.04013594457814354
112,529074.0677106613,181034.28014669148,0.0,0.010490210924162595,0.0,0.10977606294021339,0.03981162804792327
113,529077.1936024416,181028.7498977204,0.0,0.010451589554689404,0.0,0.10785609261920467,0.04135900222235204
114,529080.3195006961,181023.219650608,0.0,0.010495337057891808,0.0,0.10988473491322882,0.04080660061216345
115,529082.9351938708,181017.51145676005,0.0,0.010715346148266173,0.0,0.11322603290982956,0.039863683179767746
116,529085.9833528235,181010.98930147276,0.0,0.011087035427634692,0.0,0.11296149446574862,0.04283216503387034
117,529089.8043025921,181006.4666505918,0.0,0.010888639183150663,0.0,0.11334994894313614,0.04129613843726594
118,529092.8650409362,180999.4498500814,0.0,0.011011655067261669,0.0,0.11411610944900161,0.0420934454268331
119,529107.5958042761,180966.6611690588,0.0,0.011736261000253287,0.0,0.11841238878394389,0.045207934067508525
120,529115.827617992,180954.6610752995,0.0,0.011652433592685786,0.0,0.11818222103798934,0.044891587079382726
121,529122.5371933512,180941.79737085628,0.0,0.011574358990880768,0.0,0.11524942536122676,0.0430894272560493
122,529126.893578676,180936.4634011492,0.0,0.01162220527903731,0.0,0.11820035327374889,0.04320774751731521
123,529129.9208899153,180930.7656865199,0.0,0.011732400027596694,0.0,0.11857627396081553,0.0421523310390147
124,529134.3927421896,180924.9396879541,0.0,0.012092132020341715,0.0,0.12182424989553002,0.04558519774459687
125,529139.1248335436,180916.9754421677,0.0,0.01186306424515787,0.0,0.11920464021334391,0.04437942762052238
126,529140.9008252566,180911.90589568712,0.0,0.011768750255236876,0.0,0.11814875214837414,0.04344350384329523
127,529145.4881573094,180905.58787171936,0.0,0.012024966665821759,0.0,0.12130962895571998,0.0453841903220011
128,529148.3055513665,180900.04982204977,0.0,0.011898223108658379,0.0,0.12079369715664787,0.04226039524084788
129,529150.814303963,180894.50393057367,0.0,0.011152644393261694,0.0,0.11298955783006162,0.0406285733013465
130,529042.205078583,181210.669641002,0.0,0.008593366535540943,0.0,0.09268062731852024,0.036972046256386455
131,529043.0173224601,181207.06049859297,0.0,0.008800064731263414,0.0,0.09337427184759206,0.038587083120671585
132,529044.5413262773,181203.79940918687,0.0,0.008452183796159972,0.0,0.09163982676157527,0.035301105091062865
133,529043.4407941104,181198.49180071676,0.0,0.009057817809762185,0.0,0.0967550642596666,0.04075570732084158
134,529045.8296805614,181193.60277936087,0.0,0.009195138940414975,0.0,0.09911987718564623,0.03953703188032456
135,529048.0457268179,181179.3049713996,0.0,0.009224570183428574,0.0,0.09846197367818792,0.040905807686306056
136,529049.7270498123,181173.9030153832,0.0,0.009372949793267644,0.0,0.09868409836012441,0.041133603038447125
137,529051.0010557967,181168.32572676864,0.0,0.00978167184660231,0.0,0.09869798470848302,0.042935860108031264
138,529052.1805615214,181162.4160597212,0.0,0.009252628197504435,0.0,0.09767982259383162,0.039657130661967736
139,529054.1872733646,181156.362410266,0.0,0.009116995585066272,0.0,0.09620163419684367,0.036029666917827545
140,529060.5429985423,181133.0953155732,0.0,0.009459524427255964,0.0,0.09948191883991303,0.037153404888726434
141,529062.9905525583,181125.89793850723,0.0,0.009993278218887082,0.0,0.10431060988477489,0.04077079003052302
142,529065.5894307325,181120.84926846367,0.0,0.00970279426414718,0.0,0.10587724710808413,0.038141333859221124
143,529067.6739242474,181115.78753556727,0.0,0.01005803230073731,0.0,0.10647464006888366,0.040533956571651125
144,529071.0222715513,181109.60297631327,0.0,0.010282827164856938,0.0,0.10716381199964503,0.04213897433129397
145,529073.7324187845,181104.22715698532,0.0,0.010547660220305961,0.0,0.10893687231264024,0.04155230631527235
146,529076.7512061872,181098.85917804367,0.0,0.010403981104016241,0.0,0.10751300836253676,0.04084326466991256
147,529079.7951273511,181092.50190229027,0.0,0.010631253258752733,0.0,0.11069620003038483,0.042261063888130265
148,529082.0895899627,181087.28051813247,0.0,0.010388754952343215,0.0,0.11006245101453459,0.03983755256764965
149,529084.1489832355,181083.20809029488,0.0,0.010387608558208361,0.0,0.11038961466001826,0.039408954423108426
150,529086.9620355122,181077.83489092492,0.0,0.011054981031801508,0.0,0.11223404963331243,0.04264171993887068
151,529096.2703310478,181059.92249497084,0.0,0.011270178905557671,0.0,0.11721351841751661,0.03936030839770872
152,529099.9357607588,181053.416028122,0.0,0.011010301375983474,0.0,0.11377785418604691,0.03973292241273224
153,529103.8153353629,181046.58502474148,0.0,0.012372731674279191,0.0,0.12201072843243271,0.047054693688140505
154,529108.0370686217,181038.44280049167,0.0,0.011718913824565576,0.0,0.11940379181520981,0.04352481476679669
155,529112.3198051032,181031.95202400564,0.0,0.011716928941930783,0.0,0.11764037412399884,0.042730402409437686
156,529114.7088266049,181027.06303390017,0.0,0.012029358297215069,0.0,0.11995869325922173,0.04427960621358824
157,529119.115405931,181019.750461372,0.0,0.01223737337234865,0.0,0.12222786662133779,0.04639795139355077
158,529122.0565418184,181013.39059622967,0.0,0.012515252162974722,0.0,0.12332958477483169,0.04495024722692362
159,529125.0879968179,181007.5279958544,0.0,0.012461356670235955,0.0,0.12480976285304198,0.04596732110854063
160,529132.4925608524,180995.67190036568,0.0,0.012725528671309872,0.0,0.12507762440691284,0.04298197809830669
161,529135.07480895,180991.28279686475,0.0,0.012659191834592149,0.0,0.12552312154003817,0.045229400559186436
162,529138.509433616,180985.76042693536,0.0,0.012695360427662618,0.0,0.12505395339285788,0.04513025825591656
163,529142.6977488816,180978.9372949088,0.0,0.013016348237586564,0.0,0.1249493628914608,0.04582066311512898
164,529144.7739893488,180974.20535861928,0.0,0.012975720576890322,0.0,0.1283780418931176,0.0451885759392249
165,529147.7803514933,180969.3320695941,0.0,0.013196963529891711,0.0,0.12956932437638602,0.04568865488780516
166,529150.2932644661,180963.6212948298,0.0,0.012789755689603926,0.0,0.12821783954889102,0.04211786380697604
167,529153.82242354,180958.43131544068,0.0,0.013269843317571018,0.0,0.1313410164929815,0.04591406514734119
168,529156.9568256956,180952.5713479548,0.0,0.013261757666087597,0.0,0.12720184816611158,0.04714347627724957
169,529160.38730769,180947.2138753624,0.0,0.013135845740795012,0.0,0.13013174557617932,0.04526001440079935
170,529163.7107246967,180942.01867333497,0.0,0.013293927896596447,0.0,0.1268670006180405,0.048905923859745286
171,529166.6435747402,180935.98859917204,0.0,0.013018358193979044,0.0,0.1274151511860604,0.0464618690738361
172,529171.153182466,180928.67868505453,0.0,0.013305027747995609,0.0,0.13031658784054542,0.04636856551016269
173,529157.5682589023,180883.95124763023,0.0,0.012075836606420568,0.0,0.12189584536727269,0.04520560504073876
174,529161.1435687119,180876.94755967165,0.0,0.011889939096640907,0.0,0.11930351672784882,0.04147268420170057
175,529176.4081209052,180920.3977813472,0.0,0.01307570865350815,0.0,0.12938811738407,0.044853790704511454
176,529179.662215977,180913.8809102648,0.0,0.013258261905979436,0.0,0.12669414163851486,0.04584022380355411
177,529183.0801727292,180909.0181015636,0.0,0.013416348259866784,0.0,0.13227028168298133,0.04602679646536933
178,529185.0452111776,180904.61333209608,0.0,0.013623348267294257,0.0,0.13144262900186895,0.04659048476017572
179,529191.0622847577,180894.70191885007,0.0,0.013745443362217296,0.0,0.13251241079233275,0.04637856312106993
180,529173.4528252124,180858.45159338036,0.0,0.011893371578490191,0.0,0.1187202089981863,0.04367243193847805
181,529166.9982072805,180853.1728718548,0.0,0.011502500076585242,0.0,0.11992612673777552,0.041284604580210625
182,529170.8281501377,180856.40501103023,0.0,0.011962479744928102,0.0,0.12043544789789075,0.045101136959137145
183,529198.5174513877,180880.8673202688,0.0,0.013281114674975376,0.0,0.12973599072572053,0.047734732467188415
184,529176.4802303324,180852.7539055585,0.0,0.011946159630073424,0.0,0.11765896271217229,0.04552243722660509
185,529179.4215218889,180846.39407245565,0.0,0.011773885163861022,0.0,0.12051385404925605,0.0432006131997201
186,529183.3748917896,180840.71992367395,0.0,0.011879110905757068,0.0,0.1204222118643996,0.04253139035880201
187,529186.7403058892,180833.87590597203,0.0,0.011171810118296892,0.0,0.1137692159887558,0.040745263185468776
188,529190.6033827689,180827.70449848773,0.0,0.01171952407606431,0.0,0.11839404981748895,0.04390180858214829
189,529194.4538947314,180822.0277428308,0.0,0.011608287912416037,0.0,0.11714574935266885,0.043507320511498256
190,529202.78785077,180874.87126658525,0.0,0.013052626790271058,0.0,0.1273977966259398,0.04586124429279065
191,529205.4605230934,180870.97946217388,0.0,0.012891059904993656,0.0,0.1301165709248723,0.0448038692480805
192,529208.4460401642,180866.93062289036,0.0,0.013023253810011896,0.0,0.1269878705205052,0.04510534710689142
193,529212.2965458467,180861.2538806052,0.0,0.013543783541131131,0.0,0.13262801401101112,0.04754488225758503
194,529214.9943842145,180856.3727830554,0.0,0.013046227509366555,0.0,0.12704010693214052,0.045260626966417826
195,529218.3262958516,180850.8478496,0.0,0.012701998780151665,0.0,0.1270579548963244,0.04481897967213532
196,529222.2922840003,180844.67908145147,0.0,0.012862971161222635,0.0,0.12480207572276485,0.04519767042155146
197,529199.9147387865,180813.75209292432,0.0,0.01163294678180739,0.0,0.11640586514462287,0.04522991137591237
198,529201.7727476656,180809.50959729508,0.0,0.011762939189023276,0.0,0.11681970151011602,0.04568551081498659
199,529228.6726476097,180832.6320800013,0.0,0.01245287170523147,0.0,0.1252201837620524,0.042808695045307696
200,529232.6051209664,180827.78238354647,0.0,0.012561941645719056,0.0,0.12571535190369862,0.04305107358327988
201,529237.2913304713,180821.63193927472,0.0,0.012584578760171028,0.0,0.12176241099461371,0.04624317726169702
202,529208.6088378868,180799.78401040265,0.0,0.010929930345976092,0.0,0.11234109995565217,0.0410409540587634
203,529211.7182391058,180794.9133733821,0.0,0.011616181179753774,0.0,0.11287819225545784,0.04466696860938252
204,529214.6428365074,180789.21309190005,0.0,0.0112940840918549,0.0,0.11709083312471012,0.041085159960741406
205,529219.0520217129,180785.8604102694,0.0,0.010961840074563804,0.0,0.11372720649826999,0.04174615229595534
206,529221.7057069269,180778.6683385524,0.0,0.011262951353615498,0.0,0.11701058776958764,0.041544481508463744
207,529225.0818648937,180775.45438674727,0.0,0.01106477912582129,0.0,0.11515877343337658,0.040793150250934634
208,529229.8100327585,180767.65510563017,0.0,0.010657480772203121,0.0,0.11025053331003976,0.039448695474130276
209,529239.7708654897,180817.24027107217,0.0,0.01244764109280437,0.0,0.12562600697019308,0.04471352152669227
210,529243.3611653238,180813.70179793067,0.0,0.012561053753283131,0.0,0.12582370976976867,0.043903275637532456
211,529245.7671755921,180808.15333542,0.0,0.012578563791075413,0.0,0.12434865806216816,0.04560327300509011
212,529248.6456819327,180804.2667856789,0.0,0.01240773445393962,0.0,0.12145181285627765,0.045148728396257706
213,529251.3519687809,180799.0559408436,0.0,0.01183166662866261,0.0,0.121513713246006,0.04061404036130051
214,529254.7490997544,180795.01759371004,0.0,0.011919928146229998,0.0,0.12188480542474953,0.04270109365548341
215,529258.5619675509,180790.82483213424,0.0,0.01178921859689847,0.0,0.11916991602201374,0.0421645838341857
216,529262.712849735,180785.48574256516,0.0,0.011806474214880309,0.0,0.1218941434536793,0.04246630978447517
217,529265.4884963444,180781.596585416,0.0,0.011726656168683637,0.0,0.1174620025766436,0.04331168816236808
218,529243.3082877101,180751.00440802792,0.0,0.010503729753542936,0.0,0.10992306671198535,0.03994827785263001
219,529227.9493709708,180759.85328643152,0.0,0.010572074455058257,0.0,0.10865610313722378,0.04175712962000882
220,529245.7269015748,180744.96129662203,0.0,0.01037231625023493,0.0,0.10822349118865948,0.04149608359920491
221,529249.6720328652,180739.6169637504,0.0,0.010090327360266766,0.0,0.10947729684224863,0.03751702768028368
222,529252.8927792184,180734.41920160013,0.0,0.010668645038915972,0.0,0.11024583824241596,0.04191588631059533
223,529256.1303045992,180728.56190959827,0.0,0.010634402606220452,0.0,0.10857978193347272,0.0446119661630608
224,529263.3423526025,180716.20611631367,0.0,0.01008972206300543,0.0,0.10620888914131642,0.03948256409653175
225,529266.7730923535,180710.8487130401,0.0,0.010258376755590942,0.0,0.10624914751204707,0.04295917316719921
226,529270.495723454,180706.1586941837,0.0,0.010389136831054045,0.0,0.10699017461768671,0.04346434826035436
227,529273.6558226749,180768.1101764643,0.0,0.011632804800029135,0.0,0.11879322888986633,0.04200093101154463
228,529277.14329437,180764.56910963816,0.0,0.011518017954953394,0.0,0.11771685249992474,0.04223994886951154
229,529280.2737522459,180758.87409864573,0.0,0.011574026193542324,0.0,0.11712546456050298,0.042576919674551336
230,529284.3092140781,180754.027058046,0.0,0.011474191736423877,0.0,0.11723505429600797,0.04216203650050193
231,529288.8842760811,180748.203808752,0.0,0.011265082957525627,0.0,0.11487037759124816,0.042528380762133576
232,529293.1758580328,180741.38341395705,0.0,0.010473782084718414,0.0,0.11011213184495014,0.03794785541982253
233,529298.4060060759,180734.0919301054,0.0,0.01114385426030328,0.0,0.1132295259606618,0.04271275436322829
234,529302.8949940895,180727.60654389803,0.0,0.01070215584860866,0.0,0.11087995149912391,0.03859773910501274
235,529306.4496297033,180721.42736954425,0.0,0.010708774387571621,0.0,0.10838944608948235,0.043785944320520714
236,529309.5675597617,180716.227024826,0.0,0.010283363619861017,0.0,0.10753294543677905,0.04066951109988003
237,529313.817244004,180711.05547628863,0.0,0.0104457213991698,0.0,0.10767533881944344,0.0409531659444496
238,529317.136764892,180706.02525436296,0.0,0.009893524040791737,0.0,0.1031432893017252,0.03910915737679662
239,529327.2382071125,180693.4130809756,0.0,0.009713689562963042,0.0,0.10281337597216403,0.03964648278109689
240,529333.0082452139,180693.2299232604,0.0,0.009765699714609489,0.0,0.10343586845485067,0.037961567531481215
241,529341.2056025619,180694.7584381819,0.0,0.01028711698111677,0.0,0.10960043979885709,0.04309307345172263
242,529325.0360339397,180711.1759326256,0.0,0.010434514877461755,0.0,0.10922120697084108,0.038852709070412196
243,529336.1309594167,180712.11821025785,0.0,0.010467400280590152,0.0,0.10880752488071141,0.040213622901494626
244,529339.5473571736,180719.46469493204,0.0,0.01109758663525296,0.0,0.1127479467875312,0.0451555672768454
245,529369.8731718727,180696.9729510448,0.0,0.010368495276807253,0.0,0.10657307373099895,0.04259569548265052
246,529377.910909548,180696.68257576143,0.0,0.009912411619387574,0.0,0.10649402030595806,0.037151254113281136
247,529380.5673470516,180717.70389490732,0.0,0.011333904910262085,0.0,0.11262770845515856,0.046242464920263585
248,529360.6769017561,180726.60202434103,0.0,0.011157122791658041,0.0,0.11444663242141745,0.04163354813221955
249,529336.1501100822,180723.5029867988,0.0,0.010329744632837442,0.0,0.10854132382068048,0.036854134350487906
250,529331.9129988193,180728.17986814168,0.0,0.010682519578781193,0.0,0.11216706251957718,0.03919516582514706
251,529328.7908563055,180733.54508241348,0.0,0.01102605637235736,0.0,0.11474812046736588,0.04234908334258236
252,529325.290741051,180737.5807633469,0.0,0.011309970942870855,0.0,0.11403141263871157,0.0429996170006698
253,529321.3329404817,180743.4196875853,0.0,0.011305165840138243,0.0,0.11585981208692805,0.042992824124150605
254,529317.1168346374,180747.27216622565,0.0,0.011120163064386207,0.0,0.11604307122454031,0.04076683613380861
255,529314.036669367,180750.9885598615,0.0,0.011665094361817185,0.0,0.11566761678741455,0.04289498723966448
256,529310.7171779851,180756.01878361547,0.0,0.011933916470003024,0.0,0.11818255651041286,0.04511959412393735
257,529308.0779275652,180758.59147067703,0.0,0.011216712969701437,0.0,0.11720734689824512,0.03993611436758554
258,529303.3222497515,180763.42017030047,0.0,0.012130534067875454,0.0,0.12147262010403308,0.04743914950555308
259,529301.6279633407,180769.31669453887,0.0,0.011860642411202459,0.0,0.11960083045425564,0.04214905717139362
260,529358.9090285219,180731.3417313184,0.0,0.011382628817706086,0.0,0.11544002130514967,0.04175559468415249
261,529354.6844907489,180735.5239451709,0.0,0.011122535644288296,0.0,0.1145191657767415,0.039921062838042594
262,529352.7444251382,180738.93935376185,0.0,0.011651927907985249,0.0,0.11773235604591155,0.043253197843263425
263,529350.0358286278,180740.1903375412,0.0,0.011662262495415557,0.0,0.11902543028124563,0.042249876750186044
264,529347.1152479019,180745.7256606077,0.0,0.01200479129842286,0.0,0.12065595296783521,0.04582261856248004
265,529342.9159075269,180748.9185864009,0.0,0.011683082496061217,0.0,0.11953722827102438,0.04240337274707495
266,529338.7061686157,180756.56597309164,0.0,0.012203306066038973,0.0,0.12069004001138692,0.04692855304262234
267,529347.2100577755,180762.22704586363,0.0,0.012301966321160823,0.0,0.12383797232063498,0.04525379692321881
268,529349.7800119269,180758.33269694,0.0,0.012537810910169546,0.0,0.1216750833214134,0.04858285310468724
269,529352.4654442103,180753.9463189459,0.0,0.012506147533820379,0.0,0.1235073981506396,0.0457653109409779
270,529331.7856743874,180761.50454777648,0.0,0.011669760032580013,0.0,0.11940217246168355,0.040308184673230364
271,529327.0489500472,180769.6335023724,0.0,0.012401916567841249,0.0,0.12531559088976196,0.045299529807304145
272,529322.6186994201,180773.81050626576,0.0,0.012621999741101684,0.0,0.12503639104081485,0.045564635350377435
273,529297.7121588481,180773.50680710573,0.0,0.011798113403234212,0.0,0.12215165215233839,0.03878109239423132
274,529308.88090261,180791.77482523443,0.0,0.013012249350318708,0.0,0.12971569914008346,0.0463493875838024
275,529305.4501661808,180797.13220051856,0.0,0.013465430170770117,0.0,0.13141785822546356,0.04697573741067025
276,529301.9039680675,180802.9816094518,0.0,0.013273631040627466,0.0,0.1295126281412216,0.04502573815991448
277,529301.9039680675,180802.9816094518,0.0,0.013233092424567069,0.0,0.13025989027050405,0.045653761070654025
278,529297.2302461468,180808.6373465823,0.0,0.01367803992643939,0.0,0.13355392343226744,0.04614573861019123
279,529292.8526031858,180814.79558863968,0.0,0.013632715459040207,0.0,0.13195015460403262,0.04654017838618042
280,529288.4791648353,180820.78895138463,0.0,0.014131071911150987,0.0,0.1337246752259517,0.048571822542361136
281,529284.0847653727,180827.6067326337,0.0,0.014427649396547894,0.0,0.1380567297337169,0.04941997383173192
282,529280.0325810447,180833.1133048674,0.0,0.013854974060628166,0.0,0.1329416318912371,0.04586174452024923
283,529276.030732887,180836.64128454385,0.0,0.014195284782759356,0.0,0.13491472405056035,0.046831574445331474
284,529274.2545832718,180841.7107857992,0.0,0.01435581217612765,0.0,0.13717953998510496,0.048069540805425755
285,529270.7461938943,180846.0762690121,0.0,0.015084849604601748,0.0,0.13900764283871034,0.05221134585061828
286,529267.7564208589,180850.28995551687,0.0,0.014155632344403951,0.0,0.13505593490135237,0.04687553636986594
287,529285.8068675483,180772.0490253067,0.0,0.011798663803989527,0.0,0.11972865413091913,0.042324241088663554
288,529279.4707299055,180794.4914350081,0.0,0.012356693882039967,0.0,0.12464741027329519,0.04374133159282833
289,529277.5223478916,180798.23663737683,0.0,0.012434435454668501,0.0,0.12361085000275239,0.04464523815570227
290,529273.4050098843,180802.25665127992,0.0,0.012641358101225495,0.0,0.12527712001374394,0.0457932910057802
291,529269.3066882449,180809.57694464887,0.0,0.013390954713235231,0.0,0.12980576220501083,0.04663608304228256
292,529263.7596143325,180817.1903731824,0.0,0.012884696251552698,0.0,0.12795886442643056,0.04240554891831396
293,529258.3322139,180824.14689227048,0.0,0.013124089921456113,0.0,0.12760164296274787,0.045898855339720344
294,529254.9309046089,180828.35011988776,0.0,0.013892453115930403,0.0,0.13297080383302284,0.04862805470663479
295,529252.1343234716,180833.06369743065,0.0,0.013012082795546026,0.0,0.128739000335548,0.04439471175868796
296,529250.0895328139,180840.60121853783,0.0,0.013861773171129767,0.0,0.13243591029272633,0.04632188060446805
297,529242.4697032969,180836.61268359429,0.0,0.013356572894972031,0.0,0.1324208272460596,0.04446145405042605
298,529247.0701150368,180837.8845988729,0.0,0.013706715942354984,0.0,0.13135970685657122,0.04850398207657617
299,529261.7226555487,180868.9453120503,0.0,0.015225912055019346,0.0,0.13989811013322373,0.05012174603764814
300,529257.5631614194,180866.52966836523,0.0,0.015296133542092203,0.0,0.14354254953080947,0.04855425225252519
301,529252.6876751753,180863.9308296996,0.0,0.014545686837750111,0.0,0.13638027578035702,0.04828863509796977
302,529247.9444188203,180860.18043127249,0.0,0.0143623310558934,0.0,0.13698658403634698,0.04791290995152137
303,529241.5382524175,180857.04770892396,0.0,0.01388051177282938,0.0,0.13460491695226362,0.0460373806697145
304,529236.7824033501,180853.79197014865,0.0,0.014005455361114248,0.0,0.134292762657943,0.04787970351875924
305,529230.2230289417,180852.63524201344,0.0,0.01379360941866123,0.0,0.13165797738132592,0.04834014232136848
306,529275.7773894996,180858.7434542992,0.0,0.015585056501845952,0.0,0.14343489453405026,0.050761945183914886
307,529284.1531171224,180865.39110487944,0.0,0.016042326785343015,0.0,0.1472784836425104,0.05180588214967803
308,529258.6425998613,180872.66173809403,0.0,0.015874527807499685,0.0,0.1470602703641927,0.050486078442016864
309,529254.9326716241,180876.85711565427,0.0,0.015104045097413164,0.0,0.14140194024340536,0.04832439078796851
310,529251.3340185715,180880.72534633303,0.0,0.015480697065496853,0.0,0.14329527704683642,0.048555217407571134
311,529248.0482119832,180884.43654569803,0.0,0.01509930042233607,0.0,0.14305898974978776,0.04658023555181428
312,529243.6097367841,180888.9433825377,0.0,0.015197275706584324,0.0,0.14082795164514547,0.0479938125584873
313,529239.805335646,180892.80638855087,0.0,0.015360875443076245,0.0,0.14396891946601112,0.048119696544195685
314,529236.7127314743,180897.01747652536,0.0,0.015580025930268585,0.0,0.1453016736798869,0.05069455652782835
315,529233.8300895762,180901.06891555927,0.0,0.015584379374181119,0.0,0.1444246985452045,0.05204725090510927
316,529264.2513883775,180890.95325052223,0.0,0.017082516687130508,0.0,0.15141743261988533,0.054261087299115975
317,529259.5903645881,180896.11437206864,0.0,0.01655378782225879,0.0,0.15075223417867906,0.04969783041525952
318,529255.078359546,180899.4644013836,0.0,0.016233923611050107,0.0,0.15061124915687288,0.05030061907024012
319,529252.269233066,180904.67262768847,0.0,0.016635755203834215,0.0,0.1562824637898637,0.052510097622899904
320,529249.4894645009,180908.7266745036,0.0555555555555555,0.016547796059252263,0.0,0.15152962888125857,0.05206661439126791
321,529244.8787880846,180911.90921321727,0.0,0.01688307051673407,0.0,0.1491860654688172,0.05431856543814463
322,529240.4696886169,180915.26187155503,0.0,0.016425859027398623,0.0,0.14871439779782394,0.05296685391578617
323,529238.0027736288,180919.15889025887,0.0,0.016228266189251113,0.0,0.14869990542582123,0.052352755408577534
324,529234.2551597732,180924.83822941576,0.0,0.01629309338147279,0.0,0.14934677258694135,0.04956535538281669
325,529230.146338401,180928.5285109154,0.0,0.017017806778743164,0.0,0.1538134212951429,0.0544082829341834
326,529227.0369921572,180933.39913655163,0.0,0.016145083634837062,0.0,0.15065146933581675,0.0518753268177556
327,529224.2782205783,180936.6287817066,0.0,0.01612050374293732,0.0,0.1506121705348137,0.04747269938661337
328,529220.3751787577,180940.32430278463,0.0,0.015720029480327226,0.0,0.14725715265802308,0.04977324081551755
329,529217.3687299865,180945.19755001928,0.0,0.015098767949258792,0.0,0.14219802825370234,0.04722423817337444
330,529214.0913718136,180948.57900459963,0.0,0.015523942882118993,0.0,0.14589646296845818,0.04902339875249144
331,529209.6739399695,180952.26145504767,0.0,0.015793605317681196,0.0,0.14734726948987992,0.04915270524986479
332,529198.5235017091,180965.6721147776,0.0,0.015556879171275123,0.0,0.14467358595566968,0.04851898645725226
333,529196.4346326593,180970.8986789764,0.0,0.01547455905412286,0.0,0.14175882422900066,0.05181456924213292
334,529193.1824531876,180973.29084852024,0.0,0.015597642933781653,0.0,0.1445371670901295,0.050722990716776474
335,529190.2579723431,180978.9911417747,0.0555555555555555,0.014826533601771788,0.0,0.1431130891620405,0.04705357317554602
336,529186.5817043845,180981.86750350508,0.0,0.014821462712423922,0.0,0.1385930525246636,0.050075170622775673
337,529183.8965259426,180986.25396640948,0.0,0.014827331351494269,0.0,0.13995692813114857,0.04792032228246892
338,529179.2566227997,180990.5907445076,0.0,0.01469164528473626,0.0,0.13973099111058448,0.04768735784577371
339,529176.7078630145,180993.6607618385,0.0,0.015365016641696884,0.0,0.14133426316889097,0.051102409713740984
340,529173.3067274062,180997.86404223813,0.0,0.014822082419567536,0.0,0.138745193121116,0.05055574121973043
341,529171.3794470963,181000.78486870503,0.0,0.014642242709114581,0.0,0.13977749227003392,0.04985266174062782
342,529168.1882714793,181004.82849917,0.0,0.014354164675314895,0.0,0.13435264266873076,0.047281478892527054
343,529165.1860985851,181009.53689328648,0.0,0.014240944538996611,0.0,0.1339703667083426,0.04901321830663053
344,529163.3030393264,181014.76870013625,0.0,0.01430124270029815,0.0,0.13746153098314684,0.04884079520557253
345,529180.9453202592,180960.6055677244,0.0,0.014225290120397019,0.0,0.13638849236948178,0.046830387784152855
346,529179.7949697544,180965.361025084,0.0,0.014269201032856171,0.0,0.13529771161785573,0.04697093614581446
347,529176.5828122684,180970.22906568687,0.0,0.014199693271644347,0.0,0.1365231092016588,0.04689725037696219
348,529173.2971156733,180973.94031208876,0.0,0.014416718479758502,0.0,0.13753670674313836,0.047760879940365146
349,529170.1962316188,180978.48120545264,0.0,0.013914531090956302,0.0,0.1355241384187852,0.047114279617844826
350,529164.0824808526,180984.1004538088,0.0,0.013737654827265076,0.0,0.13184678177901904,0.04494246087340587
351,529159.7870690756,180991.08583703573,0.0,0.014420924481623625,0.0,0.13465728401627045,0.05174091385701326
352,529156.1927564753,180994.78925026115,0.0,0.013679823626526855,0.0,0.131339258419617,0.04499853882607023
353,529153.2934699709,180999.5002658396,0.0,0.013687825332282648,0.0,0.13248815920084758,0.0473427903365886
354,529149.9575271852,181005.1901234889,0.0,0.013662532956144016,0.0,0.13276699544398543,0.04850883155929611
355,529146.2305703537,181001.96061217427,0.0,0.01351306272575889,0.0,0.13009962212374662,0.046558399875159404
356,529142.5036087644,180998.73110368333,0.0,0.012817383319781515,0.0,0.12720212708786394,0.045938506846226065
357,529129.3628779587,181009.45149723464,0.0,0.012761444265485198,0.0,0.12573424358295224,0.044755055844263245
358,529136.7115882486,181011.94807610504,0.0,0.012866293816692643,0.0,0.12697686537604444,0.043929782069616646
359,529146.9292571588,181031.18151413964,0.0555555555555555,0.013682313297631974,0.0,0.13235928510356976,0.04764028247361356
360,529149.2028628344,181026.78457450305,0.0,0.01374252039744107,0.0,0.13225994797643537,0.04699743563346571
361,529152.7696932385,181020.11064713247,0.0,0.013961309959281019,0.0,0.135037544610862,0.04735946804015435
362,529143.12084168,181035.20947353856,0.0,0.012943054658307515,0.0,0.12653365463932456,0.04275578316553489
363,529135.479356236,181015.87651353487,0.0,0.012658502399198756,0.0,0.12471171939911976,0.04221768415156705
364,529131.2761781308,181019.23449290093,0.0,0.012499996958580947,0.0,0.1251387170950317,0.04336581021318894
365,529127.3797897564,181026.72500820653,0.0,0.01237847075957489,0.0,0.12313206412769868,0.04293994622954822
366,529123.204098449,181033.0535031776,0.0,0.012805134017948739,0.0,0.12469018446200444,0.048024484499316344
367,529119.8807771662,181038.2487307714,0.0,0.012495285991110177,0.0,0.12333777920425738,0.04657208514389556
368,529117.1873060312,181042.96499403447,0.0,0.012424970286694747,0.0,0.12271618597396018,0.04383842783623348
369,529112.4362535918,181047.6289841256,0.0,0.011590369384660602,0.0,0.1159256074081342,0.043818629773162365
370,529109.9694966872,181051.52606315748,0.0,0.011825435859377979,0.0,0.12021932296877146,0.043555266448992234
371,529107.1605956745,181056.73436712747,0.0,0.011832444657188104,0.0,0.12148926505570533,0.04406698815667241
372,529127.5306605092,181057.2519013736,0.0,0.012256286049576617,0.0,0.12108457448549874,0.04523813367379781
373,529135.6069079327,181043.26801486025,0.0,0.012872522002979187,0.0,0.12684720949863176,0.04536031763622019
374,529132.7537512669,181046.16532805387,0.0,0.012612428503553173,0.0,0.12443893804353909,0.04256521119087555
375,529129.7432548524,181051.2035086163,0.0,0.01273296522984983,0.0,0.12606938176771676,0.04752218463895662
376,529115.1144471081,181067.82574488275,0.0,0.011646625709897529,0.0,0.11788546335567847,0.041760885262067
377,529121.4845600277,181068.31756863085,0.0,0.012055728745213861,0.0,0.12263934172394102,0.04452170226014729
378,529130.1077682872,181073.3213664548,0.0,0.012860030969595607,0.0,0.12668004461592386,0.04604701857294925
379,529139.3901306143,181076.692034067,0.0,0.013149177125875385,0.0,0.1282013115854952,0.04759245730125065
380,529146.6651892263,181078.03183342968,0.0,0.013463037278247554,0.0,0.13020419208723752,0.043487273101372195
381,529156.8566789823,181082.0855953777,0.0,0.014469905771776053,0.0,0.1393370449209396,0.049071706545762976
382,529163.4515948334,181085.8829773612,0.0,0.014787657889110732,0.0,0.13995875006292194,0.04765854436564508
383,529169.6559414228,181088.845493236,0.0,0.015688871635369216,0.0,0.14745655173568528,0.05008901055269117
384,529177.436986338,181090.5281776657,0.0,0.016889002431070062,0.0,0.1536102412961597,0.05139333234424556
385,529126.5354271935,181092.36938183903,0.0,0.01231169244805658,0.0,0.12465428337571705,0.04615569634816768
386,529147.7017992509,181106.1064006037,0.0,0.013126696733449038,0.0,0.1273601239561262,0.046920083042546294
387,529146.3773935431,181113.66226330452,0.0,0.013110418449281836,0.0,0.1267956414948553,0.04609316830232852
388,529150.1685621642,181102.2093395581,0.0,0.013181918800850564,0.0,0.1305553373426278,0.04450890449720743
389,529157.2820366994,181105.85490337943,0.0,0.013935110272483635,0.0,0.13593073290126712,0.0480719490482546
390,529167.1648274492,181109.90084329536,0.0,0.014649907166924646,0.0,0.13879129009611335,0.049574301457400244
391,529123.7833236421,181099.3940046781,0.0,0.012506752954408422,0.0,0.12327808895084219,0.04748420522893494
392,529120.8296601734,181106.24851808048,0.0,0.0118527038675726,0.0,0.1177247298422676,0.04223413452519755
393,529115.6275945557,181116.5106877784,0.0,0.011431467164932678,0.0,0.11590345504854757,0.04204505905455154
394,529113.2302302525,181121.7294435888,0.0,0.01166009895279219,0.0,0.11704574993400813,0.044073523984645875
395,529108.4038496553,181129.36133229284,0.0,0.011468057231324626,0.0,0.11426680717156036,0.04491674127210952
396,529141.2232433275,181117.98600250616,0.0,0.012738533851314866,0.0,0.12461644629646822,0.04684316296404786
397,529137.5368512141,181125.31685565412,0.0,0.012722752050714183,0.0,0.1239931907657309,0.0480578485997565
398,529133.9617262398,181132.3205593852,0.0,0.012198636098869455,0.0,0.1241791898341172,0.043616851805245875
399,529131.3711632004,181137.03942934208,0.0,0.011750346854574795,0.0,0.12007220512483699,0.042349630204499465
400,529104.6355795593,181135.86517944955,0.0,0.011183883120320776,0.0,0.11074864673425368,0.04416203689265306
401,529101.3146860772,181145.02022638207,0.0,0.010811038772258221,0.0,0.10915446002422516,0.04463061255553098
402,529095.8100888801,181150.98500115832,0.0,0.010440403697356545,0.0,0.1071885711399324,0.04173635366457954
403,529118.2126624996,181160.62857054052,0.0,0.011117814618534555,0.0,0.11309379761046626,0.043751787891228563
404,529085.4147704694,181142.80144278985,0.0,0.009978114551297834,0.0,0.1063344348164964,0.03538948879872694
405,529078.889250788,181140.32583945617,0.0,0.010248629516980388,0.0,0.10491070551116674,0.04195437651831749
406,529073.7998216723,181138.051708863,0.0,0.010149168531077694,0.0,0.10560655238016727,0.041004187275595814
407,529068.3891927258,181136.264394222,0.0,0.009596061791765443,0.0,0.10153246200592331,0.03792903005826129
408,529068.012864292,181159.18837175984,0.0,0.009880111232921577,0.0,0.10354487094068969,0.0411691232867567
409,529072.3653838732,181162.10373877548,0.0,0.009877191392953111,0.0,0.10116913377918492,0.040408135531434214
410,529079.2204486271,181163.7627578656,0.0,0.009696130649022585,0.0,0.10005182501664721,0.039343098807348806
411,529090.1780203993,181166.0209657057,0.0,0.00986934529695508,0.0,0.10386437530308287,0.03958060638349499
412,529112.0051663114,181173.99999787024,0.0,0.01079334250866414,0.0,0.11066457456080349,0.043828376637456694
413,529114.5472769239,181167.1350243232,0.0,0.010547338613641093,0.0,0.10786996945848792,0.04088153185235776
414,529107.6638920475,181182.7991374441,0.0,0.00991123137898584,0.0,0.10422831471995479,0.038962691856040524
415,529086.5126749552,181172.52743914156,0.0,0.010804035073394534,0.0,0.10941066833324292,0.04855118428091014
416,529083.9915459853,181178.56801058163,0.0,0.010041928427026186,0.0,0.10575917956480436,0.03930831628513445
417,529080.7335345339,181185.24982385675,0.0,0.009869971182394256,0.0,0.1026016414762908,0.04087389346747077
418,529077.9289168217,181190.2932602148,0.0,0.009643804720104204,0.0,0.10125910476376883,0.04249781262138004
419,529074.4861070304,181196.145435689,0.0,0.009059243329246887,0.0,0.10035903430890177,0.03640538652709489
420,529103.1964671132,181188.4602744596,0.0,0.010496776529744374,0.0,0.10697472330654424,0.04503285867915117
421,529101.3912700856,181194.68401571663,0.0,0.01012303449753594,0.0,0.10624118983082778,0.0414648971862175
422,529096.8293630063,181200.0127784112,0.0,0.009845217117371192,0.0,0.10376350307433581,0.03736027102893277
423,529093.5922889436,181205.87016814403,0.0,0.009855600529970997,0.0,0.10322959082448212,0.04213064985961224
424,529090.2146499509,181213.20889458776,0.0,0.009600162681113428,0.0,0.10186562406576007,0.040276368798136127
425,529071.2155545724,181203.3219042056,0.0,0.0094562330349042,0.0,0.10181139468239105,0.037921550947764664
426,529069.3242762694,181208.8835108858,0.0,0.009221346954575192,0.0,0.09902631513395248,0.03784616489806529
427,529063.901720036,181215.6753475663,0.0,0.009183050744957913,0.0,0.09561391123831378,0.04145752759297781
428,529088.2814695586,181220.41932570745,0.0,0.009857227289776841,0.0,0.10338276521503262,0.04147655615840904
429,529043.318169334,181215.48259993485,0.0,0.008670278432737537,0.0,0.09154685813939033,0.039058044965968805
430,529046.7154601236,181219.52861650108,0.0,0.009001487410434671,0.0,0.09597266333578758,0.04012542174489835
431,529050.4381212284,181222.92294044228,0.0,0.008616723231934624,0.0,0.09199608956519449,0.03956860742981037
432,529054.5782742874,181222.0381436479,0.0,0.008738660957086827,0.0,0.09275864933136009,0.03812623714334951
433,529058.2901761363,181221.80243202805,0.0,0.008837176472474664,0.0,0.09397911741840591,0.039947922905452064
434,529061.1204470666,181223.85418500847,0.0,0.008717933885782687,0.0,0.09338255368015633,0.038156970535091275
435,529065.75404192,181223.80687659016,0.0,0.009177674567532372,0.0,0.09643149967169613,0.04228113765260632
436,529083.7279744943,181225.41833354373,0.0,0.00966643648825547,0.0,0.1005688019653157,0.04128881456151787
437,529088.8550053397,181226.20852777216,0.0,0.009473443029259154,0.0,0.09934552381925389,0.04227303936502322
438,529093.9820347981,181226.99872719927,0.0,0.009412702745209476,0.0,0.10132170985272766,0.036449402639886996
439,529100.446446295,181227.82290744787,0.0,0.009685990921792807,0.0,0.10253103997223287,0.040301609383785554
440,529114.280198296,181230.31923243369,0.0,0.010056647060962343,0.0,0.10361225659875442,0.04305623151192311
441,529121.45635345,181231.4915024556,0.0,0.009822471329432519,0.0,0.10412921708525036,0.04002914233844423
442,529126.8058836098,181231.62743065009,0.0,0.010290632324074445,0.0,0.10653344770265456,0.04123695646244171
443,529132.9407095697,181233.2682258332,0.0,0.010079383453496852,0.0,0.1052885416199953,0.04082775229615298
444,529133.6729610018,181224.70737533603,0.0,0.010432563472192413,0.0,0.10868519082326734,0.040800380017661515
445,529134.2478695245,181218.2873911236,0.0,0.010638744982561895,0.0,0.10782734461446032,0.0446937962776927
446,529135.710953458,181213.37488292687,0.0,0.01071071833890532,0.0,0.11236506535426888,0.03940482850116578
447,529136.9682878123,181208.4571466229,0.0,0.010769617762981121,0.0,0.11118861095229901,0.04109534863622317
448,529138.0659618591,181201.7204679997,0.0,0.011126738452083182,0.0,0.1128064645942469,0.04502649762446177
449,529139.3065405509,181197.4622646596,0.0,0.010908315796709247,0.0,0.11098036748425258,0.04076690002414405
450,529147.3768087882,181232.3151670556,0.0,0.010477985283864975,0.0,0.10850657930095609,0.0429867481456624
451,529154.7251819215,181234.81177805256,0.0,0.010954189717682965,0.0,0.11171051402401634,0.04340839368307825
452,529164.0533275072,181236.36878231823,0.0,0.01092256924631571,0.0,0.11086824091082224,0.040677773208330235
453,529168.5211749291,181238.7921995076,0.0,0.011061056356261102,0.0,0.11192472716663576,0.043243232305202585
454,529172.4955969664,181240.3781302668,0.0,0.01090400409154027,0.0,0.11090355267310223,0.04369193855143003
455,529177.6477504446,181240.17911602365,0.0,0.011236197657647906,0.0,0.11384193781273422,0.043809900241839526
456,529183.0624243037,181241.80166660732,0.0,0.01129092501198281,0.0,0.11329945943851163,0.044521478592630385
457,529187.3789990931,181242.07638999177,0.0,0.010777212017762123,0.0,0.11101020967202142,0.04140007982774805
458,529193.6943953151,181244.71178825008,0.0,0.011422164891318044,0.0,0.11589830613825608,0.040993951711810646
459,529198.2376780811,181244.16733629664,0.0,0.01085063780815042,0.0,0.11538944594344612,0.038056106155640264
460,529202.5858594829,181247.2477007036,0.0,0.011355745983113253,0.0,0.11440238155964465,0.042721296170790214
461,529150.240142401,181224.9634046408,0.0,0.010457743248279755,0.0,0.10788829243257567,0.0404683912775196
462,529151.0985568587,181219.54056418213,0.0,0.011009858928273792,0.0,0.11344725503303511,0.04183807836039572
463,529151.5412785526,181214.27214874647,0.0,0.010937537696329238,0.0,0.11369625354102139,0.04291773096600059
464,529153.0085707766,181209.1947621806,0.0,0.011480284278883191,0.0,0.11390517954682336,0.04685755167264098
465,529153.5583612799,181203.7640784385,0.0,0.011286727085579219,0.0,0.11513936634948493,0.042190359110510736
466,529154.4144773278,181194.38142980327,0.0,0.011444237981044384,0.0,0.11817253701575296,0.041303711927567335
467,529141.428793156,181190.916612959,0.0,0.011484558716416592,0.0,0.11608281312780397,0.04342384403911648
468,529143.8303492537,181185.53298691672,0.0,0.01157914721669993,0.0,0.11686092684673237,0.04396835574704639
469,529146.4460438198,181179.8248246616,0.0,0.011701985604993316,0.0,0.11852951243638286,0.0427337290946798
470,529181.2053944714,181173.1187723144,0.0,0.012752359415317776,0.0,0.1249547445098623,0.04601818720268672
471,529186.8868550728,181176.39800194456,0.0,0.01266701779966395,0.0,0.12528374103432924,0.04475214450173316
472,529190.4288570199,181178.7979002937,0.0,0.013327076819980641,0.0,0.1312506358702342,0.04801267141021264
473,529197.1977578655,181179.7949319888,0.0,0.01325249821283912,0.0,0.1305562783041622,0.04511248456695282
474,529205.3976270629,181209.53655594183,0.0,0.012502120373730895,0.0,0.12534599820568473,0.042944851686176864
475,529202.9099067026,181214.2580059976,0.0,0.012837944130662915,0.0,0.12699654798543525,0.045828164819362915
476,529169.7465192297,181222.98434180536,0.0,0.011165295674929352,0.0,0.11432743276315714,0.040004869076042074
477,529204.8720068979,181242.35613615485,0.0,0.011560744026147537,0.0,0.11544597286594532,0.04356288629414962
478,529206.5157519584,181238.43817701103,0.0,0.011667119282962924,0.0,0.1209682911882336,0.04025152945780388
479,529209.2637169649,181231.5784800813,0.0,0.01215139002217281,0.0,0.11881891196804854,0.04475139323182176
480,529210.9977669087,181228.1577873137,0.0,0.011991061510572283,0.0,0.12094685760012523,0.04180852843221678
481,529189.8504076004,181201.5517651374,0.0555555555555555,0.01253725654235217,0.0,0.1252945659711009,0.0449684064009119
482,529213.1768616886,181223.4284936896,0.0,0.012052673977703278,0.0,0.12207330072768303,0.04368252257684707
483,529215.0366918984,181215.06130990217,0.0,0.01270723194536007,0.0,0.12481476169279335,0.04552371413178671
484,529217.2977084798,181211.15904920647,0.0,0.012684760930721743,0.0,0.12660907596998772,0.044588627764122826
485,529211.5618054264,181210.0232644538,0.0,0.012637505330085405,0.0,0.12518849071549132,0.04534691090649317
486,529224.4500490993,181193.02706529683,0.0,0.013577213586262602,0.0,0.12935014358787897,0.04635313448317714
487,529228.4896323662,181196.0996031504,0.0,0.014064270651257583,0.0,0.1345857465058577,0.04838501050424155
488,529229.7554464438,181190.85212230525,0.0,0.013841092630285021,0.0,0.13143505383772727,0.047995238099392636
489,529227.7603612713,181232.8737604628,0.0,0.012304856185100932,0.0,0.12352880024693313,0.04454176453910768
490,529229.3054441672,181228.7883092384,0.0,0.01232149531298504,0.0,0.12405175331125902,0.042859583551055874
491,529230.5125509368,181225.84919150505,0.0,0.012587795201995981,0.0,0.12339493894320898,0.04485563851133355
492,529232.4649480089,181221.93908892828,0.0,0.012609903749403593,0.0,0.12410532283640818,0.04289835900014599
493,529260.4755279573,181257.9592988432,0.0,0.012165097980169338,0.0,0.12207563946989648,0.04275755861417905
494,529253.2826592524,181257.44636352983,0.0,0.011907303301975055,0.0,0.12055333943246789,0.04214615791612294
495,529249.1151042237,181255.36048657435,0.0,0.01203699323333822,0.0,0.11886177763616007,0.04364951568136947
496,529244.4857229745,181255.2427441923,0.0,0.011985580000487753,0.0,0.12070857210937593,0.04087102019018765
497,529239.1781491071,181253.45786081348,0.0,0.011586631617704641,0.0,0.1178789271127491,0.041997074879005544
498,529231.0803618486,181252.0969947232,0.0,0.011705466519291973,0.0,0.11953143360793887,0.04235276281857569
499,529224.7817639677,181248.80201716872,0.0,0.012106921511219804,0.0,0.1211166194658927,0.04404278275200679
500,529219.9192199928,181245.708553742,0.0,0.011773328513015631,0.0,0.11828878440194647,0.04463159531937597
501,529245.0890842351,181154.6143622052,0.0,0.016496392631608178,0.0,0.15116829578982757,0.050547681157655594
502,529248.2528426048,181147.60026830863,0.0,0.016904875538050115,0.0,0.1516688187964341,0.05255567553843227
503,529240.5915555242,181145.2605576056,0.0,0.0169428903621036,0.0,0.1527293472488998,0.053183662268558876
504,529235.8401808864,181141.8399310478,0.0,0.015944314817636474,0.0,0.1479322530470428,0.050516266416670064
505,529270.9460722741,181125.57388546487,0.0,0.019087133351503287,0.0,0.16844500879788388,0.055872671679342366
506,529262.7452076686,181124.2103552972,0.0,0.018942115017661947,0.0,0.16778811820693829,0.052930482243695835
507,529255.2412860813,181119.72976032784,0.0,0.018433104538673424,0.0,0.16181763159421864,0.054279026963215155
508,529247.3825899035,181117.0550407708,0.0,0.018305958710142373,0.0,0.16215286374010493,0.05631264229161726
509,529241.2979710504,181113.4355127093,0.0,0.017607152454791258,0.0,0.1564777880726432,0.05220892276844258
510,529235.5177848884,181109.98872379487,0.0,0.01821281397694905,0.0,0.15912373476986977,0.05614693170517237
511,529229.224426257,181138.86686802356,0.0,0.016454988586104884,0.0,0.15164340888296965,0.0520107720169833
512,529214.2691293621,181131.8870010238,0.0,0.015491002598369821,0.0,0.14604286856893822,0.048962955522035584
513,529229.4247637388,181106.69897634943,0.0,0.017199538834065373,0.0,0.15432608933422115,0.05133440671763408
514,529208.8878821948,181128.9453546533,0.0,0.015183196511454255,0.0,0.14159157048377768,0.04887111295506061
515,529223.327542244,181103.57411940504,0.0,0.01722515366039841,0.0,0.15683717387321025,0.05125418477849092
516,529202.4652755455,181126.47220760188,0.0,0.015178147845976599,0.0,0.14224510620386915,0.0493062533731223
517,529193.9851072385,181123.94676068,0.0,0.01510825048294275,0.0,0.14188631883088912,0.047296223915837994
518,529216.7117296908,181100.60107375024,0.0,0.017954024141344473,0.0,0.16244642579835716,0.054149275493488636
519,529213.5518495941,181099.3658024408,0.0,0.017033662712321034,0.0,0.1561429601630071,0.049954341391350535
520,529213.6818108335,181094.2544278653,0.0555555555555555,0.01779747617239602,0.0,0.15828425727119205,0.05491449234087274
521,529212.2202151811,181086.9577215584,0.0,0.0183141263948612,0.0,0.1631285681912861,0.053672574781978684
522,529210.695731908,181082.1342615373,0.0,0.01937148888733934,0.0,0.16915947579748056,0.05497936651246795
523,529210.578010326,181078.6664861124,0.0,0.01932190683480549,0.0,0.1706709881443192,0.05716583784651783
524,529210.4202920832,181072.7228493069,0.0,0.019206885070878057,0.0,0.16820791410910277,0.056691920421977245
525,529209.0931755741,181068.23438744916,0.0,0.01857596044494777,0.0,0.16670067329731447,0.05248052820555597
526,529209.8445972762,181062.97382407656,0.0,0.019127190435599767,0.0,0.166178227064743,0.05572550655643284
527,529211.8873347742,181059.5609785673,0.0,0.01815904167362809,0.0,0.16012173152549983,0.055217433892775086
528,529188.7086677129,181072.335865966,0.0,0.022825204385481617,0.0,0.20071012324194323,0.06337448866123922
529,529187.596050957,181075.60737454207,0.0,0.025013447840967377,0.0,0.21133359021501136,0.06868709738737992
530,529187.4367767525,181081.87293062813,0.0,0.025542846028850853,0.0,0.221985789836614,0.06814418707059852
531,529183.0282405561,181093.31013685372,0.0,0.017529889564399048,0.0,0.1585624391588818,0.05313667316712019
532,529220.6556057581,181071.0032173663,0.1111111111111111,0.018598186236085716,0.0,0.16380337704353617,0.0540282822107459
533,529226.2552458458,181073.45545800927,0.0,0.018919543561953293,0.0,0.16721503910103772,0.05458042029971616
534,529217.4850611808,181066.13790113595,0.0,0.018129911082049616,0.0,0.16294394770966955,0.052014527597238604
535,529232.5744180265,181059.75701555377,0.0,0.019008425116351122,0.0,0.1657816563556684,0.05658078462427966
536,529228.1190139048,181056.83889553425,0.0,0.018839608912415186,0.0,0.16584791398959056,0.054976816268502184
537,529224.0918918857,181053.27171123755,0.0,0.018879130262733353,0.0,0.16556750376648086,0.054538420517615184
538,529220.0144548528,181051.68312670087,0.0555555555555555,0.018634915088303748,0.0,0.16141721005896212,0.05431586594334583
539,529186.3397879313,181060.2314070676,0.0555555555555555,0.017612641852265708,0.0,0.1586846240174215,0.05384035947012969
540,529145.4227988219,181049.9520390079,0.0,0.013862476091318793,0.0,0.1332996168511872,0.04607883126033559
541,529150.5080995101,181052.391123258,0.0,0.013708684481009389,0.0,0.13405219138902533,0.04571617900031961
542,529152.2658626827,181060.19030260725,0.0,0.014036495334574454,0.0,0.13378261515761064,0.04780511740000982
543,529158.3692509349,181059.0254983233,0.0,0.014719851029970567,0.0,0.13929395407350173,0.04913120390820431
544,529163.4796803168,181060.47529746132,0.0,0.014622058429886882,0.0,0.1382046829184888,0.047534620219259596
545,529167.322032587,181063.21278820687,0.0,0.015165864722022852,0.0,0.14291150768846733,0.04957765765936631
546,529173.7679870484,181068.82128207904,0.0,0.01628308864723005,0.0,0.15190037046607416,0.05151576239793286
547,529177.8739711819,181053.08664868167,0.0,0.01613495683562666,0.0,0.1495597072508128,0.048735197260883954
548,529174.2164199944,181051.1787952036,0.0,0.015664841805338316,0.0,0.1432531002508762,0.05039403709126204
549,529168.3164755693,181048.3890021664,0.0,0.015027366463193867,0.0,0.1437030054579854,0.049023658165562416
550,529163.8526452899,181045.8007054238,0.0,0.014806205862755087,0.0,0.13793880993383467,0.04838331518052284
551,529157.3605551588,181042.0059385712,0.0,0.014342809572763186,0.0,0.1365797137445565,0.04643946161808991
552,529153.5139907798,181039.43333884163,0.0,0.013828586863583629,0.0,0.13326438821479306,0.04812138476020269
553,529157.5319311551,181027.16123444284,0.0,0.013805089024396486,0.0,0.13207281147313704,0.04578174095128054
554,529163.6376657428,181029.9562438544,0.0,0.014841605380717446,0.0,0.13886947164189595,0.049534314993535784
555,529167.5577774149,181033.68564736107,0.0555555555555555,0.014597045965571997,0.0,0.14037768841977535,0.04979140406554443
556,529172.4163716856,181036.94393903777,0.0,0.014860989774220281,0.0,0.14293705444528482,0.04818133081502159
557,529175.9752455868,181038.6842929657,0.0,0.015586075874851842,0.0,0.14505670636472479,0.049452052654669586
558,529179.5173526531,181041.08418162767,0.0,0.015854597568389684,0.0,0.14713559274153967,0.04973656627304097
559,529183.3471384126,181044.31633348204,0.0,0.015655136596846256,0.0,0.14770842455586078,0.05044383061200217
560,529187.428783118,181045.74000523664,0.0,0.016286157023669666,0.0,0.14934996721796517,0.051386892230809084
561,529197.208060965,181033.6143865919,0.1111111111111111,0.015732221781484333,0.0,0.14652868180265177,0.04747807450493427
562,529190.8756309836,181031.638521074,0.1111111111111111,0.016375721812628613,0.0,0.14914926429525224,0.05241379628301557
563,529187.1319540159,181029.0685110649,0.0,0.01626917772534435,0.0,0.14767472447667734,0.05320407642513695
564,529184.6395953946,181025.87035351223,0.0,0.015553026528257397,0.0,0.1477541343630989,0.05041746838095723
565,529182.0024419888,181024.31841257945,0.0,0.015581329556725549,0.0,0.1452695999165256,0.05056200988990322
566,529178.0529954723,181021.74317923523,0.0,0.014913524379123732,0.0,0.13994218440396516,0.049861541964789195
567,529173.2721240248,181019.47679561732,0.0,0.014797295810491641,0.0,0.1403773004668164,0.04903130603209026
568,529169.3603862107,181015.4176217896,0.0,0.014477354359151632,0.0,0.13736288026825533,0.04726305874258167
569,529190.325882469,181055.5051007452,0.0,0.017179432552095163,0.0,0.1564164309331232,0.0535818972252898
570,529193.891134134,181049.87999782123,0.0,0.017418256676746003,0.0,0.15572030641751083,0.05445969902307497
571,529201.7043677383,181040.0398650676,0.0,0.016967368218581136,0.0,0.15418153458436934,0.052939517056641856
572,529205.1720643955,181034.3194495164,0.0,0.01690379664202827,0.0,0.1526031412393743,0.051587372065288475
573,529208.3770556869,181031.0125971007,0.0,0.016767346371212546,0.0,0.15312512618428664,0.05123025958570704
574,529210.2104097735,181026.2187288665,0.0555555555555555,0.017236443815409508,0.0,0.15503118301978963,0.0527056033261736
575,529216.1892743212,181020.72351558047,0.0,0.01737989162575619,0.0,0.158991143767705,0.05017284158355055
576,529205.6703206475,181018.68123126304,0.0,0.0172089247605539,0.0,0.15266677166013037,0.053296915247415005
577,529198.7423978497,181013.98732153128,0.0,0.01656994425975864,0.0,0.15089686015464257,0.05298276231220191
578,529205.0968829637,181005.59735638904,0.0,0.016916129529365793,0.0,0.15550365335320762,0.05091505282973587
579,529209.7394749623,181009.10372539173,0.0,0.016922849649223425,0.0,0.1528903921607843,0.05247641570797538
580,529220.5993894173,181013.5749270993,0.0,0.017426326097901998,0.0,0.15780588098023807,0.05194911402497461
581,529222.3034504489,181009.9072206486,0.0,0.017957027873392286,0.0,0.1592749866440485,0.054970470582830354
582,529225.4570580468,181004.66287921809,0.0555555555555555,0.018203570844650806,0.0,0.16244568395680065,0.054347146207462976
583,529219.7712054912,181046.14643952547,0.0,0.018110580940470265,0.0,0.16498813529362036,0.05363315749328249
584,529221.8940947271,181041.84398516556,0.1111111111111111,0.018509293927522447,0.0,0.15973185004579882,0.056029145143559986
585,529224.394825536,181038.51923533692,0.0,0.01861615344753977,0.0,0.16189210351241357,0.05564188661607986
586,529226.6984402685,181035.0281249912,0.0,0.01895714656531243,0.0,0.16708889703472612,0.05555994285156766
587,529230.8581366811,181029.8093699786,0.0,0.018938710766180533,0.0,0.16488601541526404,0.05393733025509127
588,529233.7777197782,181025.84987773653,0.0,0.01907797434661134,0.0,0.16759232761715434,0.055405594201686545
589,529236.6973072841,181021.89038712505,0.1111111111111111,0.018638663762466628,0.0,0.16720930742877127,0.05283436106641922
590,529232.0187572849,181043.55358015627,0.0,0.018697850288506648,0.0,0.16311432225639422,0.05397145844755441
591,529237.2772535526,181046.5915905125,0.0,0.018854960170550918,0.0,0.16383405925838562,0.05347549836183222
592,529230.3806570461,181001.0770408808,0.0,0.01943930827745986,0.0,0.16568803021793455,0.05781444885262853
593,529233.111334714,180996.62869613635,0.0,0.018595796609313115,0.0,0.1629716006572478,0.05547664658827385
594,529237.1458536691,180992.37485814848,0.0,0.018049951373072186,0.0,0.16099074866245613,0.053517039851726
595,529242.0539478941,181013.1523922697,0.0,0.01961025360375211,0.0,0.16987912595462537,0.05552821153323352
596,529245.3759895207,181009.20314089276,0.0,0.01957812451345428,0.0,0.17064083755320383,0.054867364056296004
597,529247.8130473734,181004.4246376952,0.0,0.020250586528426727,0.0,0.1757199346346981,0.056825508034627215
598,529251.2439109966,181000.15545855404,0.0,0.020649858239615595,0.0,0.17321876916049642,0.06027820921908042
599,529230.9941042921,180988.83008835104,0.0,0.018356343551899714,0.0,0.16175396024549213,0.053999729689772916
600,529227.5588348615,180985.354399544,0.0,0.01791471938155451,0.0,0.16005753007248386,0.05401955486941621
601,529223.7047178019,180982.51346064516,0.0,0.01717784810311861,0.0,0.15708243887724388,0.04934780344781088
602,529240.0320620475,180973.89307661296,0.0555555555555555,0.018867689217110767,0.0,0.16588169027392224,0.056301680548749164
603,529236.9027210743,180970.2638121705,0.1111111111111111,0.01765819907373683,0.0,0.15865074321611014,0.050691486961675906
604,529230.8351541065,180967.3665819448,0.0,0.017355672361159674,0.0,0.16031050960336796,0.04990021254524112
605,529226.5833779131,180964.11529669823,0.4444444444444444,0.017434924660893223,0.0,0.1559369897638411,0.053860956081660874
606,529222.5441806032,180959.83390275456,0.0,0.017158751090329286,0.0,0.15381282952848907,0.05391088886063843
607,529217.4100629636,180956.6643158572,0.1111111111111111,0.01656931646838684,0.0,0.15103695333728195,0.05240231790261616
608,529213.6537798648,180955.23922901627,0.0,0.015589429045572409,0.0,0.14438954833209972,0.049280781793093295
609,529219.8145622008,180979.75611041253,0.1111111111111111,0.018010753545966884,0.0,0.1608199486412806,0.05716619786709832
610,529214.3482008916,180975.2130135124,0.0,0.016830142710305966,0.0,0.15541493000060577,0.0514134500223091
611,529210.3811235438,180972.4972109797,0.0,0.016135235373753172,0.0,0.14844091410077984,0.05192762905413784
612,529206.8221595827,180970.6175581978,0.0,0.015804058587762605,0.0,0.1462891030541207,0.04805654605284794
613,529215.5203794275,180986.52835175363,0.0,0.01733891406260833,0.0,0.15567104174167926,0.054034903052570075
614,529212.4703190587,180990.63989033407,0.0,0.017206680202071365,0.0,0.15414801338697154,0.05282425590904701
615,529209.4296196268,180994.34053108108,0.0,0.016446224196057995,0.0,0.1496079596477894,0.0502877795525353
616,529202.4041404065,180988.6524099468,0.0555555555555555,0.01588996453605391,0.0,0.14920779961423092,0.0482680233658277
617,529205.4448376745,180984.9517650508,0.0,0.01635145441776079,0.0,0.15009314075430055,0.05163694085303557
618,529258.4077941318,180991.8080491557,0.0555555555555555,0.020047674606125696,0.0,0.17578095768585594,0.05350847019351302
619,529262.5482655079,180987.34833531483,0.0,0.021046508640463844,0.0,0.1776620454567975,0.05675120478914456
620,529264.8317603265,180982.5265627488,0.0,0.021218984047371665,0.0,0.17787007247050637,0.059198869895885436
621,529268.2891450817,180977.8920642353,0.0,0.021526829357071342,0.0,0.17831601348250808,0.05853879031299505
622,529271.6443771382,180973.4123840756,0.0,0.021298040334554003,0.0,0.1796010340232872,0.05733149887336652
623,529274.5949805378,180969.3946572831,0.0,0.02118823780933757,0.0,0.18066493860256788,0.05702307037700509
624,529277.2231045804,180966.47063135792,0.0,0.021612432081644647,0.0,0.18009572484052783,0.05904078788534834
625,529280.0094146491,180961.18941124287,0.0,0.0215242376502378,0.0,0.17917726823227484,0.06136503010508461
626,529282.4412305445,180958.26039410327,0.0555555555555555,0.02211760719839274,0.0,0.1843196416115381,0.060086041456240115
627,529245.4766523577,180978.88601008605,0.0,0.01936179399836196,0.0,0.1665142150000388,0.056354534385134866
628,529247.7001231486,180976.42392271524,0.0,0.019451911919230794,0.0,0.16880911135388396,0.05657245051329674
629,529250.4583915332,180972.2438767801,0.0,0.019288870680571925,0.0,0.16769502026599375,0.05615735925090849
630,529253.9037664426,180968.0813071592,0.0,0.01942877154448785,0.0,0.17000933620984465,0.05749944163984651
631,529256.9423799033,180960.6026878817,0.0555555555555555,0.020106236783431975,0.0,0.17203965002907629,0.05718564759055855
632,529260.7443883695,180957.86592418188,0.0,0.02030529369855573,0.0,0.17474586437127101,0.06028761268037885
633,529264.0694881561,180950.70942432145,0.0,0.019587192956264068,0.0,0.17122158043574653,0.05737087259768413
634,529269.3057377768,180945.64792708337,0.0,0.019794432767743026,0.0,0.16956798952383081,0.05693745988291849
635,529274.3736922129,180939.48025172547,0.0,0.02016324656694022,0.0,0.17035983984453487,0.056972158081901966
636,529278.8807212568,180932.1964101652,0.0,0.019752752797708627,0.0,0.17034030191354524,0.057265539423630094
637,529282.8049310953,180928.5182825066,0.0,0.02012455699534493,0.0,0.17117048014227257,0.059654899622387576
638,529286.2503606078,180924.35573419044,0.0,0.01960272620871445,0.0,0.17116965216689883,0.05505636337868326
639,529289.1729882282,180921.43920524564,0.0,0.019422860534866533,0.0,0.17020325082117083,0.05596688348958612
640,529286.3192910108,180952.5347055748,0.0,0.021728192400543196,0.0,0.1837385583093046,0.05930530597221837
641,529290.2995197729,180946.65420420188,0.0,0.021317557663749633,0.0,0.17998845212901546,0.05748737049163425
642,529292.6371923211,180943.56538186767,0.0,0.021657743604964218,0.0,0.18062623619132648,0.05939439439425226
643,529295.0610192049,180940.95099623763,0.0,0.022095555985213823,0.0,0.18006244361465362,0.060188020816424735
644,529298.6646430846,180934.43126113896,0.0,0.021171065800781697,0.0,0.177638006440349,0.05931755648695525
645,529301.7915937377,180931.2051082989,0.0,0.022128096168642076,0.0,0.18641695662268387,0.06004398586771048
646,529291.1780667579,180915.98070159252,0.0555555555555555,0.019375036040554346,0.0,0.16979760683944528,0.054026120440805396
647,529295.5770818412,180912.94432042923,0.0,0.02003488171700412,0.0,0.17133565170961534,0.058892210236561736
648,529298.6419040408,180908.29985303665,0.0555555555555555,0.019615904861363522,0.0,0.17353756212864238,0.05537795923842757
649,529305.2410400899,180926.88525981252,0.0,0.022011279940657158,0.0,0.182434722833507,0.06116516315847238
650,529308.0193937825,180921.91868017803,0.0,0.021396614267401456,0.0,0.17757154967259475,0.0596101673943375
651,529312.9452307076,180917.47898589005,0.0555555555555555,0.021358898076581784,0.0,0.18110818929655356,0.05889455584751787
652,529314.4936588865,180914.52750585525,0.0555555555555555,0.021326932357998526,0.0,0.17638685345839758,0.06008959965615724
653,529316.9535352867,180910.49731509807,0.2222222222222222,0.020787713683604776,0.0,0.17689584416992016,0.057587258742859686
654,529319.6459355336,180912.7696284008,0.0555555555555555,0.021930427723051163,0.0,0.18088910600746613,0.06030220897468341
655,529323.4861275726,180912.39510053687,0.0,0.021260168298390315,0.0,0.1767891783526907,0.060303208106433664
656,529325.7458593771,180916.230554256,0.0,0.02200644607585738,0.0,0.18473929416113202,0.05923062780588138
657,529329.6902932017,180919.47922127656,0.0555555555555555,0.022678935343592936,0.0,0.18523377256043264,0.060604474784169984
658,529335.6339193734,180921.3620354605,0.1666666666666666,0.023061896577084393,0.0,0.18695269172789866,0.062040241804633085
659,529340.4257361371,180926.04900817983,0.1111111111111111,0.024315114351257383,0.0,0.19383367874708404,0.06427954694891463
660,529344.9470913849,180929.7846142744,0.1111111111111111,0.024813054033355667,0.0,0.19945888661664704,0.06272008809463346
661,529343.6631653728,180937.78008759132,0.0,0.025622831094301225,0.0,0.20159845854247815,0.06477346376278045
662,529277.7654037655,180883.3695117811,0.0,0.017223955283499993,0.0,0.15533487681150768,0.051148190362723424
663,529282.6133333212,180885.8540488604,0.0,0.017606913586649557,0.0,0.1572001987672908,0.0544618090683856
664,529290.063528302,180890.2937651384,0.0,0.01779412197822538,0.0,0.15790727173987973,0.052880469698532925
665,529293.0464260286,180892.7308680096,0.0,0.018257178458213848,0.0,0.16094116094533917,0.05220983387627362
666,529297.1050663593,180895.35275489063,0.0,0.01863693432892355,0.0,0.16093798296306414,0.05387507284048155
667,529300.9433712998,180898.9135273355,0.0,0.019350705956571755,0.0,0.1690945022744705,0.056606848782909815
668,529306.4503693188,180902.51675850103,0.0,0.019490908961039728,0.0,0.16826356496582473,0.053524192318618165
669,529306.8464116681,180879.229468399,0.0555555555555555,0.018075373596139956,0.0,0.1603402607445244,0.054294687215078914
670,529290.064967153,180870.9318042336,0.0,0.016783355196454866,0.0,0.15206904162121895,0.05373538148324405
671,529293.3101178217,180866.92157897487,0.0,0.016209422477152128,0.0,0.15053510365492365,0.0501993454719198
672,529296.3549524061,180863.06367412003,0.0555555555555555,0.016085873348429678,0.0,0.14968363786538894,0.048827984090305726
673,529300.0989150513,180858.75131351012,0.0,0.016041245111315258,0.0,0.1503789742764228,0.05033286439057514
674,529303.6945921112,180852.54620731092,0.0,0.01593454022561562,0.0,0.1469064717017539,0.04958154504113187
675,529306.3187870062,180849.7795084926,0.0,0.0156121777670932,0.0,0.1438349719340586,0.04893564559333517
676,529310.7538888038,180845.3273245128,0.0,0.015692265391263553,0.0,0.14800484443203626,0.050680737638190955
677,529308.7213439388,180875.02697644537,0.0,0.01762513370842837,0.0,0.16004722291462414,0.05230863729953335
678,529312.5474583092,180871.3463735728,0.0,0.017389728259990106,0.0,0.15621373414415266,0.05032753323417406
679,529316.0209674379,180866.0826551765,0.0,0.01718619272339409,0.0,0.1543780114307954,0.050706328032208266
680,529321.7140363766,180858.51419592195,0.0555555555555555,0.017112307589964515,0.0,0.15687980025977186,0.05022011688148906
681,529314.9156651535,180886.36102094664,0.0,0.019073365042206327,0.0,0.16722816214914832,0.05494985644097145
682,529318.1308970893,180887.38731859403,0.0,0.01930284828959322,0.0,0.1670620063725539,0.056455257120471745
683,529320.4888041712,180891.2252672329,0.0,0.019416427465678548,0.0,0.17012781271832023,0.05519988020613492
684,529324.3711296321,180893.05561672268,0.0555555555555555,0.02002175697329784,0.0,0.1697683102621762,0.05844908942327365
685,529328.4257514678,180895.83484170027,0.0,0.020243807579817974,0.0,0.17275439321412356,0.05605936699388941
686,529334.7841374193,180900.71908685192,0.0,0.02067265349709038,0.0,0.1746522774735736,0.05860837673409621
687,529339.4898273811,180904.9316218605,0.0,0.02247390336286375,0.0,0.18406037140500403,0.06301165439054787
688,529357.7008754043,180880.2087567224,0.0,0.019885432907834195,0.0,0.17015444580992312,0.05636319912715818
689,529353.0653078613,180877.0998929423,0.0,0.019119121237086027,0.0,0.16825891887408762,0.05535394425146359
690,529349.1408721604,180873.0646443012,0.0,0.019005920897878406,0.0,0.1677569957106913,0.05710345388888693
691,529342.2676447848,180869.11176795448,0.0,0.018497370695052803,0.0,0.16240239539543605,0.05707532147014981
692,529335.5125828407,180864.3748350999,0.0,0.017461565511557614,0.0,0.15737074888462438,0.05067542526818068
693,529329.1501466742,180859.64790279348,0.0,0.01734566020426615,0.0,0.15423030119107317,0.054449004491757366
694,529314.609949273,180836.6102160261,0.0,0.015263655884801856,0.0,0.14281965204165073,0.04911574414291801
695,529317.8951670822,180831.02687808263,0.0,0.01561969942842125,0.0,0.14287857639895563,0.05222581187766011
696,529322.2441429753,180826.10026784788,0.0,0.01512399834476267,0.0,0.14186053205918703,0.050542577737972355
697,529326.8294774299,180819.6055289397,0.0,0.014605260467355594,0.0,0.1371012283668423,0.04763597487599541
698,529331.0923201529,180814.20448993097,0.0,0.014406670345109285,0.0,0.1386158093115702,0.04563051366030647
699,529335.6736727161,180807.8670715485,0.0,0.01442184913972858,0.0,0.1393408512389323,0.047096539418386325
700,529340.3612037603,180801.21752965343,0.0,0.013794271953955212,0.0,0.13377934825657414,0.04706775274648708
701,529344.8123900574,180796.13612345257,0.0,0.014194007604666803,0.0,0.13523399109375414,0.048522482964191815
702,529347.8693145072,180791.80631023995,0.0,0.013248411399955903,0.0,0.12984479512151806,0.04605971101222092
703,529352.9535231594,180785.00945956967,0.0,0.013204436868527698,0.0,0.12874237435272942,0.04548481708289349
704,529358.0257333614,180778.6845521365,0.0,0.013520881287415852,0.0,0.12877114902677164,0.049059029484421306
705,529357.8211368537,180763.56753643352,0.0,0.012839683157241962,0.0,0.12443691923770082,0.04937326623615011
706,529363.9249760242,180751.4445476704,0.0,0.011975751644959362,0.0,0.11984004886849224,0.04462287209315128
707,529361.5453295857,180767.75510581143,0.0,0.012205892790742953,0.0,0.12066439676540495,0.04210738995296769
708,529368.5005944036,180756.9131104796,0.0,0.011881320777734324,0.0,0.12035984877431331,0.04120239651068144
709,529362.9917865392,180772.6717766872,0.0,0.01263377084479019,0.0,0.12716678622144756,0.04452004253823909
710,529367.6153170792,180768.53926343945,0.0,0.012669898370889552,0.0,0.12443987289035387,0.04575975408740174
711,529372.6635352931,180763.15824679888,0.0,0.012373989494939133,0.0,0.1227771517287669,0.041539846885893655
712,529375.4260174785,180758.82095374487,0.0,0.012213252391207125,0.0,0.12298178717355167,0.04128667840309655
713,529378.6913257507,180754.02421766368,0.0,0.012439146191974929,0.0,0.12311798369665855,0.0456279678241278
714,529380.8728564688,180749.3573094264,0.0,0.012298527919796673,0.0,0.12013925876379661,0.04645820268017519
715,529384.7231417155,180744.7328827008,0.0,0.011921189869584303,0.0,0.12005745752078789,0.04460015861780187
716,529400.5918205124,180804.3248087552,0.0,0.014304949698161925,0.0,0.13791038310936354,0.04525226629735903
717,529396.3688736395,180800.43933950123,0.0,0.014188521610980321,0.0,0.1384420381191007,0.047490729361139704
718,529390.9920200699,180795.58000903245,0.0,0.013892364453289665,0.0,0.13512473060472358,0.04688590257439888
719,529385.5550848927,180793.0803758817,0.0,0.013832408486225323,0.0,0.13437245027714617,0.04456150077871777
720,529381.5604760044,180787.94141507425,0.0,0.013892372189888412,0.0,0.13326075356224648,0.049374549545632654
721,529377.8283060417,180784.06845593144,0.0,0.013193384933014415,0.0,0.12934281439724732,0.04457508562406855
722,529384.1265393451,180775.88580606825,0.0,0.013169681817865863,0.0,0.12841447168151937,0.047848382647969694
723,529387.1093765888,180770.6096404387,0.0,0.01244605502766614,0.0,0.12397678162047249,0.043401249336686626
724,529390.8775110333,180765.35346844676,0.0,0.012823747675362075,0.0,0.12683867294005208,0.045403244807216386
725,529395.8556314181,180758.86878614555,0.0,0.01216916904367279,0.0,0.12102187226397099,0.042881321523462294
726,529390.0496904567,180724.56198528816,0.0,0.010883503272689261,0.0,0.11380344947804513,0.038884913030972273
727,529394.8096171789,180730.50750784983,0.0,0.011244585580727037,0.0,0.11409495746583515,0.04285647813686569
728,529393.567425952,180717.56787791816,0.0,0.010571811491264332,0.0,0.11031991352389277,0.03871501447021368
729,529399.5312980162,180718.6641992086,0.0,0.010696410393862195,0.0,0.11135310974117378,0.04133225312691375
730,529367.1799608581,180727.75778096617,0.0,0.011073534815357397,0.0,0.11548813697081962,0.039523291951434815
731,529364.4573832514,180722.8086289896,0.0,0.011034303035671253,0.0,0.11339347608033735,0.04317160641596475
732,529370.4053557027,180732.24748920783,0.0,0.011260761272615378,0.0,0.1170778706697053,0.04378090731015766
733,529374.2016409449,180733.6034378632,0.0,0.01138710205195285,0.0,0.1171942886841549,0.040669727029530735
734,529378.5028025575,180738.27794967973,0.0,0.011175821818855845,0.0,0.11501172583125797,0.03989222444330153
735,529381.0690793003,180741.6489845017,0.0,0.011769950308151493,0.0,0.11938205189948234,0.04386301779128776
736,529406.2946448437,180738.5132345748,0.0,0.01149333002584571,0.0,0.11584463748159765,0.043616618179390665
737,529410.3994499373,180743.182775392,0.0,0.011644893562618283,0.0,0.11605599790929966,0.039633467175321846
738,529413.8531651343,180746.4190088605,0.0,0.01167862810429349,0.0,0.11784335872731135,0.04340371590462587
739,529418.8334004958,180751.4256772912,0.0,0.01192165345883949,0.0,0.11970759246885752,0.045155474340862055
740,529423.7234760976,180756.1152256772,0.0,0.012398127337418937,0.0,0.12244593823345153,0.04453810733702382
741,529426.4700131965,180760.12053439737,0.0,0.012180202272502206,0.0,0.1204449014397562,0.0446397580881977
742,529429.7694597556,180765.55665786783,0.0,0.01274109408463836,0.0,0.12634299537805893,0.04498857320039669
743,529434.3069282123,180768.66309044475,0.0,0.01244596717686744,0.0,0.12509185000029238,0.044523905233000795
744,529480.4272674089,180685.62090425787,0.0,0.009746061076288517,0.0,0.10003993808269826,0.04195306960995103
745,529531.2354771455,180696.2029778328,0.0,0.009597828413616536,0.0,0.10276817865278184,0.03907355030439219
746,529527.4151461998,180695.7907878616,0.0,0.009621981988885564,0.0,0.10056286781621848,0.040959785073835714
747,529522.6431986581,180698.0304028733,0.0,0.009871652678570852,0.0,0.10514115516719179,0.03866141738372885
748,529519.1593969858,180699.8306030215,0.0,0.010040751939747346,0.0,0.10538084951577092,0.041599419642063915
749,529513.9667460978,180703.16140916184,0.0,0.009734238478086953,0.0,0.10310693603596821,0.0406481462509411
750,529510.1523868137,180706.3699256572,0.0,0.010069658837796345,0.0,0.10574572960569939,0.04084581714202244
751,529507.27556505,180711.3338970056,0.0,0.010084490995883096,0.0,0.10614043745950204,0.040774906510301516
752,529503.6835536894,180717.38155069447,0.0,0.009696999010324916,0.0,0.10365398977730243,0.03577649806833544
753,529500.045494884,180721.38164046223,0.0,0.01043888182898834,0.0,0.10771227980029348,0.04198176331962241
754,529485.3891137168,180741.4721556592,0.0,0.01138020836231062,0.0,0.11658460394800263,0.04446267221578344
755,529481.3303849034,180746.56344423976,0.0,0.01169872839458407,0.0,0.11806236153245826,0.04324386349389592
756,529477.610232129,180749.93179798903,0.0,0.011544506624715234,0.0,0.11657251930676377,0.04165309879421432
757,529401.1002818985,180761.20611854777,0.0,0.01286274792070887,0.0,0.1267416168072485,0.04639523282590238
758,529404.7302860668,180765.2339081646,0.0,0.012345743128709655,0.0,0.12504771834079986,0.04210995149317705
759,529408.4664565806,180768.94957432928,0.0,0.012814567945144052,0.0,0.12450054124336037,0.04526698823847402
760,529412.1986160171,180772.82255609665,0.0,0.012955485583549628,0.0,0.12817768357011483,0.045523642068950765
761,529415.668331367,180775.42954026573,0.0,0.012889964806442116,0.0,0.12621142978424463,0.04501457939029024
762,529419.466595328,180780.563529078,0.0,0.013273359197658013,0.0,0.12628897227723224,0.04718332027583156
763,529424.0240853353,180782.8833888892,0.0,0.013443962076006153,0.0,0.13012894497989952,0.04674219094530967
764,529448.9149329914,180781.3134819648,0.0,0.013707711149457003,0.0,0.1315288065918078,0.049293751002317206
765,529452.8433752534,180785.1914945657,0.0,0.012998436423342766,0.0,0.12712005844929097,0.046382975844763766
766,529457.773456111,180788.30794953523,0.0,0.013357503466725006,0.0,0.12973041165880508,0.04445973632012618
767,529462.549270172,180793.6242873572,0.0,0.013481700161958057,0.0,0.1333623747694794,0.04462986071150662
768,529467.7457683297,180797.84944266544,0.0,0.01360386120680085,0.0,0.1313092938490172,0.046793872512705954
769,529473.4130240631,180802.87367016528,0.0,0.013608520949790816,0.0,0.134423802793841,0.04390654382823094
770,529453.4703558945,180810.70866177196,0.0,0.014529914202873246,0.0,0.13708880880155164,0.04835632090819133
771,529449.6120484655,180807.9343375992,0.0,0.014332445131989228,0.0,0.138185153721973,0.04646066559014669
772,529444.4355798184,180802.922637122,0.0,0.01410103140854001,0.0,0.1340635126566768,0.04757527954947623
773,529440.3028115581,180799.35425636685,0.0,0.014147270878266406,0.0,0.13601997688788794,0.04672233470913792
774,529436.8170999083,180797.3765058124,0.0,0.014010478032674056,0.0,0.1366332435490715,0.04722790698995957
775,529435.0361899484,180801.7387647768,0.0,0.014617566102676225,0.0,0.13840385255808077,0.04972972524909925
776,529432.3878619376,180805.4492749224,0.0,0.01498398583720813,0.0,0.13934087049790303,0.05105725643007259
777,529428.938228574,180809.76903935312,0.0,0.01424966663125028,0.0,0.13664718353130273,0.04743387346365243
778,529424.8956320325,180814.23112073605,0.0,0.014788970985766705,0.0,0.14119268859958672,0.04795919907468364
779,529415.7946636991,180797.47082194773,0.0,0.013934974119862038,0.0,0.13550345562445393,0.047934848079402285
780,529412.0585689605,180801.4684736748,0.0,0.014409517419924172,0.0,0.13694446878009348,0.04713915045631392
781,529409.2720424072,180806.7496237429,0.0,0.014634626506981644,0.0,0.1370872045572292,0.047623829717249544
782,529406.0267620217,180810.75977664263,0.0,0.014341942189629435,0.0,0.13768252027911806,0.04452547171604912
783,529422.3174364787,180819.0453249353,0.0,0.01489810245689388,0.0,0.1408781965696534,0.04846098986154557
784,529418.7856833711,180822.733345408,0.0,0.015312425534196717,0.0,0.14281821784561716,0.05040029443915601
785,529416.8505555978,180829.2954895833,0.0,0.015763107078414416,0.0,0.14614781054734083,0.05086836693202154
786,529413.871722778,180834.4143253656,0.0,0.016449763158706558,0.0,0.1511596553851989,0.05038465792452575
787,529409.6949480567,180840.2897338695,0.0,0.01648853950153227,0.0,0.1508924700076456,0.05023955571828277
788,529404.5986952735,180847.5584669053,0.0,0.01777405450230583,0.0,0.1576176216012985,0.05280186188322964
789,529400.4179360651,180853.5911955696,0.0,0.01751557720328563,0.0,0.15415874679949088,0.05356147771984382
790,529395.4599199833,180859.2893090128,0.0,0.0178531508590164,0.0,0.158559048472641,0.052772442451841255
791,529391.5776641075,180865.1722293236,0.0,0.018894890764131825,0.0,0.16228145812481767,0.05662439049443676
792,529387.0904410653,180871.66940982096,0.0,0.019515029861355317,0.0,0.16680443305509243,0.05600372827942571
793,529382.402905871,180878.31890919263,0.0,0.019560824117766853,0.0,0.17173957476066512,0.0549971951838057
794,529378.3283649802,180884.0395287909,0.0,0.020204052457271717,0.0,0.1756900377318033,0.057982429544261645
795,529366.6776240963,180894.1323253344,0.0,0.020992824627896974,0.0,0.17632762427317875,0.056855454614748314
796,529362.7633928342,180901.27376930785,0.0555555555555555,0.022223164173558727,0.0,0.18473646592726933,0.06248183993060163
797,529356.4192300553,180907.40887936976,0.0555555555555555,0.022547266589998588,0.0,0.1855858486746813,0.05834345575335416
798,529353.5847661751,180914.57781246587,0.0555555555555555,0.02388303523740317,0.0,0.1904431387640292,0.06424363260687695
799,529351.7253077233,180887.29774311127,0.0,0.020226488773968335,0.0,0.17117143779629349,0.05786121309053761
800,529348.652416876,180892.2568048996,0.0,0.020612415699144147,0.0,0.1754755578549409,0.057016393513928745
801,529344.2794450719,180898.1272692665,0.0,0.02073337703260849,0.0,0.1775058471274877,0.0569212627789584
802,529342.0278692817,180901.69050496147,0.0555555555555555,0.021038216491416777,0.0,0.17643777798409394,0.05710899522640347
803,529358.250735564,180943.50346543267,0.0555555555555555,0.028234557304188855,0.0,0.21097154361891549,0.06869626338010221
804,529354.5849172977,180948.6048458597,0.1111111111111111,0.028728339509427346,0.0,0.21338187740862324,0.06952340904756876
805,529352.1210227984,180952.7923315948,0.1111111111111111,0.02938430962156034,0.0,0.2208334400859164,0.07119250583591935
806,529297.0232607818,180960.20454677407,0.0555555555555555,0.023187377449440584,0.0,0.1895813471212452,0.062160104738863145
807,529293.1622829075,180964.98928696144,0.0555555555555555,0.023519679466175076,0.0,0.19124054443979002,0.062104608641443536
808,529291.662592891,180969.5011714042,0.0,0.023980121795253086,0.0,0.19204284865145438,0.06455008813257374
809,529289.0528770728,180974.09579383896,0.0555555555555555,0.023572692924416935,0.0,0.19141911120407187,0.06152545333951777
810,529286.0336062261,180978.45804567487,0.1666666666666666,0.024078031312355894,0.0,0.19145957654618861,0.06319533678397192
811,529282.0483573553,180982.68474955947,0.0,0.022863187007020044,0.0,0.1879478357325619,0.06045200121235991
812,529280.2493108573,180988.07683377777,0.1111111111111111,0.022650646825010983,0.0,0.18816359350956902,0.06065215724875418
813,529277.1523916672,180992.7700446227,0.0555555555555555,0.022840792553499422,0.0,0.18790853254933956,0.0615379458075787
814,529273.0387185066,180999.32399465467,0.1111111111111111,0.022415424372600395,0.0,0.18660049186743582,0.05963444612488479
815,529266.7215898505,180994.50229825647,0.0555555555555555,0.021521752367217952,0.0,0.18110116921239566,0.05854513902553795
816,529269.4190710398,180997.345323246,0.0,0.022040208706239538,0.0,0.1831914239509873,0.05898918869933212
817,529261.9586027679,181010.25079002476,0.0,0.02233564619232181,0.0,0.18376125935344675,0.061468355525710214
818,529265.5951688507,181011.56402777229,0.0,0.022203406863908523,0.0,0.18400956194239512,0.061424808564843975
819,529257.4478221821,181007.91653187887,0.0,0.020856759315996214,0.0,0.1790658906077458,0.058027907933182375
820,529246.4467327141,181015.73802750395,0.0,0.019204963436272485,0.0,0.16691988220483128,0.053146539078907866
821,529250.6807114956,181018.0652362206,0.0555555555555555,0.02033884988756254,0.0,0.17421527387326433,0.05808715076358845
822,529254.4190052757,181020.82374766585,0.1111111111111111,0.020680436424572905,0.0,0.17670063316592605,0.05674994581627687
823,529257.7859095396,181024.57160455297,0.0,0.021694069126632597,0.0,0.17976492789845255,0.06068176025694929
824,529251.2955186177,181032.6517177996,0.0,0.0209722604339456,0.0,0.17712727857119426,0.060211050255711565
825,529249.1329616577,181036.1350666289,0.0,0.020411307267003555,0.0,0.1754172608815582,0.055088933413023705
826,529246.4969455226,181039.82082063577,0.0555555555555555,0.019996045369919144,0.0,0.1705863906094687,0.05851852142269342
827,529242.0463042365,181046.46266245176,0.0555555555555555,0.01986839040153071,0.0,0.17031470626572984,0.055540284467359945
828,529239.4471822071,181051.3288073488,0.0555555555555555,0.020073024166791412,0.0,0.17162712099712624,0.05734214172981604
829,529235.8479106979,181056.06229690835,0.0555555555555555,0.019595791881510276,0.0,0.1691842237434013,0.058241448160010936
830,529278.7583963905,181134.2952103728,0.0,0.018917968056313586,0.0,0.16486037458219827,0.0545122550675628
831,529283.5084630534,181139.05815811933,0.0,0.018838931317462383,0.0,0.167871604797951,0.05489136180521155
832,529288.3604499404,181139.81460978452,0.0,0.0197847440180433,0.0,0.16790987381019443,0.058602539915253944
833,529293.0003924427,181143.73074556296,0.0,0.019086582737550924,0.0,0.16881747601289887,0.054655332465102256
834,529298.8459142019,181146.83353957013,0.0,0.018979102399353513,0.0,0.16809768211627615,0.054495340183718176
835,529304.6914289801,181149.93634043232,0.0,0.01926654310697308,0.0,0.16686649742998325,0.053931774666235
836,529309.5837573315,181154.2809240676,0.0,0.01948049270915492,0.0,0.16940327178279418,0.05384626934912362
837,529312.583024264,181155.41226700047,0.0,0.01925241751358367,0.0,0.16716075656967894,0.054705280965178196
838,529266.3621094668,181160.98850397,0.0,0.0169442339927087,0.0,0.1527871072987503,0.054315047118917444
839,529274.4228437685,181164.9916382986,0.0,0.016984267095069772,0.0,0.15597729878148361,0.05126495558567342
840,529282.5614895975,181171.10681744548,0.0,0.016939589652622208,0.0,0.1544221619410581,0.050864161906128455
841,529290.3697876688,181174.6815464084,0.0,0.01693451101636565,0.0,0.1526381396691201,0.05193892132476035
842,529296.5885199192,181178.63785437704,0.0,0.016652916340578774,0.0,0.15141980455619608,0.05139003693638928
843,529303.0220914484,181184.49868162224,0.0,0.016927165149555685,0.0,0.15081510742068494,0.05040064725730805
844,529316.4442503084,181158.88660057908,0.0,0.01925170558607532,0.0,0.16923411810706435,0.055686532523546245
845,529323.0684235609,181162.43124799844,0.0,0.019829945271518247,0.0,0.17125467174962183,0.05622231940743636
846,529310.8196238236,181188.4951795929,0.1666666666666666,0.01669176467465084,0.0,0.15391530979396564,0.05129870368749473
847,529317.4705906996,181190.98547807263,0.0,0.017298929204245778,0.0,0.15532094539314575,0.05327581190101446
848,529322.62063721,181195.5476398688,0.1666666666666666,0.016973518823996857,0.0,0.15076559119120794,0.05226634265317485
849,529329.2978805368,181165.9658592044,0.0,0.019110570362214117,0.0,0.16935409306640467,0.0563395293524853
850,529333.9699676854,181168.6168227308,0.0,0.019325257598764783,0.0,0.16668169401231014,0.054959759388111505
851,529339.9255381428,181172.56648724768,0.0,0.018964249052960395,0.0,0.16554316552277684,0.05394093762651499
852,529327.5343701581,181199.048768164,0.0,0.016517113048413887,0.0,0.15120253102341516,0.05211399059494191
853,529332.4749295446,181201.49555905347,0.0,0.01643052994431549,0.0,0.1508906027695035,0.05002084622370031
854,529337.3779163942,181205.4184340273,0.0,0.016422496372575705,0.0,0.15393214398481278,0.05180371954785406
855,529346.6705123032,181176.53625157927,0.0,0.019133216963058825,0.0,0.1690628434776456,0.055066770762262955
856,529352.1051563906,181180.26166715453,0.0,0.018828748641310438,0.0,0.16558276739749542,0.05456927922904976
857,529341.8808247555,181209.542136289,0.0555555555555555,0.016296595999685033,0.0,0.15141697944415375,0.048768226047078846
858,529285.3832807825,181267.18586355745,0.0,0.0129659280647928,0.0,0.12403294145809576,0.048578529824121496
859,529290.7345845242,181269.0100510445,0.0,0.012295944336568517,0.0,0.1252074293152983,0.04310182679820048
860,529296.1906247186,181271.89193420857,0.0,0.012115053899714262,0.0,0.12177337522706554,0.044177447940049436
861,529301.4103537161,181273.71278557795,0.0,0.012625056515797152,0.0,0.12361193737402415,0.04606020828902725
862,529309.776937007,181276.0357272996,0.0555555555555555,0.012431683475601241,0.0,0.12012879440480184,0.0458965179705692
863,529314.5025887836,181276.57798987464,0.0,0.01232974058137312,0.0,0.12178685058804996,0.04298600010538315
864,529316.5054984163,181270.2988076241,0.0,0.012280271534106636,0.0,0.1257854693042095,0.04228280671483717
865,529318.5970496944,181265.70992208,0.0,0.012914283209481616,0.0,0.1280267834807301,0.04390711561106141
866,529320.5463054115,181261.53942617791,0.0,0.013300714006421742,0.0,0.13117375083069255,0.04518850308940572
867,529320.8334931368,181255.4275884725,0.0,0.013442758954774934,0.0,0.13140478340625222,0.04868575349713992
868,529321.8671523201,181251.02278761123,0.0,0.013691367821345102,0.0,0.13082865457168855,0.047649218815294075
869,529323.4324473237,181246.42051131785,0.0,0.014067845447639053,0.0,0.13340578626905944,0.04669216195441566
870,529325.376347004,181242.46088567493,0.0,0.014282924247098141,0.0,0.13660261768257184,0.048114726291705434
871,529330.4750936569,181233.51742958144,0.0,0.014612636703258736,0.0,0.13781404042486883,0.048456447183374204
872,529332.8834725227,181226.8265618356,0.0,0.015520357746197075,0.0,0.14563310255465686,0.05076278216717408
873,529334.5910847485,181221.80590038167,0.0,0.015434844919730947,0.0,0.14219335652278756,0.04902368662145798
874,529337.203573814,181217.44128468813,0.0,0.015966001804817824,0.0,0.14802996739420093,0.050345551590455825
875,529366.7129874873,181289.09014002664,0.0,0.012445944677022099,0.0,0.12364075266368699,0.04351015491691838
876,529362.3605766181,181289.4013501696,0.0,0.011579514640335874,0.0,0.12127343652299492,0.04131132686076895
877,529352.8260454785,181286.41557455697,0.0,0.012560825715602032,0.0,0.1229637623712764,0.04697470498084735
878,529346.6800165927,181284.78209637268,0.0,0.012287560909278895,0.0,0.12142797168841085,0.044352413306335395
879,529340.5017813724,181284.41383655448,0.0,0.012787485747386878,0.0,0.12445899191253218,0.04829891385903949
880,529334.5087801684,181281.9402479893,0.0,0.012604587270074932,0.0,0.12490128382000285,0.0444854009638481
881,529329.3723365804,181282.02052696043,0.0,0.012457284561045537,0.0,0.12401465140468279,0.044769404709371234
882,529331.3269626716,181277.6391665789,0.0,0.013236192220950063,0.0,0.127065971249053,0.048494930819567864
883,529333.3084258635,181272.20346453696,0.0,0.01272029933372922,0.0,0.12564307340186753,0.04461092011849114
884,529334.846891898,181268.65553394376,0.0,0.012799444257388557,0.0,0.1261072137601556,0.04514770738421801
885,529336.0067610648,181264.46495272132,0.0,0.013676172597085468,0.0,0.13040730793048697,0.04851595586201161
886,529337.9936004832,181258.81838397525,0.0,0.01359920842966139,0.0,0.13141921217093347,0.04762814505266922
887,529339.38977247,181255.6888430576,0.0,0.0138769268092495,0.0,0.1336709870451637,0.04774472917221062
888,529341.5081853778,181250.04562426967,0.0,0.014083729672364785,0.0,0.13473988732295686,0.04790559939628979
889,529343.1996985192,181245.6575709338,0.0,0.01427491757073173,0.0,0.13554504916925286,0.04724389415329617
890,529344.7972176985,181239.7900901346,0.0,0.014441970982198413,0.0,0.1374017501953693,0.04738596788202105
891,529347.0203729792,181235.2045646521,0.0,0.014600688377168968,0.0,0.13898420093164027,0.04850599169234196
892,529348.727997103,181230.183907712,0.0,0.014590195054430013,0.0,0.13932005672413783,0.04546243992082449
893,529350.8142246379,181225.80590342777,0.0,0.015712565985753223,0.0,0.14610823580412596,0.050223834820021594
894,529352.889720515,181221.8496368804,0.0,0.016076994288404364,0.0,0.14883156097533987,0.05095838072898551
895,529357.8623347644,181212.6919900276,0.0555555555555555,0.016734650108953687,0.0,0.1515539551264367,0.05299182664703695
896,529354.8658572438,181216.6248114191,0.0,0.017214494556851073,0.0,0.15375972853270703,0.05494395203252497
897,529359.4223045076,181208.3005928164,0.0,0.017152781619044086,0.0,0.15393231033427446,0.05321705526311889
898,529362.0670287603,181202.67077885327,0.0,0.016870638445321995,0.0,0.15352755776149435,0.051089102318891313
899,529365.6488405266,181196.43180581345,0.0,0.01792214174503495,0.0,0.15897895675781304,0.05350678693854798
900,529367.6733113583,181189.3091691755,0.0,0.018776943906342092,0.0,0.16313006044691994,0.056861758764112126
901,529378.1565695913,181294.6566079154,0.0,0.01232548468974208,0.0,0.12493392340970114,0.04453386193794175
902,529370.6966547256,181184.32201289124,0.1111111111111111,0.01928264451453375,0.0,0.16585966119212492,0.05693600737872809
903,529373.6152765248,181178.27716668852,0.0,0.01940969028209115,0.0,0.1697266107389519,0.05631525066222877
904,529376.3029773788,181170.96041240508,0.0,0.020791028895971644,0.0,0.17454179680048953,0.05952924642380846
905,529379.7478890817,181164.92896783532,0.2222222222222222,0.021176945426301393,0.0,0.17773990346148202,0.05885730834431278
906,529355.7084397739,181173.17921346883,0.0,0.019936027931341242,0.0,0.1706630058064785,0.05780731853588704
907,529358.9599667266,181164.39976744683,0.0,0.02088155016582491,0.0,0.1745839374319612,0.059824633641435636
908,529361.6637554653,181156.45040047093,0.1666666666666666,0.021900697878860762,0.0,0.18206139315462808,0.060280111200103105
909,529364.4024997271,181152.3000158649,0.0,0.02205945848234602,0.0,0.185614114093762,0.061656672932598
910,529366.9264208964,181146.24511823247,0.0,0.0230008292969393,0.0,0.18859890042849642,0.05991524003730561
911,529341.2994579652,181118.58416709228,0.2777777777777778,0.02488372915631618,0.0,0.1943835928399702,0.06426022179357802
912,529389.8194688424,181136.4886956464,0.0555555555555555,0.024942179222039493,0.0,0.19918842429062256,0.06625207694757819
913,529376.5469256934,181125.17851743023,0.1666666666666666,0.026471150227125793,0.0,0.2062376554441939,0.06560993413640336
914,529379.3340134877,181119.1303248296,0.0,0.027365601519017638,0.0,0.21010743060888953,0.06709146296534274
915,529391.3955924129,181131.46470266543,0.0,0.025996905573732184,0.0,0.20056263418796375,0.06623541008479834
916,529393.9356621064,181124.777212714,0.0,0.026735902527231542,0.0,0.20531291859453324,0.06788504296980168
917,529381.8687036088,181112.65369752856,0.0,0.029177089370350136,0.0,0.21954061111824355,0.0704381028008178
918,529384.5457075926,181105.75868436525,0.0,0.030553000735671697,0.0,0.2241608903188416,0.073250877504268
919,529396.9134022736,181116.4128268976,0.2222222222222222,0.028318754813250198,0.0,0.21414936049229735,0.06948181144432457
920,529400.2590167765,181109.11283522096,0.0,0.029793378027199932,0.0,0.22452751642754448,0.06990581502591542
921,529402.493011021,181104.10559634856,0.0,0.030818929061938657,0.0,0.22859363061885543,0.07266401360260359
922,529405.1431997871,181098.26493561896,0.0,0.032126713633931055,0.0,0.2303088994545668,0.07430987120138295
923,529407.9840305938,181090.1080742019,0.0,0.03394503609448739,0.0,0.23849376958172633,0.07687207992589676
924,529394.9369575005,181080.2806293196,0.0,0.03842207917766637,0.0,0.2559314691318768,0.08378878280475635
925,529391.7658568935,181085.89702709016,0.0555555555555555,0.03563604201575913,0.0,0.24713261219253094,0.07792184799992388
926,529388.8632738042,181091.30925805308,0.0555555555555555,0.03457349517500573,0.0,0.2420343354735673,0.07804440229461923
927,529386.3124597524,181098.41848720115,0.0555555555555555,0.03213376982063879,0.0,0.22978848361399568,0.07317297461418575
928,529397.3454814602,181073.5897910776,0.1111111111111111,0.040887036005148966,0.0,0.2671134418597831,0.08738707670230206
929,529398.9538428403,181067.30059009284,0.0,0.042400450325875534,0.0,0.26979465263896335,0.08724894611458134
930,529410.3892214119,181082.37360887547,0.0555555555555555,0.03681471373241598,0.0,0.2527847674813405,0.0800551514164676
931,529417.7500460817,181066.3202561012,0.0,0.04220436856940849,0.0,0.2694196246761061,0.0885878989374374
932,529401.2811800763,181060.6131886193,0.0,0.04585184399334247,0.0,0.2855244602356942,0.09211193286614215
933,529408.7285038913,181041.16278942168,0.0,0.05573643178910328,0.0,0.3169282667618207,0.10383665376542019
934,529425.3656495579,181049.5180150404,0.0,0.045403137845475484,0.0,0.2814210960431828,0.0910416493842237
935,529422.4001477065,181054.91904103343,0.0,0.044940198852709536,0.0,0.2800220290205108,0.0919978463692148
936,529340.9284040561,181070.78528718115,0.1666666666666666,0.032898806364879025,0.0,0.23439256218114604,0.07562434688974912
937,529346.4941638502,181074.326177748,0.0,0.03267767526837146,0.0,0.23158396051317182,0.07444452571545987
938,529351.7162598302,181077.480634714,0.0555555555555555,0.03342647287540018,0.0,0.23258194808309174,0.07655205023444929
939,529402.3432644174,181037.4121180699,0.0555555555555555,0.061391358588984445,0.0,0.3388000319339084,0.11111686792775387
940,529397.1355704601,181033.69143709727,0.3333333333333333,0.06385217811226526,0.0,0.33941919531836745,0.11307420516003133
941,529392.2571105418,181030.92337642613,0.1111111111111111,0.06390320326512779,0.0,0.34669188785176197,0.11529451645446026
942,529386.657697378,181028.70350485644,0.1666666666666666,0.060753262085749354,0.0,0.33490671753308526,0.11014109847183791
943,529381.1808397523,181026.2979133044,0.1111111111111111,0.05681992023837371,0.0,0.32209554786083205,0.10560089755438733
944,529376.047635405,181024.2787691528,0.0,0.053881990100364416,0.0,0.317041334322318,0.10384932015060933
945,529370.9048187275,181022.63707846432,0.0,0.04926142422350709,0.0,0.2983979017594281,0.0965699394551107
946,529379.4949089312,180996.28058249093,0.2777777777777778,0.046411639905126596,0.0,0.28857687793275305,0.09480445725751147
947,529385.1847125805,180998.09688317927,1.0,0.04848965012100593,0.0,0.29536188830496424,0.09463508054950116
948,529389.5208422288,181003.3410114213,0.1666666666666666,0.05161441265290933,0.0,0.3068367772244299,0.09976242890072606
949,529394.7852248674,181004.3107681516,0.2777777777777778,0.05241453898019859,0.0,0.3057508610703158,0.09907230070346286
950,529400.4780525003,181006.00777441065,0.0555555555555555,0.05428347078440665,0.0,0.3128600940178501,0.10261829128480224
951,529405.1437986427,181001.2316196776,0.0,0.05213214730402989,0.0,0.3053484000894329,0.09944288846173427
952,529406.4564526035,180996.489477054,0.0,0.04859589624376547,0.0,0.29497208549244713,0.0954910698153019
953,529417.2556931511,181011.2105605431,0.0,0.05235350065767107,0.0,0.3065646702977599,0.1013680881652015
954,529409.198771478,180991.1867929924,0.3333333333333333,0.045288453661157066,0.0,0.2829184884596891,0.09120380167966019
955,529412.5485991101,180986.3443666672,0.1111111111111111,0.04275666975864143,0.0,0.2740444254086064,0.0885881961449972
956,529423.2495285533,181003.62872927496,0.1111111111111111,0.04552203857008119,0.0,0.28600405524941813,0.09186687431729858
957,529426.2016112035,180997.9395591876,0.0,0.04365811779246874,0.0,0.27775037567233435,0.08977345715895388
958,529428.6026429945,180993.22051405383,0.0,0.04160770169606706,0.0,0.2673259303167629,0.08608255806978002
959,529431.9501387617,180989.22854387067,0.0555555555555555,0.03973455992099491,0.0,0.2609651590234443,0.08358990780056183
960,529434.088174435,180984.50280304183,0.2222222222222222,0.0378043572904553,0.0,0.2579095830582102,0.08277350739781922
961,529437.321176864,180978.117823672,0.0,0.03627434934018176,0.0,0.2464194579004795,0.08016385342612987
962,529429.9802741865,180959.7942512648,0.0,0.03328483160228154,0.0,0.237367988478602,0.07543524804488573
963,529426.7168443569,180957.03985745224,0.0,0.03230816881029463,0.0,0.2299110092808378,0.07467769592000442
964,529422.3137153204,180954.25644240083,0.0,0.03272105022947228,0.0,0.2329795949855042,0.07624758657600983
965,529414.8635341604,180981.1414263165,0.0,0.04001686837929602,0.0,0.2656456185327234,0.08468402086341437
966,529417.5472933261,180976.64688287608,0.0555555555555555,0.03854494313111582,0.0,0.26099197927163004,0.08325146962739997
967,529420.6559285668,180971.8292907756,0.1111111111111111,0.03611173155665822,0.0,0.2501236221756502,0.07867718295661416
968,529417.4368077337,180970.077966744,0.0,0.03609338770638603,0.0,0.24858742855121027,0.07842749253197738
969,529412.5323597579,180969.0627584805,0.0555555555555555,0.03617097141430737,0.0,0.24741643528857557,0.08037396971584368
970,529408.0924283301,180966.1674553466,0.1111111111111111,0.03609014796957031,0.0,0.24544328434234267,0.07876925392941059
971,529403.2998485825,180963.48575683808,0.0555555555555555,0.03498122822816374,0.0,0.2425355316378915,0.07775736118398577
972,529398.7905111897,180960.5886950513,0.0555555555555555,0.03417021591712402,0.0,0.24274957451169188,0.0775386832655021
973,529394.5332679009,180958.6996645557,0.0,0.033790062373495036,0.0,0.23802924012871673,0.0760086456276033
974,529418.4267039787,180950.29357711933,0.0,0.03119145744601682,0.0,0.2254133430068083,0.07327718862048266
975,529422.9657617946,180943.84306371835,0.0,0.02971491118452567,0.0,0.21950829921575774,0.07075670973101002
976,529426.410072272,180939.47918213127,0.0,0.029219505977600212,0.0,0.2167512605589374,0.07021840487297609
977,529429.1717548694,180934.65275861905,0.0555555555555555,0.027931776631562873,0.0,0.2111195742619642,0.06949071388350085
978,529360.4834975624,180938.14784184104,0.0555555555555555,0.027750716367663922,0.0,0.2095078396326702,0.06772233409297582
979,529364.3097225488,180941.73320817776,0.1111111111111111,0.029135943094939,0.0,0.21577100710773323,0.07166885240107243
980,529368.3553246713,180944.02862863263,0.0,0.028926003653884397,0.0,0.2185030474789359,0.06959136337177031
981,529372.8207058528,180946.93267680347,0.0555555555555555,0.030262368609609756,0.0,0.22115138829850514,0.07111412737767185
982,529376.7369456344,180949.4241240559,0.0555555555555555,0.03030477352735869,0.0,0.22532718200672014,0.07171091880891306
983,529382.5250454685,180951.66425863383,0.0555555555555555,0.03147438854327465,0.0,0.22880067162748147,0.07325115377910674
984,529387.2440506388,180954.37546404047,0.0,0.03201098511186467,0.0,0.2296078417839742,0.07290658829670073
985,529389.445661134,180955.8267050608,0.0555555555555555,0.032910130082150366,0.0,0.2320200877030793,0.0744826273600747
986,529383.9934401971,180933.0658910405,0.0,0.02749850039726242,0.0,0.21161404596539313,0.06722276299894264
987,529388.9686376025,180935.4846501954,0.0,0.028933171317552735,0.0,0.21395237626740968,0.07073580062431764
988,529393.8842239225,180937.8022402943,0.0,0.028470883456317934,0.0,0.21483906537810768,0.06992121560893562
989,529397.303324858,180940.28104630264,0.0,0.02956569327817827,0.0,0.22225226150821845,0.06947084656744282
990,529389.8410762385,180925.64087613625,0.0555555555555555,0.0260104737156585,0.0,0.20439040678693507,0.06499724800574011
991,529391.811837242,180921.50548080832,0.0,0.02602347393729785,0.0,0.20369401991494054,0.06613082646053783
992,529381.9158963488,180912.0851544984,0.1111111111111111,0.024370136459843678,0.0,0.19583651905765692,0.06356293658767753
993,529394.7946281222,180916.69825745904,0.0,0.024679956664500242,0.0,0.19682703538325774,0.06440335938715389
994,529385.9817508563,180908.7006881857,0.0,0.024289203086743007,0.0,0.19401546895572114,0.06447000070112201
995,529388.8313605104,180901.79728609405,0.0,0.02329971953936605,0.0,0.19020682658472318,0.06140377352594782
996,529391.6454797933,180896.2881716244,0.0,0.022089961611602073,0.0,0.18213527697930662,0.06045429998701347
997,529395.3333853063,180888.210238154,0.0,0.021171897706566124,0.0,0.18076581891328175,0.05942876404764942
998,529398.0564221863,180910.7022621892,0.0,0.0239621287344751,0.0,0.19474047960646645,0.06268949291871471
999,529401.9447200779,180904.52290752687,0.0555555555555555,0.023117738726437125,0.0,0.18866590790965349,0.060043027658368345
1000,529404.194497823,180899.19874343483,0.0,0.02280205787647529,0.0,0.18776581583611388,0.062218117011141175
1001,529408.2616315775,180893.3229158189,0.0555555555555555,0.021799001811157,0.0,0.18051972718180664,0.05997326206598536
1002,529409.3573491238,180889.36455851543,0.0,0.02085441363510216,0.0,0.1762905060105888,0.056313755399047524
1003,529399.3637304676,180881.33690275843,0.0,0.0207678132021335,0.0,0.17550633483550468,0.057195264001676696
1004,529403.301514152,180875.65709050416,0.0,0.019774000615457178,0.0,0.1724497889711229,0.05524889203520898
1005,529412.5607235408,180861.24335668352,0.0,0.018290617093752664,0.0,0.16195804574153463,0.05337494757733664
1006,529417.065432415,180855.2790204409,0.0,0.018038217552679398,0.0,0.15927046323218436,0.05384920111436622
1007,529420.8041447485,180850.0924333708,0.0,0.017597941943551305,0.0,0.1576282418998383,0.05566156966705325
1008,529430.8497940028,180858.52008049705,0.0,0.017853150990682166,0.0,0.15980497232082802,0.05212576545424376
1009,529435.5929543286,180852.96045805165,0.0,0.017490366984607975,0.0,0.15809421655872077,0.05356732047843518
1010,529439.4838748833,180846.68153935,0.0,0.01651373649400515,0.0,0.15027114622343457,0.050103799516221736
1011,529444.2067629548,180841.9186595006,0.0,0.016191702574721564,0.0,0.15190444271013218,0.04810768647732907
1012,529424.8687975506,180844.3162103751,0.0,0.016907032604667662,0.0,0.1543365346125187,0.050161860495473005
1013,529429.5320663467,180839.4521427276,0.0,0.016542681599909303,0.0,0.15254561792676577,0.051454985619793815
1014,529432.7482924055,180835.2488222223,0.0,0.01651221375271636,0.0,0.14822875149755385,0.052815985882204715
1015,529437.1477848248,180830.9759820815,0.0,0.015745256700159263,0.0,0.14646005774805582,0.05148331112635445
1016,529439.4318702971,180826.7489260006,0.0,0.015274358980111351,0.0,0.14448428995911877,0.04894573855738747
1017,529442.4667545239,180822.341679744,0.0,0.014930505439143819,0.0,0.1418789741699417,0.05000304649206953
1018,529445.8668956577,180818.2427072904,0.0,0.01476330058788884,0.0,0.13810699910203852,0.04870582189308081
1019,529451.3101363605,180834.02740893097,0.0,0.016235853036969953,0.0,0.14975584345407816,0.05212996345953867
1020,529455.4395166186,180828.1532007536,0.0,0.01547563869626803,0.0,0.14213388027361723,0.04891240221261456
1021,529449.473765846,180813.35175071127,0.0,0.01515812278219065,0.0,0.1393672833901425,0.05082380831751762
1022,529461.7502808648,180819.6438360076,0.0,0.014604433018288326,0.0,0.14069661323112959,0.04557415737119829
1023,529464.6963755798,180823.60548321207,0.0,0.015042676921950951,0.0,0.1447482064100867,0.04946955215525862
1024,529469.2658065455,180827.30951557844,0.0,0.014772684889553871,0.0,0.13898199067837852,0.04709251348672348
1025,529473.1072693863,180830.29741215945,0.0,0.01489740580484329,0.0,0.14295872172817609,0.049213832824176997
1026,529477.0831631481,180832.8901106573,0.0,0.015259431259538004,0.0,0.14248335673771934,0.05070900290445283
1027,529479.9470142992,180808.34792059017,0.0,0.013664690102809489,0.0,0.13463917556418953,0.045354766886159185
1028,529484.1461245468,180811.94287537123,0.0,0.014383147082409705,0.0,0.13950788084525692,0.0494602625477956
1029,529488.1664100908,180815.23430841288,0.0,0.014040693197252966,0.0,0.13441012095128574,0.047772731958759904
1030,529492.2830656345,180819.6244215548,0.0,0.014253258256825949,0.0,0.135706378695682,0.046920882567011206
1031,529495.9304786364,180822.90636102587,0.0,0.014221226990856395,0.0,0.13707507654307483,0.046763403433970646
1032,529501.3546715851,180827.2301408765,0.0,0.014246905642796273,0.0,0.13558505053078937,0.046972601990100754
1033,529507.0375799721,180831.1618933819,0.0,0.01375378320362059,0.0,0.13417339518000196,0.045888910381087805
1034,529491.8795131829,180845.2258566327,0.0,0.01527678908934506,0.0,0.14630214869784983,0.04875977944578497
1035,529485.6562424392,180852.74084940183,0.0,0.016416609585736538,0.0,0.15235616478773498,0.05192439650500501
1036,529482.6809418891,180857.24924540392,0.0,0.01706340626358245,0.0,0.15267612263972508,0.05081426800349461
1037,529480.1888553853,180859.87648036616,0.0,0.016782755044282508,0.0,0.15386232272686068,0.051390205972609286
1038,529478.1685436113,180863.51230019864,0.1111111111111111,0.01677366202756142,0.0,0.1523636726282836,0.05063585738100285
1039,529473.540958618,180837.6830392247,0.0,0.015700952128024144,0.0,0.1438863549805751,0.049710670474107994
1040,529469.7260995401,180840.9741773032,0.0,0.01584431830759511,0.0,0.1498861901285992,0.05073684664443449
1041,529465.5574010087,180845.95046448207,0.0,0.0164862399370671,0.0,0.15238239906335713,0.04994593348162289
1042,529462.1572604778,180850.0494238725,0.0,0.01725901350333238,0.0,0.15608497787892261,0.055656301617304296
1043,529457.8275151035,180854.02504991152,0.0,0.016435659885397004,0.0,0.1538051089087267,0.048552562498527324
1044,529472.4272672182,180866.75435850056,0.0555555555555555,0.017608609992541522,0.0,0.15911861319238974,0.05393835817276872
1045,529467.5191990964,180873.90425056047,0.0555555555555555,0.018398692894398723,0.0,0.16535367328242973,0.05412196306465407
1046,529454.1382259016,180859.71115241235,0.2222222222222222,0.017231753472752485,0.0,0.15654951386509725,0.05206524550029913
1047,529449.8401979648,180864.88347009607,0.0,0.018300115355625306,0.0,0.16097262759564124,0.05411614563887303
1048,529445.0602544656,180869.44557815263,0.0,0.018765611300611853,0.0,0.16298233173865412,0.054976350782340845
1049,529439.8820974646,180874.99411293032,0.0,0.019514624427064836,0.0,0.1708977741401121,0.054526451433220165
1050,529452.1419464299,180894.14144072548,0.0555555555555555,0.02056652365934436,0.0,0.17696637754391065,0.056843088383355236
1051,529449.0271929839,180899.2442412548,0.0,0.0217300233755491,0.0,0.17993238532564607,0.061053423658264924
1052,529435.4851772741,180884.05052461528,0.0,0.020330018646975565,0.0,0.1739757240125267,0.056064454802365334
1053,529445.9872710921,180903.8506671364,0.1111111111111111,0.021370101070222244,0.0,0.17749705697578042,0.057675762577322855
1054,529442.2980278793,180909.53677784908,0.0555555555555555,0.022443534092335352,0.0,0.18670156882630645,0.06190372138371975
1055,529440.5060386957,180913.97567793727,0.0555555555555555,0.023223361020146136,0.0,0.1893662991310652,0.06115155662443343
1056,529437.100887944,180918.27383715488,0.0,0.02449260741432037,0.0,0.19481941373858905,0.06439646145050944
1057,529434.6151951419,180923.09369737632,0.0,0.02492052915025828,0.0,0.19746555227536686,0.06374790991128074
1058,529431.7642624978,180927.60528755185,0.0,0.026032198137837848,0.0,0.20220112341679122,0.06502838465565372
1059,529432.4972571995,180889.0569084736,0.0,0.020554717991049014,0.0,0.1757005468101356,0.05592691721561216
1060,529429.7388874737,180892.37498020445,0.0,0.02206360815450574,0.0,0.1802180350224948,0.06201090039249606
1061,529427.0046203921,180897.18851377448,0.0,0.021858149402794916,0.0,0.18571207721940208,0.058295803374393385
1062,529423.944428474,180902.59168738697,0.0555555555555555,0.022650372354989616,0.0,0.1826562629637298,0.06100330082197527
1063,529420.583674878,180907.58858301345,0.0,0.023038967626570445,0.0,0.1880877582949924,0.061670499601452496
1064,529419.1721671681,180911.73820954852,0.0555555555555555,0.024061971651873848,0.0,0.1958907277944498,0.06420150588060425
1065,529415.5945644432,180917.9254633457,0.0555555555555555,0.024683762749765695,0.0,0.19728538569356344,0.06295676387857707
1066,529412.0740403641,180924.31348566545,0.0,0.026280819309225992,0.0,0.20159907540020583,0.06563864484419968
1067,529409.6251573715,180930.13085872243,0.0,0.027567523960470606,0.0,0.21044940274852925,0.06899171708851944
1068,529406.3722221977,180933.3366922264,0.1111111111111111,0.028155706949847734,0.0,0.21388937606288472,0.06912826665313294
1069,529441.9669354652,180968.9235978896,0.1111111111111111,0.031885895257980315,0.0,0.23273578238018022,0.07506365939601714
1070,529434.5124695479,180953.98458319888,0.2222222222222222,0.030965285347294678,0.0,0.22381474705379276,0.07403373652217307
1071,529439.609382743,180946.73981665808,0.1111111111111111,0.028678353080632213,0.0,0.21561380990022094,0.06892002684416464
1072,529441.8858151074,180942.81153736968,0.1111111111111111,0.02756786996627764,0.0,0.21093345251686052,0.06759633863510138
1073,529444.4678880731,180939.0903565875,0.2222222222222222,0.026979273177642375,0.0,0.20862541510758514,0.06651847856114974
1074,529447.9021978816,180936.08847925515,0.0555555555555555,0.026287768356549474,0.0,0.20715790888690389,0.06750713351662586
1075,529445.0613505425,180964.6175282201,0.0,0.03085630109861696,0.0,0.22600096273505255,0.0709707209999198
1076,529448.1608440911,180960.11227665312,0.0555555555555555,0.03003476430425175,0.0,0.2232970577109253,0.07269495328826907
1077,529452.5957640067,180954.4451645966,0.0,0.028225364283185686,0.0,0.21662487692707577,0.0667698345154072
1078,529455.9539852277,180949.54788166995,0.0,0.027586989068171263,0.0,0.21151397336676975,0.0680883016271847
1079,529458.4713867954,180945.92471681524,0.0,0.026858700131943348,0.0,0.20780380303562235,0.06834195869662436
1080,529461.4161753763,180942.61140951017,0.0,0.026313523429407615,0.0,0.20513999671841585,0.06646550475381767
1081,529463.8942748605,180938.0903375857,0.0,0.02507122023837365,0.0,0.1988769435579353,0.06366856681745245
1082,529450.9966362418,180931.78241300065,0.0,0.025706406233926702,0.0,0.20357435217822334,0.06729011773224161
1083,529454.9788286001,180926.80136594805,0.0555555555555555,0.024216607530230576,0.0,0.19807592610303107,0.06430205023084772
1084,529457.8690933493,180923.18769808207,0.0,0.023696850442091785,0.0,0.19237289987693507,0.0637963903478948
1085,529460.8316520905,180919.17724736,0.0555555555555555,0.023067562319951402,0.0,0.1876451673756591,0.06074968866901437
1086,529464.1797545672,180914.67833702912,0.0555555555555555,0.022478156964756697,0.0,0.18570169549104354,0.06041148421469176
1087,529467.7320494289,180909.4870350081,0.0,0.02187390935322099,0.0,0.18175363852410087,0.05992386259819253
1088,529470.7567659477,180905.4781729404,0.0,0.02077074581959005,0.0,0.17820766315678926,0.056587174054159244
1089,529474.1923998459,180899.984933594,0.0555555555555555,0.020616025020531174,0.0,0.17351661622165968,0.059008657118565816
1090,529478.2139459965,180895.90181397845,0.0555555555555555,0.01923664607845039,0.0,0.17024998486103252,0.05612234751504765
1091,529467.289288651,180934.1905634729,0.1111111111111111,0.024524392687015152,0.0,0.19374931183969196,0.06498431986569395
1092,529470.4966293919,180927.894254787,0.0,0.023117236889929383,0.0,0.1878150417805271,0.06270023807415188
1093,529474.1795314924,180924.8987272232,0.0,0.022912170834884706,0.0,0.18804375028839865,0.06179237788172867
1094,529476.8706982315,180921.77827983967,0.0,0.02192602816455261,0.0,0.18290092846681044,0.0589224828191547
1095,529480.5016153149,180918.38280619707,0.1666666666666666,0.021800048830231383,0.0,0.17881614673925258,0.06033151648310458
1096,529482.1275100957,180913.1424352149,0.0,0.021221726114634076,0.0,0.1804493210167938,0.05888267927015219
1097,529484.0628287194,180910.4013603604,0.0,0.020268856997720668,0.0,0.1739656928235141,0.055944965632833875
1098,529488.2811486379,180886.3919630708,0.0,0.01829967463141703,0.0,0.16270327361318596,0.053183199550806644
1099,529497.6901930829,180875.86879578067,0.0,0.01734136759952286,0.0,0.15800419727608928,0.05058133873280512
1100,529501.8905923747,180872.08922017185,0.0,0.017140164273538414,0.0,0.15268204261861304,0.05186969125070468
1101,529508.3570952005,180884.31243342304,0.0,0.017379827347419056,0.0,0.15686734537528735,0.05232437129737941
1102,529512.8644392388,180878.24858864263,0.0,0.016564440183423058,0.0,0.15251980819966204,0.05057119096799644
1103,529515.873981632,180874.83730378468,0.0,0.016222551391354798,0.0,0.14772635360471714,0.04941914638771503
1104,529495.6283555296,180849.40728949744,0.0,0.01589844984293776,0.0,0.1448354745891383,0.049753106565312635
1105,529500.844548654,180852.1312665004,0.0,0.01595189114116784,0.0,0.146341469529234,0.05226894901968611
1106,529504.3055022815,180855.40846229464,0.0,0.015539237870272591,0.0,0.14308941081292642,0.0486086555059768
1107,529508.0150237536,180858.69199462252,0.0,0.015787031264712342,0.0,0.14858469811471672,0.05113801634680998
1108,529510.8393106486,180862.55091086007,0.2222222222222222,0.016034267721424723,0.0,0.1476452751345839,0.054679218455966766
1109,529512.0115239938,180836.07215143327,0.0,0.014308262240828339,0.0,0.13777939459287714,0.04777690619876941
1110,529515.3748081792,180840.74205674225,0.0,0.014714962289033646,0.0,0.13842569428594978,0.04987154091171617
1111,529519.695614839,180844.43980096345,0.0,0.014279029354473784,0.0,0.137192323535502,0.04585915600115656
1112,529523.2681584718,180848.21813625167,0.0,0.015067751246065759,0.0,0.14128222818966016,0.04958356786211607
1113,529526.5249045533,180852.1877390656,0.0,0.014618709948614014,0.0,0.1376820858625961,0.047081162132697085
1114,529540.1133337384,180855.44528987852,0.0,0.014572910117103528,0.0,0.13923709192590272,0.05056805215614383
1115,529544.4010975092,180850.8873651657,0.0,0.013812001723994041,0.0,0.1323123414737496,0.04513968776074243
1116,529547.505782262,180846.4254283836,0.0,0.013837374305898088,0.0,0.1324487466478844,0.04626293922957409
1117,529551.5865046683,180840.7269635432,0.0,0.013690518716589,0.0,0.1323866343225152,0.048019918007216576
1118,529547.8369981315,180821.0795470292,0.0555555555555555,0.01314496540000509,0.0,0.12980760632700056,0.04661692272823321
1119,529549.9214275894,180859.7317994876,0.0555555555555555,0.01446229006254534,0.0,0.13719479154757447,0.04966268619398924
1120,529553.5283804431,180863.3556885352,0.0,0.014004571402993417,0.0,0.13803255146281634,0.04393071250041644
1121,529557.5174423482,180864.34036140857,0.0,0.01406272087481142,0.0,0.13552239955994683,0.04656564728065991
1122,529562.3737191112,180849.83180997905,0.0,0.013456238753578762,0.0,0.13188396562643262,0.04466336587377557
1123,529558.5340008319,180846.07584034925,0.0,0.01362803464944097,0.0,0.13360611643215764,0.04538451343386854
1124,529555.0877067938,180836.14899739012,0.0,0.013275803980822584,0.0,0.1272181002635658,0.04721697941230067
1125,529558.5760612431,180832.0752696173,0.0555555555555555,0.012965949473728054,0.0,0.12563552678811504,0.04640367915841217
1126,529562.764387322,180825.2442875292,0.0,0.012716709824779111,0.0,0.1262656687248498,0.046245593471901054
1127,529571.4445367948,180808.94111028776,0.0,0.012151243244957985,0.0,0.11958160122968886,0.04393168603161744
1128,529572.8059186095,180804.93930760276,0.1111111111111111,0.011854146220215536,0.0,0.11929900022623104,0.045376108679447906
1129,529573.8125732341,180799.41477044352,0.0,0.011855192957771241,0.0,0.11767079746429006,0.04475914575663498
1130,529563.5137193449,180771.1489337684,0.0,0.011263836064956423,0.0,0.11469265362645836,0.04383457070766054
1131,529571.819477896,180772.62208114448,0.0,0.010548101934478183,0.0,0.11190631330203986,0.0383291208856922
1132,529573.611200696,180764.0901761662,0.0,0.010503235440469372,0.0,0.1101715965352432,0.03972006252979174
1133,529575.9985392692,180753.80748358247,0.0,0.010480620711275151,0.0,0.11048984641176114,0.03929933546889361
1134,529591.1395895383,180758.8607334432,0.0,0.010122624600428754,0.0,0.10854847728026677,0.037695814868151135
1135,529592.523497304,180753.97652293532,0.0,0.009918806180448545,0.0,0.10212055527891035,0.0400458513120074
1136,529592.74036812,180748.55799209516,0.0,0.009768842207114492,0.0,0.10356387556067392,0.038596590740435845
1137,529595.0313230872,180742.05707755795,0.0,0.009389132743893656,0.0,0.10494637032083831,0.03683940882010274
1138,529576.3168614528,180735.14674219297,0.0,0.009979020905156536,0.0,0.10206932575534004,0.04251211900193591
1139,529572.3902910639,180734.79435656985,0.0,0.009935058656735116,0.0,0.10383159203518465,0.043499369207017254
1140,529565.9466013974,180734.37780624628,0.0,0.010394047376107707,0.0,0.10681651996763773,0.04158584979344865
1141,529561.5079712877,180732.49868465247,0.0,0.009775831715996525,0.0,0.10247823638268772,0.03841988744749231
1142,529556.3003453012,180732.99664215933,0.0,0.010326724894084417,0.0,0.10593207323264268,0.043531052050682986
1143,529550.8985116638,180731.8498230872,0.0,0.010432239041223172,0.0,0.10613552613148182,0.04319192852695229
1144,529545.6572088697,180730.5809606156,0.0,0.010405056630481605,0.0,0.10758807676821498,0.042250146887297994
1145,529569.0861295054,180753.25283760947,0.0,0.010772204816996277,0.0,0.10976417168941417,0.04308437090756878
1146,529539.9375176805,180729.55219266005,0.0,0.010695670326046102,0.0,0.10975338005100478,0.04281201333349679
1147,529534.2113989537,180728.77554917856,0.0,0.010029308652866005,0.0,0.10538763498928891,0.039840717387731116
1148,529526.3518196475,180728.3229643302,0.0,0.010462177702638666,0.0,0.10775655715044796,0.04106166605382058
1149,529517.4857203619,180727.21403844608,0.0,0.010665939661016456,0.0,0.10962287941052651,0.04287827446673117
1150,529512.8704742579,180726.08730482147,0.0,0.010971902645966411,0.0,0.11160228559861354,0.04493226947700486
1151,529508.0031855524,180725.5848574669,0.0,0.010689907112584881,0.0,0.11181410623635438,0.04164490186676528
1152,529621.6791308977,180653.93337879088,0.0,0.007934903122424805,0.0,0.08487780250752334,0.03844965618355131
1153,529615.6496397147,180649.61696349445,0.0,0.007940758639972952,0.0,0.09008108568680992,0.033942854781846964
1154,529611.2574657237,180649.0003951488,0.0,0.008269878143813747,0.0,0.08942822740479099,0.03778175039185577
1155,529607.6118162876,180646.88917557496,0.0,0.00813770861820654,0.0,0.08863262783501534,0.039123768868938855
1156,529598.6997005724,180678.4494407142,0.0,0.00820626638765286,0.0,0.09163085935915413,0.03567852893470023
1157,529602.2795266389,180680.05441262064,0.0,0.008403154354894872,0.0,0.09126559647580315,0.03721362997028727
1158,529605.8128343808,180680.39679153,0.0,0.008521453412188096,0.0,0.09235162086113967,0.03840384311855398
1159,529619.7051548461,180685.03985296388,0.0,0.008632783648656566,0.0,0.09372324578768412,0.03873803625383439
1160,529624.8035304258,180688.8279645744,0.0,0.008495047416961162,0.0,0.09211914068206874,0.039211236765879856
1161,529601.6997891652,180687.3558042934,0.0,0.008634641379497139,0.0,0.09624440169458073,0.03620274238574819
1162,529598.7008602154,180693.838664324,0.0,0.009011642190193963,0.0,0.09593903336730611,0.04061953779296071
1163,529596.3922931773,180697.9424509121,0.0,0.008659662143793902,0.0,0.09457576093947398,0.03569472899380491
1164,529594.3823005515,180702.6845560228,0.0,0.008750816304063968,0.0,0.09656277398819244,0.0356915423279378
1165,529592.5825792479,180708.4411506267,0.0,0.009536766680629399,0.0,0.0972346658982592,0.043019800112211876
1166,529579.2934022233,180723.3653811147,0.0,0.009536080725069,0.0,0.10036502400541128,0.036665391680438794
1167,529575.0521822227,180723.0049718852,0.0,0.010041631015862062,0.0,0.10403677563243768,0.043530761751246226
1168,529570.3887383491,180723.76907064265,0.0555555555555555,0.009835016185016095,0.0,0.10296544446543945,0.04155131322370373
1169,529565.5407318587,180722.51021418328,0.0,0.009594627253998603,0.0,0.1010077848090098,0.03969846478285344
1170,529585.5236231561,180722.89351868856,0.0,0.00964314923689154,0.0,0.10291655742420264,0.03989227726912908
1171,529584.926316458,180727.7977860028,0.0,0.010059006907803392,0.0,0.10380877210041445,0.04219282941135274
1172,529583.0142883501,180731.78554705484,0.0,0.009684416729434623,0.0,0.10321806049562499,0.03727664290900933
1173,529679.353831164,180762.75057184795,0.0,0.008763909095128886,0.0,0.09535037448010757,0.036774604892045766
1174,529676.5636191873,180767.22045794327,0.0,0.0093563370446035,0.0,0.09915266524266023,0.042336824163680585
1175,529674.3208115478,180771.83045284,0.0,0.009214381936622142,0.0,0.09648613864255058,0.03939162243230077
1176,529672.0490618495,180777.5749794538,0.0,0.009156800715234632,0.0,0.09864614402080311,0.039664510519768104
1177,529654.1857363735,180768.1632426,0.0,0.00995363857725643,0.0,0.1023124522740659,0.043693584599195444
1178,529650.2525145896,180774.24381720508,0.0,0.009243051051132717,0.0,0.09983376267035811,0.036655113860230785
1179,529647.6500782685,180780.6106230409,0.0,0.009540539117479943,0.0,0.10150620687309238,0.040573303970312904
1180,529667.7818910824,180784.40386712368,0.0,0.009626167311167728,0.0,0.1018895620614119,0.04082806731979056
1181,529666.1426426289,180790.03839185048,0.0555555555555555,0.0095039651186783,0.0,0.10021685574028354,0.03971880837766735
1182,529645.9079583929,180830.3918828636,0.0,0.01047966946008523,0.0,0.11061096029998004,0.03850174816639442
1183,529653.0416345857,180834.61037226688,0.0,0.010434547916296623,0.0,0.11075779682504616,0.038947676709249125
1184,529647.1622757689,180855.27365996287,0.0,0.010991896754090347,0.0,0.11302409434333119,0.04025186055273901
1185,529625.4426151979,180821.16614889272,0.0,0.011235440740122529,0.0,0.11461653133351941,0.0420791665492113
1186,529620.9410642976,180831.01647821628,0.0,0.011323548663094781,0.0,0.11558551259439695,0.0428358544364354
1187,529619.3243846425,180835.7686043868,0.0,0.01123831717060882,0.0,0.11370453152097902,0.03973105911135434
1188,529612.5754184539,180847.32759719767,0.0555555555555555,0.011696143114462217,0.0,0.11819593395124928,0.043764580823907634
1189,529611.0935637617,180852.966150838,0.0,0.011803666146175076,0.0,0.11879413886881687,0.044552850319640055
1190,529602.0552226084,180874.05348693367,0.0,0.01238327506409401,0.0,0.12441886888372858,0.04128266402412758
1191,529599.6149294348,180883.32569110667,0.0,0.013099410206589395,0.0,0.12879337671023183,0.04613912638431244
1192,529598.3000557082,180888.5900829108,0.0,0.013862314853222263,0.0,0.1297814425438251,0.049233750160243395
1193,529613.9445555732,180898.57575628883,0.0,0.012731630795747146,0.0,0.12630383044627558,0.04373780721419182
1194,529608.4880512387,180905.7527790948,0.0,0.013767098802408659,0.0,0.1352743206936631,0.04800840487279011
1195,529600.1651382294,180895.70153769257,0.0,0.013460070366467649,0.0,0.1291802219251334,0.048465200395215485
1196,529595.4004952043,180903.52692151823,0.0,0.013977024987853283,0.0,0.13431689539778133,0.04691603386936151
1197,529591.9091296368,180901.54578009687,0.0,0.014255733574928944,0.0,0.1347187377945791,0.04728398912573382
1198,529595.4330240216,180889.9045253719,0.0,0.013424913820226952,0.0,0.13171159987411615,0.04664369618723049
1199,529589.1578208806,180898.32210154785,0.0,0.014033007133454739,0.0,0.13456640230204017,0.046324319256433405
1200,529585.7082338105,180894.70219735225,0.0,0.01402533844902484,0.0,0.13556614782702436,0.04590938354468809
1201,529582.0162409436,180891.32839708476,0.0,0.014670101270734275,0.0,0.14031825224073863,0.05037586500206806
1202,529578.4397762778,180889.5973776896,0.0555555555555555,0.014337225540845662,0.0,0.1366238030568115,0.04754929451371638
1203,529576.123521608,180884.74496661543,0.0,0.014320369397960686,0.0,0.13683243376061158,0.047838549795664626
1204,529572.8938195597,180881.7613828044,0.0,0.013767732161781293,0.0,0.1348256849963342,0.04474411947815669
1205,529571.46359998,180879.20210075847,0.0,0.014223427737489974,0.0,0.1363805778819511,0.048919169485684734
1206,529575.7579684724,180868.21118179528,0.0,0.013621459620475703,0.0,0.13243513611404237,0.04471831710103845
1207,529578.5654629221,180872.31927108337,0.0,0.01361189374176092,0.0,0.13322877820874793,0.04581714837352786
1208,529581.382594864,180876.04918498683,0.0,0.013453205808803282,0.0,0.13151782171699863,0.046777622286312784
1209,529585.1757567428,180878.5425770144,0.0555555555555555,0.013513786466528111,0.0,0.13300296512559284,0.04439843546769922
1210,529588.2914397465,180882.91081221783,0.0,0.013672963691345389,0.0,0.13233444303592454,0.046485031874956506
1211,529591.1310585901,180885.75831870307,0.0,0.013225292846756408,0.0,0.12878669296491047,0.0445842584420252
1212,529535.2556940431,180860.74553875384,0.0,0.01473244996920615,0.0,0.14144511208015195,0.04761506913884999
1213,529538.6892753018,180864.99570266675,0.0,0.015304256394841028,0.0,0.14276403996711584,0.05028926179083519
1214,529542.0474058888,180869.1178051124,0.0,0.015359352015999745,0.0,0.14253555189735406,0.05068559908506132
1215,529544.0218216648,180871.9432309884,0.0,0.015026298655032057,0.0,0.14252921333276644,0.04764552341013664
1216,529547.39922242,180875.30898302607,0.0,0.014997206180954225,0.0,0.14231205428766636,0.04745982029290304
1217,529550.48448083,180877.784304178,0.0,0.0149311299248426,0.0,0.14073456574991858,0.04932954804586814
1218,529552.8489634854,180880.74581777985,0.0555555555555555,0.014695265025706965,0.0,0.13967717657902956,0.048204330886980847
1219,529556.38688114,180883.98952711865,0.0,0.014498417025952925,0.0,0.1391061995277365,0.044428751484093504
1220,529559.5076260746,180878.8973025232,0.0,0.01419940064019029,0.0,0.1375646441059512,0.047186306782323294
1221,529561.9444837167,180875.93204144697,0.0,0.014274229174274388,0.0,0.1351208594532424,0.04868654352746339
1222,529565.461741671,180870.72378736947,0.0,0.01391756216075176,0.0,0.13302882646784392,0.04908644178152001
1223,529566.9322158444,180868.61687881427,0.0,0.01421608834173411,0.0,0.13398508519545357,0.04812587077107994
1224,529522.9767598056,180876.20020908304,0.0,0.016015106495062967,0.0,0.1478726583367819,0.05155794385965268
1225,529525.8950754119,180879.0496830193,0.0,0.016181259610828422,0.0,0.1483682489532775,0.04980920571461598
1226,529528.5469483668,180880.00025459315,0.0,0.015704327269505363,0.0,0.14662045306981733,0.04709696223872425
1227,529535.1283737335,180887.35802589485,0.0,0.015843144304288362,0.0,0.14457848253965697,0.048027011805179785
1228,529539.1543076618,180889.983456748,0.0,0.015893658844856936,0.0,0.14567588578346632,0.0497803845930981
1229,529542.2074294107,180893.71936325828,0.0,0.016249416061051666,0.0,0.1487817617679752,0.05125628829481575
1230,529548.0425795445,180897.76560309285,0.0555555555555555,0.015847463114200495,0.0,0.146478706055743,0.05078848407692678
1231,529552.3645000649,180901.41351171857,0.0,0.016091429740930155,0.0,0.14743672539698302,0.05073507441494791
1232,529556.6689708048,180905.74570348984,0.0,0.016002239046583853,0.0,0.14690129867182106,0.050813899593965796
1233,529559.8160154135,180907.99422128333,0.0,0.015712346581669805,0.0,0.14692309392007216,0.0510904703996898
1234,529567.0721861336,180885.92567238116,0.0,0.014891522991268351,0.0,0.13941338025201258,0.05094120661896358
1235,529564.4289412069,180889.053665678,0.0,0.014754291817344924,0.0,0.13788612273037673,0.051255736580592876
1236,529561.9991856283,180892.18710266656,0.0,0.015698217292889564,0.0,0.14471325610348743,0.05212152284379423
1237,529565.1375144935,180894.77776328992,0.0,0.014989244128244289,0.0,0.13976354753605053,0.04936482839332675
1238,529568.5633956124,180897.26163620173,0.1111111111111111,0.015362923670320588,0.0,0.14170170060112683,0.049855461485484795
1239,529571.4141626076,180899.95909053236,0.0,0.014409727069547299,0.0,0.1382838352316302,0.04559049821055246
1240,529574.1792263853,180903.2249649928,0.0,0.015461993177756022,0.0,0.14085748407974247,0.05249091491419907
1241,529565.9357905553,180913.74214664352,0.0,0.015495332230856394,0.0,0.14499948784032532,0.04809066577828714
1242,529556.0413992588,180913.60403175035,0.0,0.016059326626073008,0.0,0.14872161842672948,0.049513803269424554
1243,529561.9723296628,180921.1730693341,0.0,0.01596432749966371,0.0,0.1497829213553569,0.04725888269648138
1244,529558.9950337962,180926.2326002673,0.0,0.01655551306316635,0.0,0.1516735256437569,0.0496676044176579
1245,529553.2384080123,180917.41268192424,0.0,0.01633211943752472,0.0,0.15129968311485795,0.050358881638558985
1246,529551.1499444529,180921.12542673465,0.1111111111111111,0.0164532490073241,0.0,0.14974074872958743,0.05140087874698118
1247,529548.6287000274,180925.0553818383,0.0,0.016397944976486882,0.0,0.15038416413087743,0.05009431338256614
1248,529556.4375112059,180928.79217877268,0.0,0.016645725891330117,0.0,0.15290231471959104,0.05260137199535955
1249,529554.5305542229,180933.7648765492,0.0555555555555555,0.017612239102044815,0.0,0.15933339617318457,0.054300478547488415
1250,529546.2947805118,180930.01719894988,0.1111111111111111,0.01822004363535527,0.0,0.16082187744546939,0.056755660420695304
1251,529548.4351900985,180941.02734257944,0.0,0.017839695266175095,0.0,0.1577662674628735,0.05329999638725998
1252,529540.4422659717,180934.13289398915,0.6666666666666666,0.018224212488432326,0.0,0.16113219248308067,0.055964455864314304
1253,529539.0648250834,180921.9185657125,0.0555555555555555,0.01771361707738623,0.0,0.15970377229604338,0.05358696903106052
1254,529536.0027520547,180929.41869937605,0.0555555555555555,0.018362280790968674,0.0,0.1603412526345945,0.05621186802422153
1255,529532.2502996173,180927.56383785792,0.0555555555555555,0.018409249016683504,0.0,0.1630625137650922,0.0531317006724725
1256,529526.7671480832,180924.04097439395,0.0555555555555555,0.01839821219089084,0.0,0.16229048930993534,0.05343877652889278
1257,529521.5973982675,180921.47337668075,0.0555555555555555,0.018616547459110035,0.0,0.1639481679584098,0.05144871447801897
1258,529517.2645880248,180919.19776239124,0.0555555555555555,0.018976468850353423,0.0,0.16865797586139425,0.05445111763940136
1259,529535.6595845409,180952.82111804164,0.0555555555555555,0.019612022573783673,0.0,0.1702182125685217,0.05695875171903305
1260,529524.36103079,180942.24847882456,0.0,0.019838119411458327,0.0,0.1693319388756555,0.05713413951402727
1261,529520.6826280793,180940.80148671623,0.0,0.020227834893064848,0.0,0.17076369853850643,0.05891846332016496
1262,529517.352096274,180938.95738872784,0.1111111111111111,0.019718341177206146,0.0,0.17096058455972984,0.055410622032312576
1263,529528.7240240666,180893.64280404503,0.0,0.01693856723696538,0.0,0.15411397704109678,0.05217150652470031
1264,529527.2033270862,180896.98716325505,0.0555555555555555,0.0172195280817214,0.0,0.15248930926805976,0.053935663242840555
1265,529516.8517552976,180889.00985021912,0.0555555555555555,0.017262855082986257,0.0,0.15607734427758016,0.05315403574800481
1266,529486.5728905308,180930.7302395824,0.0,0.02214678276975429,0.0,0.18328481821811274,0.06015198246902445
1267,529525.9260394248,180963.6696587969,0.0555555555555555,0.020958095227139303,0.0,0.18072180971865726,0.05652769647149433
1268,529521.2539550482,180964.76850865383,0.0555555555555555,0.021260571614887026,0.0,0.1768697602082926,0.060452148436649616
1269,529514.6756351104,180957.83463011807,0.1111111111111111,0.021187037130136956,0.0,0.18142180799900823,0.05925848787612604
1270,529507.7752235256,180953.5990457117,0.0,0.02192248833000571,0.0,0.18272756242921762,0.05875393860232994
1271,529504.1485163724,180950.12351339275,0.2777777777777778,0.02236095232298088,0.0,0.18296972961506,0.061431172424707296
1272,529516.9846663749,180976.56827445043,0.0555555555555555,0.02199361640820262,0.0,0.1820771316246625,0.05944478134986767
1273,529513.8436015089,180973.91705839147,0.0555555555555555,0.02196833090962056,0.0,0.1821988780026177,0.06170983489154033
1274,529508.0229586327,180970.3856127065,0.0555555555555555,0.02338692424831457,0.0,0.18979209448048928,0.061136263099981235
1275,529503.3165165134,180966.20594270312,0.0555555555555555,0.023257333336872094,0.0,0.19151704553773075,0.06158440850231694
1276,529500.3975730597,180964.77831722045,0.0555555555555555,0.023932322353304458,0.0,0.1917543859784868,0.062210428013929286
1277,529498.083092802,180962.82479718467,0.0555555555555555,0.024025431721080702,0.0,0.19262579442517366,0.06445207882297632
1278,529496.8449148838,180961.7106506345,0.0555555555555555,0.023882380375211874,0.0,0.1923597202866109,0.061243943096182564
1279,529487.6575725905,180954.43968092956,0.1111111111111111,0.023834932221218116,0.0,0.19591142230810052,0.0612456123064548
1280,529481.5853681758,180960.78055357467,0.1111111111111111,0.025467675730892057,0.0,0.20202462216374698,0.06451867338933577
1281,529477.2817749052,180967.30181565217,0.0,0.02708415946355767,0.0,0.20726674871166467,0.06804944602041862
1282,529474.5659895868,180971.15704024848,0.0,0.027784336631507565,0.0,0.2138338763632536,0.06735470365786907
1283,529472.2101074159,180977.4572776412,0.0555555555555555,0.02820038679488079,0.0,0.21435031284863848,0.06828330739532608
1284,529468.447286841,180982.63907708417,0.1666666666666666,0.029838221382329333,0.0,0.22136914208440786,0.07125741905287095
1285,529462.4354869658,180976.66697219567,0.1666666666666666,0.03079860078341886,0.0,0.22218251774170572,0.07235032861748264
1286,529457.004161434,180976.0776605928,0.2777777777777778,0.03145861367502486,0.0,0.2281659709852707,0.07413501590547768
1287,529453.2041474902,180973.03727553,0.1111111111111111,0.03145752052777547,0.0,0.2291708078415375,0.07434859237016929
1288,529445.165092176,180984.4465451745,0.2222222222222222,0.03489459182351258,0.0,0.2415626320326607,0.07703833037056641
1289,529449.3928452882,180986.3762951066,0.1111111111111111,0.034019332755655565,0.0,0.2417047904743043,0.077645132151746
1290,529452.6445341288,180988.36795122703,0.0555555555555555,0.033958762495885954,0.0,0.24036739541248864,0.07453494171783136
1291,529456.27714944,180990.28254778625,0.0,0.034422488711388415,0.0,0.24068925978613473,0.07810209717771435
1292,529462.5635081579,180993.6095953525,0.1666666666666666,0.03238270934335073,0.0,0.23386510047081188,0.07383382654462253
1293,529460.6187064139,180997.57061837384,0.0555555555555555,0.033278801744960014,0.0,0.23756225802467418,0.07532777306650933
1294,529457.8103075144,181001.82626691784,0.1666666666666666,0.03489602776669489,0.0,0.24369863405776282,0.07861976387636996
1295,529456.4000579633,181005.4842846052,0.0555555555555555,0.03625966853868056,0.0,0.24785999166593414,0.08053271675392924
1296,529447.187714438,181025.064623388,0.2777777777777778,0.039516868789119745,0.0,0.2643141673808223,0.08469412935697819
1297,529442.2369660209,181023.8497926002,0.1111111111111111,0.04225600957761849,0.0,0.27213496741607474,0.08925594514060736
1298,529438.3222447081,181020.48389131203,0.1666666666666666,0.04356611607966021,0.0,0.27909707077781853,0.08913811937810137
1299,529431.4533804453,181017.52663643623,0.1111111111111111,0.04553852585171576,0.0,0.2847307353962104,0.09163904006457797
1300,529425.3511371512,181014.10503410976,0.3333333333333333,0.04914893996198955,0.0,0.2962286117857457,0.09690016207588587
1301,529429.9370441651,181050.39189364103,0.2777777777777778,0.04300743456416368,0.0,0.2737879534845257,0.08991475317037377
1302,529435.0586391028,181053.78852726024,0.0555555555555555,0.03933843178835773,0.0,0.2643502524653789,0.08451116852987875
1303,529439.8369439006,181055.845751108,0.1666666666666666,0.03893087845057901,0.0,0.26128689674286737,0.0831791522500847
1304,529446.1782795168,181058.86460116296,0.3888888888888889,0.036307740903965595,0.0,0.24783307226984078,0.08123156944802296
1305,529451.1012659294,181062.4090185915,0.0,0.03377000143814558,0.0,0.2377954302629752,0.07525561488903929
1306,529454.5710674269,181064.377864808,0.0555555555555555,0.033172519738869526,0.0,0.2349392996965001,0.07663088193289976
1307,529460.5556506484,181068.12028516544,0.0555555555555555,0.031598106467320954,0.0,0.22868249120532075,0.07217353081825935
1308,529466.6337643671,181072.3779487432,0.2222222222222222,0.030095320206719893,0.0,0.22193757385384005,0.07165532904891628
1309,529472.5204385489,181075.7759876559,0.1111111111111111,0.028620827550153178,0.0,0.216580376115662,0.07102428894824606
1310,529477.7936461425,181078.13269773085,0.2777777777777778,0.027324069182669726,0.0,0.21072177835101327,0.06647644545196851
1311,529483.4540565964,181082.03783835995,0.0,0.02645826777967449,0.0,0.2060995589916345,0.06686629417572344
1312,529488.94479723,181084.2291519682,0.0,0.02485552660653509,0.0,0.19849219388600162,0.06428944130156632
1313,529506.365839928,181094.8178471158,0.1111111111111111,0.02265777294485821,0.0,0.18427918500130738,0.06028028565303239
1314,529486.2125718802,181089.6599976476,0.0,0.02464178474853648,0.0,0.19794230896904996,0.0626876042003897
1315,529483.6042150753,181093.4637997832,0.2777777777777778,0.02582289099530985,0.0,0.20173486872506471,0.06708959180005789
1316,529496.9923054809,181106.34458039672,0.0555555555555555,0.02278865284504549,0.0,0.1857045356785174,0.06093720423277365
1317,529495.0458117953,181114.4999352495,0.1111111111111111,0.02178603671091146,0.0,0.17919539560001904,0.05876150997208312
1318,529480.9367352545,181099.5882533892,0.0,0.024224769181979147,0.0,0.1942121407598629,0.06228185065043352
1319,529479.5990558396,181102.80519071367,0.1666666666666666,0.024523510989957243,0.0,0.19450592856363616,0.06403462210819286
1320,529475.73379909,181110.44723388925,0.0,0.02416331860820701,0.0,0.19370009876788458,0.06362229585142028
1321,529490.9658476241,181119.19509776763,0.0,0.022070712301280472,0.0,0.18259610875416557,0.05999867806855901
1322,529488.8283273207,181123.4753255856,0.0555555555555555,0.02176929710750886,0.0,0.18357687230071554,0.06041058240135774
1323,529485.1069038227,181129.26330128475,0.0,0.02140192717217493,0.0,0.17962628777907955,0.05809467851704372
1324,529471.7483735005,181119.0150807115,0.0555555555555555,0.024091444399249373,0.0,0.1929021091834932,0.06378350265524176
1325,529468.0190841904,181125.1124886723,0.0,0.02334997200612105,0.0,0.1903149353172099,0.06117042827930898
1326,529482.7566221243,181134.31216254592,0.0,0.02061902689307084,0.0,0.17695236390054012,0.055621926643583716
1327,529480.3216400328,181138.89443532427,0.0,0.02087798110214272,0.0,0.17514553780832182,0.057346699047247054
1328,529465.3792269736,181130.15398001336,0.0,0.023266940987225194,0.0,0.1872122865320999,0.06196965102767332
1329,529435.6460161374,181080.16688872027,0.1111111111111111,0.03384909919493643,0.0,0.23926610120361344,0.07626121888313976
1330,529441.9894999616,181081.4121305683,0.4444444444444444,0.03357206901178695,0.0,0.23527939950346954,0.07878617970931408
1331,529444.7278125904,181087.6742938457,0.0555555555555555,0.030975534697959422,0.0,0.224574170113415,0.07190233463727154
1332,529451.0673443109,181089.07425725504,0.2222222222222222,0.030562345693714608,0.0,0.22406060379495027,0.07408482749364319
1333,529455.6949052665,181093.2172058994,0.0,0.02877719547367451,0.0,0.2152968836430335,0.07068362502936716
1334,529460.1688080969,181095.8081405835,0.1666666666666666,0.02747354050334245,0.0,0.20946149680347262,0.06751380922852955
1335,529465.101713594,181099.33963520423,0.0,0.027109342012445185,0.0,0.206099553659139,0.06838130857547588
1336,529425.8864951696,181099.2696246232,0.0,0.030577144853647407,0.0,0.2291293615784272,0.07537499330998018
1337,529428.9321438178,181101.0501053636,0.0,0.03036010584810559,0.0,0.22534973395511357,0.07148882180010158
1338,529433.8493029792,181105.20040951413,0.0555555555555555,0.029217511996701584,0.0,0.21911561486746123,0.06986307531811131
1339,529439.7908700078,181107.05465498503,0.0,0.027589562897792894,0.0,0.21194809817693244,0.06737560118561776
1340,529445.1552019172,181112.60965408027,0.0555555555555555,0.02659757245761589,0.0,0.20570873152652466,0.06420273444210614
1341,529451.1243428064,181113.38094283867,0.0555555555555555,0.02657502211483824,0.0,0.20845349159993373,0.06647941446515601
1342,529456.7447740394,181116.4655119204,0.1111111111111111,0.025003052279882997,0.0,0.19863720338838692,0.06444384849049947
1343,529419.3854442205,181119.38422012425,0.0,0.027669914198701,0.0,0.2103735912815323,0.0686821330656875
1344,529415.1538681305,181126.24292455672,0.0,0.026195051107889913,0.0,0.2034683624645055,0.0662772410948211
1345,529413.4675491863,181131.7731545208,0.0,0.025356250821953696,0.0,0.19896877822906506,0.06485025649811695
1346,529421.572157318,181139.7200679788,0.1111111111111111,0.024463147405857918,0.0,0.195609023998252,0.0646144251927189
1347,529425.2087835884,181141.0511669872,0.0555555555555555,0.02328201356746723,0.0,0.19263657473225396,0.061273872252432485
1348,529427.9766367187,181142.36014228224,0.0555555555555555,0.02360568897953127,0.0,0.19243862794495775,0.06286900059210329
1349,529436.1875982082,181146.12990870568,0.0555555555555555,0.022331777618346222,0.0,0.18328963612413304,0.05942229027816955
1350,529475.9166423723,181144.9746213353,0.0555555555555555,0.019943404196389,0.0,0.17317193376475748,0.05715809261525826
1351,529474.1297897019,181150.65708289263,0.0555555555555555,0.020221344206144666,0.0,0.17288720646545014,0.057588170851044285
1352,529470.8024038562,181156.14548610456,0.0,0.01980389431407056,0.0,0.17201556959869654,0.05781311222146766
1353,529468.9466207636,181160.74251994083,0.0555555555555555,0.019684416611639437,0.0,0.1687299593434864,0.055741415835387394
1354,529466.5116624432,181165.32479911097,0.0,0.0194122710469782,0.0,0.1665605056425724,0.056643691966886865
1355,529461.6972477025,181134.39487219576,0.1111111111111111,0.022837889506261855,0.0,0.1879855486047906,0.06115345319646089
1356,529460.3241174689,181139.00420463568,0.0555555555555555,0.02205473441856305,0.0,0.1836747972760594,0.05864030676607638
1357,529457.4715084393,181144.8143319024,0.1111111111111111,0.021561785393697342,0.0,0.18140460858207563,0.05773221403764703
1358,529455.0050255391,181150.63429666404,0.0,0.021389120070665096,0.0,0.17987840014906156,0.05804486000641838
1359,529452.485368892,181154.74999328968,0.0,0.021736090419753194,0.0,0.18189455727334397,0.06101279186002304
1360,529450.8955460148,181160.2826704927,0.0,0.02016411437266216,0.0,0.1741668183386327,0.0556033980747971
1361,529447.6568394699,181166.08296742776,0.0,0.01928972458532373,0.0,0.1688714198645012,0.05567871069037354
1362,529437.3458235351,181184.0879583326,0.0,0.019069758824054373,0.0,0.1649591416105277,0.05511652563426022
1363,529432.8877523099,181180.87820220616,0.0,0.01900473953732148,0.0,0.16767232107698005,0.05711031095234992
1364,529442.5506343717,181161.7730208769,0.0555555555555555,0.021094704196305707,0.0,0.1771688235604384,0.059483098949237916
1365,529437.4010746942,181159.1648900261,0.0555555555555555,0.020740085837111257,0.0,0.17535586044364126,0.05803195043074234
1366,529432.7144572985,181157.3426075065,0.0555555555555555,0.021246109662910635,0.0,0.17642744063885016,0.05834075142174366
1367,529426.6842644524,181177.93361758007,0.0,0.01983427001557109,0.0,0.17217783586270916,0.05782892827872949
1368,529422.5689581842,181176.43551503864,0.0,0.01950133112775319,0.0,0.16966301478544937,0.05749511985389042
1369,529417.5967037366,181174.45116107585,0.1111111111111111,0.01930350813425185,0.0,0.1693748515472803,0.053075860159188006
1370,529427.7185458037,181156.28650413064,0.0,0.021193391555873138,0.0,0.17916595957035214,0.05877086972479067
1371,529423.7884014441,181155.10273794644,0.0,0.021444202673658253,0.0,0.18041951965527256,0.059687287248913
1372,529417.9867559025,181151.54915810248,0.0,0.022949888977344353,0.0,0.19080495627178004,0.060684989649308484
1373,529411.9113056145,181170.1264958684,0.0,0.021028581506596915,0.0,0.17605119363804794,0.060679290828038634
1374,529406.6415729348,181168.44419837795,0.0,0.02075648067801721,0.0,0.1779369353358173,0.057053844694907214
1375,529400.1327088256,181166.1111126772,0.0,0.02068086732030599,0.0,0.17579508595162918,0.05564975046074464
1376,529408.2313105505,181147.740091302,0.0,0.02332778822856956,0.0,0.19049013205002405,0.06094110553025107
1377,529404.6262014057,181145.17132408416,0.0,0.023458141796368917,0.0,0.19147348103155473,0.061502147513746365
1378,529401.560875191,181144.16440773968,0.0,0.023163632506153584,0.0,0.18863666114319708,0.06185878479465304
1379,529396.608277356,181141.4065248423,0.0,0.02474024833398327,0.0,0.19467282743950504,0.06362068034817651
1380,529383.4763469418,181156.39839588097,0.0,0.02230714574175761,0.0,0.18175200183335866,0.061214113257460304
1381,529373.5768844284,181131.68633652973,0.0,0.025292840375246765,0.0,0.19791117875421654,0.06397814247033012
1382,529374.6314378448,181200.29415784124,0.1666666666666666,0.017495603561620224,0.0,0.1561471685334823,0.051796032619002674
1383,529373.6011918602,181206.6151532477,0.1666666666666666,0.016809475290575117,0.0,0.15243400017099545,0.053247789256944685
1384,529376.2843669428,181215.04322141304,0.0,0.016623191177292954,0.0,0.14993771558247587,0.05326918938339821
1385,529379.3378373382,181216.51425340047,0.0,0.016968407529740694,0.0,0.1522309451137311,0.05418390000066462
1386,529384.0204768685,181218.4911974457,0.0,0.016297846886649574,0.0,0.1523797948063407,0.05038105842192408
1387,529391.01586127,181220.68184251856,0.0,0.01600479526612107,0.0,0.14975660459203874,0.049706928434059154
1388,529395.026731816,181222.48688226024,0.0,0.015810515985852786,0.0,0.1478113619379546,0.05013586256871432
1389,529400.5544803969,181225.4142230766,0.0,0.016026605641055798,0.0,0.14725875537544278,0.051443293349642386
1390,529405.796576896,181228.1794857196,0.0,0.016097890877608274,0.0,0.1477535207787711,0.050663411074352516
1391,529385.2298885534,181193.75233358887,0.0,0.018128103133542375,0.0,0.16023719619239493,0.053928852877920604
1392,529389.9283041185,181195.11044247524,0.0,0.017702177053330753,0.0,0.15660047173608466,0.05007620364537208
1393,529393.8879854024,181198.926711708,0.0,0.01772689526773314,0.0,0.16142108486978865,0.05193581016731215
1394,529398.9843285135,181199.8305303093,0.0,0.017876834438205307,0.0,0.1596065367601953,0.05358881201979081
1395,529402.8908053457,181201.94253816624,0.0555555555555555,0.017586700215113982,0.0,0.15927949489900087,0.05349819905269078
1396,529406.9863972663,181204.21417532745,0.0,0.017616558851766856,0.0,0.1579279660752941,0.05344175492841215
1397,529412.8037468051,181207.14890349293,0.0,0.017623030187346893,0.0,0.15847795465729497,0.053253809179715964
1398,529434.7139050525,181188.8200449769,0.0,0.018270618213369512,0.0,0.16233381598393862,0.05463981084845868
1399,529431.9007541145,181193.08308566947,0.0555555555555555,0.018331820090978206,0.0,0.16232149391012418,0.054018609476434415
1400,529430.9984877944,181198.16884872748,0.0,0.017598414164110534,0.0,0.15813834032763385,0.052129066946097646
1401,529428.8413460769,181203.2226511679,0.0,0.017322061466419608,0.0,0.15619747959381672,0.052598037133543635
1402,529426.1089752428,181208.106993651,0.0,0.016977131523074472,0.0,0.154875200599675,0.0536576421920648
1403,529422.6043789828,181212.97167033987,0.0555555555555555,0.016521318245138535,0.0,0.15085167152274326,0.0513187948834569
1404,529454.200993076,181189.78085325667,0.0,0.017797356085325476,0.0,0.15837001423900882,0.053729308056708794
1405,529452.1324719886,181195.1465252365,0.0,0.017612778263456037,0.0,0.1542028698691424,0.05443009282265684
1406,529449.2306620157,181199.0976775135,0.0,0.017329889261612528,0.0,0.15655447135207598,0.05273562164356688
1407,529447.166090276,181204.30864140036,0.0,0.01668350104262305,0.0,0.15154036191909914,0.05061996853114234
1408,529445.0207568937,181208.89830710035,0.0,0.016635308653361314,0.0,0.15100270172608463,0.051618636393798656
1409,529442.0953152537,181213.7777235823,0.0,0.015559299592916326,0.0,0.14425288928577304,0.04733584096323549
1410,529430.7383293194,181238.7225504825,0.0,0.0147800116369325,0.0,0.14041628141239565,0.046752147203821745
1411,529427.704567689,181244.06364657503,0.0,0.014221421675938935,0.0,0.13706059985767657,0.046267046648858993
1412,529425.5671471483,181248.34390008543,0.0,0.01466418024805403,0.0,0.13598316217252215,0.04911544074518844
1413,529423.2937996825,181254.16879664484,0.0,0.014279178040091475,0.0,0.13291451701306312,0.0499370847085373
1414,529421.1563866064,181258.44905194608,0.0555555555555555,0.013612184935232346,0.0,0.13287952396366948,0.04779893429399828
1415,529413.5287081945,181231.78221746747,0.0,0.01560479645282971,0.0,0.1447862011810104,0.052053653603570504
1416,529411.3715961574,181236.83602706503,0.0,0.014837670619884006,0.0,0.14157944818060358,0.04681109002230939
1417,529408.036450385,181242.633890204,0.0,0.014834857082474789,0.0,0.14053386153427916,0.0490507431717
1418,529406.3265311331,181249.0923830852,0.0,0.014178923613109483,0.0,0.13309957505061604,0.04858251577511147
1419,529418.6210452127,181263.18360495663,0.0,0.014163451211876595,0.0,0.1341615485552136,0.04991431827089629
1420,529402.1699213479,181253.011606384,0.0,0.014463710559166674,0.0,0.13621706344704979,0.050856776160714615
1421,529398.82297722,181259.27360556804,0.0,0.01354688157759476,0.0,0.13302600394874023,0.04452624130516563
1422,529395.9212431733,181263.22478741745,0.0,0.01393553244111587,0.0,0.1315287526872827,0.04874301647670743
1423,529394.1620892216,181267.8243054764,0.0,0.013424362729511311,0.0,0.1302708315227512,0.04623737180671452
1424,529391.746941002,181271.6330689324,0.0,0.013251529019749127,0.0,0.12612396607899504,0.04644845140802971
1425,529387.8701127536,181279.7393068604,0.0,0.012862700473148586,0.0,0.12569203582889274,0.044550762775782494
1426,529384.8935552164,181286.6299862432,0.0,0.012598920729027453,0.0,0.12498958131727286,0.043720752819366576
1427,529416.0699481944,181268.5369994488,0.0,0.01303291312124484,0.0,0.12707018627215066,0.0455067546616495
1428,529414.1984896862,181273.7528928388,0.0,0.013343333425873375,0.0,0.1281630256478586,0.04855605762748684
1429,529410.2841967946,181279.53600497276,0.0,0.0128375668250614,0.0,0.1266060558976872,0.04488018115952149
1430,529408.1468041218,181283.81626555807,0.0,0.01264181050957499,0.0,0.1257511580767868,0.04632599075940871
1431,529398.2580377011,181294.61325047904,0.0,0.012459375378148023,0.0,0.12578338523865523,0.04444695324959191
1432,529400.4541898819,181298.6906098725,0.0,0.012345486247399217,0.0,0.1239243376064425,0.04398562390899385
1433,529405.117972502,181298.9210786865,0.0,0.01199506852506852,0.0,0.12062068677473958,0.04172799297600271
1434,529410.673004882,181299.7327814748,0.0,0.01229807070756965,0.0,0.12300950116313868,0.042576392103849676
1435,529416.8492095635,181300.7837232856,0.0,0.012287792366007468,0.0,0.12171837029248123,0.04548080861619386
1436,529422.8306746454,181301.27117998595,0.0,0.011704258984545106,0.0,0.11924944985265651,0.04198270587007989
1437,529427.8782417405,181302.8519234629,0.0,0.011985447643511877,0.0,0.12099184447596041,0.04355153038515392
1438,529433.8597038591,181303.33939320972,0.0,0.01181846861508158,0.0,0.12117401294735818,0.043987786204483965
1439,529439.667740308,181305.1629317727,0.0,0.012128279887787658,0.0,0.11901384344833288,0.04543499479495612
1440,529461.4130863168,181305.1583449797,0.0,0.012163313716112914,0.0,0.11986417058729298,0.047531090733214466
1441,529444.0102945333,181301.5872295736,0.0,0.011531251728478725,0.0,0.11699597115712132,0.04170979977307694
1442,529446.9157741705,181296.9695638892,0.0,0.01233318327731211,0.0,0.12200965349965462,0.04510756305128611
1443,529449.234210421,181290.7730528341,0.0,0.012334157153493685,0.0,0.12352783949951969,0.045467648328260384
1444,529451.9307465161,181286.15006706287,0.0,0.012605805841738723,0.0,0.12466655772431187,0.0440657626147158
1445,529453.94783665,181280.8395341382,0.0,0.012622579277768319,0.0,0.12247510454501002,0.045598040875916596
1446,529455.4873004534,181277.8626732164,0.0,0.012631391956614696,0.0,0.12540500958881048,0.04499112517318087
1447,529458.1397923375,181272.23320876856,0.0,0.012773570403075826,0.0,0.1263427041594098,0.043177105802073235
1448,529460.7112622147,181267.04850786543,0.0,0.013373697408785192,0.0,0.1311366973452018,0.04733158027806395
1449,529462.9287907507,181262.0782041899,0.0,0.013404882572684577,0.0,0.13056617002871979,0.046514230886143725
1450,529465.7987855106,181256.1191645249,0.0,0.014340712190801883,0.0,0.132665282354623,0.05218121237925023
1451,529467.0506472688,181297.25909556297,0.0,0.011518422818634206,0.0,0.11676335192483445,0.04226221196968735
1452,529468.8857845227,181293.61953173304,0.0,0.01195407769027632,0.0,0.12371165965784982,0.04311311884791865
1453,529470.4906709401,181288.0750894383,0.0,0.012463721181537876,0.0,0.12400498561028908,0.048267118088658134
1454,529472.9583641549,181284.22822993965,0.0,0.012344784201627662,0.0,0.12205968820193444,0.04650372206952497
1455,529475.1645212668,181279.7044680637,0.0,0.012313402313828815,0.0,0.12238309660644263,0.0446599106495505
1456,529477.7160950344,181275.30121463205,0.0,0.012358496511973455,0.0,0.1238019796416328,0.043392007521942555
1457,529479.2172113532,181271.0946102423,0.0,0.01302631446923491,0.0,0.12631684436734633,0.04486441670186594
1458,529481.7972370022,181265.5750171932,0.0,0.013216149181712425,0.0,0.12934704966968014,0.046945835623425566
1459,529484.0759052655,181260.9413996247,0.0,0.013386960566929226,0.0,0.1284551349453786,0.04649259953168311
1460,529442.6305362389,181221.6818655892,0.0,0.015505267928678105,0.0,0.14571320590656076,0.04775073588124789
1461,529446.6717682608,181224.46576373908,0.0,0.014782471027044611,0.0,0.14107346298854603,0.046497721577995116
1462,529450.8665187801,181226.69504298124,0.0,0.015274458078220584,0.0,0.14435346419771908,0.049129082843935266
1463,529453.5844353558,181218.49799057265,0.0555555555555555,0.015726628385934832,0.0,0.1459394830738297,0.049135755935096344
1464,529457.5460812885,181218.93403142836,0.0,0.015639119219109054,0.0,0.14457815556140513,0.04828957335116189
1465,529460.9746579056,181221.14380082427,0.0,0.015308237395460498,0.0,0.14477464593934022,0.0484422950459637
1466,529456.2538828711,181228.61958741955,0.0,0.015148072538134164,0.0,0.14260603486475337,0.04812198662903404
1467,529461.145146669,181230.86661903275,0.0,0.014772999876074128,0.0,0.14078875783346734,0.048379978479561214
1468,529464.495529278,181233.4095190336,0.0,0.014256708676707447,0.0,0.1387801508433643,0.04521325955764194
1469,529439.5245154905,181242.380175624,0.0,0.014388821550251342,0.0,0.1381148449693,0.04721106529884612
1470,529443.0255783922,181244.48007308025,0.0,0.01445999505792482,0.0,0.13669268305576937,0.05175942486151749
1471,529447.4548618984,181245.70996490368,0.0,0.014294589171669574,0.0,0.13743831439452509,0.048937317554280026
1472,529451.8031164724,181247.38462295948,0.0,0.013951376325199633,0.0,0.1361170332416177,0.0449118229653261
1473,529456.5408404411,181250.1862726504,0.0,0.013779350824669826,0.0,0.13110187014796593,0.04592067367744446
1474,529461.8414613929,181252.7788541125,0.0,0.013585709806060732,0.0,0.1323914599902321,0.044942335080705144
1475,529473.6341033165,181238.5574366216,0.0,0.014172077586442424,0.0,0.13540739167923274,0.04731133869038215
1476,529476.7685089579,181233.16367216327,0.0,0.01455803445017547,0.0,0.13905441213046585,0.0476185720357397
1477,529479.1083041246,181228.86672953007,0.0555555555555555,0.014914287728692036,0.0,0.14140844462649038,0.049092288274151984
1478,529482.0366088792,181223.35601001504,0.0,0.01506123788388826,0.0,0.14298766863764997,0.049267427477351605
1479,529484.0594403484,181217.8222203185,0.0,0.015504942630919798,0.0,0.1456144192796841,0.048508381548654396
1480,529486.1234832417,181213.4065476661,0.0,0.015481408256334785,0.0,0.14435241440506813,0.04967670795724168
1481,529490.3817012451,181248.70264121436,0.0,0.013285112442136988,0.0,0.13156471406048495,0.04332644100116344
1482,529492.3149691955,181243.94851885905,0.0,0.013344304657714641,0.0,0.12918348867188664,0.04628332877657807
1483,529495.9398007289,181238.4555558646,0.0555555555555555,0.013772160559076868,0.0,0.1310537194370369,0.04847065435318728
1484,529497.4082710191,181232.79593778067,0.0,0.014138965175458745,0.0,0.1352992493682268,0.04788859319910315
1485,529500.0238478,181228.61773839893,0.0,0.014523003403937567,0.0,0.13868379662824534,0.04868763960033519
1486,529502.6821017036,181222.76502811268,0.0,0.014755716448980568,0.0,0.1392485618260247,0.048904028613352586
1487,529505.3787194688,181218.1420698097,0.0,0.014786578174437391,0.0,0.13837935584135408,0.04825329492257692
1488,529507.8948346745,181212.39744622196,0.0,0.014017843466440975,0.0,0.1351508327446878,0.04384084202213827
1489,529488.215974846,181207.87453434456,0.0,0.01553805752722923,0.0,0.14362567129491505,0.05097430703327481
1490,529511.0150666134,181207.56187298425,0.0,0.01463011531974975,0.0,0.1392662328929262,0.049287962395592265
1491,529459.863300894,181193.6356640494,0.0,0.01756832976596264,0.0,0.15738149072963414,0.05267983101523092
1492,529465.1412290419,181197.12132106628,0.1111111111111111,0.016905860299499455,0.0,0.1525192801996817,0.052139780655997905
1493,529468.7816195289,181199.224784786,0.0,0.016529575670479118,0.0,0.1522885687029096,0.04915095529760194
1494,529472.686396025,181201.8935202713,0.0555555555555555,0.016422045785744306,0.0,0.14995171228324644,0.04976202961422661
1495,529477.962917887,181202.69819668328,0.0,0.015997240832936178,0.0,0.14652096551961985,0.051371466368156156
1496,529481.5720110494,181206.02964539648,0.0,0.015829252589874734,0.0,0.14599639820132637,0.04965095218980447
1497,529467.5878144356,181174.95403682225,0.0,0.018383038069491615,0.0,0.16353289105223368,0.05401807028114126
1498,529472.3113796978,181178.3138707446,0.0,0.01857100348062732,0.0,0.16360215591105476,0.05535746768498127
1499,529477.0193270015,181179.5508857552,0.1111111111111111,0.017313524057743154,0.0,0.15510450450490798,0.05035789133056302
1500,529482.06270181,181184.03594365093,0.0,0.017352079170056538,0.0,0.15506897070470407,0.052591342779711774
1501,529486.666855254,181186.6108027962,0.0,0.017092361833941975,0.0,0.1532060248306151,0.053364845500566346
1502,529491.7983969925,181187.6352120864,0.0,0.016344817225956355,0.0,0.15106894411342703,0.05184397059103527
1503,529497.0066585125,181191.11912759213,0.0,0.01533704909560206,0.0,0.14563299007708552,0.045063838771013096
1504,529500.5235162919,181184.3946421769,0.0,0.016549256141915734,0.0,0.15014151223258348,0.052259243881156804
1505,529503.2372190763,181179.10187784315,0.0,0.016871682318184915,0.0,0.15161649827431561,0.053114743120446596
1506,529505.9395476256,181174.25565146544,0.0,0.017051734072214053,0.0,0.15448746950969489,0.05400666825266702
1507,529508.4940403912,181169.7407787424,0.0,0.01729795651624298,0.0,0.15521038064784037,0.053075655330650395
1508,529510.9206114899,181164.7758204997,0.0,0.017729672154127147,0.0,0.15711813153124735,0.05542701479174283
1509,529513.472267931,181160.372584332,0.0,0.017305672000440565,0.0,0.1575501331029588,0.05153604575087259
1510,529515.7978986962,181156.63382869423,0.0,0.017095956601141563,0.0,0.15517767315001998,0.05276406813475569
1511,529518.8357657506,181149.562026945,0.0555555555555555,0.01731908795077027,0.0,0.1568230940543697,0.0504736439544707
1512,529519.965919016,181146.2396312368,0.0,0.017645327782173637,0.0,0.1584804131179092,0.05385227428357454
1513,529524.6441794,181140.43841396796,0.0,0.018056608945035416,0.0,0.16003904794614326,0.0527944735808213
1514,529527.342336,181133.02283830545,0.0,0.01816420514725257,0.0,0.1624656744462769,0.05465860399189864
1515,529520.0219536049,181187.79593322217,0.0,0.016071146200105694,0.0,0.14719067498349617,0.052148443502557575
1516,529523.0256676325,181182.06374352967,0.0,0.01585170851423065,0.0,0.14743008168417854,0.051204597838142546
1517,529529.0245787257,181170.93427169483,0.0,0.016250593435928037,0.0,0.14789820447166968,0.051066199751792885
1518,529534.05826944,181162.1260428881,0.0,0.016427919113056213,0.0,0.1495376514446925,0.05247721692216653
1519,529535.6845386745,181158.48117608565,0.0,0.016614006457052015,0.0,0.14915388700404966,0.05182024730177041
1520,529537.6733035977,181154.28701647365,0.0,0.016363289210331394,0.0,0.1472737846594229,0.05100067857538157
1521,529540.9158291182,181150.12481670248,0.0555555555555555,0.016334449718319707,0.0,0.14850598485227362,0.051350466485739696
1522,529542.8051342068,181144.3642302073,0.0,0.016334241274434017,0.0,0.15030590500461974,0.05011558065472306
1523,529545.7747479876,181139.97166303132,0.0,0.0166991118635806,0.0,0.15120960486556742,0.05078176880807587
1524,529548.9462811326,181133.12669804087,0.0,0.01714406007097698,0.0,0.15442171614347186,0.05411560256862902
1525,529531.2984724747,181128.2085809365,0.0,0.017870333753588437,0.0,0.1618391881581172,0.051471866704290506
1526,529532.7655237505,181125.34160137072,0.0,0.018232957591167824,0.0,0.15906146817453876,0.05665881389159156
1527,529535.2447179665,181121.04823450043,0.0555555555555555,0.01831600098351499,0.0,0.1650936438913192,0.05398730760053606
1528,529539.4354418885,181115.23460244105,0.0,0.01779919392219374,0.0,0.16049952768066572,0.053469870744164726
1529,529518.8451376304,181105.43814246712,0.1111111111111111,0.020157838446906624,0.0,0.17480579251168651,0.05711345401305964
1530,529515.6240917405,181100.5526664859,0.0,0.020701778602736705,0.0,0.17596176785309467,0.05761856847817477
1531,529511.7803740589,181098.220576733,0.0,0.02190876449486706,0.0,0.18184656609329877,0.05975608229709516
1532,529481.812739032,181166.4916358787,0.0,0.01910027186903595,0.0,0.1677755932178965,0.055435399069474554
1533,529486.5620486806,181157.8995307652,0.0,0.01847947487210654,0.0,0.16523245735677533,0.054098198746427184
1534,529489.7974551675,181151.2795731668,0.0,0.01981586770094066,0.0,0.16776862615693316,0.05726884223385889
1535,529492.5168510447,181145.76353497,0.0,0.019997792816138293,0.0,0.16942713986846086,0.05939674439918306
1536,529518.0649138689,181004.7850424992,0.4444444444444444,0.02291591376525204,0.0,0.18660924254391298,0.062279922276001785
1537,529513.5233457098,181009.10808942612,0.1111111111111111,0.023832733554970224,0.0,0.19290114185470567,0.06235211948852652
1538,529509.9807651675,181014.59800016665,0.1666666666666666,0.02425380884146147,0.0,0.19422758589849334,0.06246167445802312
1539,529497.8069852778,181029.63330304183,0.0,0.026841623454217842,0.0,0.20979122583479445,0.06749913234825873
1540,529502.2564331258,181032.02948736725,0.1666666666666666,0.02546777109002005,0.0,0.2014527354171113,0.06507524930035463
1541,529507.8888515376,181034.58264413767,0.0,0.02517999789842263,0.0,0.19725132538416357,0.06487678562457165
1542,529515.4433616285,181039.34077367367,0.0,0.02409368920076371,0.0,0.1926253887984042,0.06301026172228491
1543,529520.0236669731,181033.49684650835,0.0,0.022392638691123477,0.0,0.1846393811399658,0.05992301265719714
1544,529523.1643845885,181028.25034568465,0.1666666666666666,0.02268251260398651,0.0,0.18600620919211946,0.06037782355947726
1545,529526.6875899201,181023.5208850272,0.0555555555555555,0.021792877952338693,0.0,0.18397250573137108,0.060139857605561925
1546,529529.6378560718,181019.53775882543,0.0,0.021690160493829973,0.0,0.1809096965216734,0.057932465477687906
1547,529532.2879560664,181014.91287098627,0.0,0.021015861617451958,0.0,0.17940396370533532,0.057445891589221705
1548,529492.88935118,181039.40015070536,0.1111111111111111,0.0279495740099878,0.0,0.2106074281028808,0.07075023016404433
1549,529498.1067508972,181042.5595332537,0.0,0.026074936745208752,0.0,0.20456055735993578,0.06529778966589883
1550,529502.4918402322,181045.44550893857,0.1111111111111111,0.025606148919916773,0.0,0.2013104258462791,0.0662977986035713
1551,529506.0467621644,181047.9740623864,0.0555555555555555,0.024747978984114738,0.0,0.19791704003462562,0.06470627345476804
1552,529510.7624559337,181048.1783026586,0.1111111111111111,0.024087796957512703,0.0,0.19423932989838022,0.0628242476250749
1553,529508.9405217918,181051.74678573507,0.0,0.024698879687530984,0.0,0.19849658402185816,0.06518826208764249
1554,529487.0609249073,181049.9282446401,0.0555555555555555,0.027613962530787895,0.0,0.21077432569931376,0.06714514465749341
1555,529492.7393962509,181053.51970853008,0.1111111111111111,0.027055016479714686,0.0,0.2094372966685285,0.06956089286910551
1556,529497.4111702542,181057.50586559527,0.1111111111111111,0.0261824478159848,0.0,0.20523077807827772,0.06525201084398356
1557,529500.5574277957,181059.60366346184,0.0,0.025358921740812553,0.0,0.1987500656683105,0.06670682385332838
1558,529504.3701596707,181062.3069211981,0.1111111111111111,0.024490391133057596,0.0,0.19545195187787365,0.06281660383747249
1559,529506.2060355638,181056.13269200167,0.0,0.024672859713298526,0.0,0.19418256502683648,0.06307936393304948
1560,529550.446798285,181101.02373687224,0.0,0.018430695145119854,0.0,0.1622724618380186,0.055102254448234446
1561,529546.2481263853,181097.47970791516,0.0555555555555555,0.018319851682180577,0.0,0.16151727190507512,0.05478075634575775
1562,529540.022939954,181094.91512523853,0.0,0.018927888372496635,0.0,0.16320563106454966,0.05514044473604864
1563,529535.0267725169,181091.80904414423,0.0,0.020186574571552072,0.0,0.17317493349810753,0.058365488924069016
1564,529539.9400844881,181084.1437563057,0.0,0.019214029384625353,0.0,0.16578886400088227,0.05413596945386583
1565,529524.8494999873,181086.0275368541,0.0,0.02075968678339969,0.0,0.17678083403071712,0.0574273512022412
1566,529520.1020893764,181081.24750200656,0.0555555555555555,0.02096162221537993,0.0,0.17750150383121652,0.057931470774660355
1567,529527.5576178252,181079.57390400127,0.0,0.020797225144407575,0.0,0.1767631590685735,0.0556951006109387
1568,529529.8551322882,181074.9734228084,0.0555555555555555,0.020351480589575865,0.0,0.1745984685920479,0.057785103104008445
1569,529532.5365597376,181069.5673958967,0.0,0.02081696943859725,0.0,0.17438792612555665,0.05830515021623118
1570,529534.8000242922,181063.45186082192,0.0,0.020764169691564967,0.0,0.1759461647714645,0.0571487746704001
1571,529537.524421032,181059.2116913873,0.0555555555555555,0.01971273610657621,0.0,0.17216864507314042,0.05478384815261219
1572,529540.3184835297,181055.0897750261,0.0,0.02013205332695884,0.0,0.1731490170643696,0.05576388889362279
1573,529548.7244349169,181041.7928319417,0.0555555555555555,0.01965522704259513,0.0,0.1687318378351531,0.05756775315504874
1574,529559.1532806222,181043.2234488764,0.0,0.01847902910313859,0.0,0.16183647005970705,0.05563601425879444
1575,529561.9561206687,181044.4596639833,0.0,0.018657960841959975,0.0,0.16439785044823357,0.054773389344279375
1576,529564.9309247814,181044.65198066656,0.0,0.01833398778041174,0.0,0.16215491867737789,0.056596789265139266
1577,529568.7297888577,181046.7289251469,0.0,0.017128752779433543,0.0,0.15658630867048473,0.05192359428184765
1578,529515.5429905481,181071.92970795467,0.0,0.022554850074198763,0.0,0.18764259890330773,0.06038868793645849
1579,529517.6863408501,181067.6747206876,0.0,0.023079825877377662,0.0,0.1869334980461451,0.0626772079849219
1580,529521.1518368796,181062.8710505504,0.0,0.022574154660146846,0.0,0.18360444920263905,0.058481387498379576
1581,529524.0303789288,181058.2853749625,0.0,0.02205148409063261,0.0,0.18557041994451826,0.06002349184179999
1582,529527.6263101207,181054.0674130944,0.0555555555555555,0.022122139974769955,0.0,0.1833896722359365,0.058622033296757914
1583,529529.6511213006,181048.761125138,0.0,0.02123356370829849,0.0,0.1803315168758533,0.056704509322937705
1584,529532.5785721712,181045.1085083469,0.0555555555555555,0.02162346057647518,0.0,0.18074925709681822,0.060466408733890205
1585,529535.550530744,181039.70988766244,0.0,0.021784925278423507,0.0,0.1801405479598733,0.05995367133715197
1586,529538.2779064766,181035.353318191,0.1111111111111111,0.020237003006363972,0.0,0.17677956246832027,0.05585776784243054
1587,529541.438092254,181031.12425828236,0.0555555555555555,0.020731264567587934,0.0,0.17570840107434255,0.058379758780790644
1588,529544.0261537929,181026.53118846985,0.0,0.019812698426527203,0.0,0.1711884877116139,0.05357184847683562
1589,529547.026255937,181022.8804310849,0.0555555555555555,0.019652886973465514,0.0,0.17067128051706418,0.05577478336451163
1590,529550.4162120083,181018.1913292763,0.1111111111111111,0.01957063256866698,0.0,0.17083193622431972,0.05634621359002694
1591,529553.179218522,181012.43796320423,0.0,0.019578768745764745,0.0,0.16686160265685188,0.05790410088867316
1592,529557.4896260411,181008.70413796787,0.1111111111111111,0.01915341037679917,0.0,0.16521207898789425,0.05452130961271346
1593,529560.3341766369,181002.60342610243,0.0555555555555555,0.017976791540115795,0.0,0.16031895168736865,0.05126067569096293
1594,529564.0902713473,180997.807190608,0.4444444444444444,0.01740792847736747,0.0,0.15695306747616877,0.05079788489337221
1595,529566.6457254224,180994.4945358582,0.1111111111111111,0.018592756897376772,0.0,0.16312760183102576,0.05624162914320939
1596,529566.92593249,180992.0556833734,0.0,0.017566818810509498,0.0,0.15501111432970058,0.05255234303366778
1597,529569.8801497131,180987.3554842325,0.0555555555555555,0.01758328818645677,0.0,0.1566941671498975,0.05471934934197505
1598,529573.1130191833,180983.12829511607,0.0,0.017378327874008826,0.0,0.15439005532308925,0.05416778652462368
1599,529566.2079307612,181014.51724881155,0.0,0.017918437280571204,0.0,0.16107265214390248,0.051443135638874066
1600,529570.1491079753,181016.7142975758,0.0,0.0176291454085936,0.0,0.15809859890976527,0.05377058620493613
1601,529574.7928290196,181019.861070009,0.0555555555555555,0.01773096132139035,0.0,0.15590400281529632,0.05499251131055635
1602,529579.8293678502,181021.85310244892,0.0,0.01696593459081052,0.0,0.15257041050006367,0.05146292373696463
1603,529543.7189033648,180957.04285416327,0.0,0.018860983872287043,0.0,0.16632473614363255,0.05561837867337813
1604,529548.6891448377,180960.72020887432,0.0,0.018506159530817107,0.0,0.16385135676500098,0.051406775940542875
1605,529553.4286205334,180964.13806741004,0.0,0.0189664798355712,0.0,0.16583897128093186,0.05745149792602418
1606,529557.5451964841,180967.15962318968,0.0,0.01836319284808889,0.0,0.1625348400120507,0.054739942078208766
1607,529556.9463038145,180975.13334641204,0.0,0.018295722202483513,0.0,0.16434185578177957,0.053718166551774554
1608,529555.1227029961,180978.3839022852,0.0,0.01834221543597767,0.0,0.1624618316734572,0.05106508739429455
1609,529553.3975603536,180980.8761123893,0.0,0.018485415651295058,0.0,0.16490572531778389,0.05381583335190379
1610,529550.0586570841,180984.59527974736,0.0,0.018842042864101308,0.0,0.16483542093253448,0.05405533082298563
1611,529552.6012481896,180943.8274780335,0.0,0.017415681604232593,0.0,0.1578646081601449,0.05261307535996527
1612,529556.0981762386,180946.32599871137,0.0,0.01739305520278937,0.0,0.15637248043021754,0.05379400331244547
1613,529560.0033906134,180948.32769284083,0.0,0.016869043945971794,0.0,0.15095758121699246,0.04995850761240415
1614,529562.9306445648,180951.44574277836,0.0,0.017846331487672364,0.0,0.15909226533207463,0.05471658131820711
1615,529568.0202552321,180956.64787240908,0.0,0.017126831789013107,0.0,0.15478454215013407,0.052147758798459176
1616,529571.2075041803,180952.6712305077,0.0,0.016887325373922766,0.0,0.15010016637069953,0.05528169747313678
1617,529572.9488192382,180949.5453912117,0.0,0.017343017302727925,0.0,0.15183838027876592,0.05627556355436904
1618,529575.2065803704,180944.78419762937,0.0,0.016083490657619055,0.0,0.14826630942935065,0.049741332211127635
1619,529577.0398980863,180941.15346769884,0.0,0.015726044394266264,0.0,0.14506239811028962,0.04900618408624639
1620,529579.3541222131,180937.28138102224,0.0,0.015176491634614644,0.0,0.14223658132713232,0.049169421729162104
1621,529580.7920768855,180933.64057187407,0.0,0.015538113567705457,0.0,0.1435503038907943,0.05127554262836553
1622,529579.2243438794,180960.9914282136,0.0,0.015635463421767512,0.0,0.1493052404149341,0.04781455058294306
1623,529580.7025922585,180958.87335926355,0.0,0.01601436227837224,0.0,0.14851826329508178,0.05195340199173209
1624,529582.3083831376,180954.85640175623,0.0,0.015894508104267614,0.0,0.1444349908066966,0.0514373944795244
1625,529584.5532261815,180950.60212022392,0.0,0.01511511784936753,0.0,0.14138196417490634,0.048247402229943344
1626,529586.94329453,180946.85878013048,0.0,0.015017675074484918,0.0,0.1402118440986557,0.04747727964754651
1627,529588.849230988,180943.4835245713,0.0555555555555555,0.015472216784600049,0.0,0.14403075498034582,0.048410281957283356
1628,529592.0640676758,180935.32288801196,0.0555555555555555,0.014721434083862964,0.0,0.13828129191893787,0.04698002737390103
1629,529577.8219388169,180963.2382406842,0.0,0.01679551468181335,0.0,0.1539218011271997,0.052319448585500784
1630,529570.5347383292,180918.2952234581,0.0,0.015605442958196658,0.0,0.14531901282382106,0.05103213440090962
1631,529581.0006800697,180927.685939698,0.0,0.015524159603346624,0.0,0.14354550847781397,0.049744894129832525
1632,529579.1271302898,180906.51440673292,0.0555555555555555,0.014603148831410031,0.0,0.13746153595043867,0.04691223790145179
1633,529581.4580565963,180909.74736045196,0.0,0.015031561319535147,0.0,0.14168511688426116,0.04960652329188223
1634,529584.9046385379,180912.90958906824,0.0,0.014676276804791277,0.0,0.13973019307167883,0.047339530354806654
1635,529589.0806680392,180916.5862828967,0.0,0.014739615120243398,0.0,0.13841030888903863,0.05021900723724101
1636,529593.6142117826,180908.6689012952,0.0,0.014220330781216936,0.0,0.1350565303043762,0.04757628569573194
1637,529604.5700461047,180912.78932275396,0.0,0.013546027782985224,0.0,0.1292941862875566,0.04718704512316507
1638,529601.9489694968,180916.90980613307,0.0,0.014879988906669892,0.0,0.13803964441603864,0.051145183471142365
1639,529599.1068192878,180922.11025569303,0.0,0.014187148428579262,0.0,0.1352206024064757,0.047791356158722015
1640,529598.7608805153,180939.4710732741,0.0,0.014628634580944929,0.0,0.14055399090827286,0.0475872305256464
1641,529603.5289836996,180942.22912743327,0.0,0.014063845378711541,0.0,0.13642636349394982,0.04546456243511725
1642,529609.3943104789,180947.49654549407,0.0,0.0140625095689267,0.0,0.13804488738919307,0.04542501454753276
1643,529605.2939123103,180926.1451842973,0.0,0.01373552050969386,0.0,0.1340340764906069,0.046529749345816704
1644,529609.9534615636,180929.36573397488,0.0555555555555555,0.013708883119880895,0.0,0.12941685530451083,0.04775210725780321
1645,529614.3919243399,180933.6662523034,0.0,0.013819500401224422,0.0,0.13222766267177713,0.04867403211000206
1646,529619.2606840496,180936.27180231587,0.0,0.013571941397884056,0.0,0.13145635136189548,0.047163949621068825
1647,529696.1695033883,180863.7669690767,0.0,0.00990905268358088,0.0,0.10427272201640506,0.039711612813908295
1648,529687.8189586371,180878.6109759413,0.0,0.01019625501897603,0.0,0.10747498186972652,0.03873927030584897
1649,529686.1735318529,180883.5880215889,0.0,0.010378427205064903,0.0,0.10793363389386178,0.04010848782373092
1650,529670.7132126227,180872.09083456156,0.0,0.011183179757318577,0.0,0.11253501640149087,0.0422968567638975
1651,529644.8624039714,180921.9258348922,0.0,0.012555899185120683,0.0,0.1239188867490985,0.04784211873487434
1652,529641.6008908668,180927.0137597244,0.0,0.012782080240338115,0.0,0.12562576529913144,0.046285833818639675
1653,529639.156251461,180929.8411457001,0.0,0.012683733658359652,0.0,0.1258125411091993,0.04621994041490439
1654,529636.1560032923,180935.8482891681,0.0,0.01294573630741796,0.0,0.12575270204379052,0.04646180778800707
1655,529633.5816398105,180940.04119519447,0.0,0.013212251969960115,0.0,0.13027831790209307,0.04705383827817185
1656,529649.5956591909,180944.7082669431,0.0,0.012381148423388617,0.0,0.12378480648948342,0.042315301771516996
1657,529645.4051550695,180949.01203085604,0.0,0.013082660240358071,0.0,0.12498866515172312,0.04533988623629648
1658,529642.2384954394,180954.10237450968,0.0,0.013120306849530012,0.0,0.1262646470858239,0.04716496083439535
1659,529629.1453982093,180942.817785572,0.0,0.012903536598985446,0.0,0.12774439737986137,0.04307857834158111
1660,529620.1566334583,180952.93076656444,0.0,0.014327424966059493,0.0,0.1346940436579272,0.05032109134440691
1661,529618.654451689,180959.73658636963,0.0,0.013825294637177361,0.0,0.13095259134699222,0.04580932180974666
1662,529616.8871409079,180965.7751854632,0.0,0.014216464978465048,0.0,0.13547045838703123,0.04877319520759894
1663,529615.309510164,180971.81862264857,0.0,0.014122920218131767,0.0,0.13577415908875762,0.04677361308695093
1664,529614.1499987784,180976.3518055353,0.0,0.014865786820120248,0.0,0.1394237898479462,0.04992662550345818
1665,529611.983964372,180983.14069623657,0.0,0.014560167921780191,0.0,0.1404713893866483,0.04620703473886759
1666,529639.9987497231,180963.779119954,0.0,0.013088602990155582,0.0,0.12810664736572258,0.04516451793594279
1667,529638.1869784985,180967.83938439636,0.0,0.013132198108216246,0.0,0.12883250138036273,0.04604385158099001
1668,529635.8234784347,180974.92741299057,0.0,0.013089255431689668,0.0,0.12915908708354784,0.0433373821383092
1669,529633.5974690819,180980.34593914967,0.0,0.013702362675421196,0.0,0.13313836891083186,0.04461576749080235
1670,529630.9959894589,180985.60279709,0.0,0.013779678736328023,0.0,0.13443763102952713,0.04657125458235697
1671,529629.0061870762,180989.20224771276,0.0,0.014087866319362883,0.0,0.13305246631731987,0.0498593157677493
1672,529585.651846542,180984.9026749713,0.0,0.015967357439574028,0.0,0.148348542982304,0.049558897208081744
1673,529590.5059031057,180988.0682831749,0.0,0.015648148934660905,0.0,0.14465683254179743,0.047596921316750196
1674,529594.6844617366,180991.6729464319,0.0,0.01582532406159906,0.0,0.1477622078493076,0.04920165195558115
1675,529600.6998149349,180993.9556272929,0.0,0.01544340805409214,0.0,0.1443324429846762,0.05017183028540172
1676,529588.081385846,180967.77825135813,0.0,0.015413238331091678,0.0,0.14670418339930064,0.0479510812102944
1677,529593.1212586169,180971.1006912044,0.0,0.015511326892592386,0.0,0.14413435974297983,0.04937070353494377
1678,529597.8649828689,180974.8718598124,0.0,0.015366271256849386,0.0,0.14332978936945517,0.04871534391081222
1679,529604.2480790665,180977.6201971585,0.0555555555555555,0.015483191793731596,0.0,0.14399629507956482,0.05003380538828322
1680,529625.5201625916,180995.65328108065,0.0,0.014081770035305722,0.0,0.13285433398245153,0.0467876080833854
1681,529606.9725426037,180997.30952197887,0.0,0.014772255717398064,0.0,0.14121351855253458,0.04759025010623768
1682,529620.522420481,181005.56387205207,0.0,0.014237247497770767,0.0,0.1364318182647935,0.04898588761022113
1683,529617.1816490536,181010.04142117823,0.0,0.014780948356468827,0.0,0.137656941663752,0.04914869491829349
1684,529615.3233926531,181015.92560916927,0.0,0.015120723826450215,0.0,0.14051719246591884,0.05137648289468092
1685,529613.1400611049,181019.6722212456,0.0,0.01508654420821695,0.0,0.13682075954118894,0.053665159643814055
1686,529611.6611607855,181025.5660854345,0.0,0.014855137324715668,0.0,0.1397727056038477,0.047946148530072785
1687,529606.4332281168,181033.34153201504,0.0,0.014983243611048885,0.0,0.14065308245565247,0.047467458801989874
1688,529604.4202028498,181037.85294982087,0.0,0.015211414558174749,0.0,0.14312949572947362,0.050609225821531156
1689,529601.242006359,181043.3992970768,0.0,0.016142339503446256,0.0,0.14546508558690735,0.053474817047304356
1690,529598.2806219354,181047.88653225312,0.0,0.01568047257107844,0.0,0.1468641977430042,0.049820541644013484
1691,529596.6353275817,181052.86360581973,0.0555555555555555,0.01576292406215575,0.0,0.14534103331192516,0.05016401772660498
1692,529593.4881550695,181057.1940138604,0.0,0.015646833609979517,0.0,0.147870425841458,0.04825848666311131
1693,529592.1351289123,181061.8743579576,0.0555555555555555,0.016053599631540492,0.0,0.14789371132871915,0.051979771079207954
1694,529604.2995177732,181001.65201669847,0.0,0.015279343959576799,0.0,0.14113282229617458,0.04996357801612034
1695,529603.4245338255,181006.1924576254,0.0,0.015178284074420685,0.0,0.14386065733951478,0.04747635231388071
1696,529600.5695934749,181010.2261312173,0.0,0.015825947464988974,0.0,0.14527951910999748,0.05192765632765055
1697,529598.4617283965,181014.7351328164,0.0,0.015481035450587235,0.0,0.14328828740343105,0.04868097283179792
1698,529595.7132613844,181018.31524855876,0.0,0.01592388120418296,0.0,0.14647086251193175,0.04987656067986904
1699,529593.9227387529,181025.2658132713,0.0,0.01593197643222716,0.0,0.14803823738425648,0.0511563656207889
1700,529591.1820317718,181028.5419454137,0.0,0.015858980120598203,0.0,0.14726526428486927,0.04863122786783852
1701,529589.9432176054,181032.4647433834,0.0,0.016279155498509442,0.0,0.14721126187459282,0.05044307235784793
1702,529587.6456961735,181036.9689127315,0.0,0.01692557801784686,0.0,0.15266838280949438,0.05355100603575869
1703,529584.8817455885,181041.15700608076,0.0,0.01654123579455535,0.0,0.15557153370330606,0.051538724881234295
1704,529581.1992719885,181048.37319806567,0.1666666666666666,0.01698198862976157,0.0,0.15337228482777274,0.05159612685002592
1705,529578.5413574906,181052.20834688644,0.0,0.017059470929273225,0.0,0.15390104838946564,0.050527393746711315
1706,529575.6477936184,181057.93891082524,0.0555555555555555,0.01717538176423465,0.0,0.15433346833161382,0.051647906911267964
1707,529572.8026836864,181061.7692894317,0.0,0.01710077761962626,0.0,0.15289494877375148,0.053111968641066154
1708,529588.4028814051,181067.0707294247,0.0,0.016292984352937197,0.0,0.14725057158928942,0.05118654767393382
1709,529569.8620287606,181066.8982065208,0.0555555555555555,0.017109392751069583,0.0,0.15492315787214925,0.052524971424233735
1710,529567.5351932475,181072.4430740185,0.0555555555555555,0.017369006510694656,0.0,0.15616972411345365,0.051321186326182794
1711,529565.2440589003,181076.58780476407,0.0555555555555555,0.017309722265488714,0.0,0.1563732727630372,0.051062787992154815
1712,529564.2722097584,181082.86774294896,0.0555555555555555,0.01747532883982343,0.0,0.1571254409361619,0.052256988702153555
1713,529586.5828861805,181072.3282886413,0.0,0.015722613310364186,0.0,0.146890921720121,0.050634016958529295
1714,529583.951678436,181077.565163514,0.0555555555555555,0.01641489623527442,0.0,0.15054771845370554,0.050285247578905144
1715,529580.68881402,181083.086158104,0.0,0.0166712994610118,0.0,0.14911682405679577,0.053535173003348535
1716,529577.870285036,181087.7894248427,0.0,0.016434633193141354,0.0,0.15116847242112777,0.0522836820144721
1717,529576.9090116215,181092.777832386,0.2222222222222222,0.016595795974380746,0.0,0.15332677636792535,0.051901553463054535
1718,529573.8426855193,181095.8187986548,0.0,0.016642406247233985,0.0,0.15080506962969004,0.05338198896820947
1719,529572.123017365,181100.56507399748,0.0,0.01609212341665058,0.0,0.1483733936142263,0.049804950830573506
1720,529558.7229119162,181089.08362058265,0.0,0.01803955364211839,0.0,0.15621616736795912,0.05438095569192443
1721,529567.1428445335,181107.79037809523,0.0,0.016448041111900562,0.0,0.1515717949658188,0.05183922663005204
1722,529564.6322238843,181110.8455174648,0.0555555555555555,0.01645299992485179,0.0,0.15295131820871113,0.05176220813748769
1723,529561.6297005177,181114.11091341497,0.0,0.01673740787220789,0.0,0.15231411564213337,0.05194069861819255
1724,529559.4876051247,181119.0692191776,0.1111111111111111,0.01595511647987106,0.0,0.15160509675347206,0.04756036054185483
1725,529556.2681917942,181122.6632830393,0.1111111111111111,0.016694180803295235,0.0,0.1540728406889222,0.050790203914278576
1726,529552.7556148395,181126.03414940703,0.0,0.01644583223158674,0.0,0.152226494624802,0.04972226026208239
1727,529544.1826939012,181319.85232281376,0.0,0.010212219052840558,0.0,0.10473380282510704,0.04402377481725434
1728,529546.302900083,181315.81114302893,0.1111111111111111,0.010482894189711213,0.0,0.1065456494292088,0.04322307755734884
1729,529510.4914070176,181273.77617639376,0.0555555555555555,0.012494279594840039,0.0,0.12037017076072062,0.046751270935314546
1730,529525.8764678821,181190.85659718243,0.0555555555555555,0.015342264928171753,0.0,0.14542226573966083,0.0508166364999874
1731,529555.3975295785,181138.89564569504,0.0,0.01604702899591392,0.0,0.14750241119967086,0.05089544100107795
1732,529559.4048414689,181142.75802248367,0.0555555555555555,0.015689086783931147,0.0,0.14414568949896345,0.04860755611683898
1733,529565.2065493099,181145.2560708733,0.0,0.015074450236429567,0.0,0.14260402860314336,0.046246952623141796
1734,529570.1987628549,181148.8302161715,0.1111111111111111,0.014597723866819807,0.0,0.139273200904536,0.0464099201685976
1735,529575.7193567017,181150.8510827567,0.1666666666666666,0.01488599552353265,0.0,0.14157367916983737,0.047851316597828486
1736,529564.6119703482,181160.9084739983,0.1111111111111111,0.014264060202136174,0.0,0.13789150751674187,0.046122679667825024
1737,529582.3284195665,181156.18989876285,0.0,0.013926845352204367,0.0,0.13862391006012273,0.043536590294090176
1738,529585.1274508184,181161.43156839808,0.1111111111111111,0.014359170311392513,0.0,0.138819113265185,0.04638146005621348
1739,529590.0538835998,181163.7506518936,0.3333333333333333,0.01345949060591439,0.0,0.13241201816588274,0.04459223319695826
1740,529595.2095038911,181168.58239563537,0.1111111111111111,0.01370493951410566,0.0,0.13012292900284883,0.04719891982638643
1741,529600.2096596599,181171.84342357132,0.1666666666666666,0.012716466250402238,0.0,0.12610281625731334,0.044700559193152786
1742,529606.23065968,181173.40705955893,0.0555555555555555,0.013141111985443835,0.0,0.12605238730126217,0.04820780498487023
1743,529611.1810320345,181174.7867208824,0.0,0.013115800664584303,0.0,0.12643092727718927,0.04856257794200036
1744,529614.6101056186,181178.3210451288,0.0555555555555555,0.012481072038867424,0.0,0.1225350372576869,0.04647495284026581
1745,529620.8105041963,181180.51597736607,0.0,0.01210016217828704,0.0,0.11873268701365161,0.044231730464678216
1746,529627.9804660646,181167.6947810388,0.0555555555555555,0.011927523122121694,0.0,0.12142936786652495,0.042347007947467374
1747,529622.4021538448,181164.105626818,0.1666666666666666,0.012492893545220584,0.0,0.12577023790012998,0.04509651368025324
1748,529616.4868266099,181162.231315836,0.0,0.012728828575244348,0.0,0.12632409009155607,0.044852670914960674
1749,529612.8543701938,181159.00515490436,0.0,0.013076349584818603,0.0,0.12630122817811826,0.044743567355018346
1750,529608.6237720195,181156.23376868424,0.0555555555555555,0.013142473940934835,0.0,0.127852797510428,0.04429205111662862
1751,529604.2417080008,181151.73509091497,0.1111111111111111,0.013551782197759297,0.0,0.13279889157333447,0.04771102368600065
1752,529598.7091462738,181150.1839146347,0.0555555555555555,0.01396281351296635,0.0,0.13157994226045736,0.04820546401264225
1753,529595.7706357474,181142.7452211376,0.1666666666666666,0.01375264880394898,0.0,0.13558762489083084,0.045826685479181964
1754,529590.7265276219,181141.20651040145,0.1111111111111111,0.014427414793216579,0.0,0.1383682157172193,0.04724794636041405
1755,529585.8360055962,181137.47826214216,0.1111111111111111,0.014651406467440283,0.0,0.13781759576030167,0.04976597307275353
1756,529580.3931317643,181136.2427449799,0.0555555555555555,0.01464897629286971,0.0,0.13903911063300434,0.04848918391110176
1757,529575.8614328721,181133.77706133452,0.0555555555555555,0.015284875440273748,0.0,0.14324219620094383,0.050127447405157066
1758,529569.6750427843,181127.19562701933,0.0555555555555555,0.015834414745115655,0.0,0.14758309094682082,0.050148698162599877
1759,529566.1599666368,181130.8662218112,0.0,0.015985132823120054,0.0,0.15042491808428166,0.05206396705361245
1760,529561.1397894521,181128.38809778972,0.0,0.01625272825486988,0.0,0.14971589893931417,0.04977377920572436
1761,529667.3677567992,181018.60427118247,0.0555555555555555,0.012251881037345359,0.0,0.1233077665980133,0.04154647501702183
1762,529643.5177386977,181026.14293956367,0.0555555555555555,0.013172745917057159,0.0,0.12678063753500518,0.047133039425377304
1763,529630.9472894756,181016.89177033032,0.0555555555555555,0.013437599843975998,0.0,0.13036796206456133,0.04487111744115158
1764,529644.4575603255,181008.46256185876,0.1111111111111111,0.013363142274195222,0.0,0.13061081065900146,0.04804914883230112
1765,529675.7063938089,181005.969625448,0.0555555555555555,0.012125079701828157,0.0,0.11938405996290223,0.04651346758509479
1766,529398.6718069755,180693.3220909856,0.0,0.010179695330440726,0.0,0.10687769752658866,0.04002047163193631
1767,529404.6764034692,180692.0028186692,0.0,0.010019147481021824,0.0,0.10727020618925986,0.04058951957743789
1768,529410.8870971894,180691.6088927663,0.0,0.00965618272592597,0.0,0.1036695563566854,0.0368416563205447
1769,529371.4378489349,180888.8403750814,0.0,0.0207148291099361,0.0,0.17544248031894794,0.05789310008726104
1770,529455.4277206813,180889.24073606555,0.0,0.019968417604216603,0.0,0.17144852339843603,0.0538001166823442
1771,529460.4865830252,180882.93152622573,0.0,0.01888631156689718,0.0,0.16722449647714913,0.05462838450299107
1772,529272.4864332535,180896.84955620248,0.0555555555555555,0.01742717844911961,0.0,0.1579331756481416,0.053806642720983816
1773,529024.1636770646,181128.3239278916,0.0,0.009052343699884662,0.0,0.09624330254628762,0.03870189894503278
1774,529290.1391487041,180681.3686551728,0.0,0.009582814248436985,0.0,0.10230848945821479,0.038537708025991144
1775,529292.5602320988,180776.7198477168,0.0,0.012582525444224292,0.0,0.1218978771859161,0.04711016559223664
1776,529315.0684138708,180784.11241292968,0.0,0.012993764191203953,0.0,0.12608737700984535,0.046744024166515255
1777,529273.1367889454,180880.41918283032,0.0,0.016221504802797538,0.0,0.147230169779275,0.050970127643938004
1778,529267.8982557395,180886.53754383017,0.0,0.016366927817242596,0.0,0.14973721031316245,0.0505327933451212
1779,529196.9593245238,180943.44649689592,0.0,0.015007975432413619,0.0,0.14123261097344383,0.04950447172291128
1780,529209.6541331308,180928.15573136497,0.0,0.01477154525238527,0.0,0.1382057142433623,0.047459321971870576
1781,529215.3813868151,180916.0922893333,0.0,0.01500808533257108,0.0,0.13992891398055413,0.049337032180917936
1782,529133.7659636801,181075.20079077923,0.0,0.012730365131872699,0.0,0.12625407467494854,0.04684468568987316
1783,529126.2305494758,181071.95705963188,0.0,0.01242090367893574,0.0,0.12164034462010878,0.04455792792215159
1784,529140.5912338524,181068.91751671035,0.0,0.013166805272266798,0.0,0.12762547454443646,0.046167303215626246
1785,529139.2424711944,181072.99205767704,0.0,0.013066570665632661,0.0,0.12761756047680814,0.04524518382581644
1786,529108.664285411,181229.32555896236,0.0,0.0096783734339594,0.0,0.10092533589357114,0.04140750190831911
1787,529155.499904329,181185.20801154664,0.0,0.011741545071623597,0.0,0.11740568228527914,0.04444866012448012
1788,529161.8145180749,181188.9063820872,0.0,0.012232793563844819,0.0,0.12193106188612012,0.044964720301586054
1789,529149.2268655831,181171.46769388748,0.0,0.011745934339406315,0.0,0.11691702498092005,0.04311693653116352
1790,529164.7193999093,181167.068185786,0.0,0.01252805412757377,0.0,0.12569760720638612,0.045253588945801566
1791,529171.6004202564,181170.89508917413,0.0,0.012596305744753815,0.0,0.12386162425517092,0.046349630462985625
1792,529171.9918565481,181217.12572877848,0.0,0.011197887396599446,0.0,0.11509685256719683,0.039889800689158234
1793,529185.0176685544,181197.71318908813,0.0,0.012158982249252165,0.0,0.12140725786672303,0.04530992627953027
1794,529178.9210437692,181196.6452086087,0.0,0.012339013448594059,0.0,0.12228255614981004,0.04536008288966904
1795,529196.3233954483,181229.15678153167,0.0,0.01200948089450788,0.0,0.12108874022507003,0.04558433177052659
1796,529206.1802842126,181205.5552222272,0.0,0.012917805817218117,0.0,0.1268249966655689,0.04522507208002372
1797,529201.0136079883,181181.9140719116,0.0,0.013442984395919929,0.0,0.12994947787778013,0.048291621759284746
1798,529206.0849969573,181184.0972633797,0.0,0.013450977418209562,0.0,0.1288198580746289,0.04760804089523228
1799,529210.1572300612,181186.36918071556,0.0,0.013521333797713524,0.0,0.12787976826305653,0.048666480436975704
1800,529213.0174859983,181169.09487653733,0.0,0.01425270438803529,0.0,0.13691182130848825,0.0483152926868755
1801,529221.9741720153,181183.7023960016,0.0,0.013988675026331476,0.0,0.13379885058386143,0.04835408357059381
1802,529224.8174945131,181178.29668756857,0.0,0.013968225037870687,0.0,0.13630727888151073,0.04584426456748029
1803,529226.9550128586,181172.6447820745,0.0,0.014221835232843951,0.0,0.13959528694081272,0.04665745887672677
1804,529218.7489506637,181190.1255218468,0.0,0.013321747223183862,0.0,0.12905188742413198,0.04625062248450507
1805,529241.1272784448,181203.3624997644,0.0,0.013919611486831494,0.0,0.1353109716659241,0.04639515834922194
1806,529247.9602399486,181206.27528704645,0.0,0.013997070830071899,0.0,0.13583511983960073,0.05019017888518748
1807,529243.6148087297,181197.9477527284,0.0,0.014263385128171496,0.0,0.13535863022210426,0.048383316283737876
1808,529246.7746984552,181191.2947294256,0.0,0.014603480740973738,0.0,0.1391479964227267,0.0486727179225654
1809,529250.3963703859,181183.28394992492,0.0,0.015215817067722017,0.0,0.14218509282761377,0.04960551741528931
1810,529254.1411456155,181209.62799986743,0.0,0.014336006054350077,0.0,0.13719647232926596,0.04899688047209249
1811,529259.8950804211,181212.9698601337,0.0,0.01393561350585365,0.0,0.13535714836384052,0.046600312352026864
1812,529250.6782112033,181230.99546691804,0.0,0.012665662169809248,0.0,0.12604660901671408,0.04495301812097893
1813,529253.2705272257,181232.65915469,0.0,0.013556930561559863,0.0,0.1293771194988423,0.047472268339577614
1814,529243.219346132,181227.49612973825,0.0,0.012950975046717977,0.0,0.1277947104265696,0.045210986925890234
1815,529276.5076929484,181223.32134275528,0.0,0.014120233204571207,0.0,0.13342049305033593,0.049356154947765116
1816,529274.5458993731,181230.46132798464,0.0,0.013328896748997232,0.0,0.1315819473526478,0.04513479269394504
1817,529177.6693035889,181115.0743246808,0.0,0.01477204641606576,0.0,0.13584875443370886,0.050574178975138384
1818,529189.3551335059,181005.4519994896,0.0,0.015706600096040302,0.0,0.14372430680303963,0.0508420248411501
1819,529193.6292184676,181009.87459652903,0.0,0.01608281715717857,0.0,0.14974443450857167,0.0507717490948914
1820,529420.5543461101,180791.2331337292,0.0,0.01363797039558936,0.0,0.13259415277555975,0.0461259168338489
1821,529496.3131351793,180726.70818550745,0.0,0.010587008308379612,0.0,0.10883713182931552,0.04148764834616801
1822,529502.7674815266,180683.2711744517,0.0,0.009516994964710996,0.0,0.10113908772887827,0.038845795747583525
1823,529580.2140215554,180791.84319075887,0.0,0.010752147586031616,0.0,0.11123336813171972,0.03905772424050744
1824,529494.3767402696,180916.8514609498,0.0,0.020059460992000098,0.0,0.17261131846209776,0.056426252878846096
1825,529508.165990033,180924.26927242504,0.0,0.01958592444575847,0.0,0.1691148385257406,0.05548504631056907
1826,529510.9059378718,180919.82859568665,0.0,0.019672480612608196,0.0,0.1679363145703183,0.05701585762649709
1827,529503.0346121676,180912.1105207176,0.0,0.019503527130972077,0.0,0.1705560866539063,0.05706709925267864
1828,529499.2443329465,180909.9090417864,0.0,0.019164862513058926,0.0,0.16923738899982516,0.05520220505178147
1829,529507.4082044535,180931.91780889285,0.0,0.020769913576669862,0.0,0.17826493591375195,0.05776741818029686
1830,529512.9376466961,180935.81746384304,0.0,0.020817503697471984,0.0,0.17702102581150733,0.059508649797300445
1831,529404.1315597844,181053.0250305896,0.0,0.05018378751521374,0.0,0.2991393826658776,0.0969946533247167
1832,529361.9869467489,181056.24769462613,0.0,0.04010685715025892,0.0,0.2693895766125949,0.08452146832642013
1833,529364.8694472573,181038.82403005383,0.0,0.04552448995437197,0.0,0.284014605097391,0.09200782486290827
1834,529336.8858759427,181061.37911355568,0.0,0.03372796786335297,0.0,0.2339306986420306,0.07710557504057455
1835,529429.7200099888,181119.21194876416,0.0,0.026363228234519157,0.0,0.20554251485966776,0.06503440385726185
1836,529446.4261723497,181142.71867800545,0.0,0.022424135898350028,0.0,0.1860538359002275,0.05881042717627157
1837,529448.0819005881,181136.9905482912,0.0,0.02296391802343558,0.0,0.18873392351413795,0.06248377526368623
1838,529450.531132706,181132.02718720707,0.0,0.02394190561351152,0.0,0.19149483873285986,0.0627770671608539
1839,529500.9061459065,181101.29473358643,0.0,0.023043633624846013,0.0,0.1853115000452386,0.06240438869267041
1840,529532.8761486068,180995.26574336068,0.0,0.020875965413868887,0.0,0.1787432133531171,0.056871360396100946
1841,529560.6857473318,180970.47358715872,0.0,0.017758142661500827,0.0,0.1575805874524874,0.05268769594072616
1842,529573.30696995,181035.75787333003,0.0,0.01726200915194354,0.0,0.1554241954352602,0.05371769117530042
1843,529573.5605770751,181030.36630770977,0.0,0.016932901835528945,0.0,0.1534278422439244,0.0495736520479729
1844,529559.9712256425,181030.39212688664,0.0,0.018197175395538674,0.0,0.16297607210317905,0.05288768728751906
1845,529567.0016546895,181027.96541612217,0.0,0.018109720820911748,0.0,0.16129984082645601,0.05483322140405931
1846,529581.0468830027,180991.8402681781,0.0,0.0167948294597427,0.0,0.15282422745537688,0.05091179421027862
1847,529586.0685033953,180995.3188113036,0.0,0.01579621396090998,0.0,0.15122145442076917,0.04879193096975671
1848,529566.8385762435,180925.02639495995,0.0,0.015925861322373714,0.0,0.14914664320610274,0.04833853640505937
1849,529605.5674768153,180868.31080017835,0.0,0.013005888453690074,0.0,0.12608150313173425,0.048167779310278394
1850,529616.0195533154,180841.0287750605,0.0,0.011709390238695782,0.0,0.11812889229189094,0.04461563884878021
1851,529638.1344822156,180848.29382688453,0.0,0.01132687731689232,0.0,0.11584127508159375,0.04327951770420129
