,simulation,model,scale1_post_mean,scale1_rhat,scale1_ess_bulk,scale1_bias,scale1_abs_bias,scale1_relative_error,scale1_covered,scale1_converged,exponent1_post_mean,exponent1_rhat,exponent1_ess_bulk,exponent1_bias,exponent1_abs_bias,exponent1_relative_error,exponent1_covered,exponent1_converged,scale2_post_mean,scale2_rhat,scale2_ess_bulk,scale2_bias,scale2_abs_bias,scale2_relative_error,scale2_covered,scale2_converged,exponent2_post_mean,exponent2_rhat,exponent2_ess_bulk,exponent2_bias,exponent2_abs_bias,exponent2_relative_error,exponent2_covered,exponent2_converged,weight_post_mean,weight_rhat,weight_ess_bulk,weight_bias,weight_abs_bias,weight_relative_error,weight_covered,weight_converged,q_param_post_mean,q_param_rhat,q_param_ess_bulk,q_param_bias,q_param_abs_bias,q_param_relative_error,q_param_covered,q_param_converged,pi0_post_mean,pi0_rhat,pi0_ess_bulk,pi0_bias,pi0_abs_bias,pi0_relative_error,pi0_covered,pi0_converged,phi_post_mean,phi_rhat,phi_ess_bulk,phi_bias,phi_abs_bias,phi_relative_error,phi_covered,phi_converged,n_fx1,fx1_post_mean_avg,fx1_post_mean_sd,fx1_post_mean_min,fx1_post_mean_max,fx1_bias_mean,fx1_bias_sd,fx1_rmse,fx1_mae,fx1_coverage_rate,fx1_n_covered,fx1_n_rhat_nan,fx1_rhat_mean,fx1_rhat_max,fx1_n_rhat_above_1.01,fx1_ess_bulk_min,fx1_ess_bulk_mean,fx1_n_ess_below_400,n_fx2,fx2_post_mean_avg,fx2_post_mean_sd,fx2_post_mean_min,fx2_post_mean_max,fx2_bias_mean,fx2_bias_sd,fx2_rmse,fx2_mae,fx2_coverage_rate,fx2_n_covered,fx2_n_rhat_nan,fx2_rhat_mean,fx2_rhat_max,fx2_n_rhat_above_1.01,fx2_ess_bulk_min,fx2_ess_bulk_mean,fx2_n_ess_below_400,n_fy1,fy1_post_mean_avg,fy1_post_mean_sd,fy1_post_mean_min,fy1_post_mean_max,fy1_bias_mean,fy1_bias_sd,fy1_rmse,fy1_mae,fy1_coverage_rate,fy1_n_covered,fy1_n_rhat_nan,fy1_rhat_mean,fy1_rhat_max,fy1_n_rhat_above_1.01,fy1_ess_bulk_min,fy1_ess_bulk_mean,fy1_n_ess_below_400,n_fy2,fy2_post_mean_avg,fy2_post_mean_sd,fy2_post_mean_min,fy2_post_mean_max,fy2_bias_mean,fy2_bias_sd,fy2_rmse,fy2_mae,fy2_coverage_rate,fy2_n_covered,fy2_n_rhat_nan,fy2_rhat_mean,fy2_rhat_max,fy2_n_rhat_above_1.01,fy2_ess_bulk_min,fy2_ess_bulk_mean,fy2_n_ess_below_400
0,0,power_law,4.983,1.0,4687.0,-0.017000000000000348,0.017000000000000348,0.34000000000000696,1,1,2.163,1.0,6007.0,0.1629999999999998,0.1629999999999998,8.149999999999991,1,1,6.557,1.0,1568.0,1.5570000000000004,1.5570000000000004,31.140000000000008,1,1,2.48,1.0,1324.0,0.48,0.48,24.0,1,1,0.522,1.0,17897.0,-0.07799999999999996,0.07799999999999996,12.999999999999995,1,1,0.017,1.0,1408.0,0.007000000000000001,0.007000000000000001,70.0,1,1,0.324,1.01,36559.0,0.02400000000000002,0.02400000000000002,8.000000000000007,1,1,17.131,1.0,9495.0,-0.8689999999999998,0.8689999999999998,4.827777777777777,1,1,4,0.35225,0.3113056175207894,0.052,0.867,0.35225,0.3113056175207894,0.47009706444520577,0.35225,1.0,4,0,1.0025,1.01,0,6238.0,16780.75,0,4,0.25075,0.06876181716621516,0.158,0.343,0.25075,0.06876181716621516,0.26000721143845223,0.25075,1.0,4,0,1.0025,1.01,0,517.0,6912.5,0,4,-0.258,0.48281828880024835,-0.993,0.319,-0.258,0.48281828880024835,0.5474280774677163,0.4175,1.0,4,0,1.0,1.0,0,1413.0,12160.75,0,4,50.59675,0.2860151875338105,50.15,50.926,0.5967500000000001,0.2860151875338105,0.6617516528124435,0.5967500000000001,1.0,4,0,1.0,1.0,0,3322.0,11288.25,0
1,1,power_law,7.637,1.0,12905.0,2.6369999999999996,2.6369999999999996,52.73999999999999,1,1,2.707,1.0,13846.0,0.7069999999999999,0.7069999999999999,35.349999999999994,1,1,6.255,1.0,10754.0,1.255,1.255,25.1,1,1,2.14,1.0,11842.0,0.14000000000000012,0.14000000000000012,7.000000000000006,1,1,0.547,1.0,15597.0,-0.052999999999999936,0.052999999999999936,8.833333333333323,1,1,0.007,1.0,28140.0,-0.003,0.003,30.0,1,1,0.325,1.0,38148.0,0.025000000000000022,0.025000000000000022,8.333333333333341,1,1,14.469,1.0,22063.0,-3.5310000000000006,3.5310000000000006,19.61666666666667,0,1,4,0.5912499999999999,0.4433990161243031,0.175,1.314,0.5912499999999999,0.4433990161243031,0.7390394103158505,0.5912499999999999,1.0,4,0,1.0,1.0,0,3340.0,12944.25,0,4,0.4215,0.22096323223559164,0.177,0.727,0.4215,0.22096323223559164,0.4759065034226786,0.4215,1.0,4,0,1.0,1.0,0,10500.0,14101.0,0,4,-0.39625,0.25493271171036486,-0.644,0.017,-0.39625,0.25493271171036486,0.4711738002054019,0.40475,1.0,4,0,1.0,1.0,0,16753.0,20314.0,0,4,50.30825,0.29376212740923496,49.912,50.736,0.30824999999999925,0.29376212740923496,0.42581011026042953,0.35224999999999973,1.0,4,0,1.0,1.0,0,16604.0,19619.5,0
2,2,power_law,4.379,1.0,15476.0,-0.6210000000000004,0.6210000000000004,12.420000000000009,1,1,2.172,1.0,15285.0,0.17200000000000015,0.17200000000000015,8.600000000000009,1,1,5.327,1.0,12227.0,0.32699999999999996,0.32699999999999996,6.539999999999998,1,1,2.014,1.0,9989.0,0.01399999999999979,0.01399999999999979,0.6999999999999895,1,1,0.536,1.0,19027.0,-0.06399999999999995,0.06399999999999995,10.666666666666657,1,1,0.018,1.0,33233.0,0.007999999999999998,0.007999999999999998,79.99999999999999,1,1,0.255,1.0,21112.0,-0.044999999999999984,0.044999999999999984,14.999999999999996,1,1,18.853,1.0,22505.0,0.8530000000000015,0.8530000000000015,4.738888888888897,1,1,4,0.2235,0.09198233526063576,0.101,0.359,0.2235,0.09198233526063576,0.2416878151665905,0.2235,1.0,4,0,1.0,1.0,0,8314.0,15962.25,0,4,0.479,0.17907121488391148,0.282,0.7,0.479,0.17907121488391148,0.5113780402011803,0.479,1.0,4,0,1.0,1.0,0,11046.0,14877.25,0,4,0.63725,0.19602853746329893,0.464,0.947,0.63725,0.19602853746329893,0.6667193937482244,0.63725,1.0,4,0,1.0,1.0,0,25932.0,29257.0,0,4,50.533500000000004,0.6138479046148161,49.717,51.182,0.5335000000000001,0.6138479046148161,0.8132843906039267,0.6750000000000007,1.0,4,0,1.0,1.0,0,14489.0,17230.25,0
3,3,power_law,5.508,1.0,9615.0,0.508,0.508,10.16,1,1,2.355,1.0,10654.0,0.355,0.355,17.75,1,1,5.633,1.0,12119.0,0.633,0.633,12.659999999999998,1,1,2.062,1.01,13262.0,0.06199999999999983,0.06199999999999983,3.0999999999999917,1,1,0.521,1.0,3670.0,-0.07899999999999996,0.07899999999999996,13.16666666666666,1,1,0.02,1.0,31567.0,0.01,0.01,100.0,1,1,0.319,1.0,1576.0,0.019000000000000017,0.019000000000000017,6.333333333333339,1,1,16.206,1.0,15308.0,-1.7940000000000005,1.7940000000000005,9.96666666666667,1,1,4,0.18424999999999997,0.09075619813544417,0.093,0.288,0.18424999999999997,0.09075619813544417,0.20538926456852608,0.18424999999999997,1.0,4,0,1.0025,1.01,0,2663.0,10558.75,0,4,0.2945,0.1097599653790033,0.163,0.466,0.2945,0.1097599653790033,0.31428887985418763,0.2945,1.0,4,0,1.0125000000000002,1.02,2,2139.0,13419.0,0,4,-0.2175,0.6402146124542926,-1.008,0.66,-0.2175,0.6402146124542926,0.6761516102177085,0.5905,1.0,4,0,1.005,1.01,0,4054.0,13750.25,0,4,50.76475000000001,0.3486426358034827,50.436,51.283,0.7647500000000012,0.3486426358034827,0.840472634890632,0.7647500000000012,1.0,4,0,1.0,1.0,0,3219.0,7202.75,0
4,4,power_law,4.555,1.0,10240.0,-0.4450000000000003,0.4450000000000003,8.900000000000006,1,1,1.995,1.0,12070.0,-0.004999999999999893,0.004999999999999893,0.24999999999999467,1,1,5.409,1.0,14044.0,0.4089999999999998,0.4089999999999998,8.179999999999996,1,1,2.039,1.0,14717.0,0.039000000000000146,0.039000000000000146,1.9500000000000073,1,1,0.552,1.0,17612.0,-0.04799999999999993,0.04799999999999993,7.999999999999989,1,1,0.013,1.0,29388.0,0.002999999999999999,0.002999999999999999,29.999999999999993,1,1,0.302,1.0,35470.0,0.0020000000000000018,0.0020000000000000018,0.6666666666666673,1,1,16.393,1.0,20823.0,-1.6069999999999993,1.6069999999999993,8.927777777777774,1,1,4,0.25875,0.1564486736920451,0.094,0.455,0.25875,0.1564486736920451,0.302370220094506,0.25875,1.0,4,0,1.0,1.0,0,8078.0,14379.0,0,4,0.5662499999999999,0.28625807848862533,0.375,1.061,0.5662499999999999,0.28625807848862533,0.6344940898069894,0.5662499999999999,1.0,4,0,1.0,1.0,0,11287.0,15747.5,0,4,-0.12375,0.30784929348627715,-0.361,0.4,-0.12375,0.30784929348627715,0.3317909733552135,0.32375,1.0,4,0,1.0,1.0,0,16693.0,18690.75,0,4,50.36125,0.9756813965122025,48.842,51.299,0.36125000000000007,0.9756813965122025,1.040411336924008,0.9402500000000007,1.0,4,0,1.0,1.0,0,15385.0,18203.0,0
5,5,power_law,4.779,1.0,13054.0,-0.22100000000000009,0.22100000000000009,4.420000000000002,1,1,2.073,1.0,14123.0,0.07299999999999995,0.07299999999999995,3.6499999999999977,1,1,6.511,1.0,14396.0,1.5110000000000001,1.5110000000000001,30.220000000000002,1,1,2.19,1.0,15494.0,0.18999999999999995,0.18999999999999995,9.499999999999996,1,1,0.552,1.0,18312.0,-0.04799999999999993,0.04799999999999993,7.999999999999989,1,1,0.019,1.0,29506.0,0.009,0.009,89.99999999999999,1,1,0.283,1.0,34045.0,-0.017000000000000015,0.017000000000000015,5.666666666666672,1,1,15.22,1.0,19021.0,-2.7799999999999994,2.7799999999999994,15.444444444444441,1,1,4,0.28774999999999995,0.15547728933834679,0.105,0.496,0.28774999999999995,0.15547728933834679,0.32706765355198303,0.28774999999999995,1.0,4,0,1.0,1.0,0,11684.0,17158.75,0,4,0.68275,0.2785681020863659,0.25,1.019,0.68275,0.2785681020863659,0.7373925345431699,0.68275,1.0,4,0,1.0,1.0,0,9478.0,13040.25,0,4,0.0024999999999999953,0.5342440921526415,-0.734,0.716,0.0024999999999999953,0.5342440921526415,0.534249941506782,0.46849999999999997,1.0,4,0,1.0,1.0,0,16644.0,23807.5,0,4,50.336749999999995,0.36073492692003034,49.716,50.61,0.3367500000000003,0.36073492692003034,0.4934878417955197,0.4787499999999998,1.0,4,0,1.0,1.0,0,19166.0,20412.0,0
6,6,power_law,6.037,1.0,13780.0,1.037,1.037,20.74,1,1,2.473,1.0,14183.0,0.47299999999999986,0.47299999999999986,23.64999999999999,1,1,5.872,1.0,11690.0,0.8719999999999999,0.8719999999999999,17.439999999999998,1,1,2.086,1.0,12350.0,0.08599999999999985,0.08599999999999985,4.299999999999993,1,1,0.573,1.0,15446.0,-0.027000000000000024,0.027000000000000024,4.5000000000000036,1,1,0.01,1.0,22385.0,0.0,0.0,0.0,1,1,0.311,1.0,37475.0,0.01100000000000001,0.01100000000000001,3.66666666666667,1,1,16.319,1.0,19176.0,-1.681000000000001,1.681000000000001,9.338888888888894,1,1,4,0.26149999999999995,0.08912210724618218,0.121,0.363,0.26149999999999995,0.08912210724618218,0.2762697956708261,0.26149999999999995,1.0,4,0,1.0,1.0,0,10658.0,13330.75,0,4,0.39125000000000004,0.0893151023063849,0.274,0.517,0.39125000000000004,0.0893151023063849,0.40131502588365664,0.39125000000000004,1.0,4,0,1.0,1.0,0,12783.0,15177.25,0,4,-0.095,0.42935358389094647,-0.722,0.487,-0.095,0.42935358389094647,0.4397379901714201,0.3385,1.0,4,0,1.0,1.0,0,13248.0,18576.5,0,4,49.919999999999995,0.15794302770302757,49.694,50.068,-0.08000000000000007,0.15794302770302757,0.1770480160860306,0.1479999999999979,1.0,4,0,1.0,1.0,0,16340.0,19047.0,0
7,7,power_law,6.091,1.0,11742.0,1.0910000000000002,1.0910000000000002,21.820000000000004,1,1,2.512,1.0,11521.0,0.512,0.512,25.6,1,1,5.77,1.0,11612.0,0.7699999999999996,0.7699999999999996,15.399999999999991,1,1,2.257,1.0,13354.0,0.2570000000000001,0.2570000000000001,12.850000000000005,1,1,0.523,1.0,14071.0,-0.07699999999999996,0.07699999999999996,12.833333333333327,1,1,0.013,1.0,5941.0,0.002999999999999999,0.002999999999999999,29.999999999999993,1,1,0.28,1.0,27204.0,-0.019999999999999962,0.019999999999999962,6.666666666666654,1,1,15.592,1.0,14478.0,-2.4079999999999995,2.4079999999999995,13.377777777777775,1,1,4,0.3035,0.1893904696651867,0.127,0.623,0.3035,0.1893904696651867,0.3577443221072838,0.3035,1.0,4,0,1.0,1.0,0,7203.0,10884.75,0,4,0.5325,0.28844886895254074,0.126,0.93,0.5325,0.28844886895254074,0.6056063077610735,0.5325,1.0,4,0,1.0,1.0,0,3461.0,10115.5,0,4,-0.1225,0.21846109493454435,-0.329,0.245,-0.1225,0.21846109493454435,0.25046257205418937,0.245,1.0,4,0,1.0,1.0,0,12851.0,16358.5,0,4,49.59675,0.4749154530018986,48.981,50.162,-0.4032499999999999,0.4749154530018986,0.6230210670595324,0.4842499999999994,1.0,4,0,1.0,1.0,0,10261.0,16424.0,0
8,8,power_law,6.692,1.0,15585.0,1.6920000000000002,1.6920000000000002,33.84,1,1,2.48,1.0,15558.0,0.48,0.48,24.0,1,1,6.083,1.0,13945.0,1.0830000000000002,1.0830000000000002,21.660000000000004,1,1,2.207,1.0,14395.0,0.20699999999999985,0.20699999999999985,10.349999999999993,1,1,0.545,1.0,14867.0,-0.05499999999999994,0.05499999999999994,9.166666666666657,1,1,0.022,1.0,21296.0,0.011999999999999999,0.011999999999999999,119.99999999999997,1,1,0.286,1.0,30547.0,-0.014000000000000012,0.014000000000000012,4.666666666666671,1,1,19.673,1.0,23976.0,1.6729999999999983,1.6729999999999983,9.294444444444434,1,1,4,0.61325,0.37750786415649673,0.101,1.158,0.61325,0.37750786415649673,0.7201303701414071,0.61325,1.0,4,0,1.0,1.0,0,3598.0,4410.0,0,4,0.27675,0.1043225167449482,0.165,0.439,0.27675,0.1043225167449482,0.2957596152283134,0.27675,1.0,4,0,1.0,1.0,0,13728.0,17749.25,0,4,-0.48675,0.9092484190252959,-1.584,0.906,-0.48675,0.9092484190252959,1.031338087146984,0.9397500000000001,0.75,3,0,1.0,1.0,0,3422.0,13915.5,0,4,50.12875,0.42825014594276534,49.675,50.797,0.12874999999999837,0.42825014594276534,0.44718536425066435,0.36575000000000024,1.0,4,0,1.0,1.0,0,17919.0,21777.25,0
9,9,power_law,4.106,1.0,11494.0,-0.8940000000000001,0.8940000000000001,17.880000000000003,1,1,1.876,1.0,12295.0,-0.12400000000000011,0.12400000000000011,6.2000000000000055,1,1,4.727,1.0,12467.0,-0.2729999999999997,0.2729999999999997,5.459999999999994,1,1,2.138,1.0,13074.0,0.1379999999999999,0.1379999999999999,6.899999999999995,1,1,0.533,1.0,17054.0,-0.06699999999999995,0.06699999999999995,11.166666666666657,1,1,0.01,1.0,26131.0,0.0,0.0,0.0,1,1,0.318,1.0,32412.0,0.018000000000000016,0.018000000000000016,6.000000000000005,1,1,17.419,1.0,19484.0,-0.5809999999999995,0.5809999999999995,3.227777777777775,1,1,4,0.306,0.23098160099886744,0.06,0.613,0.306,0.23098160099886744,0.3833907927950279,0.306,1.0,4,0,1.0,1.0,0,7461.0,16187.5,0,4,0.22425,0.05794124178855679,0.166,0.319,0.22425,0.05794124178855679,0.23161444255486313,0.22425,1.0,4,0,1.0,1.0,0,16535.0,19679.75,0,4,-0.07550000000000001,0.3310532434518653,-0.559,0.374,-0.07550000000000001,0.3310532434518653,0.3395533831373206,0.2625,1.0,4,0,1.0,1.0,0,18878.0,23671.25,0,4,50.7705,0.6225602380493008,50.099,51.777,0.7704999999999984,0.6225602380493008,0.9905813949393557,0.7704999999999984,0.75,3,0,1.0,1.0,0,18967.0,20536.0,0
10,10,power_law,4.83,1.0,6989.0,-0.16999999999999993,0.16999999999999993,3.399999999999999,1,1,1.991,1.0,10618.0,-0.008999999999999897,0.008999999999999897,0.44999999999999485,1,1,5.377,1.0,10449.0,0.3769999999999998,0.3769999999999998,7.539999999999996,1,1,2.283,1.0,12241.0,0.2829999999999999,0.2829999999999999,14.149999999999995,1,1,0.481,1.0,2170.0,-0.119,0.119,19.833333333333332,1,1,0.01,1.0,4172.0,0.0,0.0,0.0,1,1,0.309,1.0,7163.0,0.009000000000000008,0.009000000000000008,3.0000000000000027,1,1,18.315,1.0,13414.0,0.3150000000000013,0.3150000000000013,1.750000000000007,1,1,4,0.306,0.012509996003196815,0.293,0.319,0.306,0.012509996003196815,0.30625561219347475,0.306,1.0,4,0,1.0,1.0,0,2891.0,6510.5,0,4,0.372,0.16273137374212757,0.147,0.603,0.372,0.16273137374212757,0.4060363284239478,0.372,1.0,4,0,1.0,1.0,0,7021.0,9902.0,0,4,-0.44275000000000003,0.4288556721089276,-1.081,0.067,-0.44275000000000003,0.4288556721089276,0.6163965850002739,0.47625,1.0,4,0,1.0,1.0,0,1851.0,7395.5,0,4,50.33725,0.2730671849563776,49.958,50.707,0.33724999999999916,0.2730671849563776,0.43393922385513845,0.35824999999999996,1.0,4,0,1.0,1.0,0,2446.0,10326.0,0
11,11,power_law,5.482,1.0,15808.0,0.4820000000000002,0.4820000000000002,9.640000000000004,1,1,2.007,1.0,16896.0,0.007000000000000117,0.007000000000000117,0.35000000000000586,1,1,5.25,1.0,15404.0,0.25,0.25,5.0,1,1,2.249,1.0,16781.0,0.2490000000000001,0.2490000000000001,12.450000000000006,1,1,0.477,1.0,18316.0,-0.123,0.123,20.5,1,1,0.009,1.0,29191.0,-0.0010000000000000009,0.0010000000000000009,10.000000000000009,1,1,0.274,1.0,33237.0,-0.025999999999999968,0.025999999999999968,8.666666666666655,1,1,17.632,1.0,20199.0,-0.36799999999999855,0.36799999999999855,2.0444444444444363,1,1,4,0.38125,0.06664598637577508,0.319,0.492,0.38125,0.06664598637577508,0.3870313294812191,0.38125,1.0,4,0,1.0,1.0,0,9940.0,15010.75,0,4,0.7577499999999999,0.8957447669397796,0.143,2.303,0.7577499999999999,0.8957447669397796,1.1732620125104196,0.7577499999999999,1.0,4,0,1.0,1.0,0,2574.0,12854.0,0,4,0.019250000000000017,0.5035674607239828,-0.612,0.767,0.019250000000000017,0.5035674607239828,0.5039352636996145,0.42375,1.0,4,0,1.0,1.0,0,16721.0,22026.5,0,4,50.2785,0.5056903696927594,49.662,50.992,0.2784999999999993,0.5056903696927594,0.5773084097776502,0.45950000000000024,1.0,4,0,1.0,1.0,0,19398.0,22666.5,0
12,12,power_law,5.005,1.0,14587.0,0.004999999999999893,0.004999999999999893,0.09999999999999788,1,1,2.293,1.0,15601.0,0.29300000000000015,0.29300000000000015,14.650000000000007,1,1,5.083,1.0,11680.0,0.08300000000000018,0.08300000000000018,1.660000000000004,1,1,2.102,1.0,12462.0,0.10199999999999987,0.10199999999999987,5.099999999999993,1,1,0.529,1.0,19764.0,-0.07099999999999995,0.07099999999999995,11.833333333333327,1,1,0.006,1.0,16137.0,-0.004,0.004,40.0,1,1,0.301,1.0,39073.0,0.0010000000000000009,0.0010000000000000009,0.33333333333333365,1,1,19.557,1.0,21045.0,1.5569999999999986,1.5569999999999986,8.649999999999993,1,1,4,0.1565,0.04448876262608346,0.123,0.233,0.1565,0.04448876262608346,0.16270064535827755,0.1565,1.0,4,0,1.0,1.0,0,12505.0,18137.25,0,4,0.36474999999999996,0.25521302376642147,0.075,0.76,0.36474999999999996,0.25521302376642147,0.4451699113821598,0.36474999999999996,1.0,4,0,1.0,1.0,0,4109.0,14231.25,0,4,-0.0395,0.2849302546238289,-0.292,0.437,-0.0395,0.2849302546238289,0.28765517551401715,0.258,1.0,4,0,1.0,1.0,0,24024.0,24766.25,0,4,50.04525,0.4710941386814302,49.396,50.727,0.045249999999999346,0.4710941386814302,0.47326234796357775,0.34724999999999895,1.0,4,0,1.0,1.0,0,18069.0,20600.25,0
13,13,power_law,4.38,1.0,11166.0,-0.6200000000000001,0.6200000000000001,12.400000000000002,1,1,2.061,1.0,11848.0,0.06099999999999994,0.06099999999999994,3.049999999999997,1,1,5.416,1.0,11106.0,0.41600000000000037,0.41600000000000037,8.320000000000007,1,1,2.222,1.0,11080.0,0.22199999999999998,0.22199999999999998,11.099999999999998,1,1,0.546,1.0,16962.0,-0.05399999999999994,0.05399999999999994,8.99999999999999,1,1,0.006,1.0,26628.0,-0.004,0.004,40.0,1,1,0.296,1.0,34133.0,-0.0040000000000000036,0.0040000000000000036,1.3333333333333346,1,1,18.353,1.0,20136.0,0.35300000000000153,0.35300000000000153,1.9611111111111197,1,1,4,0.20575000000000002,0.1929162706979378,0.054,0.537,0.20575000000000002,0.1929162706979378,0.28204565233309303,0.20575000000000002,1.0,4,0,1.0,1.0,0,4564.0,14666.5,0,4,0.234,0.04500555521266236,0.168,0.278,0.234,0.04500555521266236,0.2382886904576044,0.234,1.0,4,0,1.0,1.0,0,13564.0,16919.25,0,4,0.22225,0.16984459808895896,0.097,0.514,0.22225,0.16984459808895896,0.27971816172712133,0.22225,1.0,4,0,1.0,1.0,0,19170.0,24301.0,0,4,50.414,0.4950691870839867,49.957,51.192,0.4140000000000015,0.4950691870839867,0.6453599770670634,0.4355000000000011,1.0,4,0,1.0,1.0,0,18825.0,23325.0,0
14,14,power_law,9.35,1.0,17058.0,4.35,4.35,86.99999999999999,1,1,2.777,1.0,17934.0,0.7770000000000001,0.7770000000000001,38.85000000000001,1,1,8.243,1.0,13574.0,3.2430000000000003,3.2430000000000003,64.86000000000001,1,1,2.703,1.0,15354.0,0.7029999999999998,0.7029999999999998,35.14999999999999,1,1,0.528,1.0,16751.0,-0.07199999999999995,0.07199999999999995,11.999999999999993,1,1,0.01,1.0,32407.0,0.0,0.0,0.0,1,1,0.317,1.0,35724.0,0.017000000000000015,0.017000000000000015,5.666666666666672,1,1,15.53,1.0,30655.0,-2.4700000000000006,2.4700000000000006,13.722222222222225,1,1,4,0.73125,0.28375198237192983,0.295,1.055,0.73125,0.28375198237192983,0.7843734760941372,0.73125,1.0,4,0,1.0,1.0,0,5745.0,14576.5,0,4,0.6025,0.2369266764212084,0.331,0.974,0.6025,0.2369266764212084,0.6474106115905114,0.6025,1.0,4,0,1.0,1.0,0,8014.0,16363.25,0,4,-1.0725,0.5083352732203422,-1.877,-0.517,-1.0725,0.5083352732203422,1.1868702540716065,1.0725,1.0,4,0,1.0,1.0,0,16783.0,18854.5,0,4,50.79625,0.5661679852305308,50.302,51.757,0.7962500000000006,0.5661679852305308,0.9770159927043157,0.7962500000000006,1.0,4,0,1.0,1.0,0,16294.0,19301.5,0
15,15,power_law,4.978,1.0,10046.0,-0.02200000000000024,0.02200000000000024,0.4400000000000048,1,1,1.96,1.0,11225.0,-0.040000000000000036,0.040000000000000036,2.0000000000000018,1,1,4.929,1.0,12788.0,-0.07099999999999973,0.07099999999999973,1.4199999999999946,1,1,2.339,1.0,14087.0,0.33899999999999997,0.33899999999999997,16.95,1,1,0.494,1.0,11018.0,-0.10599999999999998,0.10599999999999998,17.666666666666664,1,1,0.013,1.0,27941.0,0.002999999999999999,0.002999999999999999,29.999999999999993,1,1,0.304,1.0,36796.0,0.0040000000000000036,0.0040000000000000036,1.3333333333333346,1,1,15.974,1.0,22056.0,-2.026,2.026,11.255555555555555,1,1,4,0.30675,0.15889835587569812,0.118,0.531,0.30675,0.15889835587569812,0.3454623713228403,0.30675,1.0,4,0,1.0,1.0,0,9212.0,15477.75,0,4,0.311,0.20345884104653697,0.101,0.566,0.311,0.20345884104653697,0.37164028306952945,0.311,1.0,4,0,1.0,1.0,0,11662.0,17729.0,0,4,-0.379,0.3323273988102696,-0.885,0.045,-0.379,0.3323273988102696,0.5040659679049956,0.4015,1.0,4,0,1.0,1.0,0,8952.0,16978.25,0,4,49.89575,0.39557260711530623,49.278,50.381,-0.1042500000000004,0.39557260711530623,0.40907914882086144,0.2947500000000005,1.0,4,0,1.0,1.0,0,14380.0,21417.25,0
16,16,power_law,6.785,1.0,16413.0,1.7850000000000001,1.7850000000000001,35.7,1,1,2.531,1.0,17245.0,0.5310000000000001,0.5310000000000001,26.550000000000008,1,1,5.473,1.0,14011.0,0.47299999999999986,0.47299999999999986,9.459999999999997,1,1,2.245,1.0,14745.0,0.2450000000000001,0.2450000000000001,12.250000000000005,1,1,0.49,1.0,19732.0,-0.10999999999999999,0.10999999999999999,18.333333333333332,1,1,0.017,1.0,31547.0,0.007000000000000001,0.007000000000000001,70.0,1,1,0.331,1.0,37825.0,0.031000000000000028,0.031000000000000028,10.333333333333343,1,1,18.644,1.0,25182.0,0.6439999999999984,0.6439999999999984,3.5777777777777686,1,1,4,0.436,0.26105076134729044,0.2,0.873,0.436,0.26105076134729044,0.5081766425171468,0.436,1.0,4,0,1.0,1.0,0,4211.0,14150.0,0,4,0.28125,0.15391454609620236,0.114,0.507,0.28125,0.15391454609620236,0.3206107452971594,0.28125,1.0,4,0,1.0,1.0,0,6215.0,14108.5,0,4,0.3425,0.6381396790672086,-0.328,1.375,0.3425,0.6381396790672086,0.7242433983130258,0.5065,1.0,4,0,1.0,1.0,0,21334.0,24812.0,0,4,50.3425,0.5146039739450133,49.531,50.884,0.34249999999999936,0.5146039739450133,0.6181613866944453,0.577,1.0,4,0,1.0,1.0,0,16764.0,22182.25,0
17,17,power_law,3.916,1.0,11184.0,-1.084,1.084,21.680000000000003,1,1,1.762,1.0,12581.0,-0.238,0.238,11.899999999999999,1,1,6.042,1.0,12599.0,1.0419999999999998,1.0419999999999998,20.839999999999996,1,1,2.3,1.0,13537.0,0.2999999999999998,0.2999999999999998,14.999999999999991,1,1,0.508,1.0,16068.0,-0.09199999999999997,0.09199999999999997,15.333333333333329,1,1,0.029,1.0,32698.0,0.019000000000000003,0.019000000000000003,190.00000000000003,0,1,0.294,1.0,27251.0,-0.006000000000000005,0.006000000000000005,2.0000000000000018,1,1,15.748,1.0,20238.0,-2.2520000000000007,2.2520000000000007,12.511111111111115,1,1,4,0.25575000000000003,0.16841077014252978,0.06,0.446,0.25575000000000003,0.16841077014252978,0.3062192841739396,0.25575000000000003,1.0,4,0,1.0,1.0,0,8351.0,12382.5,0,4,0.35724999999999996,0.16886144468172715,0.179,0.589,0.35724999999999996,0.16886144468172715,0.3951477571744524,0.35724999999999996,1.0,4,0,1.0,1.0,0,7918.0,13271.75,0,4,-0.07425,0.1997628281237528,-0.409,0.118,-0.07425,0.1997628281237528,0.21311557897066088,0.13924999999999998,1.0,4,0,1.0,1.0,0,16555.0,23085.5,0,4,50.037000000000006,0.6273412149699699,49.194,50.952,0.03700000000000081,0.6273412149699698,0.6284313805022772,0.493999999999998,1.0,4,0,1.0,1.0,0,8299.0,18191.0,0
18,18,power_law,4.306,1.0,12216.0,-0.694,0.694,13.879999999999997,1,1,1.818,1.0,13279.0,-0.18199999999999994,0.18199999999999994,9.099999999999998,1,1,5.696,1.0,14488.0,0.6959999999999997,0.6959999999999997,13.919999999999993,1,1,2.419,1.0,15092.0,0.41900000000000004,0.41900000000000004,20.950000000000003,1,1,0.524,1.0,19074.0,-0.07599999999999996,0.07599999999999996,12.666666666666659,1,1,0.007,1.0,25391.0,-0.003,0.003,30.0,1,1,0.341,1.0,34644.0,0.041000000000000036,0.041000000000000036,13.66666666666668,1,1,16.688,1.0,21441.0,-1.3120000000000012,1.3120000000000012,7.288888888888895,1,1,4,0.3165,0.1907360741967811,0.079,0.568,0.3165,0.1907360741967811,0.3695301070278307,0.3165,1.0,4,0,1.0,1.0,0,9341.0,16051.5,0,4,0.59075,0.505072457673154,0.137,1.446,0.59075,0.505072457673154,0.7772282483286361,0.59075,1.0,4,0,1.0,1.0,0,6259.0,12580.0,0,4,0.16249999999999998,0.5758513262987245,-0.419,0.887,0.16249999999999998,0.5758513262987245,0.5983402042316729,0.5645,1.0,4,0,1.0,1.0,0,23039.0,25187.75,0,4,49.969249999999995,0.2764058383970912,49.593,50.342,-0.03074999999999939,0.27640583839709126,0.2781110389754403,0.24324999999999797,1.0,4,0,1.0,1.0,0,18804.0,21785.25,0
19,19,power_law,7.727,1.0,17540.0,2.7270000000000003,2.7270000000000003,54.54000000000001,1,1,3.001,1.0,17330.0,1.001,1.001,50.05,1,1,6.566,1.0,16131.0,1.5659999999999998,1.5659999999999998,31.319999999999997,1,1,2.315,1.0,17073.0,0.31499999999999995,0.31499999999999995,15.749999999999996,1,1,0.554,1.0,18130.0,-0.04599999999999993,0.04599999999999993,7.666666666666655,1,1,0.017,1.0,29563.0,0.007000000000000001,0.007000000000000001,70.0,1,1,0.335,1.0,33702.0,0.03500000000000003,0.03500000000000003,11.666666666666679,1,1,19.697,1.0,26389.0,1.6969999999999992,1.6969999999999992,9.427777777777774,1,1,4,0.27525,0.08738242100102286,0.15,0.396,0.27525,0.08738242100102286,0.2887875516707741,0.27525,1.0,4,0,1.0,1.0,0,7882.0,11794.75,0,4,0.5095000000000001,0.3188655672850238,0.21,1.044,0.5095000000000001,0.3188655672850238,0.6010536581703834,0.5095000000000001,1.0,4,0,1.0,1.0,0,9124.0,14871.75,0,4,-0.46849999999999997,0.38852895644983787,-1.046,0.038,-0.46849999999999997,0.38852895644983787,0.6086435738591184,0.4875,1.0,4,0,1.0,1.0,0,23838.0,26641.75,0,4,50.408500000000004,0.44853232882368643,50.078,51.18,0.4085000000000001,0.44853232882368643,0.6066741299907221,0.4085000000000001,1.0,4,0,1.0,1.0,0,17283.0,22546.75,0
20,20,power_law,4.595,1.02,14419.0,-0.40500000000000025,0.40500000000000025,8.100000000000005,1,0,2.079,1.01,14700.0,0.07900000000000018,0.07900000000000018,3.950000000000009,1,1,3.91,1.0,2644.0,-1.0899999999999999,1.0899999999999999,21.799999999999997,1,1,1.895,1.01,1447.0,-0.10499999999999998,0.10499999999999998,5.249999999999999,1,1,0.51,1.0,10030.0,-0.08999999999999997,0.08999999999999997,14.999999999999996,1,1,0.01,1.02,28329.0,0.0,0.0,0.0,1,0,0.31,1.01,1414.0,0.010000000000000009,0.010000000000000009,3.3333333333333366,1,1,17.357,1.01,19363.0,-0.6430000000000007,0.6430000000000007,3.572222222222226,1,1,4,0.24824999999999997,0.0955886368769845,0.11,0.364,0.24824999999999997,0.0955886368769845,0.26601738664982033,0.24824999999999997,1.0,4,0,1.01,1.02,1,1409.0,8966.0,0,4,0.276,0.15864583196541912,0.147,0.537,0.276,0.15864583196541912,0.31834650932592307,0.276,1.0,4,0,1.005,1.01,0,590.0,6100.0,0,4,-0.54775,0.4883678813148956,-1.288,0.006,-0.54775,0.4883678813148956,0.7338482472555209,0.5507500000000001,1.0,4,0,1.0075,1.02,1,236.0,5965.25,1,4,50.17475,0.5507101665122952,49.398,50.938,0.1747500000000013,0.5507101665122952,0.5777709321175654,0.4757499999999997,1.0,4,0,1.0125,1.02,1,205.0,5401.25,1
21,21,power_law,4.65,1.0,13227.0,-0.34999999999999964,0.34999999999999964,6.999999999999992,1,1,2.033,1.0,13323.0,0.03299999999999992,0.03299999999999992,1.649999999999996,1,1,5.803,1.0,13580.0,0.8029999999999999,0.8029999999999999,16.06,1,1,2.323,1.0,13053.0,0.32299999999999995,0.32299999999999995,16.15,1,1,0.498,1.0,17937.0,-0.10199999999999998,0.10199999999999998,17.0,1,1,0.028,1.0,30420.0,0.018000000000000002,0.018000000000000002,180.00000000000003,0,1,0.269,1.0,24550.0,-0.030999999999999972,0.030999999999999972,10.333333333333325,1,1,16.915,1.0,20711.0,-1.0850000000000009,1.0850000000000009,6.027777777777783,1,1,4,0.19,0.0754188305398592,0.11,0.314,0.19,0.0754188305398592,0.2044211339367826,0.19,1.0,4,0,1.0,1.0,0,10749.0,19869.25,0,4,0.46099999999999997,0.297871616640458,0.117,0.778,0.46099999999999997,0.297871616640458,0.5488610935382467,0.46099999999999997,1.0,4,0,1.0,1.0,0,4603.0,13326.75,0,4,-0.34325,0.2251003942688684,-0.676,-0.047,-0.34325,0.2251003942688684,0.4104762477902954,0.34325,1.0,4,0,1.0,1.0,0,12267.0,19279.75,0,4,50.15675,0.6287723654073872,49.144,50.82,0.15674999999999883,0.6287723654073872,0.648016396397499,0.5847499999999997,1.0,4,0,1.0,1.0,0,14984.0,21189.25,0
22,22,power_law,4.761,1.0,11073.0,-0.23899999999999988,0.23899999999999988,4.779999999999998,1,1,2.005,1.0,11693.0,0.004999999999999893,0.004999999999999893,0.24999999999999467,1,1,5.512,1.0,13441.0,0.5119999999999996,0.5119999999999996,10.239999999999991,1,1,2.207,1.0,14379.0,0.20699999999999985,0.20699999999999985,10.349999999999993,1,1,0.518,1.0,18183.0,-0.08199999999999996,0.08199999999999996,13.66666666666666,1,1,0.017,1.0,32501.0,0.007000000000000001,0.007000000000000001,70.0,1,1,0.335,1.0,35278.0,0.03500000000000003,0.03500000000000003,11.666666666666679,1,1,18.76,1.0,21445.0,0.7600000000000016,0.7600000000000016,4.22222222222223,1,1,4,0.264,0.11874973684181367,0.087,0.407,0.264,0.11874973684181367,0.2894779784370479,0.264,1.0,4,0,1.0,1.0,0,16089.0,19045.0,0,4,0.516,0.3068199797927117,0.108,0.817,0.516,0.3068199797927117,0.6003286599855117,0.516,1.0,4,0,1.0,1.0,0,6397.0,12199.25,0,4,-0.45675,0.14212912263150013,-0.636,-0.238,-0.45675,0.14212912263150013,0.4783526418867152,0.45675,1.0,4,0,1.0,1.0,0,20176.0,20568.0,0,4,50.6495,0.2574980582451058,50.401,51.076,0.6494999999999997,0.2574980582451058,0.6986812577992911,0.6494999999999997,1.0,4,0,1.0,1.0,0,16221.0,17757.25,0
23,23,power_law,5.551,1.0,14319.0,0.5510000000000002,0.5510000000000002,11.020000000000003,1,1,2.363,1.0,14849.0,0.363,0.363,18.15,1,1,6.838,1.0,14158.0,1.838,1.838,36.760000000000005,1,1,2.34,1.0,15399.0,0.33999999999999986,0.33999999999999986,16.999999999999993,1,1,0.515,1.0,16468.0,-0.08499999999999996,0.08499999999999996,14.16666666666666,1,1,0.007,1.0,23186.0,-0.003,0.003,30.0,1,1,0.317,1.0,13513.0,0.017000000000000015,0.017000000000000015,5.666666666666672,1,1,19.027,1.0,22612.0,1.027000000000001,1.027000000000001,5.705555555555561,1,1,4,0.1815,0.054353012795980316,0.113,0.264,0.1815,0.054353012795980316,0.18946371684309374,0.1815,1.0,4,0,1.0,1.0,0,10167.0,16871.5,0,4,0.6805,0.36571881275099866,0.274,1.173,0.6805,0.36571881275099866,0.7725480567576363,0.6805,1.0,4,0,1.0,1.0,0,4348.0,9969.5,0,4,-0.2145,0.14200440134024014,-0.347,-0.006,-0.2145,0.14200440134024014,0.2572459912224095,0.2145,1.0,4,0,1.0,1.0,0,10294.0,21447.5,0,4,50.49225,0.21636124306354093,50.297,50.85,0.4922499999999985,0.21636124306354093,0.5377008926903498,0.4922499999999985,1.0,4,0,1.0,1.0,0,11718.0,16141.0,0
24,24,power_law,2.707,1.0,8474.0,-2.293,2.293,45.86,1,1,1.63,1.0,10494.0,-0.3700000000000001,0.3700000000000001,18.500000000000007,1,1,4.815,1.0,11101.0,-0.1849999999999996,0.1849999999999996,3.699999999999992,1,1,2.063,1.0,11367.0,0.06300000000000017,0.06300000000000017,3.1500000000000083,1,1,0.489,1.0,13906.0,-0.11099999999999999,0.11099999999999999,18.5,1,1,0.016,1.0,20900.0,0.006,0.006,60.0,1,1,0.279,1.0,32174.0,-0.020999999999999963,0.020999999999999963,6.9999999999999885,1,1,19.551,1.0,7875.0,1.5509999999999984,1.5509999999999984,8.616666666666656,1,1,4,0.13775,0.0925807080335855,0.052,0.28,0.13775,0.0925807080335855,0.16597062993192502,0.13775,1.0,4,0,1.0,1.0,0,5775.0,12036.5,0,4,0.3205,0.18566165463013626,0.066,0.566,0.3205,0.18566165463013626,0.37039235953242877,0.3205,1.0,4,0,1.0,1.0,0,10711.0,14760.5,0,4,-0.017749999999999995,0.185479614782865,-0.21,0.261,-0.017749999999999995,0.185479614782865,0.18632699750707088,0.16675,1.0,4,0,1.0,1.0,0,7672.0,14021.0,0,4,51.035000000000004,0.4510393552673643,50.715,51.811,1.0350000000000001,0.45103935526736433,1.1290090787943206,1.0350000000000001,1.0,4,0,1.0,1.0,0,14058.0,17141.25,0
25,25,power_law,4.234,1.0,14106.0,-0.766,0.766,15.32,1,1,2.001,1.0,14936.0,0.0009999999999998899,0.0009999999999998899,0.04999999999999449,1,1,5.644,1.0,14946.0,0.6440000000000001,0.6440000000000001,12.880000000000003,1,1,2.255,1.0,15400.0,0.2549999999999999,0.2549999999999999,12.749999999999995,1,1,0.544,1.0,18492.0,-0.05599999999999994,0.05599999999999994,9.333333333333323,1,1,0.026,1.0,29310.0,0.016,0.016,160.0,1,1,0.3,1.0,37540.0,0.0,0.0,0.0,1,1,17.985,1.0,22358.0,-0.015000000000000568,0.015000000000000568,0.08333333333333649,1,1,4,0.31825000000000003,0.34170189858998445,0.06,0.906,0.31825000000000003,0.34170189858998445,0.4669510145614848,0.31825000000000003,1.0,4,0,1.0,1.0,0,2561.0,15311.0,0,4,0.347,0.1287885864508187,0.201,0.517,0.347,0.1287885864508187,0.37012903155521315,0.347,1.0,4,0,1.0,1.0,0,12639.0,17129.5,0,4,0.5345,1.1747677430028456,-0.339,2.558,0.5345,1.1747677430028456,1.2906469308064075,0.7444999999999999,1.0,4,0,1.0,1.0,0,21856.0,24024.0,0,4,50.199749999999995,0.7346864552310736,49.552,51.439,0.19974999999999987,0.7346864552310736,0.761356848002302,0.5317500000000006,1.0,4,0,1.0,1.0,0,22727.0,26535.0,0
26,26,power_law,4.724,1.01,737.0,-0.2759999999999998,0.2759999999999998,5.519999999999996,1,1,2.041,1.0,2597.0,0.040999999999999925,0.040999999999999925,2.0499999999999963,1,1,4.167,1.0,9391.0,-0.8330000000000002,0.8330000000000002,16.660000000000004,1,1,1.764,1.0,12275.0,-0.236,0.236,11.799999999999999,1,1,0.535,1.0,2853.0,-0.06499999999999995,0.06499999999999995,10.833333333333325,1,1,0.013,1.01,321.0,0.002999999999999999,0.002999999999999999,29.999999999999993,1,1,0.322,1.0,21506.0,0.02200000000000002,0.02200000000000002,7.33333333333334,1,1,16.417,1.0,2928.0,-1.5829999999999984,1.5829999999999984,8.794444444444435,1,1,4,0.317,0.1556100896471691,0.122,0.527,0.317,0.1556100896471691,0.3531338273232968,0.317,1.0,4,0,1.01,1.02,1,579.0,7439.25,0,4,0.5277499999999999,0.27176034938894233,0.099,0.787,0.5277499999999999,0.27176034938894233,0.5936107731502184,0.5277499999999999,1.0,4,0,1.01,1.02,2,177.0,9121.25,1,4,-0.45225,0.2721161287024347,-0.778,-0.095,-0.45225,0.2721161287024347,0.5278041777022989,0.45225,1.0,4,0,1.0,1.0,0,1201.0,7361.0,0,4,50.33125,0.5544774003509976,49.631,50.875,0.3312500000000007,0.5544774003509976,0.6458883417433705,0.5432500000000005,1.0,4,0,1.01,1.02,1,1049.0,13378.5,0
27,27,power_law,7.539,1.0,17081.0,2.5389999999999997,2.5389999999999997,50.779999999999994,1,1,3.0,1.0,17656.0,1.0,1.0,50.0,1,1,7.42,1.0,14415.0,2.42,2.42,48.4,1,1,2.412,1.0,15057.0,0.4119999999999999,0.4119999999999999,20.599999999999994,1,1,0.567,1.0,17548.0,-0.03300000000000003,0.03300000000000003,5.500000000000005,1,1,0.01,1.0,29333.0,0.0,0.0,0.0,1,1,0.286,1.0,34936.0,-0.014000000000000012,0.014000000000000012,4.666666666666671,1,1,18.93,1.0,27188.0,0.9299999999999997,0.9299999999999997,5.166666666666665,1,1,4,0.35,0.2697174447454225,0.143,0.811,0.35,0.2697174447454225,0.44186819301687696,0.35,1.0,4,0,1.0,1.0,0,5179.0,12704.5,0,4,0.68225,0.34592295023603165,0.325,1.094,0.68225,0.34592295023603165,0.7649364352676632,0.68225,1.0,4,0,1.0,1.0,0,6114.0,13220.75,0,4,-0.50775,0.19057593630886352,-0.689,-0.206,-0.50775,0.19057593630886352,0.5423368418243407,0.50775,1.0,4,0,1.0,1.0,0,16988.0,21454.0,0,4,50.867999999999995,0.5143272304671399,50.121,51.522,0.8679999999999986,0.5143272304671399,1.0089383033664625,0.8679999999999986,1.0,4,0,1.0,1.0,0,15701.0,19470.0,0
28,28,power_law,6.56,1.0,17371.0,1.5599999999999996,1.5599999999999996,31.199999999999996,1,1,2.657,1.0,17890.0,0.657,0.657,32.85,1,1,6.969,1.0,13101.0,1.9690000000000003,1.9690000000000003,39.38,1,1,2.077,1.0,13454.0,0.07699999999999996,0.07699999999999996,3.849999999999998,1,1,0.539,1.0,16172.0,-0.06099999999999994,0.06099999999999994,10.166666666666657,1,1,0.027,1.0,29944.0,0.017,0.017,170.00000000000003,0,1,0.329,1.0,22501.0,0.029000000000000026,0.029000000000000026,9.666666666666677,1,1,17.3,1.0,24334.0,-0.6999999999999993,0.6999999999999993,3.888888888888885,1,1,4,0.40399999999999997,0.2191175483616043,0.188,0.757,0.40399999999999997,0.2191175483616043,0.4595960182595145,0.40399999999999997,1.0,4,0,1.0,1.0,0,3965.0,10098.75,0,4,0.59725,0.1627826388163062,0.453,0.871,0.59725,0.1627826388163062,0.619036145955953,0.59725,1.0,4,0,1.0,1.0,0,12309.0,14712.75,0,4,-0.29875,0.7923112945679872,-1.464,0.747,-0.29875,0.7923112945679872,0.8467636919471689,0.67225,0.75,3,0,1.0,1.0,0,16841.0,21248.5,0,4,50.83024999999999,0.3743156255087394,50.182,51.055,0.8302499999999995,0.3743156255087394,0.9107289662682296,0.8302499999999995,1.0,4,0,1.0,1.0,0,2626.0,8220.5,0
29,29,power_law,4.545,1.0,13573.0,-0.45500000000000007,0.45500000000000007,9.100000000000001,1,1,2.081,1.0,13348.0,0.08099999999999996,0.08099999999999996,4.049999999999998,1,1,3.885,1.0,11146.0,-1.1150000000000002,1.1150000000000002,22.300000000000004,1,1,1.84,1.0,12001.0,-0.15999999999999992,0.15999999999999992,7.9999999999999964,1,1,0.532,1.0,18058.0,-0.06799999999999995,0.06799999999999995,11.333333333333325,1,1,0.01,1.0,23435.0,0.0,0.0,0.0,1,1,0.309,1.0,32330.0,0.009000000000000008,0.009000000000000008,3.0000000000000027,1,1,19.385,1.0,18111.0,1.3850000000000016,1.3850000000000016,7.6944444444444535,1,1,4,0.1725,0.05664141594275341,0.077,0.225,0.1725,0.05664141594275341,0.1815612844193387,0.1725,1.0,4,0,1.0,1.0,0,13739.0,17664.5,0,4,0.183,0.09430800602281866,0.089,0.321,0.183,0.09430800602281866,0.20587131903205946,0.183,1.0,4,0,1.0,1.0,0,11867.0,19057.75,0,4,0.08274999999999999,0.22400823087556404,-0.172,0.365,0.08274999999999999,0.22400823087556404,0.2388037897521729,0.21774999999999997,1.0,4,0,1.0,1.0,0,26554.0,28691.0,0,4,50.27425000000001,0.4394470246798826,49.711,50.944,0.2742500000000003,0.4394470246798826,0.5180026544333547,0.41875000000000107,1.0,4,0,1.0,1.0,0,18889.0,21875.5,0
30,30,power_law,6.118,1.01,614.0,1.1180000000000003,1.1180000000000003,22.360000000000007,1,1,2.416,1.01,923.0,0.4159999999999999,0.4159999999999999,20.799999999999997,1,1,5.951,1.01,12449.0,0.9509999999999996,0.9509999999999996,19.019999999999992,1,1,2.021,1.0,12019.0,0.020999999999999908,0.020999999999999908,1.0499999999999954,1,1,0.505,1.0,3958.0,-0.09499999999999997,0.09499999999999997,15.83333333333333,1,1,0.016,1.0,22671.0,0.006,0.006,60.0,1,1,0.278,1.0,7626.0,-0.021999999999999964,0.021999999999999964,7.333333333333322,1,1,14.996,1.0,5397.0,-3.0039999999999996,3.0039999999999996,16.688888888888886,0,1,4,0.3815,0.19921031599794226,0.133,0.685,0.3815,0.19921031599794226,0.43038006459407485,0.3815,1.0,4,0,1.0,1.0,0,1071.0,5006.5,0,4,0.7424999999999999,0.4233086935086497,0.238,1.253,0.7424999999999999,0.4233086935086497,0.8546908797922206,0.7424999999999999,1.0,4,0,1.0025,1.01,0,2432.0,13821.75,0,4,0.108,0.2847077448893865,-0.207,0.57,0.108,0.2847077448893865,0.30450369455886733,0.2115,1.0,4,0,1.0,1.0,0,1396.0,2521.75,0,4,50.733,1.0101145974591215,49.559,51.876,0.7329999999999988,1.0101145974591215,1.2480466738067135,0.9970000000000017,0.75,3,0,1.005,1.01,0,424.0,7927.75,0
31,31,power_law,4.716,1.0,12539.0,-0.2839999999999998,0.2839999999999998,5.679999999999996,1,1,2.078,1.0,12971.0,0.07799999999999985,0.07799999999999985,3.8999999999999924,1,1,6.022,1.0,7685.0,1.0220000000000002,1.0220000000000002,20.440000000000005,1,1,2.256,1.0,8221.0,0.2559999999999998,0.2559999999999998,12.79999999999999,1,1,0.528,1.0,18638.0,-0.07199999999999995,0.07199999999999995,11.999999999999993,1,1,0.014,1.0,23279.0,0.004,0.004,40.0,1,1,0.328,1.0,15263.0,0.028000000000000025,0.028000000000000025,9.333333333333343,1,1,16.192,1.0,20480.0,-1.8079999999999998,1.8079999999999998,10.044444444444443,1,1,4,0.36925,0.2778375199644569,0.14,0.838,0.36925,0.2778375199644569,0.46210307291772035,0.36925,1.0,4,0,1.0,1.0,0,7687.0,16202.25,0,4,0.47375,0.12494473778435009,0.302,0.598,0.47375,0.12494473778435009,0.4899492320638945,0.47375,1.0,4,0,1.0,1.0,0,2205.0,12222.25,0,4,0.22674999999999998,0.7253014459519572,-0.55,1.301,0.22674999999999998,0.7253014459519572,0.7599195681123101,0.65725,1.0,4,0,1.0,1.0,0,14762.0,21455.5,0,4,50.05425,0.6814221800763451,49.395,51.192,0.054250000000001464,0.6814221800763451,0.683578269110421,0.5417499999999986,1.0,4,0,1.0,1.0,0,15222.0,18822.5,0
32,32,power_law,3.401,1.0,11605.0,-1.5990000000000002,1.5990000000000002,31.980000000000004,1,1,1.723,1.0,13277.0,-0.2769999999999999,0.2769999999999999,13.849999999999996,1,1,5.266,1.0,14396.0,0.266,0.266,5.32,1,1,2.205,1.0,15065.0,0.20500000000000007,0.20500000000000007,10.250000000000004,1,1,0.526,1.0,17728.0,-0.07399999999999995,0.07399999999999995,12.333333333333327,1,1,0.007,1.0,16127.0,-0.003,0.003,30.0,1,1,0.304,1.0,15888.0,0.0040000000000000036,0.0040000000000000036,1.3333333333333346,1,1,16.979,1.0,18056.0,-1.0210000000000008,1.0210000000000008,5.672222222222226,1,1,4,0.19874999999999998,0.10045988005169028,0.091,0.354,0.19874999999999998,0.10045988005169028,0.22269654240692646,0.19874999999999998,1.0,4,0,1.0,1.0,0,12557.0,15963.5,0,4,0.47100000000000003,0.3505809464303501,0.188,1.068,0.47100000000000003,0.3505809464303501,0.5871524503908675,0.47100000000000003,1.0,4,0,1.0,1.0,0,4176.0,13012.0,0,4,-0.183,0.36704018853526105,-0.595,0.4,-0.183,0.36704018853526105,0.41013107660844234,0.383,1.0,4,0,1.0,1.0,0,15197.0,20544.5,0,4,50.50299999999999,0.35775200907891685,50.028,50.911,0.5030000000000001,0.35775200907891685,0.6172483292808507,0.5030000000000001,1.0,4,0,1.0,1.0,0,2138.0,8137.0,0
33,33,power_law,7.088,1.0,10399.0,2.088,2.088,41.760000000000005,1,1,2.23,1.0,11101.0,0.22999999999999998,0.22999999999999998,11.5,1,1,6.988,1.0,13206.0,1.9880000000000004,1.9880000000000004,39.760000000000005,1,1,2.531,1.0,14449.0,0.5310000000000001,0.5310000000000001,26.550000000000008,1,1,0.522,1.0,13607.0,-0.07799999999999996,0.07799999999999996,12.999999999999995,1,1,0.01,1.0,25253.0,0.0,0.0,0.0,1,1,0.302,1.0,30839.0,0.0020000000000000018,0.0020000000000000018,0.6666666666666673,1,1,14.185,1.0,22821.0,-3.8149999999999995,3.8149999999999995,21.19444444444444,0,1,4,0.53425,0.24049363297185225,0.342,0.946,0.53425,0.24049363297185225,0.5858841609055496,0.53425,1.0,4,0,1.0,1.0,0,9120.0,14335.75,0,4,0.6325000000000001,0.30219985109195535,0.174,0.996,0.6325000000000001,0.30219985109195535,0.700985734519612,0.6325000000000001,1.0,4,0,1.0,1.0,0,7714.0,12315.5,0,4,-0.70575,0.40738825154881436,-1.266,-0.211,-0.70575,0.40738825154881436,0.814891557202552,0.70575,1.0,4,0,1.0,1.0,0,11788.0,13400.5,0,4,50.1675,0.4765110177110275,49.796,50.986,0.16749999999999865,0.4765110177110275,0.505093060732375,0.3254999999999999,1.0,4,0,1.0,1.0,0,17438.0,20617.0,0
34,34,power_law,6.709,1.0,15345.0,1.7089999999999996,1.7089999999999996,34.17999999999999,1,1,2.48,1.0,17081.0,0.48,0.48,24.0,1,1,7.196,1.0,15715.0,2.1959999999999997,2.1959999999999997,43.919999999999995,1,1,2.28,1.0,15992.0,0.2799999999999998,0.2799999999999998,13.99999999999999,1,1,0.509,1.0,15583.0,-0.09099999999999997,0.09099999999999997,15.16666666666666,1,1,0.003,1.0,25792.0,-0.007,0.007,70.0,1,1,0.295,1.0,38644.0,-0.0050000000000000044,0.0050000000000000044,1.6666666666666683,1,1,17.671,1.0,24659.0,-0.3290000000000006,0.3290000000000006,1.8277777777777813,1,1,4,0.6214999999999999,0.2109662295250119,0.435,0.955,0.6214999999999999,0.2109662295250119,0.6563299475111585,0.6214999999999999,1.0,4,0,1.0,1.0,0,9615.0,13670.75,0,4,1.00125,0.37980414360562204,0.431,1.48,1.00125,0.37980414360562204,1.0708654210497226,1.00125,1.0,4,0,1.0,1.0,0,6739.0,12448.0,0,4,0.256,0.660612216054169,-0.768,1.035,0.256,0.660612216054169,0.7084804161019554,0.64,1.0,4,0,1.0,1.0,0,18887.0,21383.75,0,4,50.69799999999999,0.6955893184918814,49.976,51.848,0.6979999999999986,0.6955893184918814,0.9854179316411886,0.7099999999999991,1.0,4,0,1.0,1.0,0,15790.0,17751.0,0
35,35,power_law,5.825,1.0,13382.0,0.8250000000000002,0.8250000000000002,16.500000000000004,1,1,2.21,1.0,13940.0,0.20999999999999996,0.20999999999999996,10.499999999999998,1,1,6.028,1.0,12601.0,1.0279999999999996,1.0279999999999996,20.55999999999999,1,1,2.261,1.0,13129.0,0.2610000000000001,0.2610000000000001,13.050000000000006,1,1,0.48,1.0,16580.0,-0.12,0.12,20.0,1,1,0.016,1.0,26506.0,0.006,0.006,60.0,1,1,0.296,1.0,32466.0,-0.0040000000000000036,0.0040000000000000036,1.3333333333333346,1,1,17.917,1.0,14224.0,-0.08299999999999841,0.08299999999999841,0.46111111111110226,1,1,4,0.3495,0.028057975693196402,0.303,0.374,0.3495,0.028057975693196402,0.3506244429585593,0.3495,1.0,4,0,1.0,1.0,0,13361.0,17067.0,0,4,0.43624999999999997,0.18984911772246926,0.176,0.697,0.43624999999999997,0.18984911772246926,0.4757696396366628,0.43624999999999997,1.0,4,0,1.0,1.0,0,7394.0,11634.0,0,4,-0.2895,0.20886538727132362,-0.512,0.05,-0.2895,0.20886538727132362,0.3569803916183633,0.3145,1.0,4,0,1.0,1.0,0,7805.0,17598.25,0,4,50.2855,0.6703292101646778,49.335,51.164,0.28550000000000075,0.6703292101646778,0.7285955668270301,0.6180000000000003,1.0,4,0,1.0,1.0,0,13165.0,19444.75,0
36,36,power_law,3.922,1.0,3763.0,-1.0779999999999998,1.0779999999999998,21.559999999999995,1,1,2.07,1.0,4552.0,0.06999999999999984,0.06999999999999984,3.499999999999992,1,1,7.42,1.0,11056.0,2.42,2.42,48.4,1,1,2.501,1.0,13317.0,0.5009999999999999,0.5009999999999999,25.049999999999994,1,1,0.549,1.0,8848.0,-0.050999999999999934,0.050999999999999934,8.49999999999999,1,1,0.01,1.0,1421.0,0.0,0.0,0.0,1,1,0.328,1.0,25443.0,0.028000000000000025,0.028000000000000025,9.333333333333343,1,1,16.174,1.0,19556.0,-1.8260000000000005,1.8260000000000005,10.144444444444447,1,1,4,0.37925,0.40798368533557805,0.04,1.039,0.37925,0.40798368533557805,0.557028948978417,0.37925,1.0,4,0,1.0,1.0,0,1551.0,4517.5,0,4,0.54275,0.2868330306990462,0.309,1.027,0.54275,0.2868330306990462,0.6138817068458711,0.54275,1.0,4,0,1.0,1.0,0,1650.0,6165.75,0,4,0.35375000000000006,0.5083332445355114,-0.081,1.219,0.35375000000000006,0.5083332445355114,0.6193074761376615,0.39425000000000004,0.75,3,0,1.0,1.0,0,2198.0,11375.25,0,4,50.27175,0.6569464875467411,49.485,51.283,0.2717500000000008,0.6569464875467412,0.710933717022903,0.5357500000000002,1.0,4,0,1.0,1.0,0,2748.0,7650.5,0
37,37,power_law,4.005,1.0,14613.0,-0.9950000000000001,0.9950000000000001,19.900000000000002,1,1,1.899,1.0,15694.0,-0.10099999999999998,0.10099999999999998,5.049999999999999,1,1,5.995,1.0,14187.0,0.9950000000000001,0.9950000000000001,19.900000000000002,1,1,2.435,1.0,14962.0,0.43500000000000005,0.43500000000000005,21.750000000000004,1,1,0.554,1.0,18196.0,-0.04599999999999993,0.04599999999999993,7.666666666666655,1,1,0.02,1.0,32014.0,0.01,0.01,100.0,1,1,0.306,1.0,41540.0,0.006000000000000005,0.006000000000000005,2.0000000000000018,1,1,20.972,1.0,24209.0,2.9720000000000013,2.9720000000000013,16.511111111111116,1,1,4,0.17325000000000002,0.10460013145307229,0.055,0.289,0.17325000000000002,0.10460013145307229,0.2023777408708774,0.17325000000000002,1.0,4,0,1.0,1.0,0,8238.0,15299.0,0,4,0.36450000000000005,0.1287682025967591,0.202,0.512,0.36450000000000005,0.1287682025967591,0.3865766418189283,0.36450000000000005,1.0,4,0,1.0,1.0,0,7412.0,13622.0,0,4,-0.192,0.5016667220376492,-0.709,0.371,-0.192,0.5016667220376492,0.5371531438984603,0.49949999999999994,0.75,3,0,1.0,1.0,0,24073.0,27735.5,0,4,50.5505,0.4632976904755751,49.791,51.023,0.5504999999999995,0.4632976904755751,0.7195102501007204,0.6550000000000011,1.0,4,0,1.0,1.0,0,17679.0,20115.5,0
38,38,power_law,3.913,1.0,11355.0,-1.0870000000000002,1.0870000000000002,21.740000000000002,1,1,1.812,1.0,11903.0,-0.18799999999999994,0.18799999999999994,9.399999999999997,1,1,6.776,1.0,12200.0,1.7759999999999998,1.7759999999999998,35.519999999999996,1,1,2.892,1.0,12871.0,0.8919999999999999,0.8919999999999999,44.599999999999994,1,1,0.519,1.0,17875.0,-0.08099999999999996,0.08099999999999996,13.499999999999995,1,1,0.019,1.0,28338.0,0.009,0.009,89.99999999999999,1,1,0.279,1.0,31269.0,-0.020999999999999963,0.020999999999999963,6.9999999999999885,1,1,17.106,1.0,23515.0,-0.8939999999999984,0.8939999999999984,4.966666666666657,1,1,4,0.48100000000000004,0.6466308838897196,0.052,1.599,0.48100000000000004,0.6466308838897196,0.8059109752323764,0.48100000000000004,1.0,4,0,1.0,1.0,0,1992.0,16227.25,0,4,0.4635,0.3286103315478684,0.134,1.0,0.4635,0.3286103315478684,0.5681698689652593,0.4635,1.0,4,0,1.0,1.0,0,1346.0,11138.5,0,4,-0.004250000000000004,0.5113464456706431,-0.538,0.797,-0.004250000000000004,0.5113464456706431,0.5113641070704904,0.43575,1.0,4,0,1.0,1.0,0,20155.0,21553.5,0,4,49.67700000000001,0.5313581654590431,49.037,50.428,-0.3230000000000004,0.5313581654590431,0.6218283525218193,0.536999999999999,1.0,4,0,1.0,1.0,0,22569.0,24072.5,0
39,39,power_law,5.886,1.0,15993.0,0.8860000000000001,0.8860000000000001,17.720000000000002,1,1,2.445,1.0,15342.0,0.44499999999999984,0.44499999999999984,22.249999999999993,1,1,3.017,1.0,14100.0,-1.983,1.983,39.660000000000004,1,1,1.738,1.0,14084.0,-0.262,0.262,13.100000000000001,1,1,0.483,1.0,19315.0,-0.11699999999999999,0.11699999999999999,19.5,1,1,0.01,1.0,20012.0,0.0,0.0,0.0,1,1,0.301,1.0,30000.0,0.0010000000000000009,0.0010000000000000009,0.33333333333333365,1,1,19.732,1.0,22516.0,1.7319999999999993,1.7319999999999993,9.622222222222218,1,1,4,0.328,0.15300163397820302,0.103,0.535,0.328,0.15300163397820302,0.36193024189752365,0.328,1.0,4,0,1.0,1.0,0,5671.0,11194.5,0,4,0.2385,0.19082649187154282,0.044,0.516,0.2385,0.19082649187154282,0.3054455761670154,0.2385,1.0,4,0,1.0,1.0,0,7959.0,13913.25,0,4,0.44149999999999995,0.5756363869666336,-0.165,1.376,0.44149999999999995,0.5756363869666336,0.7254512388851506,0.5239999999999999,1.0,4,0,1.0,1.0,0,15142.0,20715.25,0,4,49.52325,0.4379579745820382,49.071,50.219,-0.4767500000000009,0.4379579745820382,0.6473775946076618,0.5862500000000015,1.0,4,0,1.0,1.0,0,19006.0,21358.25,0
40,40,power_law,5.504,1.0,12216.0,0.5039999999999996,0.5039999999999996,10.079999999999991,1,1,2.045,1.0,11002.0,0.04499999999999993,0.04499999999999993,2.2499999999999964,1,1,3.7,1.0,10587.0,-1.2999999999999998,1.2999999999999998,25.999999999999996,1,1,1.832,1.0,13475.0,-0.16799999999999993,0.16799999999999993,8.399999999999997,1,1,0.45,1.0,4180.0,-0.14999999999999997,0.14999999999999997,24.999999999999993,0,1,0.007,1.0,25756.0,-0.003,0.003,30.0,1,1,0.314,1.0,6550.0,0.014000000000000012,0.014000000000000012,4.666666666666671,1,1,17.275,1.0,6792.0,-0.7250000000000014,0.7250000000000014,4.027777777777786,1,1,4,0.384,0.10321579336516289,0.25,0.531,0.384,0.10321579336516289,0.3976298530040218,0.384,1.0,4,0,1.0,1.0,0,12144.0,12878.0,0,4,0.29075,0.22670396445585156,0.096,0.675,0.29075,0.22670396445585156,0.3686871980419174,0.29075,1.0,4,0,1.0,1.0,0,3738.0,6808.75,0,4,-0.053250000000000006,0.4614907230920249,-0.667,0.514,-0.053250000000000006,0.4614907230920249,0.46455274189267254,0.43325,1.0,4,0,1.0,1.0,0,3420.0,13817.5,0,4,50.30624999999999,0.2064671584053986,49.967,50.525,0.3062499999999986,0.2064671584053986,0.3693477358804289,0.3227499999999992,1.0,4,0,1.0,1.0,0,9983.0,15518.5,0
41,41,power_law,5.051,1.0,10394.0,0.051000000000000156,0.051000000000000156,1.0200000000000031,1,1,1.905,1.0,12002.0,-0.09499999999999997,0.09499999999999997,4.749999999999998,1,1,6.652,1.0,10843.0,1.6520000000000001,1.6520000000000001,33.040000000000006,1,1,2.336,1.0,11636.0,0.33599999999999985,0.33599999999999985,16.799999999999994,1,1,0.516,1.0,16332.0,-0.08399999999999996,0.08399999999999996,13.999999999999996,1,1,0.013,1.0,32129.0,0.002999999999999999,0.002999999999999999,29.999999999999993,1,1,0.31,1.0,31916.0,0.010000000000000009,0.010000000000000009,3.3333333333333366,1,1,16.135,1.0,17351.0,-1.8649999999999984,1.8649999999999984,10.361111111111104,1,1,4,0.422,0.276211875197284,0.141,0.803,0.422,0.276211875197284,0.5043580077682915,0.422,1.0,4,0,1.0,1.0,0,8337.0,14413.25,0,4,0.59425,0.2416664798849853,0.207,0.837,0.59425,0.2416664798849853,0.641510522127268,0.59425,1.0,4,0,1.0,1.0,0,6000.0,13333.5,0,4,-0.461,0.4740733065676658,-0.887,0.318,-0.461,0.4740733065676658,0.6612612947995672,0.6200000000000001,1.0,4,0,1.0,1.0,0,12141.0,15994.5,0,4,50.844,0.7908033889659297,49.68,51.598,0.8439999999999994,0.7908033889659298,1.1565924087594552,1.0039999999999996,0.75,3,0,1.0,1.0,0,14524.0,17857.25,0
42,42,power_law,5.821,1.0,11161.0,0.8209999999999997,0.8209999999999997,16.419999999999995,1,1,2.099,1.0,10577.0,0.0990000000000002,0.0990000000000002,4.95000000000001,1,1,4.111,1.0,11844.0,-0.8890000000000002,0.8890000000000002,17.780000000000005,1,1,2.047,1.0,11177.0,0.04700000000000015,0.04700000000000015,2.3500000000000076,1,1,0.497,1.0,13303.0,-0.10299999999999998,0.10299999999999998,17.166666666666664,1,1,0.016,1.0,21925.0,0.006,0.006,60.0,1,1,0.307,1.0,7246.0,0.007000000000000006,0.007000000000000006,2.3333333333333357,1,1,13.847,1.0,9629.0,-4.1530000000000005,4.1530000000000005,23.072222222222223,0,1,4,0.47675,0.321074271002832,0.12,0.997,0.47675,0.321074271002832,0.5747862646236426,0.47675,1.0,4,0,1.0,1.0,0,9209.0,14643.0,0,4,0.17650000000000002,0.08517775531205315,0.048,0.281,0.17650000000000002,0.08517775531205315,0.19597831512695482,0.17650000000000002,1.0,4,0,1.0,1.0,0,13128.0,16968.25,0,4,-0.28475,0.6867657442680145,-1.202,0.735,-0.28475,0.6867657442680145,0.7434579678771356,0.65225,1.0,4,0,1.0,1.0,0,7077.0,13668.75,0,4,50.0695,0.5308415488636888,49.458,50.918,0.06949999999999967,0.5308415488636888,0.5353718334017958,0.3905000000000012,1.0,4,0,1.0,1.0,0,23603.0,25168.0,0
43,43,power_law,6.904,1.0,14464.0,1.904,1.904,38.08,1,1,2.561,1.0,15437.0,0.5609999999999999,0.5609999999999999,28.049999999999997,1,1,4.804,1.0,16262.0,-0.19599999999999973,0.19599999999999973,3.919999999999994,1,1,2.18,1.0,16945.0,0.18000000000000016,0.18000000000000016,9.000000000000007,1,1,0.554,1.0,17906.0,-0.04599999999999993,0.04599999999999993,7.666666666666655,1,1,0.01,1.0,34373.0,0.0,0.0,0.0,1,1,0.328,1.0,37320.0,0.028000000000000025,0.028000000000000025,9.333333333333343,1,1,19.563,1.0,22719.0,1.5629999999999988,1.5629999999999988,8.683333333333326,1,1,4,0.3905,0.3098681171079077,0.186,0.925,0.3905,0.3098681171079077,0.4985062687670036,0.3905,1.0,4,0,1.0,1.0,0,5016.0,15026.25,0,4,0.214,0.06790802603521914,0.1,0.279,0.214,0.06790802603521914,0.22451614641268008,0.214,1.0,4,0,1.0,1.0,0,10220.0,17350.0,0,4,-0.6995,0.7057472989675554,-1.556,0.109,-0.6995,0.7057472989675554,0.9936697137379201,0.754,0.75,3,0,1.0,1.0,0,17664.0,19842.25,0,4,49.893,0.41517044692511446,49.316,50.354,-0.10699999999999932,0.41517044692511446,0.42873709893126705,0.3904999999999994,1.0,4,0,1.0,1.0,0,23264.0,28374.25,0
44,44,power_law,5.188,1.01,763.0,0.18799999999999972,0.18799999999999972,3.7599999999999945,1,1,1.963,1.0,2737.0,-0.03699999999999992,0.03699999999999992,1.849999999999996,1,1,6.647,1.01,694.0,1.6470000000000002,1.6470000000000002,32.940000000000005,1,1,2.394,1.0,1994.0,0.39400000000000013,0.39400000000000013,19.700000000000006,1,1,0.504,1.01,11944.0,-0.09599999999999997,0.09599999999999997,15.999999999999998,1,1,0.01,1.01,24151.0,0.0,0.0,0.0,1,1,0.336,1.0,17769.0,0.03600000000000003,0.03600000000000003,12.00000000000001,1,1,15.687,1.03,16788.0,-2.3130000000000006,2.3130000000000006,12.850000000000003,1,0,4,0.33399999999999996,0.21848226472645324,0.137,0.704,0.33399999999999996,0.21848226472645324,0.3991121396299541,0.33399999999999996,1.0,4,0,1.005,1.01,0,1111.0,9071.5,0,4,0.6592500000000001,0.5036250465376003,0.212,1.497,0.6592500000000001,0.5036250465376003,0.8296075879595125,0.6592500000000001,1.0,4,0,1.0074999999999998,1.02,1,288.0,2846.0,1,4,-0.56375,0.49584341026174794,-1.312,0.023,-0.56375,0.49584341026174794,0.7507827581930742,0.57525,1.0,4,0,1.0025,1.01,0,655.0,3227.0,0,4,50.682500000000005,0.39461025075383016,50.244,51.234,0.682500000000001,0.39461025075383016,0.7883676172953846,0.682500000000001,1.0,4,0,1.01,1.02,1,347.0,7713.75,2
45,45,power_law,4.186,1.0,4361.0,-0.8140000000000001,0.8140000000000001,16.28,1,1,1.872,1.0,5433.0,-0.1279999999999999,0.1279999999999999,6.399999999999995,1,1,5.737,1.0,11156.0,0.7370000000000001,0.7370000000000001,14.740000000000004,1,1,2.138,1.0,10914.0,0.1379999999999999,0.1379999999999999,6.899999999999995,1,1,0.536,1.0,18889.0,-0.06399999999999995,0.06399999999999995,10.666666666666657,1,1,0.006,1.0,12588.0,-0.004,0.004,40.0,1,1,0.3,1.0,37311.0,0.0,0.0,0.0,1,1,17.829,1.0,20983.0,-0.17099999999999937,0.17099999999999937,0.9499999999999965,1,1,4,0.37549999999999994,0.30172628324360473,0.06,0.866,0.37549999999999994,0.30172628324360473,0.4817042661218603,0.37549999999999994,1.0,4,0,1.0,1.0,0,3006.0,10951.5,0,4,0.46524999999999994,0.17653523019499534,0.256,0.697,0.46524999999999994,0.17653523019499534,0.4976165692578976,0.46524999999999994,1.0,4,0,1.0,1.0,0,3069.0,8902.5,0,4,-0.30425,0.30095379628773583,-0.584,0.19,-0.30425,0.30095379628773583,0.4279500554971339,0.39925,1.0,4,0,1.0,1.0,0,16881.0,20592.5,0,4,50.79474999999999,0.8729159108986367,49.819,51.875,0.7947500000000005,0.8729159108986368,1.1805124946395094,0.8852499999999992,0.75,3,0,1.0,1.0,0,4347.0,10411.25,0
46,46,power_law,4.736,1.0,12517.0,-0.26400000000000023,0.26400000000000023,5.280000000000005,1,1,2.06,1.0,12668.0,0.06000000000000005,0.06000000000000005,3.0000000000000027,1,1,4.22,1.0,12673.0,-0.7800000000000002,0.7800000000000002,15.600000000000005,1,1,1.961,1.0,13625.0,-0.038999999999999924,0.038999999999999924,1.9499999999999962,1,1,0.515,1.0,14842.0,-0.08499999999999996,0.08499999999999996,14.16666666666666,1,1,0.016,1.0,18884.0,0.006,0.006,60.0,1,1,0.301,1.0,30006.0,0.0010000000000000009,0.0010000000000000009,0.33333333333333365,1,1,19.333,1.0,20520.0,1.3329999999999984,1.3329999999999984,7.405555555555547,1,1,4,0.31275000000000003,0.26219970919129565,0.09,0.742,0.31275000000000003,0.26219970919129565,0.4081191615202599,0.31275000000000003,1.0,4,0,1.0,1.0,0,3437.0,10572.25,0,4,0.34199999999999997,0.30785873383745344,0.067,0.827,0.34199999999999997,0.30785873383745344,0.4601532353466614,0.34199999999999997,1.0,4,0,1.0,1.0,0,3783.0,13176.75,0,4,-0.13425,0.1699373046155552,-0.397,0.073,-0.13425,0.1699373046155552,0.21656811861398254,0.17075,1.0,4,0,1.0,1.0,0,18809.0,23843.0,0,4,50.119,0.21556785474648185,49.826,50.429,0.11900000000000155,0.21556785474648185,0.24623261359941878,0.2060000000000013,1.0,4,0,1.0,1.0,0,9278.0,21302.5,0
47,47,power_law,6.143,1.0,15047.0,1.1429999999999998,1.1429999999999998,22.859999999999996,1,1,2.479,1.0,15215.0,0.4790000000000001,0.4790000000000001,23.950000000000003,1,1,4.351,1.0,14065.0,-0.649,0.649,12.98,1,1,1.917,1.0,14439.0,-0.08299999999999996,0.08299999999999996,4.149999999999999,1,1,0.54,1.0,20990.0,-0.05999999999999994,0.05999999999999994,9.999999999999991,1,1,0.013,1.0,26136.0,0.002999999999999999,0.002999999999999999,29.999999999999993,1,1,0.318,1.0,35776.0,0.018000000000000016,0.018000000000000016,6.000000000000005,1,1,16.475,1.0,26185.0,-1.5249999999999986,1.5249999999999986,8.472222222222214,1,1,4,0.39825,0.269849379284074,0.145,0.853,0.39825,0.269849379284074,0.48106314554328516,0.39825,1.0,4,0,1.0,1.0,0,3550.0,13006.25,0,4,0.262,0.12846205665487379,0.143,0.456,0.262,0.12846205665487379,0.29179873200546985,0.262,1.0,4,0,1.0,1.0,0,11787.0,18010.5,0,4,-0.03574999999999999,0.34359159986821564,-0.448,0.391,-0.03574999999999999,0.34359159986821564,0.3454464502640026,0.33225,1.0,4,0,1.0,1.0,0,22362.0,24069.25,0,4,50.060249999999996,0.5759571924197122,49.459,50.992,0.060249999999999915,0.5759571924197122,0.5790999481954713,0.45624999999999716,1.0,4,0,1.0,1.0,0,22496.0,25789.5,0
48,48,power_law,6.597,1.0,14870.0,1.5970000000000004,1.5970000000000004,31.94000000000001,1,1,2.569,1.0,15064.0,0.569,0.569,28.449999999999996,1,1,6.136,1.0,12245.0,1.1360000000000001,1.1360000000000001,22.720000000000002,1,1,2.063,1.0,12634.0,0.06300000000000017,0.06300000000000017,3.1500000000000083,1,1,0.518,1.0,13235.0,-0.08199999999999996,0.08199999999999996,13.66666666666666,1,1,0.006,1.0,29026.0,-0.004,0.004,40.0,1,1,0.267,1.0,28126.0,-0.032999999999999974,0.032999999999999974,10.999999999999991,1,1,14.067,1.0,23147.0,-3.933,3.933,21.85,0,1,4,0.37224999999999997,0.16577752410987445,0.109,0.568,0.37224999999999997,0.16577752410987445,0.40749509199498346,0.37224999999999997,1.0,4,0,1.0,1.0,0,7819.0,11300.25,0,4,0.37675000000000003,0.08058652182592321,0.265,0.492,0.37675000000000003,0.08058652182592321,0.3852723062977665,0.37675000000000003,1.0,4,0,1.0,1.0,0,13289.0,17746.5,0,4,0.3695,0.527085144924423,-0.279,1.179,0.3695,0.527085144924423,0.6436994640358186,0.509,1.0,4,0,1.0,1.0,0,17997.0,21463.0,0,4,50.415499999999994,0.5489874770885034,49.751,51.278,0.41549999999999976,0.5489874770885034,0.6884965504633991,0.5400000000000009,1.0,4,0,1.0,1.0,0,19830.0,21511.5,0
49,49,power_law,5.81,1.0,9134.0,0.8099999999999996,0.8099999999999996,16.199999999999992,1,1,2.221,1.0,10885.0,0.22100000000000009,0.22100000000000009,11.050000000000004,1,1,7.656,1.0,16465.0,2.6559999999999997,2.6559999999999997,53.11999999999999,1,1,2.732,1.0,17358.0,0.7320000000000002,0.7320000000000002,36.60000000000001,1,1,0.516,1.0,16746.0,-0.08399999999999996,0.08399999999999996,13.999999999999996,1,1,0.003,1.0,20561.0,-0.007,0.007,70.0,0,1,0.282,1.0,36549.0,-0.018000000000000016,0.018000000000000016,6.000000000000005,1,1,18.162,1.0,17856.0,0.16199999999999903,0.16199999999999903,0.8999999999999946,1,1,4,0.311,0.16618212900309107,0.102,0.521,0.311,0.16618212900309107,0.352615229393173,0.311,1.0,4,0,1.0,1.0,0,8043.0,15103.75,0,4,0.58725,0.33285385306467463,0.156,1.086,0.58725,0.33285385306467463,0.6750216663189412,0.58725,1.0,4,0,1.0,1.0,0,7224.0,8280.25,0,4,-0.43925,0.44395009573149097,-1.176,0.011,-0.43925,0.44395009573149097,0.6245256199708703,0.44475,1.0,4,0,1.0,1.0,0,10854.0,20067.5,0,4,51.024,0.6962646766855272,50.242,51.874,1.024000000000001,0.6962646766855272,1.238289344216449,1.024000000000001,0.75,3,0,1.0,1.0,0,18947.0,21343.75,0
50,50,power_law,5.24,1.0,13190.0,0.2400000000000002,0.2400000000000002,4.800000000000004,1,1,2.197,1.0,14122.0,0.19700000000000006,0.19700000000000006,9.850000000000003,1,1,6.799,1.0,15703.0,1.7990000000000004,1.7990000000000004,35.980000000000004,1,1,2.575,1.0,15812.0,0.5750000000000002,0.5750000000000002,28.750000000000007,1,1,0.517,1.0,17961.0,-0.08299999999999996,0.08299999999999996,13.833333333333329,1,1,0.016,1.0,35707.0,0.006,0.006,60.0,1,1,0.285,1.0,37730.0,-0.015000000000000013,0.015000000000000013,5.000000000000004,1,1,18.196,1.0,25324.0,0.1960000000000015,0.1960000000000015,1.0888888888888972,1,1,4,0.26225,0.1081812714844857,0.148,0.413,0.26225,0.1081812714844857,0.2836868872542402,0.26225,1.0,4,0,1.0,1.0,0,10774.0,15359.25,0,4,0.3845,0.16028958169513077,0.233,0.653,0.3845,0.16028958169513077,0.41657292278783553,0.3845,1.0,4,0,1.0,1.0,0,8241.0,12689.25,0,4,-0.148,0.27586500321715335,-0.511,0.256,-0.148,0.27586500321715335,0.3130583012794901,0.276,1.0,4,0,1.0,1.0,0,16357.0,21775.75,0,4,50.12925,0.3523928028493181,49.868,50.73,0.12925000000000075,0.3523928028493181,0.3753481717019527,0.25074999999999825,1.0,4,0,1.0,1.0,0,21715.0,26395.25,0
51,51,power_law,7.715,1.0,18070.0,2.715,2.715,54.29999999999999,1,1,2.49,1.0,18088.0,0.4900000000000002,0.4900000000000002,24.50000000000001,1,1,7.324,1.0,16382.0,2.324,2.324,46.48,1,1,2.625,1.0,16743.0,0.625,0.625,31.25,1,1,0.527,1.0,17163.0,-0.07299999999999995,0.07299999999999995,12.166666666666659,1,1,0.01,1.0,30596.0,0.0,0.0,0.0,1,1,0.306,1.0,32387.0,0.006000000000000005,0.006000000000000005,2.0000000000000018,1,1,15.629,1.0,25613.0,-2.3710000000000004,2.3710000000000004,13.172222222222224,1,1,4,0.5574999999999999,0.17877010376458366,0.292,0.796,0.5574999999999999,0.17877010376458366,0.5854613565385849,0.5574999999999999,1.0,4,0,1.0,1.0,0,10718.0,12499.25,0,4,0.58925,0.12798510655541137,0.378,0.699,0.58925,0.12798510655541137,0.6029890131669067,0.58925,1.0,4,0,1.0,1.0,0,10043.0,12908.0,0,4,-0.08175000000000002,0.22441187022971845,-0.325,0.206,-0.08175000000000002,0.22441187022971845,0.23883833444403352,0.21825000000000003,1.0,4,0,1.0,1.0,0,16208.0,20822.5,0,4,50.0415,0.4199586289148006,49.584,50.501,0.041499999999999204,0.4199586289148006,0.42200414689905497,0.41799999999999926,1.0,4,0,1.0,1.0,0,19530.0,24107.75,0
52,52,power_law,4.514,1.0,12544.0,-0.48599999999999977,0.48599999999999977,9.719999999999995,1,1,2.153,1.0,13130.0,0.15300000000000002,0.15300000000000002,7.650000000000001,1,1,5.702,1.0,12693.0,0.702,0.702,14.04,1,1,1.989,1.0,12786.0,-0.010999999999999899,0.010999999999999899,0.5499999999999949,1,1,0.532,1.0,17456.0,-0.06799999999999995,0.06799999999999995,11.333333333333325,1,1,0.016,1.0,36625.0,0.006,0.006,60.0,1,1,0.3,1.0,31527.0,0.0,0.0,0.0,1,1,19.332,1.0,21265.0,1.3320000000000007,1.3320000000000007,7.400000000000004,1,1,4,0.151,0.06710812171414128,0.055,0.236,0.151,0.06710812171414128,0.1652407334769487,0.151,1.0,4,0,1.0,1.0,0,10868.0,15837.5,0,4,0.621,0.43489136574551585,0.246,1.36,0.621,0.43489136574551585,0.7581368609954274,0.621,1.0,4,0,1.0,1.0,0,6948.0,14226.5,0,4,-0.057499999999999996,0.17793327401023115,-0.29,0.146,-0.057499999999999996,0.17793327401023115,0.18699331538854536,0.17099999999999999,1.0,4,0,1.0,1.0,0,22212.0,26008.0,0,4,51.12475,0.7315577130343177,50.104,52.152,1.1247499999999988,0.7315577130343177,1.3417299467478536,1.1247499999999988,1.0,4,0,1.0,1.0,0,14979.0,17016.75,0
53,53,power_law,7.288,1.0,15909.0,2.2880000000000003,2.2880000000000003,45.760000000000005,1,1,2.597,1.0,16840.0,0.597,0.597,29.849999999999998,1,1,7.621,1.0,11409.0,2.6210000000000004,2.6210000000000004,52.42000000000001,1,1,2.665,1.0,12805.0,0.665,0.665,33.25,1,1,0.487,1.0,15389.0,-0.11299999999999999,0.11299999999999999,18.833333333333332,1,1,0.006,1.0,28317.0,-0.004,0.004,40.0,1,1,0.299,1.0,32947.0,-0.0010000000000000009,0.0010000000000000009,0.33333333333333365,1,1,17.638,1.0,21493.0,-0.3619999999999983,0.3619999999999983,2.0111111111111017,1,1,4,0.426,0.15659182609574487,0.163,0.573,0.426,0.15659182609574487,0.4538689238095069,0.426,1.0,4,0,1.0,1.0,0,13276.0,15189.5,0,4,0.809,0.6573146126475511,0.181,1.873,0.809,0.6573146126475511,1.0423739731977195,0.809,1.0,4,0,1.0,1.0,0,826.0,12427.5,0,4,-0.15724999999999997,0.4347380676913399,-0.597,0.535,-0.15724999999999997,0.4347380676913399,0.46230374214362574,0.42474999999999996,1.0,4,0,1.0,1.0,0,20904.0,23240.0,0,4,50.31400000000001,0.922115773642334,49.21,51.457,0.31400000000000183,0.922115773642334,0.974111646578564,0.8925000000000001,1.0,4,0,1.0,1.0,0,20535.0,21780.25,0
54,54,power_law,6.507,1.31,5988.0,1.5069999999999997,1.5069999999999997,30.139999999999993,1,0,2.349,1.31,4497.0,0.3490000000000002,0.3490000000000002,17.45000000000001,1,0,5.55,1.04,56.0,0.5499999999999998,0.5499999999999998,10.999999999999996,1,0,2.334,1.03,73.0,0.3340000000000001,0.3340000000000001,16.700000000000003,1,0,0.467,1.03,80.0,-0.13299999999999995,0.13299999999999995,22.16666666666666,1,0,0.016,1.05,51.0,0.006,0.006,60.0,1,0,0.313,1.14,13558.0,0.013000000000000012,0.013000000000000012,4.3333333333333375,1,0,17.775,1.05,174.0,-0.22500000000000142,0.22500000000000142,1.2500000000000078,1,0,4,0.56225,0.37174008056705427,0.171,1.169,0.56225,0.37174008056705427,0.6740294874855254,0.56225,1.0,4,0,1.1325,1.29,4,52.0,2153.5,2,4,0.51075,0.23778811471560138,0.219,0.788,0.51075,0.23778811471560138,0.5633904063790934,0.51075,1.0,4,0,1.11,1.24,4,32.0,2076.5,3,4,0.09574999999999999,0.3207501948557475,-0.265,0.601,0.09574999999999999,0.3207501948557475,0.33473683693313466,0.26075000000000004,1.0,4,0,1.1275,1.17,4,15.0,117.0,4,4,49.95725,0.5999022316177864,49.056,50.745,-0.042749999999999844,0.5999022316177864,0.6014235196598153,0.42925000000000146,1.0,4,0,1.11,1.12,4,21.0,118.0,3
55,55,power_law,7.297,1.0,12565.0,2.2969999999999997,2.2969999999999997,45.93999999999999,1,1,2.358,1.0,13189.0,0.3580000000000001,0.3580000000000001,17.900000000000006,1,1,6.903,1.0,10411.0,1.9029999999999996,1.9029999999999996,38.059999999999995,1,1,2.616,1.0,13076.0,0.6160000000000001,0.6160000000000001,30.800000000000004,1,1,0.525,1.0,15902.0,-0.07499999999999996,0.07499999999999996,12.499999999999993,1,1,0.006,1.0,18252.0,-0.004,0.004,40.0,1,1,0.288,1.0,28269.0,-0.01200000000000001,0.01200000000000001,4.0000000000000036,1,1,17.056,1.0,18377.0,-0.9439999999999991,0.9439999999999991,5.244444444444439,1,1,4,0.5325,0.30577974099014477,0.254,1.028,0.5325,0.30577974099014477,0.6140500793909239,0.5325,1.0,4,0,1.0,1.0,0,5751.0,14838.5,0,4,0.3585,0.10465299804592317,0.236,0.479,0.3585,0.10465299804592317,0.373462849558025,0.3585,1.0,4,0,1.0,1.0,0,11132.0,14172.5,0,4,-0.8915,0.8833904855724901,-1.732,0.394,-0.8915,0.8833904855724901,1.2550501981992592,1.0885,0.75,3,0,1.0,1.0,0,12615.0,15750.0,0,4,50.296,0.454933511625599,49.659,50.812,0.2959999999999994,0.454933511625599,0.5427527061194616,0.4664999999999999,1.0,4,0,1.0,1.0,0,6856.0,15089.5,0
56,56,power_law,5.666,1.0,14481.0,0.6660000000000004,0.6660000000000004,13.320000000000007,1,1,2.384,1.0,15949.0,0.3839999999999999,0.3839999999999999,19.199999999999996,1,1,5.954,1.0,11473.0,0.9539999999999997,0.9539999999999997,19.079999999999995,1,1,1.94,1.0,12136.0,-0.06000000000000005,0.06000000000000005,3.0000000000000027,1,1,0.536,1.0,16075.0,-0.06399999999999995,0.06399999999999995,10.666666666666657,1,1,0.01,1.0,30228.0,0.0,0.0,0.0,1,1,0.334,1.0,29472.0,0.03400000000000003,0.03400000000000003,11.333333333333345,1,1,13.973,1.0,19377.0,-4.026999999999999,4.026999999999999,22.37222222222222,0,1,4,0.4895,0.27580835737881476,0.149,0.79,0.4895,0.27580835737881476,0.5618545185366048,0.4895,1.0,4,0,1.0,1.0,0,7545.0,12056.0,0,4,1.012,0.543126596660484,0.354,1.862,1.012,0.543126596660484,1.1485340656680585,1.012,1.0,4,0,1.0,1.0,0,9183.0,14066.0,0,4,0.20525,0.2716296881785936,-0.046,0.649,0.20525,0.2716296881785936,0.34045594428648185,0.22825,1.0,4,0,1.0,1.0,0,22786.0,26544.75,0,4,50.27875,0.8493060034522301,49.006,51.375,0.2787500000000005,0.8493060034522302,0.8938804450260672,0.7757500000000004,1.0,4,0,1.0,1.0,0,13755.0,16286.0,0
57,57,power_law,4.121,1.0,13861.0,-0.8789999999999996,0.8789999999999996,17.57999999999999,1,1,1.982,1.0,14072.0,-0.018000000000000016,0.018000000000000016,0.9000000000000008,1,1,4.303,1.0,11422.0,-0.6970000000000001,0.6970000000000001,13.940000000000003,1,1,1.996,1.0,12725.0,-0.0040000000000000036,0.0040000000000000036,0.20000000000000018,1,1,0.523,1.0,17010.0,-0.07699999999999996,0.07699999999999996,12.833333333333327,1,1,0.026,1.0,26388.0,0.016,0.016,160.0,1,1,0.293,1.0,37818.0,-0.007000000000000006,0.007000000000000006,2.3333333333333357,1,1,18.361,1.0,15145.0,0.36100000000000065,0.36100000000000065,2.005555555555559,1,1,4,0.30325,0.18075034578113533,0.068,0.574,0.30325,0.18075034578113533,0.3530315141740182,0.30325,1.0,4,0,1.0,1.0,0,7123.0,11661.0,0,4,0.27925,0.09491673983023227,0.15,0.393,0.27925,0.09491673983023227,0.2949402481859673,0.27925,1.0,4,0,1.0,1.0,0,14542.0,15553.25,0,4,-0.09775000000000003,0.4005442391297121,-0.561,0.381,-0.09775000000000003,0.4005442391297121,0.4122993451365161,0.39275000000000004,1.0,4,0,1.0,1.0,0,6866.0,21572.5,0,4,49.80375,0.09109164341475137,49.69,49.921,-0.19625000000000092,0.09109164341475137,0.21636023202058316,0.19625000000000092,1.0,4,0,1.0,1.0,0,14182.0,17556.75,0
58,58,power_law,6.109,1.0,15988.0,1.109,1.109,22.18,1,1,2.24,1.0,15239.0,0.2400000000000002,0.2400000000000002,12.00000000000001,1,1,5.969,1.0,13057.0,0.9690000000000003,0.9690000000000003,19.380000000000006,1,1,2.27,1.0,13490.0,0.27,0.27,13.5,1,1,0.518,1.0,18724.0,-0.08199999999999996,0.08199999999999996,13.66666666666666,1,1,0.01,1.0,23805.0,0.0,0.0,0.0,1,1,0.304,1.0,10849.0,0.0040000000000000036,0.0040000000000000036,1.3333333333333346,1,1,15.998,1.0,25640.0,-2.0020000000000007,2.0020000000000007,11.122222222222227,1,1,4,0.51725,0.2663384829497983,0.138,0.799,0.51725,0.2663384829497983,0.5817935630444875,0.51725,1.0,4,0,1.0,1.0,0,7271.0,13678.25,0,4,0.35324999999999995,0.08375074626533188,0.235,0.459,0.35324999999999995,0.08375074626533188,0.36304235290114567,0.35324999999999995,1.0,4,0,1.0,1.0,0,12457.0,15957.75,0,4,-0.63075,0.5546441990141067,-1.541,-0.07,-0.63075,0.5546441990141067,0.8399260384105257,0.63075,1.0,4,0,1.0,1.0,0,14060.0,17330.25,0,4,50.2855,0.548389688086858,49.571,50.837,0.285499999999999,0.548389688086858,0.61825682365826,0.5330000000000013,1.0,4,0,1.0,1.0,0,16063.0,21948.75,0
59,59,power_law,6.538,1.0,13008.0,1.5380000000000003,1.5380000000000003,30.760000000000005,1,1,2.228,1.0,12993.0,0.2280000000000002,0.2280000000000002,11.40000000000001,1,1,5.31,1.0,5753.0,0.3099999999999996,0.3099999999999996,6.199999999999992,1,1,2.194,1.0,7227.0,0.19399999999999995,0.19399999999999995,9.699999999999998,1,1,0.505,1.0,14379.0,-0.09499999999999997,0.09499999999999997,15.83333333333333,1,1,0.003,1.0,6269.0,-0.007,0.007,70.0,1,1,0.29,1.0,13403.0,-0.010000000000000009,0.010000000000000009,3.3333333333333366,1,1,15.893,1.0,7687.0,-2.1069999999999993,2.1069999999999993,11.705555555555552,1,1,4,0.45075,0.08161916135320184,0.4,0.592,0.45075,0.08161916135320184,0.45807996026894693,0.45075,1.0,4,0,1.0,1.0,0,4777.0,8165.75,0,4,0.39825,0.16930501321579344,0.163,0.6,0.39825,0.16930501321579344,0.43274386188598907,0.39825,1.0,4,0,1.0,1.0,0,6092.0,10915.25,0,4,-0.52,0.4132656530610788,-1.166,-0.077,-0.52,0.4132656530610788,0.6642202195055492,0.52,1.0,4,0,1.0,1.0,0,11464.0,15039.75,0,4,50.012,0.23102813681454498,49.686,50.332,0.012000000000000455,0.23102813681454498,0.2313395772452265,0.18599999999999994,1.0,4,0,1.0,1.0,0,10276.0,14548.5,0
60,60,power_law,5.87,1.0,13891.0,0.8700000000000001,0.8700000000000001,17.400000000000002,1,1,2.15,1.0,14535.0,0.1499999999999999,0.1499999999999999,7.499999999999996,1,1,5.932,1.0,12564.0,0.9320000000000004,0.9320000000000004,18.640000000000008,1,1,2.224,1.0,13194.0,0.2240000000000002,0.2240000000000002,11.20000000000001,1,1,0.505,1.0,16473.0,-0.09499999999999997,0.09499999999999997,15.83333333333333,1,1,0.016,1.0,29282.0,0.006,0.006,60.0,1,1,0.266,1.0,33187.0,-0.033999999999999975,0.033999999999999975,11.333333333333325,1,1,16.493,1.0,16218.0,-1.5070000000000014,1.5070000000000014,8.37222222222223,1,1,4,0.3715,0.19883347303711216,0.146,0.65,0.3715,0.19883347303711216,0.4213632637048465,0.3715,1.0,4,0,1.0,1.0,0,7761.0,14049.0,0,4,0.3865,0.09501710372348761,0.274,0.537,0.3865,0.09501710372348761,0.3980081657453777,0.3865,1.0,4,0,1.0,1.0,0,13377.0,16354.25,0,4,0.06874999999999999,0.4753137779404254,-0.654,0.677,0.06874999999999999,0.4753137779404254,0.4802600857868578,0.39575,1.0,4,0,1.0,1.0,0,17029.0,23723.5,0,4,50.103750000000005,0.6107496930003309,49.106,50.705,0.10374999999999979,0.6107496930003309,0.619499192896971,0.550749999999999,1.0,4,0,1.0,1.0,0,15929.0,18733.5,0
61,61,power_law,5.803,1.0,13985.0,0.8029999999999999,0.8029999999999999,16.06,1,1,2.333,1.0,14434.0,0.3330000000000002,0.3330000000000002,16.65000000000001,1,1,6.395,1.0,12807.0,1.3949999999999996,1.3949999999999996,27.89999999999999,1,1,2.399,1.0,13810.0,0.399,0.399,19.950000000000003,1,1,0.516,1.0,16277.0,-0.08399999999999996,0.08399999999999996,13.999999999999996,1,1,0.01,1.0,30094.0,0.0,0.0,0.0,1,1,0.302,1.0,34398.0,0.0020000000000000018,0.0020000000000000018,0.6666666666666673,1,1,19.531,1.0,20152.0,1.5309999999999988,1.5309999999999988,8.50555555555555,1,1,4,0.3415,0.11496629940987055,0.206,0.509,0.3415,0.11496629940987055,0.36033248535207035,0.3415,1.0,4,0,1.0,1.0,0,9699.0,14779.0,0,4,0.53425,0.2821501151869338,0.185,0.846,0.53425,0.2821501151869338,0.604178574595293,0.53425,1.0,4,0,1.0,1.0,0,6657.0,11872.5,0,4,-0.13024999999999998,0.48051658400101027,-0.84,0.506,-0.13024999999999998,0.48051658400101027,0.497856656076827,0.38325,1.0,4,0,1.0,1.0,0,17841.0,22370.75,0,4,50.051500000000004,0.5097894173087556,49.416,50.833,0.05149999999999899,0.5097894173087556,0.5123841332438003,0.3965000000000014,1.0,4,0,1.0,1.0,0,20701.0,24939.5,0
62,62,power_law,4.809,1.0,8185.0,-0.19099999999999984,0.19099999999999984,3.819999999999997,1,1,2.095,1.0,6390.0,0.0950000000000002,0.0950000000000002,4.75000000000001,1,1,5.718,1.0,9750.0,0.718,0.718,14.360000000000001,1,1,2.283,1.0,10455.0,0.2829999999999999,0.2829999999999999,14.149999999999995,1,1,0.558,1.0,17200.0,-0.041999999999999926,0.041999999999999926,6.9999999999999885,1,1,0.006,1.0,29384.0,-0.004,0.004,40.0,1,1,0.279,1.0,23689.0,-0.020999999999999963,0.020999999999999963,6.9999999999999885,1,1,18.114,1.0,4883.0,0.11400000000000077,0.11400000000000077,0.6333333333333375,1,1,4,0.17675,0.09757657249565593,0.107,0.345,0.17675,0.09757657249565593,0.2018953937067411,0.17675,1.0,4,0,1.0,1.0,0,6145.0,13347.5,0,4,0.26375,0.04537276165278018,0.188,0.305,0.26375,0.04537276165278018,0.26762427019984564,0.26375,1.0,4,0,1.0,1.0,0,5334.0,13348.5,0,4,-0.23125,0.2650805302167626,-0.626,0.044,-0.23125,0.2650805302167626,0.3517730091976927,0.25325000000000003,1.0,4,0,1.0,1.0,0,6182.0,11282.0,0,4,50.299,0.46923288461061824,49.812,50.881,0.2989999999999995,0.46923288461061824,0.5563995866281727,0.4610000000000021,1.0,4,0,1.0,1.0,0,15264.0,20841.25,0
63,63,power_law,6.094,1.0,14849.0,1.0940000000000003,1.0940000000000003,21.880000000000006,1,1,2.325,1.0,15210.0,0.3250000000000002,0.3250000000000002,16.250000000000007,1,1,4.47,1.0,11720.0,-0.5300000000000002,0.5300000000000002,10.600000000000005,1,1,1.956,1.0,12223.0,-0.04400000000000004,0.04400000000000004,2.200000000000002,1,1,0.499,1.0,18168.0,-0.10099999999999998,0.10099999999999998,16.833333333333332,1,1,0.003,1.0,27468.0,-0.007,0.007,70.0,0,1,0.262,1.0,35884.0,-0.03799999999999998,0.03799999999999998,12.666666666666659,1,1,17.445,1.0,18575.0,-0.5549999999999997,0.5549999999999997,3.0833333333333317,1,1,4,0.5245,0.24779477395619143,0.253,0.856,0.5245,0.24779477395619143,0.5800883553390811,0.5245,1.0,4,0,1.0,1.0,0,5984.0,13475.5,0,4,0.29300000000000004,0.0721422206478287,0.22,0.385,0.29300000000000004,0.0721422206478287,0.3017507249369917,0.29300000000000004,1.0,4,0,1.0,1.0,0,11243.0,16966.5,0,4,-0.5485,0.06916827307371494,-0.635,-0.467,-0.5485,0.06916827307371494,0.5528440105490878,0.5485,1.0,4,0,1.0,1.0,0,18919.0,20829.0,0,4,50.56025,0.34874516125675453,50.048,51.0,0.5602500000000017,0.34874516125675453,0.6599267004751374,0.5602500000000017,1.0,4,0,1.0,1.0,0,12566.0,16802.0,0
64,64,power_law,5.635,1.0,3649.0,0.6349999999999998,0.6349999999999998,12.699999999999994,1,1,2.203,1.0,3422.0,0.20299999999999985,0.20299999999999985,10.149999999999991,1,1,4.994,1.0,4494.0,-0.006000000000000227,0.006000000000000227,0.12000000000000455,1,1,2.365,1.0,5582.0,0.3650000000000002,0.3650000000000002,18.25000000000001,1,1,0.504,1.0,14221.0,-0.09599999999999997,0.09599999999999997,15.999999999999998,1,1,0.015,1.0,29714.0,0.004999999999999999,0.004999999999999999,49.999999999999986,1,1,0.257,1.0,33819.0,-0.04299999999999998,0.04299999999999998,14.333333333333329,1,1,18.532,1.0,23852.0,0.532,0.532,2.9555555555555557,1,1,4,0.21325,0.12070910280504947,0.078,0.401,0.21325,0.12070910280504947,0.24504336350940012,0.21325,1.0,4,0,1.0,1.0,0,5928.0,13516.0,0,4,0.21125,0.14954159120458763,0.05,0.43,0.21125,0.14954159120458763,0.2588228158412623,0.21125,1.0,4,0,1.0,1.0,0,7896.0,14943.75,0,4,-0.162,0.27828672264411036,-0.592,0.101,-0.162,0.27828672264411036,0.32200543473674476,0.2455,1.0,4,0,1.0,1.0,0,6354.0,13531.75,0,4,50.380250000000004,0.6481394043722382,49.485,51.116,0.3802500000000002,0.6481394043722382,0.7514484346912965,0.6377500000000005,0.75,3,0,1.0,1.0,0,21833.0,24823.5,0
65,65,power_law,4.463,1.0,6222.0,-0.5369999999999999,0.5369999999999999,10.739999999999998,1,1,2.004,1.0,7768.0,0.0040000000000000036,0.0040000000000000036,0.20000000000000018,1,1,5.879,1.0,11537.0,0.8789999999999996,0.8789999999999996,17.57999999999999,1,1,2.371,1.0,13120.0,0.371,0.371,18.55,1,1,0.548,1.0,16088.0,-0.051999999999999935,0.051999999999999935,8.666666666666655,1,1,0.013,1.0,22977.0,0.002999999999999999,0.002999999999999999,29.999999999999993,1,1,0.275,1.0,5790.0,-0.024999999999999967,0.024999999999999967,8.333333333333323,1,1,20.395,1.0,21075.0,2.3949999999999996,2.3949999999999996,13.305555555555554,1,1,4,0.1755,0.12019671376539377,0.043,0.361,0.1755,0.12019671376539377,0.21271459752447644,0.1755,1.0,4,0,1.0,1.0,0,1225.0,12835.0,0,4,0.27649999999999997,0.11505759427347678,0.099,0.414,0.27649999999999997,0.11505759427347678,0.2994837224291163,0.27649999999999997,1.0,4,0,1.0,1.0,0,7097.0,11033.25,0,4,-0.51225,0.41671295576211687,-1.185,-0.043,-0.51225,0.41671295576211687,0.6603406317954393,0.51225,0.75,3,0,1.0,1.0,0,4473.0,15554.25,0,4,49.93275,0.4912058504334005,49.33,50.451,-0.06724999999999959,0.4912058504334005,0.49578800913293597,0.48324999999999996,1.0,4,0,1.0,1.0,0,10102.0,16984.25,0
66,66,power_law,4.403,1.0,12780.0,-0.5970000000000004,0.5970000000000004,11.940000000000008,1,1,1.937,1.0,13683.0,-0.06299999999999994,0.06299999999999994,3.1499999999999972,1,1,5.213,1.0,8920.0,0.21300000000000008,0.21300000000000008,4.260000000000002,1,1,2.262,1.0,9297.0,0.262,0.262,13.100000000000001,1,1,0.529,1.0,17580.0,-0.07099999999999995,0.07099999999999995,11.833333333333327,1,1,0.006,1.0,22399.0,-0.004,0.004,40.0,1,1,0.274,1.0,29023.0,-0.025999999999999968,0.025999999999999968,8.666666666666655,1,1,17.66,1.0,19259.0,-0.33999999999999986,0.33999999999999986,1.8888888888888882,1,1,4,0.16675,0.009601432184835758,0.154,0.181,0.16675,0.009601432184835758,0.16702619555027887,0.16675,1.0,4,0,1.0,1.0,0,10887.0,14276.0,0,4,0.47875,0.32720511533287494,0.124,0.845,0.47875,0.32720511533287494,0.5798833934507868,0.47875,1.0,4,0,1.0,1.0,0,4120.0,10634.0,0,4,-0.52925,0.416205102683761,-1.058,-0.018,-0.52925,0.416205102683761,0.6732995247287792,0.52925,1.0,4,0,1.0,1.0,0,17238.0,23020.0,0,4,50.57599999999999,0.9107049467308275,49.741,52.073,0.5760000000000005,0.9107049467308275,1.0775711113425415,0.724499999999999,1.0,4,0,1.0,1.0,0,13769.0,19630.25,0
67,67,power_law,6.081,1.0,10859.0,1.0810000000000004,1.0810000000000004,21.620000000000008,1,1,2.381,1.0,11794.0,0.3809999999999998,0.3809999999999998,19.04999999999999,1,1,6.435,1.0,11247.0,1.4349999999999996,1.4349999999999996,28.699999999999992,1,1,2.174,1.0,11621.0,0.17399999999999993,0.17399999999999993,8.699999999999996,1,1,0.552,1.0,15362.0,-0.04799999999999993,0.04799999999999993,7.999999999999989,1,1,0.013,1.0,31747.0,0.002999999999999999,0.002999999999999999,29.999999999999993,1,1,0.311,1.0,35007.0,0.01100000000000001,0.01100000000000001,3.66666666666667,1,1,16.336,1.0,22036.0,-1.6640000000000015,1.6640000000000015,9.244444444444452,1,1,4,0.5795,0.5871892795342912,0.068,1.574,0.5795,0.5871892795342912,0.8249918181412469,0.5795,1.0,4,0,1.0,1.0,0,3060.0,11528.75,0,4,0.44375,0.1430653259878158,0.23,0.629,0.44375,0.1430653259878158,0.46624215811099706,0.44375,1.0,4,0,1.0,1.0,0,12715.0,15130.75,0,4,-0.4465,0.33071853591838485,-0.931,-0.101,-0.4465,0.33071853591838485,0.5556410711961455,0.4465,1.0,4,0,1.0,1.0,0,22828.0,24840.0,0,4,50.39975,0.5552257986621287,49.95,51.351,0.39975000000000094,0.5552257986621287,0.6841606171068307,0.4247499999999995,1.0,4,0,1.0,1.0,0,14735.0,17406.25,0
68,68,power_law,4.749,1.0,1767.0,-0.25100000000000033,0.25100000000000033,5.020000000000007,1,1,1.997,1.0,2479.0,-0.0029999999999998916,0.0029999999999998916,0.14999999999999458,1,1,5.683,1.0,9403.0,0.6829999999999998,0.6829999999999998,13.659999999999997,1,1,2.181,1.0,10419.0,0.18100000000000005,0.18100000000000005,9.050000000000002,1,1,0.517,1.01,16377.0,-0.08299999999999996,0.08299999999999996,13.833333333333329,1,1,0.019,1.01,507.0,0.009,0.009,89.99999999999999,1,1,0.314,1.0,3112.0,0.014000000000000012,0.014000000000000012,4.666666666666671,1,1,14.769,1.01,17884.0,-3.231,3.231,17.95,0,1,4,0.27225,0.129673387786392,0.128,0.482,0.27225,0.129673387786392,0.30155472140226885,0.27225,1.0,4,0,1.0025,1.01,0,2303.0,3228.5,0,4,0.6135,0.4200110117604061,0.106,1.241,0.6135,0.4200110117604061,0.7434994956286117,0.6135,1.0,4,0,1.0,1.0,0,2508.0,8592.0,0,4,0.23225,0.5770439216385526,-0.637,0.905,0.23225,0.5770439216385526,0.6220287372782708,0.5507500000000001,1.0,4,0,1.0025,1.01,0,974.0,9991.5,0,4,49.917,0.9077210474589632,48.633,51.11,-0.08300000000000018,0.9077210474589632,0.9115078167519999,0.7849999999999984,1.0,4,0,1.0074999999999998,1.01,0,501.0,11576.75,0
69,69,power_law,6.306,1.0,10677.0,1.306,1.306,26.119999999999997,1,1,2.431,1.0,12651.0,0.43100000000000005,0.43100000000000005,21.550000000000004,1,1,8.901,1.0,12107.0,3.901,3.901,78.02,1,1,2.836,1.0,12917.0,0.8359999999999999,0.8359999999999999,41.79999999999999,1,1,0.495,1.0,15677.0,-0.10499999999999998,0.10499999999999998,17.5,1,1,0.019,1.0,30944.0,0.009,0.009,89.99999999999999,1,1,0.286,1.0,12699.0,-0.014000000000000012,0.014000000000000012,4.666666666666671,1,1,17.009,1.0,18759.0,-0.9909999999999997,0.9909999999999997,5.505555555555554,1,1,4,0.566,0.6568668053722916,0.134,1.702,0.566,0.6568668053722916,0.8670813110660384,0.566,1.0,4,0,1.0,1.0,0,2658.0,12224.25,0,4,0.7042499999999999,0.28974762725516834,0.255,1.057,0.7042499999999999,0.28974762725516834,0.7615259352116643,0.7042499999999999,1.0,4,0,1.0,1.0,0,3483.0,9963.25,0,4,-0.081,0.46252081034262665,-0.867,0.327,-0.081,0.46252081034262665,0.46955990033221534,0.35250000000000004,1.0,4,0,1.0,1.0,0,17468.0,20966.5,0,4,50.24225,0.3059937703614232,49.802,50.66,0.24224999999999852,0.3059937703614232,0.3902784262548965,0.3412499999999987,1.0,4,0,1.0,1.0,0,15480.0,18018.75,0
70,70,power_law,5.346,1.0,11898.0,0.3460000000000001,0.3460000000000001,6.920000000000001,1,1,2.05,1.0,12120.0,0.04999999999999982,0.04999999999999982,2.499999999999991,1,1,6.84,1.0,2646.0,1.8399999999999999,1.8399999999999999,36.8,1,1,2.702,1.0,3590.0,0.702,0.702,35.099999999999994,1,1,0.505,1.0,8737.0,-0.09499999999999997,0.09499999999999997,15.83333333333333,1,1,0.014,1.0,1903.0,0.004,0.004,40.0,1,1,0.318,1.0,1344.0,0.018000000000000016,0.018000000000000016,6.000000000000005,1,1,19.549,1.0,20802.0,1.5489999999999995,1.5489999999999995,8.605555555555553,1,1,4,0.30024999999999996,0.24228327944783973,0.107,0.712,0.30024999999999996,0.24228327944783973,0.3858124544386819,0.30024999999999996,1.0,4,0,1.0,1.0,0,1844.0,7659.75,0,4,0.63625,0.47636507796017125,0.075,1.391,0.63625,0.47636507796017125,0.7948193190908233,0.63625,1.0,4,0,1.005,1.01,0,1755.0,10829.75,0,4,-0.9349999999999999,1.1557309375455862,-2.791,0.239,-0.9349999999999999,1.1557309375455862,1.4865863580700585,1.0545,0.75,3,0,1.0,1.0,0,3575.0,12228.75,0,4,50.09875,0.5246229002817167,49.452,50.745,0.098749999999999,0.5246229002817167,0.5338358830202405,0.5052500000000002,1.0,4,0,1.0,1.0,0,7448.0,17722.0,0
71,71,power_law,4.287,1.0,2860.0,-0.7130000000000001,0.7130000000000001,14.26,1,1,1.816,1.0,3701.0,-0.18399999999999994,0.18399999999999994,9.199999999999998,1,1,5.95,1.0,2081.0,0.9500000000000002,0.9500000000000002,19.000000000000004,1,1,2.413,1.0,2178.0,0.4129999999999998,0.4129999999999998,20.64999999999999,1,1,0.526,1.0,12233.0,-0.07399999999999995,0.07399999999999995,12.333333333333327,1,1,0.013,1.0,17063.0,0.002999999999999999,0.002999999999999999,29.999999999999993,1,1,0.292,1.0,6046.0,-0.008000000000000007,0.008000000000000007,2.666666666666669,1,1,16.097,1.0,13570.0,-1.9029999999999987,1.9029999999999987,10.572222222222214,1,1,4,0.2925,0.29595312128781476,0.077,0.802,0.2925,0.29595312128781476,0.41610635659648365,0.2925,1.0,4,0,1.0,1.0,0,1364.0,10578.0,0,4,0.2905,0.12331362455138523,0.137,0.481,0.2905,0.12331362455138523,0.3155891316252827,0.2905,1.0,4,0,1.0,1.0,0,1176.0,6906.0,0,4,-0.19325000000000003,0.3808072839376894,-0.554,0.361,-0.19325000000000003,0.3808072839376894,0.4270360055077324,0.37375,1.0,4,0,1.0,1.0,0,3026.0,7724.75,0,4,50.518750000000004,0.2757466001603637,50.057,50.769,0.5187500000000007,0.2757466001603637,0.587484255108169,0.5187500000000007,1.0,4,0,1.0,1.0,0,1169.0,11508.75,0
72,72,power_law,4.308,1.0,14318.0,-0.6920000000000002,0.6920000000000002,13.840000000000002,1,1,2.124,1.0,14831.0,0.12400000000000011,0.12400000000000011,6.2000000000000055,1,1,3.788,1.0,11179.0,-1.2120000000000002,1.2120000000000002,24.240000000000002,1,1,1.782,1.0,12464.0,-0.21799999999999997,0.21799999999999997,10.899999999999999,1,1,0.515,1.0,18837.0,-0.08499999999999996,0.08499999999999996,14.16666666666666,1,1,0.019,1.0,32768.0,0.009,0.009,89.99999999999999,1,1,0.284,1.0,38081.0,-0.016000000000000014,0.016000000000000014,5.333333333333338,1,1,19.22,1.0,18913.0,1.2199999999999989,1.2199999999999989,6.7777777777777715,1,1,4,0.21300000000000002,0.14364017543848936,0.087,0.456,0.21300000000000002,0.14364017543848936,0.25690757092775607,0.21300000000000002,1.0,4,0,1.0,1.0,0,8813.0,17716.75,0,4,0.20550000000000002,0.10125833299042604,0.125,0.378,0.20550000000000002,0.10125833299042604,0.22909277596641933,0.20550000000000002,1.0,4,0,1.0,1.0,0,10997.0,15736.25,0,4,-0.1845,0.44326656765427286,-0.803,0.308,-0.1845,0.44326656765427286,0.48013071136931035,0.416,1.0,4,0,1.0,1.0,0,22090.0,24753.0,0,4,49.79625,0.3300578547770079,49.448,50.134,-0.20374999999999943,0.3300578547770079,0.3878817474437282,0.32975000000000065,1.0,4,0,1.0,1.0,0,10746.0,24245.75,0
73,73,power_law,7.819,1.0,13951.0,2.819,2.819,56.379999999999995,1,1,2.431,1.0,14360.0,0.43100000000000005,0.43100000000000005,21.550000000000004,1,1,5.579,1.0,13213.0,0.5789999999999997,0.5789999999999997,11.579999999999995,1,1,2.45,1.0,13964.0,0.4500000000000002,0.4500000000000002,22.500000000000007,1,1,0.523,1.0,18159.0,-0.07699999999999996,0.07699999999999996,12.833333333333327,1,1,0.029,1.0,27672.0,0.019000000000000003,0.019000000000000003,190.00000000000003,0,1,0.289,1.0,30501.0,-0.01100000000000001,0.01100000000000001,3.66666666666667,1,1,16.678,1.0,23452.0,-1.3219999999999992,1.3219999999999992,7.34444444444444,1,1,4,0.64575,0.44518107271086904,0.192,1.35,0.64575,0.44518107271086904,0.7843336343674164,0.64575,1.0,4,0,1.0,1.0,0,7621.0,12501.75,0,4,0.24100000000000002,0.11361557991754476,0.126,0.393,0.24100000000000002,0.11361557991754476,0.26643854826207114,0.24100000000000002,1.0,4,0,1.0,1.0,0,11872.0,17920.25,0,4,-0.8165,0.6582098829400848,-1.77,0.05,-0.8165,0.6582098829400848,1.0487671333522997,0.8414999999999999,0.75,3,0,1.0,1.0,0,16187.0,20204.5,0,4,50.19075,0.3386616120849819,49.764,50.702,0.1907500000000013,0.3386616120849819,0.3886865703880175,0.30874999999999986,1.0,4,0,1.0,1.0,0,20626.0,23005.5,0
74,74,power_law,6.701,1.0,11296.0,1.7009999999999996,1.7009999999999996,34.019999999999996,1,1,2.491,1.0,10956.0,0.4910000000000001,0.4910000000000001,24.550000000000004,1,1,6.335,1.0,12077.0,1.335,1.335,26.700000000000003,1,1,2.461,1.0,12881.0,0.46099999999999985,0.46099999999999985,23.049999999999994,1,1,0.507,1.0,12162.0,-0.09299999999999997,0.09299999999999997,15.499999999999996,1,1,0.01,1.0,25971.0,0.0,0.0,0.0,1,1,0.294,1.0,37246.0,-0.006000000000000005,0.006000000000000005,2.0000000000000018,1,1,18.558,1.0,18906.0,0.5579999999999998,0.5579999999999998,3.0999999999999988,1,1,4,0.31225,0.1776307616940264,0.132,0.607,0.31225,0.1776307616940264,0.3592391264881931,0.31225,1.0,4,0,1.0,1.0,0,3588.0,12027.75,0,4,0.32875,0.15144862990466437,0.072,0.465,0.32875,0.15144862990466437,0.36195752513243873,0.32875,1.0,4,0,1.0,1.0,0,1713.0,10005.25,0,4,-0.57775,0.5980524120008212,-1.347,0.113,-0.57775,0.5980524120008212,0.8315417908920754,0.63425,0.75,3,0,1.0,1.0,0,1622.0,4366.0,0,4,50.0155,0.5659339625786766,49.474,50.795,0.015499999999999403,0.5659339625786766,0.5661461825359266,0.5400000000000027,1.0,4,0,1.0,1.0,0,3585.0,4744.5,0
75,75,power_law,6.717,1.0,12011.0,1.7169999999999996,1.7169999999999996,34.33999999999999,1,1,2.566,1.0,11999.0,0.5659999999999998,0.5659999999999998,28.29999999999999,1,1,5.724,1.0,12173.0,0.7240000000000002,0.7240000000000002,14.480000000000004,1,1,2.527,1.0,12199.0,0.5270000000000001,0.5270000000000001,26.35000000000001,1,1,0.484,1.0,16446.0,-0.11599999999999999,0.11599999999999999,19.333333333333332,0,1,0.01,1.0,29483.0,0.0,0.0,0.0,1,1,0.305,1.0,29208.0,0.0050000000000000044,0.0050000000000000044,1.6666666666666683,1,1,20.187,1.0,14220.0,2.187000000000001,2.187000000000001,12.150000000000007,1,1,4,0.36225,0.21551841568645588,0.091,0.69,0.36225,0.21551841568645588,0.4215130484338533,0.36225,1.0,4,0,1.0,1.0,0,3215.0,9514.25,0,4,0.23075,0.15554320139433933,0.061,0.442,0.23075,0.15554320139433933,0.2782790865300517,0.23075,1.0,4,0,1.0,1.0,0,7457.0,13582.25,0,4,-0.29675,0.5301251621079687,-0.868,0.556,-0.29675,0.5301251621079687,0.6075304519116717,0.5747500000000001,1.0,4,0,1.0,1.0,0,18357.0,21529.0,0,4,50.193999999999996,0.6375841120981601,49.582,51.263,0.19399999999999906,0.63758411209816,0.6664454216213048,0.4435000000000002,1.0,4,0,1.0,1.0,0,19795.0,20793.75,0
76,76,power_law,5.698,1.0,2088.0,0.6980000000000004,0.6980000000000004,13.960000000000008,1,1,2.45,1.0,3439.0,0.4500000000000002,0.4500000000000002,22.500000000000007,1,1,4.512,1.0,1994.0,-0.48800000000000043,0.48800000000000043,9.760000000000009,1,1,1.933,1.0,2435.0,-0.06699999999999995,0.06699999999999995,3.3499999999999974,1,1,0.522,1.0,17565.0,-0.07799999999999996,0.07799999999999996,12.999999999999995,1,1,0.007,1.01,371.0,-0.003,0.003,30.0,1,1,0.33,1.0,19538.0,0.030000000000000027,0.030000000000000027,10.000000000000009,1,1,17.729,1.0,1221.0,-0.2710000000000008,0.2710000000000008,1.50555555555556,1,1,4,0.22475,0.10910402146575533,0.112,0.391,0.22475,0.10910402146575533,0.24983244384987313,0.22475,1.0,4,0,1.0,1.0,0,10281.0,14049.75,0,4,0.4215,0.2953019640977689,0.136,0.862,0.4215,0.2953019640977689,0.5146508525204248,0.4215,1.0,4,0,1.0,1.0,0,2529.0,6660.25,0,4,0.27249999999999996,0.3221602861930688,-0.02,0.818,0.27249999999999996,0.3221602861930688,0.4219520114894583,0.2825,1.0,4,0,1.0,1.0,0,6389.0,15244.25,0,4,50.41025,0.6546229353605029,49.952,51.53,0.41024999999999956,0.6546229353605029,0.7725517782000121,0.45725000000000016,1.0,4,0,1.0,1.0,0,7004.0,12270.5,0
77,77,power_law,4.817,1.0,12797.0,-0.18299999999999983,0.18299999999999983,3.6599999999999966,1,1,2.164,1.0,13530.0,0.16400000000000015,0.16400000000000015,8.200000000000006,1,1,4.284,1.0,11278.0,-0.7160000000000002,0.7160000000000002,14.320000000000006,1,1,1.838,1.0,12741.0,-0.16199999999999992,0.16199999999999992,8.099999999999996,1,1,0.504,1.0,19738.0,-0.09599999999999997,0.09599999999999997,15.999999999999998,1,1,0.006,1.0,24029.0,-0.004,0.004,40.0,1,1,0.295,1.0,32152.0,-0.0050000000000000044,0.0050000000000000044,1.6666666666666683,1,1,16.492,1.0,17518.0,-1.5079999999999991,1.5079999999999991,8.377777777777773,1,1,4,0.16875,0.06418868669789093,0.071,0.247,0.16875,0.06418868669789093,0.18054570058575198,0.16875,1.0,4,0,1.0,1.0,0,12712.0,17025.75,0,4,0.47325,0.4961357551114413,0.062,1.314,0.47325,0.4961357551114413,0.6856502388244315,0.47325,1.0,4,0,1.0,1.0,0,4197.0,15447.0,0,4,0.01775,0.035400388415948204,-0.038,0.059,0.01775,0.035400388415948204,0.039601136347332255,0.03675,1.0,4,0,1.0,1.0,0,20713.0,25265.5,0,4,50.1455,0.671907917798265,49.308,51.171,0.1454999999999984,0.671907917798265,0.6874812724722031,0.532,1.0,4,0,1.0,1.0,0,16970.0,20161.25,0
78,78,power_law,5.518,1.01,1093.0,0.5179999999999998,0.5179999999999998,10.359999999999996,1,1,2.296,1.01,797.0,0.2959999999999998,0.2959999999999998,14.79999999999999,1,1,7.111,1.0,14491.0,2.1109999999999998,2.1109999999999998,42.22,1,1,2.74,1.0,5876.0,0.7400000000000002,0.7400000000000002,37.000000000000014,1,1,0.529,1.0,6284.0,-0.07099999999999995,0.07099999999999995,11.833333333333327,1,1,0.017,1.01,917.0,0.007000000000000001,0.007000000000000001,70.0,1,1,0.308,1.0,12955.0,0.008000000000000007,0.008000000000000007,2.666666666666669,1,1,19.64,1.0,2326.0,1.6400000000000006,1.6400000000000006,9.111111111111114,1,1,4,0.41575,0.24955497891246328,0.073,0.743,0.41575,0.24955497891246328,0.4848976696170028,0.41575,1.0,4,0,1.0025,1.01,0,815.0,7821.5,0,4,0.6775,0.49002168319371336,0.202,1.496,0.6775,0.49002168319371336,0.836138445474193,0.6775,1.0,4,0,1.0,1.0,0,2096.0,3304.5,0,4,0.22425,0.29722161344693626,-0.239,0.533,0.22425,0.29722161344693626,0.37232881972793885,0.34375,1.0,4,0,1.005,1.01,0,982.0,7196.25,0,4,50.32725000000001,0.8102769202562784,49.396,51.352,0.3272499999999994,0.8102769202562784,0.8738656933419454,0.7857500000000002,1.0,4,0,1.0,1.0,0,2808.0,10881.25,0
79,79,power_law,6.244,1.0,15529.0,1.2439999999999998,1.2439999999999998,24.879999999999995,1,1,2.503,1.0,15233.0,0.5030000000000001,0.5030000000000001,25.150000000000006,1,1,4.764,1.0,11633.0,-0.23599999999999977,0.23599999999999977,4.719999999999995,1,1,2.048,1.0,12019.0,0.04800000000000004,0.04800000000000004,2.400000000000002,1,1,0.519,1.0,18313.0,-0.08099999999999996,0.08099999999999996,13.499999999999995,1,1,0.016,1.0,30614.0,0.006,0.006,60.0,1,1,0.311,1.0,35293.0,0.01100000000000001,0.01100000000000001,3.66666666666667,1,1,18.679,1.0,18490.0,0.6789999999999985,0.6789999999999985,3.7722222222222137,1,1,4,0.484,0.39987998199459796,0.18,1.172,0.484,0.39987998199459796,0.6278216307200637,0.484,1.0,4,0,1.0,1.0,0,5889.0,12434.5,0,4,0.32349999999999995,0.13504906515781587,0.121,0.473,0.32349999999999995,0.13504906515781587,0.350557413272063,0.32349999999999995,1.0,4,0,1.0,1.0,0,11187.0,14054.5,0,4,0.11975,0.531171523615489,-0.384,0.974,0.11975,0.531171523615489,0.5445027548139678,0.44175,1.0,4,0,1.0,1.0,0,16625.0,23020.0,0,4,50.132000000000005,0.2292673112329784,49.859,50.474,0.13199999999999967,0.22926731123297842,0.2645515072722121,0.2024999999999988,1.0,4,0,1.0,1.0,0,12423.0,17428.25,0
80,80,power_law,6.552,1.0,14910.0,1.5519999999999996,1.5519999999999996,31.03999999999999,1,1,2.47,1.0,14890.0,0.4700000000000002,0.4700000000000002,23.50000000000001,1,1,5.461,1.0,13384.0,0.4610000000000003,0.4610000000000003,9.220000000000006,1,1,2.319,1.0,13517.0,0.31899999999999995,0.31899999999999995,15.949999999999998,1,1,0.547,1.0,10076.0,-0.052999999999999936,0.052999999999999936,8.833333333333323,1,1,0.007,1.0,25909.0,-0.003,0.003,30.0,1,1,0.316,1.0,8402.0,0.016000000000000014,0.016000000000000014,5.333333333333338,1,1,19.817,1.0,8900.0,1.8170000000000002,1.8170000000000002,10.094444444444445,1,1,4,0.335,0.19363496585069548,0.137,0.65,0.335,0.19363496585069548,0.38693604122645386,0.335,1.0,4,0,1.0,1.0,0,9172.0,11936.25,0,4,0.32475,0.10881262564610782,0.195,0.445,0.32475,0.10881262564610782,0.3424948904728361,0.32475,1.0,4,0,1.0,1.0,0,7503.0,13334.5,0,4,-0.30574999999999997,0.6271249377117769,-1.111,0.495,-0.30574999999999997,0.6271249377117769,0.6976881466672629,0.58975,1.0,4,0,1.0,1.0,0,7415.0,18823.0,0,4,49.91225,0.46286249307974864,49.333,50.625,-0.08774999999999977,0.46286249307974864,0.4711069411503086,0.4002499999999998,1.0,4,0,1.0,1.0,0,9498.0,19136.5,0
81,81,power_law,6.563,1.0,9245.0,1.5629999999999997,1.5629999999999997,31.259999999999994,1,1,2.446,1.0,4299.0,0.4460000000000002,0.4460000000000002,22.300000000000008,1,1,4.873,1.0,13517.0,-0.12699999999999978,0.12699999999999978,2.5399999999999956,1,1,2.052,1.0,12564.0,0.052000000000000046,0.052000000000000046,2.6000000000000023,1,1,0.496,1.0,18624.0,-0.10399999999999998,0.10399999999999998,17.333333333333332,1,1,0.01,1.0,27171.0,0.0,0.0,0.0,1,1,0.292,1.0,23539.0,-0.008000000000000007,0.008000000000000007,2.666666666666669,1,1,16.867,1.0,4508.0,-1.1329999999999991,1.1329999999999991,6.29444444444444,1,1,4,0.38575000000000004,0.13985952774123042,0.178,0.549,0.38575000000000004,0.13985952774123042,0.4103215202740407,0.38575000000000004,1.0,4,0,1.0,1.0,0,6942.0,10631.5,0,4,0.30100000000000005,0.15190128373387765,0.101,0.459,0.30100000000000005,0.15190128373387765,0.3371572333496643,0.30100000000000005,1.0,4,0,1.0,1.0,0,6082.0,8934.5,0,4,0.236,0.29972487384266255,-0.023,0.733,0.236,0.29972487384266255,0.38148525528518135,0.2475,1.0,4,0,1.0,1.0,0,9575.0,17591.5,0,4,50.263000000000005,0.3163826796776335,50.023,50.807,0.2630000000000017,0.3163826796776335,0.41142070925027696,0.2630000000000017,1.0,4,0,1.0,1.0,0,3935.0,8434.75,0
82,82,power_law,4.5,1.0,11388.0,-0.5,0.5,10.0,1,1,2.064,1.0,12748.0,0.06400000000000006,0.06400000000000006,3.200000000000003,1,1,5.637,1.0,12115.0,0.6369999999999996,0.6369999999999996,12.73999999999999,1,1,1.974,1.0,12559.0,-0.026000000000000023,0.026000000000000023,1.3000000000000012,1,1,0.544,1.0,16264.0,-0.05599999999999994,0.05599999999999994,9.333333333333323,1,1,0.006,1.0,25968.0,-0.004,0.004,40.0,1,1,0.294,1.0,35092.0,-0.006000000000000005,0.006000000000000005,2.0000000000000018,1,1,16.659,1.0,23749.0,-1.341000000000001,1.341000000000001,7.450000000000006,1,1,4,0.28425,0.2646576798432269,0.073,0.737,0.28425,0.2646576798432269,0.38838350891869755,0.28425,1.0,4,0,1.0,1.0,0,4506.0,16214.75,0,4,0.6945,0.643873240630483,0.198,1.778,0.6945,0.643873240630483,0.9470496291113787,0.6945,1.0,4,0,1.0,1.0,0,8583.0,14458.75,0,4,-0.1875,0.46939029602240395,-0.826,0.483,-0.1875,0.46939029602240395,0.5054537565396067,0.429,1.0,4,0,1.0,1.0,0,15964.0,21540.0,0,4,50.49125,0.48658985552516276,49.828,51.054,0.49125000000000085,0.48658985552516276,0.6914450448155657,0.5772499999999994,1.0,4,0,1.0,1.0,0,20069.0,21022.25,0
83,83,power_law,6.714,1.0,15725.0,1.7140000000000004,1.7140000000000004,34.28000000000001,1,1,2.579,1.0,15544.0,0.5790000000000002,0.5790000000000002,28.95000000000001,1,1,5.573,1.0,9335.0,0.5730000000000004,0.5730000000000004,11.460000000000008,1,1,2.132,1.01,10391.0,0.13200000000000012,0.13200000000000012,6.600000000000006,1,1,0.514,1.01,17536.0,-0.08599999999999997,0.08599999999999997,14.333333333333329,1,1,0.013,1.0,5393.0,0.002999999999999999,0.002999999999999999,29.999999999999993,1,1,0.293,1.01,24367.0,-0.007000000000000006,0.007000000000000006,2.3333333333333357,1,1,19.048,1.0,4004.0,1.0479999999999983,1.0479999999999983,5.822222222222213,1,1,4,0.45875,0.15002895553858928,0.282,0.694,0.45875,0.15002895553858928,0.4826595591097311,0.45875,1.0,4,0,1.0025,1.01,0,8037.0,13433.0,0,4,0.5619999999999999,0.3610394715263139,0.147,0.942,0.5619999999999999,0.3610394715263139,0.6679771702685654,0.5619999999999999,1.0,4,0,1.005,1.01,0,391.0,2870.25,1,4,0.385,0.5197595597966429,-0.123,1.059,0.385,0.5197595597966429,0.6468191401002292,0.506,1.0,4,0,1.0025,1.01,0,2331.0,17830.5,0,4,50.32375,0.5856886438202455,49.53,51.178,0.32374999999999865,0.5856886438202457,0.6692124102256306,0.5587499999999981,1.0,4,0,1.005,1.01,0,572.0,5655.5,0
84,84,power_law,4.619,1.0,12377.0,-0.3810000000000002,0.3810000000000002,7.6200000000000045,1,1,1.926,1.0,13107.0,-0.07400000000000007,0.07400000000000007,3.7000000000000033,1,1,4.927,1.0,14541.0,-0.0730000000000004,0.0730000000000004,1.460000000000008,1,1,2.219,1.0,15140.0,0.21899999999999986,0.21899999999999986,10.949999999999992,1,1,0.492,1.0,18751.0,-0.10799999999999998,0.10799999999999998,18.0,1,1,0.02,1.0,30384.0,0.01,0.01,100.0,1,1,0.329,1.0,34325.0,0.029000000000000026,0.029000000000000026,9.666666666666677,1,1,16.579,1.0,18449.0,-1.4209999999999994,1.4209999999999994,7.894444444444441,1,1,4,0.31775,0.0629459093190336,0.242,0.406,0.31775,0.0629459093190336,0.323924759782268,0.31775,1.0,4,0,1.0,1.0,0,14305.0,18092.5,0,4,0.401,0.3026607011159526,0.113,0.906,0.401,0.3026607011159526,0.5023987460175433,0.401,1.0,4,0,1.0,1.0,0,4685.0,13559.75,0,4,-0.22325000000000003,0.7511712105106265,-1.425,0.589,-0.22325000000000003,0.7511712105106265,0.7836445303835151,0.60175,1.0,4,0,1.0,1.0,0,17036.0,20439.5,0,4,49.997,0.22110065581087587,49.618,50.159,-0.0030000000000001137,0.22110065581087587,0.22112100759538744,0.18799999999999883,1.0,4,0,1.0,1.0,0,21074.0,22830.5,0
85,85,power_law,5.815,1.0,14102.0,0.8150000000000004,0.8150000000000004,16.300000000000008,1,1,2.298,1.0,16063.0,0.29800000000000004,0.29800000000000004,14.900000000000002,1,1,6.163,1.0,12180.0,1.1630000000000003,1.1630000000000003,23.260000000000005,1,1,2.405,1.0,13270.0,0.4049999999999998,0.4049999999999998,20.24999999999999,1,1,0.536,1.0,14427.0,-0.06399999999999995,0.06399999999999995,10.666666666666657,1,1,0.003,1.0,12386.0,-0.007,0.007,70.0,0,1,0.263,1.0,34153.0,-0.03699999999999998,0.03699999999999998,12.333333333333327,1,1,16.854,1.0,19508.0,-1.1460000000000008,1.1460000000000008,6.366666666666671,1,1,4,0.27525,0.120501815339023,0.118,0.45,0.27525,0.120501815339023,0.3004717124788954,0.27525,1.0,4,0,1.0,1.0,0,10658.0,13870.75,0,4,0.39899999999999997,0.22784973118263713,0.204,0.784,0.39899999999999997,0.22784973118263713,0.45947415596527297,0.39899999999999997,1.0,4,0,1.0,1.0,0,5631.0,14513.5,0,4,0.015999999999999986,0.3945693855331404,-0.541,0.575,0.015999999999999986,0.3945693855331404,0.39489365657098113,0.2865,1.0,4,0,1.0,1.0,0,19982.0,21663.0,0,4,50.131,0.5274206101395734,49.393,50.884,0.13100000000000023,0.5274206101395734,0.5434459494742785,0.4344999999999999,1.0,4,0,1.0,1.0,0,17273.0,22895.5,0
86,86,power_law,4.395,1.0,10092.0,-0.6050000000000004,0.6050000000000004,12.100000000000009,1,1,1.996,1.0,10817.0,-0.0040000000000000036,0.0040000000000000036,0.20000000000000018,1,1,7.018,1.0,12701.0,2.018,2.018,40.36,1,1,2.76,1.0,13216.0,0.7599999999999998,0.7599999999999998,37.999999999999986,1,1,0.515,1.0,16693.0,-0.08499999999999996,0.08499999999999996,14.16666666666666,1,1,0.014,1.0,27622.0,0.004,0.004,40.0,1,1,0.339,1.0,27927.0,0.039000000000000035,0.039000000000000035,13.00000000000001,1,1,20.744,1.0,19315.0,2.7439999999999998,2.7439999999999998,15.244444444444444,1,1,4,0.2745,0.24755453944535133,0.052,0.655,0.2745,0.24755453944535133,0.3696396894274207,0.2745,1.0,4,0,1.0,1.0,0,8555.0,15493.25,0,4,0.37,0.18226766032404101,0.083,0.588,0.37,0.18226766032404101,0.41245787663711797,0.37,1.0,4,0,1.0,1.0,0,8919.0,12636.5,0,4,-0.14650000000000002,0.3232371420489916,-0.681,0.166,-0.14650000000000002,0.3232371420489916,0.35488660160676677,0.247,1.0,4,0,1.0,1.0,0,9231.0,18490.0,0,4,50.501999999999995,0.4545904750431989,50.105,51.258,0.5020000000000007,0.4545904750431989,0.6772418327303784,0.5020000000000007,1.0,4,0,1.0,1.0,0,16055.0,18744.75,0
87,87,power_law,4.683,1.0,9432.0,-0.31700000000000017,0.31700000000000017,6.340000000000004,1,1,1.886,1.0,10699.0,-0.1140000000000001,0.1140000000000001,5.700000000000005,1,1,5.707,1.0,11148.0,0.7069999999999999,0.7069999999999999,14.139999999999997,1,1,2.458,1.0,11850.0,0.4580000000000002,0.4580000000000002,22.90000000000001,1,1,0.496,1.0,16615.0,-0.10399999999999998,0.10399999999999998,17.333333333333332,1,1,0.01,1.0,26041.0,0.0,0.0,0.0,1,1,0.353,1.0,32576.0,0.05299999999999999,0.05299999999999999,17.666666666666664,0,1,16.434,1.0,16261.0,-1.565999999999999,1.565999999999999,8.699999999999994,1,1,4,0.38575000000000004,0.23883296987643898,0.139,0.78,0.38575000000000004,0.23883296987643898,0.45370061714747534,0.38575000000000004,1.0,4,0,1.0,1.0,0,13547.0,17273.0,0,4,0.28525,0.11556031974687506,0.167,0.419,0.28525,0.11556031974687506,0.30776898804135544,0.28525,1.0,4,0,1.0,1.0,0,9391.0,14976.75,0,4,-0.3885,0.6169321275472692,-1.399,0.144,-0.3885,0.6169321275472692,0.729066183552632,0.4995,1.0,4,0,1.0,1.0,0,15242.0,18264.0,0,4,50.116749999999996,0.20797520885913284,49.763,50.294,0.11674999999999791,0.20797520885913284,0.23850419283526117,0.23524999999999885,1.0,4,0,1.0,1.0,0,15178.0,20038.75,0
88,88,power_law,4.955,1.0,13228.0,-0.04499999999999993,0.04499999999999993,0.8999999999999986,1,1,2.15,1.0,15222.0,0.1499999999999999,0.1499999999999999,7.499999999999996,1,1,5.727,1.0,10032.0,0.7270000000000003,0.7270000000000003,14.540000000000006,1,1,2.073,1.0,11954.0,0.07299999999999995,0.07299999999999995,3.6499999999999977,1,1,0.559,1.0,19499.0,-0.040999999999999925,0.040999999999999925,6.8333333333333215,1,1,0.016,1.0,36071.0,0.006,0.006,60.0,1,1,0.296,1.0,34067.0,-0.0040000000000000036,0.0040000000000000036,1.3333333333333346,1,1,16.653,1.0,15661.0,-1.3470000000000013,1.3470000000000013,7.4833333333333405,1,1,4,0.21375,0.0949193736810352,0.108,0.361,0.21375,0.0949193736810352,0.23387763894823294,0.21375,1.0,4,0,1.0,1.0,0,13126.0,17930.5,0,4,0.45775,0.19257125304676187,0.255,0.724,0.45775,0.19257125304676187,0.4966072391739774,0.45775,1.0,4,0,1.0,1.0,0,10504.0,15344.0,0,4,0.10275000000000001,0.24610706511597752,-0.22,0.404,0.10275000000000001,0.24610706511597752,0.26669505057274684,0.23275,1.0,4,0,1.0,1.0,0,19131.0,23580.75,0,4,50.841499999999996,0.3983870605328437,50.446,51.471,0.8414999999999981,0.39838706053284373,0.9310394728474173,0.8414999999999981,1.0,4,0,1.0,1.0,0,12801.0,14754.25,0
89,89,power_law,4.621,1.0,12277.0,-0.37899999999999956,0.37899999999999956,7.579999999999991,1,1,2.087,1.0,12773.0,0.08700000000000019,0.08700000000000019,4.350000000000009,1,1,3.904,1.0,11436.0,-1.096,1.096,21.92,1,1,1.916,1.0,12141.0,-0.08400000000000007,0.08400000000000007,4.200000000000004,1,1,0.529,1.0,22291.0,-0.07099999999999995,0.07099999999999995,11.833333333333327,1,1,0.019,1.0,31796.0,0.009,0.009,89.99999999999999,1,1,0.29,1.0,32075.0,-0.010000000000000009,0.010000000000000009,3.3333333333333366,1,1,15.212,1.0,19906.0,-2.7880000000000003,2.7880000000000003,15.48888888888889,1,1,4,0.1935,0.1885013262552813,0.061,0.519,0.1935,0.1885013262552813,0.27013885318480196,0.1935,1.0,4,0,1.0,1.0,0,5301.0,19545.25,0,4,0.20475,0.1723577311872026,0.055,0.478,0.20475,0.1723577311872026,0.26763734791691535,0.20475,1.0,4,0,1.0,1.0,0,13740.0,19728.0,0,4,-0.11625000000000005,0.582683608401678,-0.926,0.719,-0.11625000000000005,0.582683608401678,0.5941668536699098,0.47575,0.75,3,0,1.0,1.0,0,19637.0,24520.5,0,4,49.71825,0.3037683122052065,49.241,50.086,-0.2817500000000006,0.3037683122052065,0.41431660599111897,0.32474999999999987,1.0,4,0,1.0,1.0,0,20585.0,23572.5,0
90,90,power_law,5.42,1.0,14695.0,0.41999999999999993,0.41999999999999993,8.399999999999999,1,1,2.547,1.0,14940.0,0.5470000000000002,0.5470000000000002,27.35000000000001,1,1,4.99,1.0,11796.0,-0.009999999999999787,0.009999999999999787,0.19999999999999576,1,1,1.77,1.0,13291.0,-0.22999999999999998,0.22999999999999998,11.5,1,1,0.565,1.0,20207.0,-0.03500000000000003,0.03500000000000003,5.833333333333339,1,1,0.023,1.0,30839.0,0.013,0.013,129.99999999999997,1,1,0.305,1.0,14701.0,0.0050000000000000044,0.0050000000000000044,1.6666666666666683,1,1,16.804,1.0,22432.0,-1.1960000000000015,1.1960000000000015,6.644444444444453,1,1,4,0.25425,0.1481053256976264,0.129,0.498,0.25425,0.1481053256976264,0.29424182231627105,0.25425,1.0,4,0,1.0,1.0,0,6705.0,13878.5,0,4,0.68625,0.32623333290759854,0.198,1.058,0.68625,0.32623333290759854,0.7598468595710586,0.68625,1.0,4,0,1.0,1.0,0,6740.0,10684.25,0,4,-0.25725,0.3678867862535973,-0.7,0.258,-0.25725,0.3678867862535973,0.448907841321579,0.38625,1.0,4,0,1.0,1.0,0,5555.0,18814.5,0,4,50.3035,0.4849311806844341,49.616,50.888,0.30349999999999966,0.4849311806844341,0.5720756068912561,0.49549999999999983,1.0,4,0,1.0,1.0,0,5328.0,12454.25,0
91,91,power_law,4.586,1.0,11832.0,-0.4139999999999997,0.4139999999999997,8.279999999999994,1,1,1.964,1.0,12684.0,-0.03600000000000003,0.03600000000000003,1.8000000000000016,1,1,5.84,1.0,13305.0,0.8399999999999999,0.8399999999999999,16.799999999999997,1,1,2.34,1.0,13757.0,0.33999999999999986,0.33999999999999986,16.999999999999993,1,1,0.533,1.0,16316.0,-0.06699999999999995,0.06699999999999995,11.166666666666657,1,1,0.01,1.0,35355.0,0.0,0.0,0.0,1,1,0.301,1.0,34636.0,0.0010000000000000009,0.0010000000000000009,0.33333333333333365,1,1,16.084,1.0,14193.0,-1.9160000000000004,1.9160000000000004,10.644444444444447,1,1,4,0.2225,0.06927661943253294,0.133,0.314,0.2225,0.06927661943253294,0.23303540503537226,0.2225,1.0,4,0,1.0,1.0,0,15495.0,19109.0,0,4,0.29974999999999996,0.034412025514345995,0.251,0.344,0.29974999999999996,0.034412025514345995,0.3017188260616165,0.29974999999999996,1.0,4,0,1.0,1.0,0,11645.0,14509.0,0,4,-0.17875000000000002,0.2736451854135205,-0.558,0.132,-0.17875000000000002,0.2736451854135205,0.3268535604823665,0.25675000000000003,1.0,4,0,1.0,1.0,0,17944.0,20342.25,0,4,49.93575,0.2162433524989842,49.684,50.22,-0.06425000000000125,0.2162433524989842,0.22558645792688908,0.20674999999999955,1.0,4,0,1.0,1.0,0,19000.0,22317.25,0
92,92,power_law,5.541,1.0,12931.0,0.5410000000000004,0.5410000000000004,10.820000000000007,1,1,2.061,1.0,13449.0,0.06099999999999994,0.06099999999999994,3.049999999999997,1,1,6.351,1.0,15793.0,1.351,1.351,27.02,1,1,2.556,1.0,16548.0,0.556,0.556,27.800000000000004,1,1,0.465,1.0,14866.0,-0.13499999999999995,0.13499999999999995,22.499999999999993,1,1,0.016,1.0,32215.0,0.006,0.006,60.0,1,1,0.296,1.0,36581.0,-0.0040000000000000036,0.0040000000000000036,1.3333333333333346,1,1,19.086,1.0,14442.0,1.0859999999999985,1.0859999999999985,6.033333333333325,1,1,4,0.33775,0.10618233139275102,0.233,0.51,0.33775,0.10618233139275102,0.3540476662823807,0.33775,1.0,4,0,1.0,1.0,0,14618.0,16244.5,0,4,0.48424999999999996,0.2878388220862502,0.146,0.803,0.48424999999999996,0.2878388220862502,0.5633375986031822,0.48424999999999996,1.0,4,0,1.0,1.0,0,2131.0,9989.0,0,4,-0.57,0.31520548853089475,-1.1,-0.307,-0.57,0.31520548853089475,0.651348217161911,0.57,1.0,4,0,1.0,1.0,0,17593.0,19683.75,0,4,50.029250000000005,0.867487283768472,49.097,51.45,0.02925000000000111,0.8674872837684721,0.8679802705131041,0.6957500000000003,1.0,4,0,1.0,1.0,0,18697.0,22624.0,0
93,93,power_law,3.802,1.0,9782.0,-1.198,1.198,23.959999999999997,1,1,1.84,1.0,11185.0,-0.15999999999999992,0.15999999999999992,7.9999999999999964,1,1,3.76,1.0,10801.0,-1.2400000000000002,1.2400000000000002,24.800000000000004,1,1,1.882,1.0,11307.0,-0.1180000000000001,0.1180000000000001,5.900000000000006,1,1,0.526,1.0,16471.0,-0.07399999999999995,0.07399999999999995,12.333333333333327,1,1,0.02,1.0,33263.0,0.01,0.01,100.0,1,1,0.336,1.0,31292.0,0.03600000000000003,0.03600000000000003,12.00000000000001,1,1,17.584,1.0,6936.0,-0.41600000000000037,0.41600000000000037,2.311111111111113,1,1,4,0.19125,0.09786821496277533,0.059,0.333,0.19125,0.09786821496277533,0.21483656578897364,0.19125,1.0,4,0,1.0,1.0,0,6024.0,13964.25,0,4,0.20425000000000001,0.12758600040756823,0.048,0.381,0.20425000000000001,0.12758600040756823,0.24082410593626213,0.20425000000000001,1.0,4,0,1.0,1.0,0,3324.0,6856.25,0,4,-0.331,0.24738128465993542,-0.742,-0.11,-0.331,0.24738128465993542,0.4132293552012006,0.331,1.0,4,0,1.0,1.0,0,6322.0,12901.75,0,4,49.87675,0.2605958317011233,49.533,50.252,-0.12324999999999875,0.2605958317011233,0.28827200696564326,0.24924999999999997,1.0,4,0,1.0,1.0,0,6385.0,12801.25,0
94,94,power_law,6.594,1.0,5892.0,1.5940000000000003,1.5940000000000003,31.88000000000001,1,1,2.48,1.0,7997.0,0.48,0.48,24.0,1,1,6.667,1.0,12988.0,1.6669999999999998,1.6669999999999998,33.339999999999996,1,1,2.448,1.0,14044.0,0.44799999999999995,0.44799999999999995,22.4,1,1,0.536,1.0,16407.0,-0.06399999999999995,0.06399999999999995,10.666666666666657,1,1,0.01,1.0,8170.0,0.0,0.0,0.0,1,1,0.304,1.0,9221.0,0.0040000000000000036,0.0040000000000000036,1.3333333333333346,1,1,16.317,1.0,9353.0,-1.6829999999999998,1.6829999999999998,9.349999999999998,1,1,4,0.49025,0.35232965742327166,0.11,1.034,0.49025,0.35232965742327166,0.6037228254753998,0.49025,1.0,4,0,1.0,1.0,0,3179.0,5476.5,0,4,0.47850000000000004,0.32944081410778475,0.269,1.048,0.47850000000000004,0.32944081410778475,0.5809419075948989,0.47850000000000004,1.0,4,0,1.0,1.0,0,4737.0,12565.75,0,4,0.02975,0.14059049576696145,-0.199,0.179,0.02975,0.14059049576696145,0.1437036881920572,0.12925,1.0,4,0,1.0,1.0,0,4824.0,11522.75,0,4,50.61,0.37029515254726153,49.978,50.879,0.6100000000000012,0.37029515254726153,0.713595473640354,0.6210000000000004,1.0,4,0,1.0,1.0,0,17490.0,19594.0,0
95,95,power_law,3.869,1.0,9466.0,-1.1309999999999998,1.1309999999999998,22.619999999999997,1,1,1.722,1.0,10406.0,-0.278,0.278,13.900000000000002,1,1,4.902,1.0,11431.0,-0.09799999999999986,0.09799999999999986,1.959999999999997,1,1,2.348,1.0,11895.0,0.34799999999999986,0.34799999999999986,17.39999999999999,1,1,0.481,1.0,14960.0,-0.119,0.119,19.833333333333332,1,1,0.013,1.0,23070.0,0.002999999999999999,0.002999999999999999,29.999999999999993,1,1,0.325,1.0,34974.0,0.025000000000000022,0.025000000000000022,8.333333333333341,1,1,17.012,1.0,18686.0,-0.9879999999999995,0.9879999999999995,5.488888888888886,1,1,4,0.2575,0.11615184027814626,0.062,0.353,0.2575,0.11615184027814626,0.2824845128498198,0.2575,1.0,4,0,1.0,1.0,0,9751.0,15548.25,0,4,0.434,0.33556072475782983,0.047,0.849,0.434,0.33556072475782983,0.5485954793834888,0.434,1.0,4,0,1.0,1.0,0,4357.0,13109.25,0,4,0.128,0.34107623781201757,-0.367,0.597,0.128,0.34107623781201757,0.36430344494665434,0.3115,1.0,4,0,1.0,1.0,0,13039.0,18242.25,0,4,49.82925,0.23585946557219156,49.524,50.162,-0.17074999999999996,0.23585946557219156,0.2911790686158602,0.2517499999999995,1.0,4,0,1.0,1.0,0,21121.0,24496.25,0
96,96,power_law,6.705,1.0,12136.0,1.705,1.705,34.1,1,1,2.53,1.0,12610.0,0.5299999999999998,0.5299999999999998,26.49999999999999,1,1,6.613,1.0,12672.0,1.6130000000000004,1.6130000000000004,32.26000000000001,1,1,2.282,1.0,13839.0,0.28200000000000003,0.28200000000000003,14.100000000000001,1,1,0.543,1.0,14555.0,-0.05699999999999994,0.05699999999999994,9.499999999999991,1,1,0.007,1.0,25259.0,-0.003,0.003,30.0,1,1,0.322,1.0,34793.0,0.02200000000000002,0.02200000000000002,7.33333333333334,1,1,16.617,1.0,20881.0,-1.3829999999999991,1.3829999999999991,7.683333333333328,1,1,4,0.5085000000000001,0.3843699389910715,0.113,1.11,0.5085000000000001,0.3843699389910715,0.6374264663472956,0.5085000000000001,1.0,4,0,1.0,1.0,0,5818.0,11442.25,0,4,0.874,0.7052552729331416,0.235,1.993,0.874,0.7052552729331416,1.1230587696109229,0.874,1.0,4,0,1.0,1.0,0,4548.0,11932.5,0,4,-0.2435,0.3924286559363371,-0.614,0.407,-0.2435,0.3924286559363371,0.4618360098563125,0.44699999999999995,1.0,4,0,1.0,1.0,0,15501.0,21582.75,0,4,50.4555,0.9883816317597162,49.02,51.801,0.4555000000000007,0.9883816317597162,1.088291551010114,0.9454999999999991,1.0,4,0,1.0,1.0,0,13382.0,17643.0,0
97,97,power_law,4.727,1.0,11860.0,-0.2729999999999997,0.2729999999999997,5.459999999999994,1,1,2.146,1.0,12845.0,0.1459999999999999,0.1459999999999999,7.299999999999995,1,1,5.063,1.0,1904.0,0.06299999999999972,0.06299999999999972,1.2599999999999945,1,1,2.115,1.0,2416.0,0.11500000000000021,0.11500000000000021,5.750000000000011,1,1,0.525,1.0,16756.0,-0.07499999999999996,0.07499999999999996,12.499999999999993,1,1,0.016,1.0,26592.0,0.006,0.006,60.0,1,1,0.283,1.0,32839.0,-0.017000000000000015,0.017000000000000015,5.666666666666672,1,1,18.651,1.0,13678.0,0.6509999999999998,0.6509999999999998,3.6166666666666654,1,1,4,0.157,0.05485890994177701,0.079,0.212,0.157,0.05485890994177701,0.16630844837229405,0.157,1.0,4,0,1.0,1.0,0,7864.0,11000.0,0,4,0.29350000000000004,0.11411507350039257,0.126,0.438,0.29350000000000004,0.11411507350039257,0.3149039536112559,0.29350000000000004,1.0,4,0,1.0,1.0,0,7143.0,12431.75,0,4,0.08450000000000002,0.6431549191291318,-0.483,1.08,0.08450000000000002,0.6431549191291318,0.6486821255437828,0.5675,0.75,3,0,1.0,1.0,0,1096.0,15060.75,0,4,50.21725,0.20651800768940223,49.902,50.46,0.21724999999999994,0.20651800768940223,0.2997453085537787,0.26624999999999943,1.0,4,0,1.0,1.0,0,1368.0,12070.25,0
98,98,power_law,6.474,1.0,12620.0,1.4740000000000002,1.4740000000000002,29.480000000000008,1,1,2.286,1.0,13823.0,0.28600000000000003,0.28600000000000003,14.3,1,1,6.776,1.0,13094.0,1.7759999999999998,1.7759999999999998,35.519999999999996,1,1,2.397,1.0,13733.0,0.3969999999999998,0.3969999999999998,19.84999999999999,1,1,0.514,1.0,14579.0,-0.08599999999999997,0.08599999999999997,14.333333333333329,1,1,0.02,1.0,28717.0,0.01,0.01,100.0,1,1,0.313,1.0,31627.0,0.013000000000000012,0.013000000000000012,4.3333333333333375,1,1,17.364,1.0,19901.0,-0.6359999999999992,0.6359999999999992,3.533333333333329,1,1,4,0.6224999999999999,0.3923445552062626,0.299,1.284,0.6224999999999999,0.3923445552062626,0.7358264061584091,0.6224999999999999,1.0,4,0,1.0,1.0,0,7622.0,13090.25,0,4,0.45975,0.155745585812247,0.304,0.709,0.45975,0.155745585812247,0.48541399856205214,0.45975,1.0,4,0,1.0,1.0,0,8148.0,11978.0,0,4,-0.5407500000000001,0.5090154098846124,-1.294,0.063,-0.5407500000000001,0.5090154098846124,0.7426353412005114,0.57225,1.0,4,0,1.0,1.0,0,14541.0,17047.75,0,4,50.604,0.57920851167779,49.892,51.176,0.604000000000001,0.57920851167779,0.8368383953906524,0.6579999999999995,1.0,4,0,1.0,1.0,0,10427.0,15537.25,0
99,99,power_law,5.9,1.0,14418.0,0.9000000000000004,0.9000000000000004,18.000000000000007,1,1,2.353,1.0,15567.0,0.3530000000000002,0.3530000000000002,17.65000000000001,1,1,5.545,1.0,10935.0,0.5449999999999999,0.5449999999999999,10.899999999999999,1,1,2.153,1.0,14997.0,0.15300000000000002,0.15300000000000002,7.650000000000001,1,1,0.502,1.0,1924.0,-0.09799999999999998,0.09799999999999998,16.33333333333333,1,1,0.01,1.01,744.0,0.0,0.0,0.0,1,1,0.269,1.0,18640.0,-0.030999999999999972,0.030999999999999972,10.333333333333325,1,1,17.24,1.0,19100.0,-0.7600000000000016,0.7600000000000016,4.22222222222223,1,1,4,0.34575,0.20099424743011926,0.087,0.635,0.34575,0.20099424743011926,0.3999271808717182,0.34575,1.0,4,0,1.0,1.0,0,4810.0,14375.75,0,4,0.7084999999999999,0.4133439850778042,0.103,1.248,0.7084999999999999,0.4133439850778042,0.8202594101868018,0.7084999999999999,1.0,4,0,1.0,1.0,0,5072.0,10416.25,0,4,-0.3115,0.21173391320239654,-0.614,-0.029,-0.3115,0.21173391320239654,0.37664771338745706,0.3115,1.0,4,0,1.0,1.0,0,16885.0,19772.5,0,4,50.8915,0.2825964437143546,50.504,51.302,0.8914999999999988,0.2825964437143546,0.9352181563678061,0.8914999999999988,1.0,4,0,1.0,1.0,0,2977.0,8272.0,0
