,simulation,model,scale1_post_mean,scale1_rhat,scale1_ess_bulk,scale1_bias,scale1_abs_bias,scale1_relative_error,scale1_covered,scale1_converged,exponent1_post_mean,exponent1_rhat,exponent1_ess_bulk,exponent1_bias,exponent1_abs_bias,exponent1_relative_error,exponent1_covered,exponent1_converged,scale2_post_mean,scale2_rhat,scale2_ess_bulk,scale2_bias,scale2_abs_bias,scale2_relative_error,scale2_covered,scale2_converged,exponent2_post_mean,exponent2_rhat,exponent2_ess_bulk,exponent2_bias,exponent2_abs_bias,exponent2_relative_error,exponent2_covered,exponent2_converged,weight_post_mean,weight_rhat,weight_ess_bulk,weight_bias,weight_abs_bias,weight_relative_error,weight_covered,weight_converged,q_param_post_mean,q_param_rhat,q_param_ess_bulk,q_param_bias,q_param_abs_bias,q_param_relative_error,q_param_covered,q_param_converged,pi0_post_mean,pi0_rhat,pi0_ess_bulk,pi0_bias,pi0_abs_bias,pi0_relative_error,pi0_covered,pi0_converged,phi_post_mean,phi_rhat,phi_ess_bulk,phi_bias,phi_abs_bias,phi_relative_error,phi_covered,phi_converged,n_fx1,fx1_post_mean_avg,fx1_post_mean_sd,fx1_post_mean_min,fx1_post_mean_max,fx1_bias_mean,fx1_bias_sd,fx1_rmse,fx1_mae,fx1_coverage_rate,fx1_n_covered,fx1_n_rhat_nan,fx1_rhat_mean,fx1_rhat_max,fx1_n_rhat_above_1.01,fx1_ess_bulk_min,fx1_ess_bulk_mean,fx1_n_ess_below_400,n_fx2,fx2_post_mean_avg,fx2_post_mean_sd,fx2_post_mean_min,fx2_post_mean_max,fx2_bias_mean,fx2_bias_sd,fx2_rmse,fx2_mae,fx2_coverage_rate,fx2_n_covered,fx2_n_rhat_nan,fx2_rhat_mean,fx2_rhat_max,fx2_n_rhat_above_1.01,fx2_ess_bulk_min,fx2_ess_bulk_mean,fx2_n_ess_below_400,n_fy1,fy1_post_mean_avg,fy1_post_mean_sd,fy1_post_mean_min,fy1_post_mean_max,fy1_bias_mean,fy1_bias_sd,fy1_rmse,fy1_mae,fy1_coverage_rate,fy1_n_covered,fy1_n_rhat_nan,fy1_rhat_mean,fy1_rhat_max,fy1_n_rhat_above_1.01,fy1_ess_bulk_min,fy1_ess_bulk_mean,fy1_n_ess_below_400,n_fy2,fy2_post_mean_avg,fy2_post_mean_sd,fy2_post_mean_min,fy2_post_mean_max,fy2_bias_mean,fy2_bias_sd,fy2_rmse,fy2_mae,fy2_coverage_rate,fy2_n_covered,fy2_n_rhat_nan,fy2_rhat_mean,fy2_rhat_max,fy2_n_rhat_above_1.01,fy2_ess_bulk_min,fy2_ess_bulk_mean,fy2_n_ess_below_400
0,0,power_law,5.047,1.0,10756.0,0.04699999999999971,0.04699999999999971,0.9399999999999942,1,1,2.352,1.0,10283.0,0.35199999999999987,0.35199999999999987,17.599999999999994,1,1,2.747,1.0,10887.0,-2.253,2.253,45.06,0,1,1.497,1.0,10743.0,-0.5029999999999999,0.5029999999999999,25.149999999999995,0,1,0.543,1.0,12733.0,-0.05699999999999994,0.05699999999999994,9.499999999999991,1,1,0.014,1.0,46637.0,0.004,0.004,40.0,1,1,0.297,1.0,48521.0,-0.0030000000000000027,0.0030000000000000027,1.0000000000000009,1,1,17.943,1.0,46634.0,-0.05699999999999861,0.05699999999999861,0.31666666666665894,1,1,4,0.197,0.16357108546439372,0.063,0.477,0.197,0.16357108546439372,0.2560556580120814,0.197,1.0,4,0,1.0075,1.03,1,203.0,6165.0,1,4,0.05525,0.017597940220378066,0.032,0.078,0.05525,0.017597940220378066,0.05798491183057882,0.05525,1.0,4,0,1.0,1.0,0,10583.0,20997.25,0,4,0.02525,0.3025362581575967,-0.458,0.333,0.02525,0.3025362581575967,0.3035881255912359,0.25425000000000003,1.0,4,0,1.0,1.0,0,9775.0,27232.25,0,4,49.99850000000001,0.16327048110421064,49.833,50.246,-0.0015000000000000568,0.1632704811042106,0.1632773713654173,0.1460000000000008,1.0,4,0,1.0,1.0,0,10898.0,28906.5,0
1,1,power_law,3.585,1.0,14754.0,-1.415,1.415,28.300000000000004,1,1,1.699,1.0,14379.0,-0.30099999999999993,0.30099999999999993,15.049999999999997,1,1,5.439,1.0,14676.0,0.43900000000000006,0.43900000000000006,8.780000000000001,1,1,2.253,1.0,14386.0,0.2530000000000001,0.2530000000000001,12.650000000000006,1,1,0.504,1.0,13258.0,-0.09599999999999997,0.09599999999999997,15.999999999999998,1,1,0.014,1.0,43268.0,0.004,0.004,40.0,1,1,0.295,1.0,51420.0,-0.0050000000000000044,0.0050000000000000044,1.6666666666666683,1,1,17.39,1.0,43636.0,-0.6099999999999994,0.6099999999999994,3.3888888888888857,1,1,4,0.09825,0.059901481617736306,0.038,0.194,0.09825,0.059901481617736306,0.115070630484064,0.09825,1.0,4,0,1.0,1.0,0,5414.0,13485.0,0,4,0.1455,0.07753225135387208,0.042,0.26,0.1455,0.07753225135387208,0.16486812912142845,0.1455,1.0,4,0,1.0,1.0,0,6157.0,10374.0,0,4,0.0072500000000000064,0.20867244068156196,-0.172,0.361,0.0072500000000000064,0.20867244068156196,0.20879834769461178,0.17325000000000002,1.0,4,0,1.0,1.0,0,29571.0,33822.75,0,4,50.20825000000001,0.18700584883901303,49.963,50.488,0.20825000000000138,0.18700584883901303,0.2798914968340417,0.2267500000000009,1.0,4,0,1.0,1.0,0,22414.0,25401.25,0
2,2,power_law,3.597,1.0,13499.0,-1.403,1.403,28.060000000000002,1,1,1.847,1.0,13963.0,-0.15300000000000002,0.15300000000000002,7.650000000000001,1,1,4.966,1.0,13441.0,-0.03399999999999981,0.03399999999999981,0.6799999999999962,1,1,2.087,1.0,13583.0,0.08700000000000019,0.08700000000000019,4.350000000000009,1,1,0.543,1.0,14111.0,-0.05699999999999994,0.05699999999999994,9.499999999999991,1,1,0.011,1.0,46049.0,0.0009999999999999992,0.0009999999999999992,9.999999999999991,1,1,0.299,1.0,45365.0,-0.0010000000000000009,0.0010000000000000009,0.33333333333333365,1,1,17.558,1.0,42062.0,-0.44200000000000017,0.44200000000000017,2.4555555555555566,1,1,4,0.13,0.08969113668585096,0.033,0.267,0.13,0.08969113668585096,0.15793827908395103,0.13,1.0,4,0,1.0,1.0,0,516.0,8813.25,0,4,0.16625,0.04414960362222973,0.102,0.212,0.16625,0.04414960362222973,0.17201235420748126,0.16625,1.0,4,0,1.0,1.0,0,3565.0,9697.5,0,4,-0.02075,0.12057647987895483,-0.149,0.174,-0.02075,0.12057647987895483,0.12234888638643181,0.10774999999999998,1.0,4,0,1.0,1.0,0,31612.0,36137.0,0,4,49.93625,0.043286112091524866,49.863,49.973,-0.06374999999999886,0.043286112091524866,0.07705679723424735,0.06374999999999886,1.0,4,0,1.0,1.0,0,28430.0,34136.75,0
3,3,power_law,3.388,1.0,14580.0,-1.612,1.612,32.24,1,1,1.717,1.0,14176.0,-0.2829999999999999,0.2829999999999999,14.149999999999995,1,1,4.033,1.0,13515.0,-0.9669999999999996,0.9669999999999996,19.339999999999993,1,1,1.927,1.0,13473.0,-0.07299999999999995,0.07299999999999995,3.6499999999999977,1,1,0.517,1.0,15662.0,-0.08299999999999996,0.08299999999999996,13.833333333333329,1,1,0.01,1.0,46859.0,0.0,0.0,0.0,1,1,0.298,1.0,44444.0,-0.0020000000000000018,0.0020000000000000018,0.6666666666666673,1,1,17.715,1.0,37245.0,-0.28500000000000014,0.28500000000000014,1.5833333333333341,1,1,4,0.051250000000000004,0.02799441908666797,0.024,0.097,0.051250000000000004,0.02799441908666797,0.05839734583009745,0.051250000000000004,1.0,4,0,1.0,1.0,0,10220.0,19352.75,0,4,0.14049999999999999,0.07837888746339795,0.072,0.265,0.14049999999999999,0.07837888746339795,0.1608834982215392,0.14049999999999999,1.0,4,0,1.0,1.0,0,1560.0,8985.75,0,4,-0.027999999999999997,0.07248448109768048,-0.086,0.096,-0.027999999999999997,0.07248448109768048,0.07770456872024965,0.076,1.0,4,0,1.0,1.0,0,26342.0,34877.5,0,4,50.15225,0.06785047899610042,50.083,50.225,0.15225000000000044,0.0678504789961004,0.1666845823704172,0.15225000000000044,1.0,4,0,1.0,1.0,0,32423.0,33508.75,0
4,4,power_law,4.884,1.0,13062.0,-0.11599999999999966,0.11599999999999966,2.319999999999993,1,1,2.029,1.0,12788.0,0.028999999999999915,0.028999999999999915,1.4499999999999957,1,1,4.619,1.0,11539.0,-0.3810000000000002,0.3810000000000002,7.6200000000000045,1,1,2.142,1.0,11534.0,0.1419999999999999,0.1419999999999999,7.099999999999995,1,1,0.463,1.0,12553.0,-0.13699999999999996,0.13699999999999996,22.83333333333333,0,1,0.01,1.0,54447.0,0.0,0.0,0.0,1,1,0.312,1.0,52995.0,0.01200000000000001,0.01200000000000001,4.0000000000000036,1,1,18.428,1.0,44281.0,0.4280000000000008,0.4280000000000008,2.3777777777777827,1,1,4,0.15125,0.08682273607759664,0.051,0.239,0.15125,0.08682273607759664,0.1743982511380203,0.15125,1.0,4,0,1.0,1.0,0,2927.0,12048.0,0,4,0.19875,0.12297433675364955,0.059,0.328,0.19875,0.12297433675364955,0.23371831336033555,0.19875,1.0,4,0,1.0,1.0,0,2277.0,6702.25,0,4,-0.25925000000000004,0.3836589468525398,-0.769,0.289,-0.25925000000000004,0.3836589468525398,0.46303860530197694,0.40375000000000005,0.5,2,0,1.0,1.0,0,27411.0,31695.25,0,4,50.1665,0.4145898575701066,49.562,50.578,0.1664999999999992,0.4145898575701066,0.44677399208100843,0.3855000000000004,1.0,4,0,1.0,1.0,0,17574.0,22109.5,0
5,5,power_law,6.624,1.0,8980.0,1.6239999999999997,1.6239999999999997,32.47999999999999,1,1,2.479,1.0,10055.0,0.4790000000000001,0.4790000000000001,23.950000000000003,1,1,4.559,1.0,10902.0,-0.44099999999999984,0.44099999999999984,8.819999999999997,1,1,1.96,1.0,11785.0,-0.040000000000000036,0.040000000000000036,2.0000000000000018,1,1,0.514,1.0,8853.0,-0.08599999999999997,0.08599999999999997,14.333333333333329,1,1,0.008,1.0,27439.0,-0.002,0.002,20.0,1,1,0.293,1.0,18937.0,-0.007000000000000006,0.007000000000000006,2.3333333333333357,1,1,17.914,1.0,23466.0,-0.08599999999999852,0.08599999999999852,0.4777777777777696,1,1,4,0.12975,0.012930100540985747,0.11,0.144,0.12975,0.012930100540985747,0.13039267617469932,0.12975,1.0,4,0,1.0,1.0,0,8567.0,9324.0,0,4,0.2105,0.08157358641128878,0.117,0.297,0.2105,0.08157358641128878,0.22575318380922116,0.2105,1.0,4,0,1.0,1.0,0,2951.0,6297.5,0,4,-0.1675,0.13429910647506185,-0.372,-0.036,-0.1675,0.13429910647506185,0.21469163933418553,0.1675,1.0,4,0,1.0,1.0,0,14047.0,17835.75,0,4,49.90275,0.09316752384817509,49.751,50.005,-0.09725000000000072,0.09316752384817509,0.13467646416505152,0.099750000000002,1.0,4,0,1.0,1.0,0,15003.0,21294.0,0
6,6,power_law,3.549,1.0,13027.0,-1.451,1.451,29.020000000000003,1,1,1.749,1.0,13339.0,-0.2509999999999999,0.2509999999999999,12.549999999999994,1,1,4.309,1.0,13769.0,-0.6909999999999998,0.6909999999999998,13.819999999999997,1,1,2.026,1.0,13955.0,0.0259999999999998,0.0259999999999998,1.29999999999999,1,1,0.531,1.0,13192.0,-0.06899999999999995,0.06899999999999995,11.499999999999993,1,1,0.011,1.0,43971.0,0.0009999999999999992,0.0009999999999999992,9.999999999999991,1,1,0.299,1.0,54068.0,-0.0010000000000000009,0.0010000000000000009,0.33333333333333365,1,1,17.67,1.0,29466.0,-0.3299999999999983,0.3299999999999983,1.833333333333324,1,1,4,0.15300000000000002,0.134621692159919,0.038,0.378,0.15300000000000002,0.134621692159919,0.20379401365103933,0.15300000000000002,1.0,4,0,1.0025,1.01,0,904.0,10162.25,0,4,0.10675000000000001,0.05223684044809755,0.056,0.194,0.10675000000000001,0.05223684044809755,0.11884548792444752,0.10675000000000001,1.0,4,0,1.0,1.0,0,3429.0,10313.75,0,4,-0.36525,0.26802273690864364,-0.773,-0.086,-0.36525,0.26802273690864364,0.4530383537847541,0.36525,0.5,2,0,1.0,1.0,0,24488.0,28312.25,0,4,50.0075,0.16852522066444572,49.812,50.272,0.007499999999998508,0.16852522066444572,0.16869202707893488,0.13450000000000095,1.0,4,0,1.0,1.0,0,17148.0,29472.75,0
7,7,power_law,3.372,1.0,12334.0,-1.6280000000000001,1.6280000000000001,32.56,1,1,1.691,1.0,12475.0,-0.30899999999999994,0.30899999999999994,15.449999999999998,1,1,4.429,1.0,13068.0,-0.5709999999999997,0.5709999999999997,11.419999999999995,1,1,2.112,1.0,13130.0,0.1120000000000001,0.1120000000000001,5.600000000000005,1,1,0.521,1.0,15306.0,-0.07899999999999996,0.07899999999999996,13.16666666666666,1,1,0.011,1.0,44220.0,0.0009999999999999992,0.0009999999999999992,9.999999999999991,1,1,0.283,1.0,51834.0,-0.017000000000000015,0.017000000000000015,5.666666666666672,1,1,17.58,1.0,40996.0,-0.4200000000000017,0.4200000000000017,2.333333333333343,1,1,4,0.0745,0.030516389039334256,0.034,0.12,0.0745,0.030516389039334256,0.08050776360078574,0.0745,1.0,4,0,1.0,1.0,0,10767.0,13556.75,0,4,0.08975,0.017282577932704365,0.074,0.119,0.08975,0.017282577932704365,0.09139885119628145,0.08975,1.0,4,0,1.0,1.0,0,10657.0,12229.25,0,4,0.019999999999999997,0.11294024968982494,-0.132,0.154,0.019999999999999997,0.11294024968982494,0.11469742804439863,0.10650000000000001,1.0,4,0,1.0,1.0,0,39500.0,39968.0,0,4,49.955,0.14644965005079427,49.757,50.168,-0.045000000000001705,0.14644965005079427,0.15320737580155944,0.12900000000000134,1.0,4,0,1.0,1.0,0,33067.0,34224.0,0
8,8,power_law,4.205,1.0,1945.0,-0.7949999999999999,0.7949999999999999,15.899999999999997,1,1,2.005,1.0,2639.0,0.004999999999999893,0.004999999999999893,0.24999999999999467,1,1,2.82,1.0,2363.0,-2.18,2.18,43.60000000000001,0,1,1.638,1.0,2484.0,-0.3620000000000001,0.3620000000000001,18.100000000000005,1,1,0.515,1.0,10310.0,-0.08499999999999996,0.08499999999999996,14.16666666666666,1,1,0.008,1.0,1958.0,-0.002,0.002,20.0,1,1,0.304,1.0,52445.0,0.0040000000000000036,0.0040000000000000036,1.3333333333333346,1,1,17.53,1.0,5361.0,-0.46999999999999886,0.46999999999999886,2.6111111111111045,1,1,4,0.06775,0.055296360639738314,0.027,0.163,0.06775,0.055296360639738314,0.08745141508289046,0.06775,1.0,4,0,1.0,1.0,0,2696.0,7525.0,0,4,0.07975000000000002,0.03457871455100666,0.021,0.109,0.07975000000000002,0.03457871455100666,0.08692381721944797,0.07975000000000002,1.0,4,0,1.0,1.0,0,2404.0,7045.0,0,4,0.111,0.16208176948688585,-0.079,0.292,0.111,0.16208176948688585,0.1964471939224381,0.16,1.0,4,0,1.0,1.0,0,5810.0,23314.75,0,4,49.8575,0.25809930259495206,49.695,50.304,-0.14250000000000007,0.25809930259495206,0.29482452408169957,0.2945000000000011,0.75,3,0,1.0,1.0,0,5961.0,16318.5,0
9,9,power_law,5.29,1.0,13274.0,0.29000000000000004,0.29000000000000004,5.800000000000001,1,1,2.14,1.0,13322.0,0.14000000000000012,0.14000000000000012,7.000000000000006,1,1,3.266,1.0,12830.0,-1.734,1.734,34.68,1,1,1.761,1.0,12645.0,-0.2390000000000001,0.2390000000000001,11.950000000000005,1,1,0.507,1.0,11973.0,-0.09299999999999997,0.09299999999999997,15.499999999999996,1,1,0.016,1.0,41981.0,0.006,0.006,60.0,1,1,0.319,1.0,47744.0,0.019000000000000017,0.019000000000000017,6.333333333333339,1,1,18.261,1.0,38094.0,0.26099999999999923,0.26099999999999923,1.4499999999999957,1,1,4,0.20325,0.12464223802547834,0.098,0.416,0.20325,0.12464223802547834,0.23842451635685455,0.20325,1.0,4,0,1.0,1.0,0,2191.0,7546.25,0,4,0.134,0.10894264546081116,0.023,0.285,0.134,0.10894264546081116,0.17269771278161156,0.134,1.0,4,0,1.0,1.0,0,979.0,13884.0,0,4,-0.212,0.1327233965810098,-0.408,-0.034,-0.212,0.1327233965810098,0.25011897169147324,0.212,1.0,4,0,1.0,1.0,0,18905.0,25171.0,0,4,50.06175,0.16197434210392658,49.947,50.341,0.06175000000000175,0.16197434210392658,0.17334575276019903,0.10874999999999879,1.0,4,0,1.0,1.0,0,22294.0,31173.5,0
10,10,power_law,4.834,1.0,11868.0,-0.16600000000000037,0.16600000000000037,3.320000000000008,1,1,2.023,1.0,11648.0,0.02300000000000013,0.02300000000000013,1.1500000000000066,1,1,4.559,1.0,11259.0,-0.44099999999999984,0.44099999999999984,8.819999999999997,1,1,2.066,1.0,10969.0,0.06599999999999984,0.06599999999999984,3.299999999999992,1,1,0.49,1.0,9301.0,-0.10999999999999999,0.10999999999999999,18.333333333333332,1,1,0.009,1.0,40754.0,-0.0010000000000000009,0.0010000000000000009,10.000000000000009,1,1,0.286,1.0,50052.0,-0.014000000000000012,0.014000000000000012,4.666666666666671,1,1,18.835,1.0,41448.0,0.8350000000000009,0.8350000000000009,4.638888888888894,1,1,4,0.148,0.07560092592025576,0.027,0.232,0.148,0.07560092592025576,0.16619115499929593,0.148,1.0,4,0,1.0,1.0,0,3149.0,10799.0,0,4,0.08,0.03273377460666582,0.053,0.136,0.08,0.03273377460666582,0.08643783893642877,0.08,1.0,4,0,1.01,1.04,1,63.0,9629.25,1,4,0.13275,0.11944742567338988,-0.022,0.254,0.13275,0.11944742567338988,0.17857841414907907,0.14375000000000002,1.0,4,0,1.0,1.0,0,26933.0,30445.25,0,4,49.9265,0.34097983811363225,49.579,50.492,-0.07349999999999923,0.3409798381136323,0.3488115537077274,0.3194999999999979,1.0,4,0,1.0,1.0,0,14617.0,24781.75,0
11,11,power_law,3.888,1.0,12859.0,-1.112,1.112,22.240000000000002,1,1,1.871,1.0,12548.0,-0.129,0.129,6.45,1,1,3.017,1.0,11854.0,-1.983,1.983,39.660000000000004,0,1,1.717,1.0,11764.0,-0.2829999999999999,0.2829999999999999,14.149999999999995,1,1,0.496,1.0,12617.0,-0.10399999999999998,0.10399999999999998,17.333333333333332,1,1,0.009,1.0,42099.0,-0.0010000000000000009,0.0010000000000000009,10.000000000000009,1,1,0.3,1.0,51834.0,0.0,0.0,0.0,1,1,19.625,1.0,39618.0,1.625,1.625,9.027777777777777,1,1,4,0.08274999999999999,0.040916836387971146,0.041,0.146,0.08274999999999999,0.040916836387971146,0.09231332514864796,0.08274999999999999,1.0,4,0,1.0,1.0,0,3193.0,15030.0,0,4,0.0785,0.025947061490658244,0.036,0.106,0.0785,0.025947061490658244,0.08267708267712401,0.0785,1.0,4,0,1.0,1.0,0,5845.0,11253.75,0,4,0.10725,0.08035973805333116,0.02,0.216,0.10725,0.08035973805333116,0.13401585727069762,0.10725,1.0,4,0,1.0,1.0,0,24804.0,32925.25,0,4,49.95099999999999,0.0719061888852423,49.856,50.026,-0.04899999999999949,0.0719061888852423,0.08701436662988528,0.06950000000000145,1.0,4,0,1.0,1.0,0,29881.0,32087.75,0
12,12,power_law,5.763,1.0,10913.0,0.7629999999999999,0.7629999999999999,15.259999999999998,1,1,2.313,1.0,11786.0,0.31300000000000017,0.31300000000000017,15.65000000000001,1,1,3.875,1.0,12437.0,-1.125,1.125,22.5,1,1,1.815,1.0,12570.0,-0.18500000000000005,0.18500000000000005,9.250000000000004,1,1,0.51,1.0,13122.0,-0.08999999999999997,0.08999999999999997,14.999999999999996,1,1,0.015,1.0,41405.0,0.004999999999999999,0.004999999999999999,49.999999999999986,1,1,0.3,1.0,41328.0,0.0,0.0,0.0,1,1,18.077,1.0,37085.0,0.07700000000000173,0.07700000000000173,0.4277777777777874,1,1,4,0.189,0.08538442480921214,0.089,0.325,0.189,0.08538442480921214,0.2073921406418286,0.189,1.0,4,0,1.0,1.0,0,2399.0,7166.25,0,4,0.26425,0.1814708998710262,0.049,0.551,0.26425,0.1814708998710262,0.3205616165419684,0.26425,1.0,4,0,1.0025,1.01,0,1012.0,7035.0,0,4,-0.1155,0.1561705798157899,-0.338,0.067,-0.1155,0.1561705798157899,0.19424082989938032,0.14900000000000002,1.0,4,0,1.0,1.0,0,16896.0,27577.75,0,4,50.216,0.17224836719110134,50.041,50.496,0.21600000000000108,0.17224836719110134,0.27627070058187664,0.21600000000000108,0.75,3,0,1.0,1.0,0,29805.0,31108.0,0
13,13,power_law,3.967,1.01,1992.0,-1.033,1.033,20.659999999999997,1,1,1.973,1.04,4106.0,-0.026999999999999913,0.026999999999999913,1.3499999999999956,1,0,4.091,1.03,109.0,-0.9089999999999998,0.9089999999999998,18.179999999999996,1,0,1.889,1.02,180.0,-0.11099999999999999,0.11099999999999999,5.549999999999999,1,0,0.544,1.07,8501.0,-0.05599999999999994,0.05599999999999994,9.333333333333323,1,0,0.012,1.07,35.0,0.002,0.002,20.0,1,0,0.297,1.03,20890.0,-0.0030000000000000027,0.0030000000000000027,1.0000000000000009,1,0,18.462,1.03,39250.0,0.46199999999999974,0.46199999999999974,2.5666666666666655,1,0,4,0.1505,0.1128860044469641,0.001,0.29,0.1505,0.1128860044469641,0.18813160287415828,0.1505,1.0,4,0,1.0274999999999999,1.03,4,95.0,1462.0,3,4,0.11399999999999999,0.07069299823886381,0.05,0.233,0.11399999999999999,0.07069299823886381,0.13413985239294102,0.11399999999999999,1.0,4,0,1.0325,1.06,2,837.0,8148.75,0,4,-0.078,0.24471207571348005,-0.44,0.224,-0.078,0.24471207571348005,0.25684236410685835,0.21,1.0,4,0,1.0350000000000001,1.07,3,36.0,133.0,4,4,50.12375,0.24015346655836595,49.925,50.519,0.12374999999999758,0.24015346655836595,0.270162451128945,0.1927500000000002,1.0,4,0,1.0300000000000002,1.04,4,3005.0,8976.75,0
14,14,power_law,3.213,1.01,678.0,-1.787,1.787,35.74,1,1,1.673,1.0,1897.0,-0.32699999999999996,0.32699999999999996,16.349999999999998,1,1,4.463,1.0,10095.0,-0.5369999999999999,0.5369999999999999,10.739999999999998,1,1,2.061,1.0,7696.0,0.06099999999999994,0.06099999999999994,3.049999999999997,1,1,0.533,1.0,1424.0,-0.06699999999999995,0.06699999999999995,11.166666666666657,1,1,0.008,1.0,17694.0,-0.002,0.002,20.0,1,1,0.304,1.02,304.0,0.0040000000000000036,0.0040000000000000036,1.3333333333333346,1,0,18.449,1.0,1000.0,0.4490000000000016,0.4490000000000016,2.4944444444444533,1,1,4,0.0875,0.044325500561189383,0.053,0.163,0.0875,0.044325500561189383,0.09808669634563089,0.0875,1.0,4,0,1.0074999999999998,1.02,1,821.0,6708.25,0,4,0.08850000000000001,0.016163229875244614,0.064,0.107,0.08850000000000001,0.016163229875244614,0.08996388164146765,0.08850000000000001,1.0,4,0,1.0,1.0,0,5924.0,9914.0,0,4,-0.024500000000000008,0.14986076871549806,-0.277,0.09,-0.024500000000000008,0.14986076871549806,0.15185025518582443,0.11399999999999999,1.0,4,0,1.0074999999999998,1.01,0,490.0,10121.0,0,4,50.006,0.12736757829212264,49.85,50.167,0.006000000000000227,0.12736757829212264,0.12750882322412044,0.12199999999999989,1.0,4,0,1.0075,1.02,1,273.0,2387.25,1
15,15,power_law,4.418,1.0,14436.0,-0.5819999999999999,0.5819999999999999,11.639999999999997,1,1,1.97,1.0,14339.0,-0.030000000000000027,0.030000000000000027,1.5000000000000013,1,1,3.829,1.0,13117.0,-1.1709999999999998,1.1709999999999998,23.419999999999995,1,1,1.769,1.0,13220.0,-0.2310000000000001,0.2310000000000001,11.550000000000004,1,1,0.512,1.0,13577.0,-0.08799999999999997,0.08799999999999997,14.66666666666666,1,1,0.012,1.0,39076.0,0.002,0.002,20.0,1,1,0.303,1.0,47491.0,0.0030000000000000027,0.0030000000000000027,1.0000000000000009,1,1,17.402,1.0,40469.0,-0.597999999999999,0.597999999999999,3.3222222222222166,1,1,4,0.08600000000000001,0.032116973705503454,0.033,0.114,0.08600000000000001,0.032116973705503454,0.09180141611108185,0.08600000000000001,1.0,4,0,1.0,1.0,0,9644.0,15283.75,0,4,0.18975,0.111171882686226,0.058,0.366,0.18975,0.111171882686226,0.21991873499090522,0.18975,1.0,4,0,1.0,1.0,0,3380.0,9350.5,0,4,0.03775,0.2644091290027634,-0.364,0.352,0.03775,0.2644091290027634,0.2670903405217044,0.22325,1.0,4,0,1.0,1.0,0,27618.0,33325.5,0,4,50.2285,0.2051213055730698,50.012,50.466,0.22850000000000037,0.2051213055730698,0.30706188301383297,0.22850000000000037,0.75,3,0,1.0,1.0,0,15930.0,24254.25,0
16,16,power_law,3.832,1.0,11869.0,-1.1680000000000001,1.1680000000000001,23.360000000000003,1,1,1.947,1.0,11636.0,-0.052999999999999936,0.052999999999999936,2.649999999999997,1,1,4.79,1.0,11844.0,-0.20999999999999996,0.20999999999999996,4.199999999999999,1,1,1.938,1.0,11635.0,-0.062000000000000055,0.062000000000000055,3.1000000000000028,1,1,0.55,1.0,12223.0,-0.04999999999999993,0.04999999999999993,8.333333333333323,1,1,0.01,1.0,39663.0,0.0,0.0,0.0,1,1,0.311,1.0,43558.0,0.01100000000000001,0.01100000000000001,3.66666666666667,1,1,18.712,1.0,37635.0,0.7119999999999997,0.7119999999999997,3.955555555555554,1,1,4,0.06175,0.02202697210240209,0.034,0.088,0.06175,0.02202697210240209,0.06556104026020332,0.06175,1.0,4,0,1.0,1.0,0,8530.0,14841.5,0,4,0.12425,0.0562644425903252,0.086,0.221,0.12425,0.0562644425903252,0.1363955644440097,0.12425,1.0,4,0,1.0,1.0,0,11242.0,14910.0,0,4,-0.07225000000000001,0.1063916702566512,-0.256,0.002,-0.07225000000000001,0.1063916702566512,0.12860501545429712,0.07325000000000001,1.0,4,0,1.0,1.0,0,32710.0,35606.75,0,4,50.0385,0.22244718474280623,49.72,50.296,0.03850000000000087,0.2224471847428062,0.22575429121059962,0.20350000000000001,1.0,4,0,1.0,1.0,0,27306.0,30685.0,0
17,17,power_law,4.846,1.0,13522.0,-0.15399999999999991,0.15399999999999991,3.0799999999999983,1,1,2.013,1.0,13258.0,0.0129999999999999,0.0129999999999999,0.649999999999995,1,1,4.641,1.0,12159.0,-0.359,0.359,7.180000000000001,1,1,2.022,1.0,12020.0,0.021999999999999797,0.021999999999999797,1.0999999999999899,1,1,0.518,1.0,14028.0,-0.08199999999999996,0.08199999999999996,13.66666666666666,1,1,0.007,1.0,39221.0,-0.003,0.003,30.0,1,1,0.305,1.0,40286.0,0.0050000000000000044,0.0050000000000000044,1.6666666666666683,1,1,17.341,1.0,32011.0,-0.6589999999999989,0.6589999999999989,3.661111111111105,1,1,4,0.15450000000000003,0.0659943179372285,0.069,0.254,0.15450000000000003,0.0659943179372285,0.16800446422640086,0.15450000000000003,1.0,4,0,1.0,1.0,0,3795.0,10281.5,0,4,0.10225000000000001,0.031963846764743446,0.053,0.133,0.10225000000000001,0.031963846764743446,0.10712959441722908,0.10225000000000001,1.0,4,0,1.0,1.0,0,8758.0,13923.0,0,4,-0.1575,0.16367116422876693,-0.39,0.03,-0.1575,0.16367116422876693,0.2271442273094344,0.17250000000000001,1.0,4,0,1.0,1.0,0,31163.0,33481.25,0,4,49.98125,0.10664514756893471,49.805,50.083,-0.01875000000000071,0.10664514756893471,0.10828088473964316,0.08224999999999838,1.0,4,0,1.0,1.0,0,23246.0,28394.5,0
18,18,power_law,4.4,1.0,14712.0,-0.5999999999999996,0.5999999999999996,11.999999999999993,1,1,1.893,1.0,14328.0,-0.10699999999999998,0.10699999999999998,5.35,1,1,5.555,1.0,13122.0,0.5549999999999997,0.5549999999999997,11.099999999999994,1,1,2.321,1.0,13343.0,0.3210000000000002,0.3210000000000002,16.050000000000008,1,1,0.519,1.0,13876.0,-0.08099999999999996,0.08099999999999996,13.499999999999995,1,1,0.014,1.0,42296.0,0.004,0.004,40.0,1,1,0.314,1.0,43392.0,0.014000000000000012,0.014000000000000012,4.666666666666671,1,1,18.383,1.0,37107.0,0.3829999999999991,0.3829999999999991,2.127777777777773,1,1,4,0.11675,0.08561943412567032,0.028,0.257,0.11675,0.08561943412567032,0.14478000552562498,0.11675,1.0,4,0,1.0025,1.01,0,416.0,13050.75,0,4,0.119,0.06288083968904996,0.053,0.201,0.119,0.06288083968904996,0.13459197598668354,0.119,1.0,4,0,1.0,1.0,0,3658.0,11158.25,0,4,-0.025250000000000005,0.10362522617586897,-0.138,0.105,-0.025250000000000005,0.10362522617586897,0.10665716103478472,0.10124999999999999,1.0,4,0,1.0,1.0,0,29889.0,35458.75,0,4,49.946,0.08134187113657926,49.874,50.077,-0.05400000000000027,0.08134187113657926,0.09763452258294651,0.09249999999999936,1.0,4,0,1.0,1.0,0,32387.0,36293.5,0
19,19,power_law,5.124,1.0,12892.0,0.12399999999999967,0.12399999999999967,2.4799999999999933,1,1,2.231,1.0,12967.0,0.23099999999999987,0.23099999999999987,11.549999999999994,1,1,2.996,1.0,11642.0,-2.004,2.004,40.08,0,1,1.657,1.0,12480.0,-0.34299999999999997,0.34299999999999997,17.15,1,1,0.512,1.0,15079.0,-0.08799999999999997,0.08799999999999997,14.66666666666666,1,1,0.009,1.0,45887.0,-0.0010000000000000009,0.0010000000000000009,10.000000000000009,1,1,0.311,1.0,48250.0,0.01100000000000001,0.01100000000000001,3.66666666666667,1,1,18.121,1.0,43621.0,0.12099999999999866,0.12099999999999866,0.6722222222222147,1,1,4,0.121,0.06284902544988268,0.065,0.219,0.121,0.06284902544988268,0.13634881737660948,0.121,1.0,4,0,1.0,1.0,0,2730.0,10875.0,0,4,0.0915,0.03118092365533773,0.038,0.115,0.0915,0.03118092365533773,0.0966669540225614,0.0915,1.0,4,0,1.0,1.0,0,5141.0,8654.5,0,4,-0.12425,0.319924502812773,-0.573,0.215,-0.12425,0.319924502812773,0.34320511359826794,0.30125,0.75,3,0,1.0,1.0,0,32032.0,36111.25,0,4,49.87299999999999,0.23948799552378291,49.488,50.105,-0.12700000000000244,0.23948799552378291,0.27107840194305427,0.19849999999999923,0.75,3,0,1.0,1.0,0,33220.0,38437.25,0
20,20,power_law,4.493,1.0,14208.0,-0.5069999999999997,0.5069999999999997,10.139999999999993,1,1,2.015,1.0,14462.0,0.015000000000000124,0.015000000000000124,0.7500000000000062,1,1,4.092,1.0,14448.0,-0.9080000000000004,0.9080000000000004,18.160000000000007,1,1,1.96,1.0,14179.0,-0.040000000000000036,0.040000000000000036,2.0000000000000018,1,1,0.53,1.0,12902.0,-0.06999999999999995,0.06999999999999995,11.666666666666659,1,1,0.005,1.0,49427.0,-0.005,0.005,50.0,0,1,0.289,1.0,58222.0,-0.01100000000000001,0.01100000000000001,3.66666666666667,1,1,19.096,1.0,34466.0,1.096,1.096,6.0888888888888895,1,1,4,0.16725,0.12547185939484598,0.071,0.378,0.16725,0.12547185939484598,0.20908311744375727,0.16725,1.0,4,0,1.0025,1.01,0,1409.0,9541.5,0,4,0.10175000000000001,0.04351651985166093,0.057,0.167,0.10175000000000001,0.04351651985166093,0.11066503512853552,0.10175000000000001,1.0,4,0,1.0,1.0,0,5603.0,13116.5,0,4,0.14450000000000002,0.010828203913853857,0.133,0.162,0.14450000000000002,0.010828203913853857,0.1449051413856665,0.14450000000000002,1.0,4,0,1.0,1.0,0,27233.0,29267.0,0,4,49.9745,0.07773512719485347,49.872,50.076,-0.025500000000000966,0.07773512719485347,0.08181075723888696,0.07150000000000034,1.0,4,0,1.0,1.0,0,28011.0,30860.5,0
21,21,power_law,4.173,1.0,11781.0,-0.827,0.827,16.54,1,1,1.927,1.0,11464.0,-0.07299999999999995,0.07299999999999995,3.6499999999999977,1,1,3.908,1.0,12931.0,-1.092,1.092,21.84,1,1,1.895,1.0,12510.0,-0.10499999999999998,0.10499999999999998,5.249999999999999,1,1,0.533,1.0,12220.0,-0.06699999999999995,0.06699999999999995,11.166666666666657,1,1,0.01,1.0,38377.0,0.0,0.0,0.0,1,1,0.293,1.0,48640.0,-0.007000000000000006,0.007000000000000006,2.3333333333333357,1,1,17.541,1.0,34911.0,-0.45899999999999963,0.45899999999999963,2.549999999999998,1,1,4,0.10675,0.07080386641985026,0.035,0.215,0.10675,0.07080386641985026,0.12809664320348133,0.10675,1.0,4,0,1.0,1.0,0,1663.0,13588.0,0,4,0.05374999999999999,0.01207010770457331,0.043,0.073,0.05374999999999999,0.01207010770457331,0.055088565056643106,0.05374999999999999,1.0,4,0,1.0,1.0,0,12644.0,19827.0,0,4,-0.07050000000000001,0.22768454053799964,-0.4,0.197,-0.07050000000000001,0.22768454053799964,0.23834953324896613,0.2055,1.0,4,0,1.0,1.0,0,24056.0,32351.75,0,4,49.91349999999999,0.1587584643412758,49.705,50.141,-0.08650000000000091,0.1587584643412758,0.1807940817615452,0.15700000000000003,1.0,4,0,1.0,1.0,0,29286.0,31827.0,0
22,22,power_law,3.825,1.0,11468.0,-1.1749999999999998,1.1749999999999998,23.499999999999996,1,1,1.856,1.0,11498.0,-0.1439999999999999,0.1439999999999999,7.199999999999996,1,1,3.052,1.0,12749.0,-1.948,1.948,38.96,1,1,1.61,1.0,12081.0,-0.3899999999999999,0.3899999999999999,19.499999999999996,1,1,0.537,1.0,12551.0,-0.06299999999999994,0.06299999999999994,10.499999999999991,1,1,0.01,1.0,37914.0,0.0,0.0,0.0,1,1,0.319,1.0,41013.0,0.019000000000000017,0.019000000000000017,6.333333333333339,1,1,17.572,1.0,34361.0,-0.4280000000000008,0.4280000000000008,2.3777777777777827,1,1,4,0.11575,0.07777973707849621,0.051,0.243,0.11575,0.07777973707849621,0.13945518993569225,0.11575,1.0,4,0,1.0,1.0,0,3843.0,11104.25,0,4,0.057249999999999995,0.017297037318569908,0.037,0.079,0.057249999999999995,0.017297037318569908,0.059805936160217406,0.057249999999999995,1.0,4,0,1.0,1.0,0,11088.0,18159.75,0,4,0.20325000000000001,0.11299419232863255,0.032,0.328,0.20325000000000001,0.11299419232863255,0.2325473070151534,0.20325000000000001,1.0,4,0,1.0,1.0,0,24760.0,34095.75,0,4,49.946999999999996,0.0712635951941806,49.849,50.044,-0.0530000000000026,0.0712635951941806,0.08881159834165983,0.07500000000000107,1.0,4,0,1.0,1.0,0,24076.0,25962.75,0
23,23,power_law,6.595,1.0,14025.0,1.5949999999999998,1.5949999999999998,31.899999999999995,1,1,2.451,1.0,15062.0,0.45100000000000007,0.45100000000000007,22.550000000000004,1,1,6.667,1.0,16732.0,1.6669999999999998,1.6669999999999998,33.339999999999996,1,1,2.416,1.0,17449.0,0.4159999999999999,0.4159999999999999,20.799999999999997,1,1,0.515,1.0,14006.0,-0.08499999999999996,0.08499999999999996,14.16666666666666,1,1,0.01,1.0,41555.0,0.0,0.0,0.0,1,1,0.312,1.0,39570.0,0.01200000000000001,0.01200000000000001,4.0000000000000036,1,1,17.806,1.0,35456.0,-0.19399999999999906,0.19399999999999906,1.0777777777777726,1,1,4,0.16999999999999998,0.08241662453655815,0.078,0.287,0.16999999999999998,0.08241662453655815,0.18892458812976143,0.16999999999999998,1.0,4,0,1.0,1.0,0,5262.0,11229.25,0,4,0.2525,0.06383768479511143,0.175,0.317,0.2525,0.06383768479511143,0.2604448118124068,0.2525,1.0,4,0,1.0,1.0,0,5999.0,7788.0,0,4,-0.04575,0.07277834499354872,-0.11,0.075,-0.04575,0.07277834499354872,0.08596365511075015,0.08324999999999999,1.0,4,0,1.0,1.0,0,30702.0,32351.25,0,4,50.196000000000005,0.2932447782996318,49.902,50.518,0.1960000000000015,0.2932447782996318,0.3527158913346559,0.2925000000000004,1.0,4,0,1.0,1.0,0,29537.0,31284.25,0
24,24,power_law,6.261,1.0,10894.0,1.2610000000000001,1.2610000000000001,25.220000000000002,1,1,2.462,1.0,11730.0,0.4620000000000002,0.4620000000000002,23.10000000000001,1,1,4.64,1.0,12415.0,-0.3600000000000003,0.3600000000000003,7.200000000000006,1,1,1.932,1.0,13052.0,-0.06800000000000006,0.06800000000000006,3.400000000000003,1,1,0.496,1.0,11619.0,-0.10399999999999998,0.10399999999999998,17.333333333333332,1,1,0.009,1.0,33386.0,-0.0010000000000000009,0.0010000000000000009,10.000000000000009,1,1,0.294,1.0,32272.0,-0.006000000000000005,0.006000000000000005,2.0000000000000018,1,1,19.382,1.0,32195.0,1.3820000000000014,1.3820000000000014,7.677777777777786,1,1,4,0.2095,0.039588508433635136,0.143,0.241,0.2095,0.039588508433635136,0.213207645266299,0.2095,1.0,4,0,1.0,1.0,0,2520.0,5624.25,0,4,0.23124999999999998,0.10679507245186924,0.071,0.366,0.23124999999999998,0.10679507245186924,0.25471896278055156,0.23124999999999998,1.0,4,0,1.0,1.0,0,1600.0,4112.25,0,4,0.04549999999999999,0.2615707361307836,-0.4,0.249,0.04549999999999999,0.2615707361307836,0.2654985875668645,0.2455,1.0,4,0,1.0,1.0,0,23953.0,31069.5,0,4,50.064,0.28351102271340206,49.588,50.312,0.06399999999999828,0.283511022713402,0.29064497243200155,0.2699999999999978,1.0,4,0,1.0,1.0,0,15631.0,22187.5,0
25,25,power_law,5.979,1.0,13284.0,0.9790000000000001,0.9790000000000001,19.580000000000002,1,1,2.381,1.0,13291.0,0.3809999999999998,0.3809999999999998,19.04999999999999,1,1,4.036,1.0,11212.0,-0.9640000000000004,0.9640000000000004,19.28000000000001,1,1,1.835,1.0,11807.0,-0.16500000000000004,0.16500000000000004,8.250000000000002,1,1,0.526,1.0,8456.0,-0.07399999999999995,0.07399999999999995,12.333333333333327,1,1,0.012,1.0,18937.0,0.002,0.002,20.0,1,1,0.321,1.0,39704.0,0.02100000000000002,0.02100000000000002,7.000000000000006,1,1,17.445,1.0,36841.0,-0.5549999999999997,0.5549999999999997,3.0833333333333317,1,1,4,0.13125,0.08401301982431057,0.069,0.276,0.13125,0.08401301982431057,0.15583565060665677,0.13125,1.0,4,0,1.0,1.0,0,3548.0,13129.0,0,4,0.0785,0.027753378172755836,0.031,0.1,0.0785,0.027753378172755836,0.08326163582346915,0.0785,1.0,4,0,1.0,1.0,0,11348.0,17112.75,0,4,0.09799999999999999,0.15977640626825979,-0.049,0.361,0.09799999999999999,0.15977640626825979,0.18743665596675588,0.1265,1.0,4,0,1.0,1.0,0,22825.0,30209.75,0,4,50.097249999999995,0.23209413499698694,49.896,50.471,0.09724999999999895,0.23209413499698694,0.2516450873750557,0.19425000000000026,1.0,4,0,1.0,1.0,0,26207.0,29096.5,0
26,26,power_law,4.054,1.0,13588.0,-0.9459999999999997,0.9459999999999997,18.919999999999995,1,1,1.905,1.0,13634.0,-0.09499999999999997,0.09499999999999997,4.749999999999998,1,1,3.165,1.0,13030.0,-1.835,1.835,36.7,1,1,1.756,1.0,13045.0,-0.244,0.244,12.2,1,1,0.51,1.0,13979.0,-0.08999999999999997,0.08999999999999997,14.999999999999996,1,1,0.01,1.0,33987.0,0.0,0.0,0.0,1,1,0.306,1.0,40905.0,0.006000000000000005,0.006000000000000005,2.0000000000000018,1,1,18.196,1.0,40408.0,0.1960000000000015,0.1960000000000015,1.0888888888888972,1,1,4,0.1375,0.07358838223524146,0.068,0.257,0.1375,0.07358838223524146,0.15595351871631496,0.1375,1.0,4,0,1.0,1.0,0,1425.0,7252.25,0,4,0.05775,0.0361965122629239,0.02,0.114,0.05775,0.0361965122629239,0.06815607089614248,0.05775,1.0,4,0,1.0,1.0,0,4859.0,17069.5,0,4,0.15375,0.14845432799349434,-0.021,0.367,0.15375,0.14845432799349434,0.2137235363735122,0.16425,1.0,4,0,1.0,1.0,0,23690.0,32027.0,0,4,49.878750000000004,0.12109371370967341,49.724,50.054,-0.12124999999999986,0.12109371370967341,0.17136291897607345,0.14825000000000088,1.0,4,0,1.0,1.0,0,26672.0,33481.75,0
27,27,power_law,6.477,1.0,14605.0,1.4770000000000003,1.4770000000000003,29.540000000000006,1,1,2.595,1.0,14589.0,0.5950000000000002,0.5950000000000002,29.75000000000001,1,1,2.58,1.0,13930.0,-2.42,2.42,48.4,0,1,1.471,1.0,14245.0,-0.5289999999999999,0.5289999999999999,26.449999999999996,0,1,0.509,1.0,14772.0,-0.09099999999999997,0.09099999999999997,15.16666666666666,1,1,0.007,1.0,49988.0,-0.003,0.003,30.0,1,1,0.304,1.0,51186.0,0.0040000000000000036,0.0040000000000000036,1.3333333333333346,1,1,18.134,1.0,39672.0,0.13400000000000034,0.13400000000000034,0.7444444444444464,1,1,4,0.14850000000000002,0.04463462781294362,0.095,0.202,0.14850000000000002,0.04463462781294362,0.1550628904670618,0.14850000000000002,1.0,4,0,1.0,1.0,0,4344.0,9687.5,0,4,0.07875,0.01799131735032207,0.062,0.109,0.07875,0.01799131735032207,0.08077901955334689,0.07875,1.0,4,0,1.0,1.0,0,7889.0,11028.25,0,4,-0.1635,0.11340304228723318,-0.352,-0.049,-0.1635,0.11340304228723318,0.1989786420699468,0.1635,1.0,4,0,1.0,1.0,0,30174.0,34544.5,0,4,50.185249999999996,0.2869593830143924,50.007,50.682,0.18524999999999991,0.2869593830143924,0.34156002400749524,0.18524999999999991,0.75,3,0,1.0,1.0,0,36183.0,36782.75,0
28,28,power_law,5.377,1.0,13124.0,0.3769999999999998,0.3769999999999998,7.539999999999996,1,1,2.253,1.0,12570.0,0.2530000000000001,0.2530000000000001,12.650000000000006,1,1,3.059,1.0,10979.0,-1.9409999999999998,1.9409999999999998,38.82,1,1,1.624,1.0,11468.0,-0.3759999999999999,0.3759999999999999,18.799999999999994,1,1,0.49,1.0,10925.0,-0.10999999999999999,0.10999999999999999,18.333333333333332,1,1,0.012,1.0,47441.0,0.002,0.002,20.0,1,1,0.322,1.0,48433.0,0.02200000000000002,0.02200000000000002,7.33333333333334,1,1,17.758,1.0,26372.0,-0.24200000000000088,0.24200000000000088,1.3444444444444492,1,1,4,0.10625,0.05202583492842762,0.023,0.158,0.10625,0.05202583492842762,0.11830363477087252,0.10625,1.0,4,0,1.0,1.0,0,7767.0,16040.75,0,4,0.15450000000000003,0.097541017013357,0.016,0.26,0.15450000000000003,0.097541017013357,0.18271425779068257,0.15450000000000003,1.0,4,0,1.0,1.0,0,1949.0,10669.25,0,4,0.027499999999999997,0.24713407292398998,-0.4,0.189,0.027499999999999997,0.24713407292398998,0.24865940561338115,0.2275,1.0,4,0,1.0,1.0,0,30125.0,33547.25,0,4,50.411249999999995,0.23648083960439367,50.145,50.733,0.411249999999999,0.23648083960439367,0.4743940872312788,0.411249999999999,0.75,3,0,1.0,1.0,0,12608.0,24509.0,0
29,29,power_law,2.588,1.0,11808.0,-2.412,2.412,48.24,0,1,1.586,1.0,11961.0,-0.4139999999999999,0.4139999999999999,20.699999999999996,1,1,4.625,1.0,12608.0,-0.375,0.375,7.5,1,1,2.117,1.0,12731.0,0.11699999999999999,0.11699999999999999,5.85,1,1,0.546,1.0,14330.0,-0.05399999999999994,0.05399999999999994,8.99999999999999,1,1,0.007,1.0,27812.0,-0.003,0.003,30.0,1,1,0.285,1.0,38111.0,-0.015000000000000013,0.015000000000000013,5.000000000000004,1,1,18.399,1.0,35708.0,0.3990000000000009,0.3990000000000009,2.2166666666666717,1,1,4,0.07775,0.04595310109230932,0.027,0.127,0.07775,0.04595310109230932,0.09031472748118105,0.07775,1.0,4,0,1.0,1.0,0,1849.0,11480.75,0,4,0.12075,0.04025776322648838,0.076,0.177,0.12075,0.04025776322648838,0.127284130982617,0.12075,1.0,4,0,1.0,1.0,0,4863.0,8176.25,0,4,-0.11175,0.1043895947879864,-0.266,-0.01,-0.11175,0.1043895947879864,0.15292236592467434,0.11175,1.0,4,0,1.0,1.0,0,19149.0,26632.75,0,4,50.022499999999994,0.1723434071846071,49.868,50.285,0.022500000000000853,0.17234340718460714,0.17380592625108998,0.15449999999999875,1.0,4,0,1.0,1.0,0,21755.0,28196.5,0
30,30,power_law,4.052,1.0,12839.0,-0.9480000000000004,0.9480000000000004,18.960000000000008,1,1,1.918,1.0,12985.0,-0.08200000000000007,0.08200000000000007,4.100000000000003,1,1,5.288,1.0,12555.0,0.28800000000000026,0.28800000000000026,5.760000000000005,1,1,2.133,1.0,12718.0,0.133,0.133,6.65,1,1,0.533,1.0,12026.0,-0.06699999999999995,0.06699999999999995,11.166666666666657,1,1,0.01,1.0,43988.0,0.0,0.0,0.0,1,1,0.299,1.0,45040.0,-0.0010000000000000009,0.0010000000000000009,0.33333333333333365,1,1,18.663,1.0,39716.0,0.6630000000000003,0.6630000000000003,3.683333333333335,1,1,4,0.07575,0.020522853115490545,0.046,0.104,0.07575,0.020522853115490545,0.07848088939353325,0.07575,1.0,4,0,1.0,1.0,0,9127.0,13730.0,0,4,0.11124999999999999,0.04814755964740061,0.049,0.184,0.11124999999999999,0.04814755964740061,0.12122190396128911,0.11124999999999999,1.0,4,0,1.0,1.0,0,8766.0,13958.0,0,4,0.006249999999999999,0.180816723507534,-0.253,0.258,0.006249999999999999,0.180816723507534,0.1809247080970424,0.13275,1.0,4,0,1.0,1.0,0,28932.0,34809.5,0,4,49.989,0.08780375846169582,49.889,50.092,-0.011000000000001009,0.08780375846169582,0.08849011244201152,0.08649999999999913,1.0,4,0,1.0,1.0,0,22233.0,29390.0,0
31,31,power_law,4.06,1.0,14806.0,-0.9400000000000004,0.9400000000000004,18.800000000000008,1,1,1.863,1.0,14245.0,-0.137,0.137,6.8500000000000005,1,1,4.555,1.0,13077.0,-0.4450000000000003,0.4450000000000003,8.900000000000006,1,1,2.049,1.0,13003.0,0.04899999999999993,0.04899999999999993,2.4499999999999966,1,1,0.516,1.0,11410.0,-0.08399999999999996,0.08399999999999996,13.999999999999996,1,1,0.006,1.0,42325.0,-0.004,0.004,40.0,1,1,0.308,1.0,44335.0,0.008000000000000007,0.008000000000000007,2.666666666666669,1,1,17.254,1.0,43645.0,-0.7459999999999987,0.7459999999999987,4.144444444444437,1,1,4,0.0595,0.03342528982671654,0.016,0.11,0.0595,0.03342528982671654,0.06824587899646396,0.0595,1.0,4,0,1.0,1.0,0,10731.0,19752.25,0,4,0.086,0.014781745499094482,0.067,0.106,0.086,0.014781745499094482,0.08726110244547682,0.086,1.0,4,0,1.0,1.0,0,11469.0,14530.75,0,4,-0.1095,0.059184035009451665,-0.184,-0.02,-0.1095,0.059184035009451665,0.12447088012864696,0.1095,1.0,4,0,1.0,1.0,0,27620.0,32870.5,0,4,50.02925,0.10760663315985637,49.933,50.211,0.029249999999999332,0.10760663315985639,0.11151121019879509,0.07624999999999993,1.0,4,0,1.0,1.0,0,20259.0,32572.5,0
32,32,power_law,5.178,1.0,14873.0,0.17799999999999994,0.17799999999999994,3.5599999999999987,1,1,2.243,1.0,14729.0,0.24299999999999988,0.24299999999999988,12.149999999999995,1,1,2.968,1.0,13858.0,-2.032,2.032,40.64,0,1,1.561,1.0,13704.0,-0.43900000000000006,0.43900000000000006,21.950000000000003,1,1,0.513,1.0,11011.0,-0.08699999999999997,0.08699999999999997,14.499999999999996,1,1,0.007,1.0,42444.0,-0.003,0.003,30.0,1,1,0.334,1.0,44669.0,0.03400000000000003,0.03400000000000003,11.333333333333345,0,1,18.3,1.0,33422.0,0.3000000000000007,0.3000000000000007,1.6666666666666705,1,1,4,0.15025,0.047787943040059795,0.092,0.211,0.15025,0.047787943040059795,0.15766657857643768,0.15025,1.0,4,0,1.0,1.0,0,4255.0,8506.5,0,4,0.0425,0.008139410298049852,0.033,0.054,0.0425,0.008139410298049852,0.04327239304683761,0.0425,1.0,4,0,1.0,1.0,0,19295.0,21456.25,0,4,-0.25125,0.1246302030007173,-0.464,-0.146,-0.25125,0.1246302030007173,0.2804625643468305,0.25125,1.0,4,0,1.0,1.0,0,19017.0,28443.5,0,4,50.124249999999996,0.20849265574595072,49.859,50.416,0.12424999999999997,0.20849265574595072,0.2427081580829114,0.1947499999999991,0.75,3,0,1.0,1.0,0,35262.0,35961.25,0
33,33,power_law,5.066,1.02,150.0,0.06599999999999984,0.06599999999999984,1.3199999999999967,1,0,2.197,1.02,153.0,0.19700000000000006,0.19700000000000006,9.850000000000003,1,0,2.855,1.01,1777.0,-2.145,2.145,42.9,0,1,1.589,1.01,1516.0,-0.41100000000000003,0.41100000000000003,20.55,1,1,0.506,1.02,10310.0,-0.09399999999999997,0.09399999999999997,15.666666666666663,1,0,0.01,1.02,130.0,0.0,0.0,0.0,1,0,0.299,1.02,33777.0,-0.0010000000000000009,0.0010000000000000009,0.33333333333333365,1,0,17.646,1.02,26563.0,-0.3539999999999992,0.3539999999999992,1.9666666666666623,1,0,4,0.15000000000000002,0.044626225473369356,0.094,0.2,0.15000000000000002,0.044626225473369356,0.15649760381552172,0.15000000000000002,1.0,4,0,1.03,1.05,3,84.0,3847.75,1,4,0.10575000000000001,0.052623070035869246,0.059,0.194,0.10575000000000001,0.052623070035869246,0.1181196427356602,0.10575000000000001,1.0,4,0,1.0175,1.04,1,309.0,4092.0,1,4,-0.027499999999999983,0.3231017641548867,-0.579,0.207,-0.027499999999999983,0.3231017641548867,0.32426994927066555,0.262,1.0,4,0,1.0150000000000001,1.03,2,87.0,4492.25,1,4,49.922000000000004,0.07765629401407152,49.816,50.027,-0.07799999999999763,0.07765629401407154,0.11006588935723707,0.09149999999999814,1.0,4,0,1.0350000000000001,1.05,4,64.0,6590.25,3
34,34,power_law,3.86,1.0,13591.0,-1.1400000000000001,1.1400000000000001,22.800000000000004,1,1,1.791,1.0,13543.0,-0.20900000000000007,0.20900000000000007,10.450000000000003,1,1,3.832,1.0,11583.0,-1.1680000000000001,1.1680000000000001,23.360000000000003,1,1,1.934,1.0,12074.0,-0.06600000000000006,0.06600000000000006,3.300000000000003,1,1,0.505,1.0,14670.0,-0.09499999999999997,0.09499999999999997,15.83333333333333,1,1,0.011,1.0,47907.0,0.0009999999999999992,0.0009999999999999992,9.999999999999991,1,1,0.304,1.0,46236.0,0.0040000000000000036,0.0040000000000000036,1.3333333333333346,1,1,17.788,1.0,42155.0,-0.21199999999999974,0.21199999999999974,1.1777777777777765,1,1,4,0.13824999999999998,0.0720151893700211,0.064,0.224,0.13824999999999998,0.0720151893700211,0.15588216703651514,0.13824999999999998,1.0,4,0,1.0,1.0,0,5233.0,10241.5,0,4,0.16125,0.09675064599267544,0.076,0.324,0.16125,0.09675064599267544,0.18804853097006632,0.16125,1.0,4,0,1.0,1.0,0,1484.0,8121.75,0,4,-1.0408340855860843e-17,0.18651139375384013,-0.223,0.287,-1.0408340855860843e-17,0.18651139375384013,0.18651139375384013,0.1525,1.0,4,0,1.0,1.0,0,24408.0,29658.5,0,4,49.990750000000006,0.24725328612578623,49.722,50.259,-0.009249999999997982,0.24725328612578626,0.24742625163874563,0.24624999999999986,1.0,4,0,1.0,1.0,0,21738.0,28372.0,0
35,35,power_law,4.578,1.0,13358.0,-0.4219999999999997,0.4219999999999997,8.439999999999994,1,1,1.92,1.0,13154.0,-0.08000000000000007,0.08000000000000007,4.0000000000000036,1,1,5.352,1.0,12144.0,0.3520000000000003,0.3520000000000003,7.040000000000006,1,1,2.223,1.0,12299.0,0.22299999999999986,0.22299999999999986,11.149999999999993,1,1,0.504,1.0,12517.0,-0.09599999999999997,0.09599999999999997,15.999999999999998,1,1,0.008,1.0,35269.0,-0.002,0.002,20.0,1,1,0.305,1.0,41355.0,0.0050000000000000044,0.0050000000000000044,1.6666666666666683,1,1,17.849,1.0,36916.0,-0.1509999999999998,0.1509999999999998,0.8388888888888878,1,1,4,0.08725000000000001,0.021299941314473145,0.072,0.124,0.08725000000000001,0.021299941314473145,0.08981230427953622,0.08725000000000001,1.0,4,0,1.0,1.0,0,12341.0,14582.5,0,4,0.244,0.1416033191701381,0.081,0.464,0.244,0.1416033191701381,0.28211256618591096,0.244,1.0,4,0,1.0,1.0,0,3207.0,7372.0,0,4,-0.03574999999999999,0.26622675954907316,-0.412,0.341,-0.03574999999999999,0.26622675954907316,0.2686163621226377,0.20625,1.0,4,0,1.0,1.0,0,29267.0,33134.75,0,4,49.977500000000006,0.29713843575007287,49.546,50.372,-0.022499999999999076,0.29713843575007287,0.29798909376015786,0.24300000000000033,1.0,4,0,1.0,1.0,0,27776.0,29017.5,0
36,36,power_law,3.63,1.0,13245.0,-1.37,1.37,27.400000000000002,1,1,1.846,1.0,13164.0,-0.15399999999999991,0.15399999999999991,7.699999999999996,1,1,4.801,1.0,12597.0,-0.19899999999999984,0.19899999999999984,3.979999999999997,1,1,2.125,1.0,12671.0,0.125,0.125,6.25,1,1,0.525,1.0,13227.0,-0.07499999999999996,0.07499999999999996,12.499999999999993,1,1,0.012,1.0,43100.0,0.002,0.002,20.0,1,1,0.295,1.0,42156.0,-0.0050000000000000044,0.0050000000000000044,1.6666666666666683,1,1,20.269,1.0,40893.0,2.2689999999999984,2.2689999999999984,12.605555555555547,0,1,4,0.12875,0.07790499021243762,0.023,0.205,0.12875,0.07790499021243762,0.15048504909126353,0.12875,1.0,4,0,1.0,1.0,0,1820.0,9402.75,0,4,0.127,0.08578169968005997,0.066,0.275,0.127,0.08578169968005997,0.15325632123994104,0.127,1.0,4,0,1.0,1.0,0,3879.0,11321.25,0,4,0.08850000000000001,0.15736184416814641,-0.169,0.255,0.08850000000000001,0.15736184416814641,0.1805408541023333,0.17300000000000001,1.0,4,0,1.0,1.0,0,28116.0,34149.5,0,4,49.788,0.11591807451817131,49.635,49.953,-0.21199999999999974,0.1159180745181713,0.24162160499425586,0.21199999999999974,1.0,4,0,1.0,1.0,0,30192.0,33989.75,0
37,37,power_law,5.604,1.0,13289.0,0.6040000000000001,0.6040000000000001,12.080000000000002,1,1,2.365,1.0,13396.0,0.3650000000000002,0.3650000000000002,18.25000000000001,1,1,4.612,1.0,14349.0,-0.3879999999999999,0.3879999999999999,7.759999999999997,1,1,1.95,1.0,14190.0,-0.050000000000000044,0.050000000000000044,2.500000000000002,1,1,0.548,1.0,12108.0,-0.051999999999999935,0.051999999999999935,8.666666666666655,1,1,0.01,1.0,43411.0,0.0,0.0,0.0,1,1,0.314,1.0,40124.0,0.014000000000000012,0.014000000000000012,4.666666666666671,1,1,18.878,1.0,41575.0,0.8780000000000001,0.8780000000000001,4.877777777777778,1,1,4,0.095,0.04007492981902775,0.055,0.147,0.095,0.04007492981902775,0.10310674080776679,0.095,1.0,4,0,1.0,1.0,0,3019.0,10983.25,0,4,0.12825,0.05422349582975999,0.056,0.206,0.12825,0.05422349582975999,0.13924169634128994,0.12825,1.0,4,0,1.0,1.0,0,10019.0,14030.25,0,4,-0.1405,0.16992424782826024,-0.399,0.038,-0.1405,0.16992424782826024,0.22048696106572832,0.1595,1.0,4,0,1.0,1.0,0,30898.0,32912.75,0,4,50.00475,0.3845038198769958,49.541,50.594,0.004749999999999588,0.3845038198769958,0.38453315851822356,0.31475000000000186,1.0,4,0,1.0,1.0,0,29912.0,32429.25,0
38,38,power_law,4.205,1.0,11586.0,-0.7949999999999999,0.7949999999999999,15.899999999999997,1,1,1.925,1.0,12061.0,-0.07499999999999996,0.07499999999999996,3.749999999999998,1,1,5.312,1.0,12627.0,0.3120000000000003,0.3120000000000003,6.2400000000000055,1,1,2.191,1.0,12429.0,0.19099999999999984,0.19099999999999984,9.549999999999992,1,1,0.535,1.0,12048.0,-0.06499999999999995,0.06499999999999995,10.833333333333325,1,1,0.007,1.0,39479.0,-0.003,0.003,30.0,1,1,0.297,1.0,49341.0,-0.0030000000000000027,0.0030000000000000027,1.0000000000000009,1,1,17.619,1.0,37059.0,-0.3810000000000002,0.3810000000000002,2.116666666666668,1,1,4,0.1265,0.06509416256470314,0.027,0.209,0.1265,0.06509416256470314,0.1422655966845112,0.1265,1.0,4,0,1.0025,1.01,0,1384.0,10272.0,0,4,0.23249999999999998,0.14108951059522462,0.089,0.441,0.23249999999999998,0.14108951059522462,0.27196047506944826,0.23249999999999998,1.0,4,0,1.0,1.0,0,3069.0,9644.75,0,4,-0.07375,0.2675082942639349,-0.307,0.353,-0.07375,0.2675082942639349,0.2774882880411352,0.25025,1.0,4,0,1.0,1.0,0,17545.0,28844.5,0,4,50.10825,0.2963531466004698,49.816,50.547,0.10824999999999996,0.2963531466004698,0.31550475432233904,0.2712500000000002,0.75,3,0,1.0,1.0,0,29363.0,32678.75,0
39,39,power_law,5.394,1.0,11499.0,0.39400000000000013,0.39400000000000013,7.880000000000003,1,1,2.325,1.0,10991.0,0.3250000000000002,0.3250000000000002,16.250000000000007,1,1,3.546,1.0,10784.0,-1.4540000000000002,1.4540000000000002,29.080000000000005,1,1,1.664,1.0,11227.0,-0.3360000000000001,0.3360000000000001,16.800000000000004,1,1,0.527,1.0,12848.0,-0.07299999999999995,0.07299999999999995,12.166666666666659,1,1,0.007,1.0,33718.0,-0.003,0.003,30.0,1,1,0.307,1.0,43167.0,0.007000000000000006,0.007000000000000006,2.3333333333333357,1,1,17.346,1.0,34520.0,-0.6539999999999999,0.6539999999999999,3.633333333333333,1,1,4,0.138,0.11517161108537122,0.046,0.331,0.138,0.11517161108537122,0.17974565363312683,0.138,1.0,4,0,1.0,1.0,0,1806.0,12768.0,0,4,0.11674999999999999,0.07406205168640685,0.057,0.243,0.11674999999999999,0.07406205168640685,0.1382597193690194,0.11674999999999999,1.0,4,0,1.0,1.0,0,3013.0,12529.25,0,4,-0.07999999999999999,0.22953431116066286,-0.408,0.162,-0.07999999999999999,0.22953431116066286,0.24307611976498225,0.21399999999999997,1.0,4,0,1.0,1.0,0,23571.0,28046.25,0,4,49.791,0.25610056618445615,49.386,50.046,-0.20899999999999963,0.25610056618445615,0.33055786180334423,0.23199999999999932,0.75,3,0,1.0,1.0,0,26256.0,30231.75,0
40,40,power_law,4.873,1.0,14366.0,-0.12699999999999978,0.12699999999999978,2.5399999999999956,1,1,2.018,1.0,14341.0,0.017999999999999794,0.017999999999999794,0.8999999999999897,1,1,4.168,1.0,13471.0,-0.8319999999999999,0.8319999999999999,16.639999999999997,1,1,1.869,1.0,13849.0,-0.131,0.131,6.550000000000001,1,1,0.514,1.0,12990.0,-0.08599999999999997,0.08599999999999997,14.333333333333329,1,1,0.012,1.0,38233.0,0.002,0.002,20.0,1,1,0.298,1.0,42888.0,-0.0020000000000000018,0.0020000000000000018,0.6666666666666673,1,1,18.124,1.0,31570.0,0.12399999999999878,0.12399999999999878,0.6888888888888821,1,1,4,0.13574999999999998,0.06819961510155317,0.032,0.205,0.13574999999999998,0.06819961510155317,0.15191856371095666,0.13574999999999998,1.0,4,0,1.0,1.0,0,5102.0,12223.75,0,4,0.09375,0.025936219847926954,0.061,0.126,0.09375,0.025936219847926954,0.0972715271803625,0.09375,1.0,4,0,1.0,1.0,0,10476.0,14976.5,0,4,0.19975,0.07214698538400618,0.092,0.266,0.19975,0.07214698538400618,0.2123799660985,0.19975,1.0,4,0,1.0,1.0,0,29007.0,34796.75,0,4,50.13875,0.11671198524573125,49.95,50.265,0.1387500000000017,0.11671198524573125,0.18130981771542393,0.16375000000000028,1.0,4,0,1.0,1.0,0,29388.0,32320.75,0
41,41,power_law,5.137,1.0,11537.0,0.13699999999999957,0.13699999999999957,2.7399999999999913,1,1,2.287,1.0,11908.0,0.2869999999999999,0.2869999999999999,14.349999999999996,1,1,3.655,1.0,12355.0,-1.3450000000000002,1.3450000000000002,26.900000000000002,1,1,1.726,1.0,12422.0,-0.274,0.274,13.700000000000001,1,1,0.539,1.0,13719.0,-0.06099999999999994,0.06099999999999994,10.166666666666657,1,1,0.014,1.0,44428.0,0.004,0.004,40.0,1,1,0.315,1.0,48116.0,0.015000000000000013,0.015000000000000013,5.000000000000004,1,1,17.95,1.0,43196.0,-0.05000000000000071,0.05000000000000071,0.27777777777778173,1,1,4,0.134,0.06492688195193114,0.062,0.233,0.134,0.06492688195193114,0.14890097380474043,0.134,1.0,4,0,1.0,1.0,0,3434.0,9629.5,0,4,0.09275,0.01682817577754642,0.067,0.114,0.09275,0.01682817577754642,0.094264256216235,0.09275,1.0,4,0,1.0,1.0,0,11947.0,13754.75,0,4,0.12925,0.12771721692865062,-0.064,0.295,0.12925,0.12771721692865062,0.18170649410519152,0.16125,1.0,4,0,1.0,1.0,0,25016.0,34279.5,0,4,50.088,0.2601547616323801,49.803,50.512,0.08799999999999919,0.2601547616323801,0.2746352126002789,0.18650000000000055,1.0,4,0,1.0,1.0,0,23711.0,31682.5,0
42,42,power_law,4.306,1.0,12582.0,-0.694,0.694,13.879999999999997,1,1,1.948,1.0,12507.0,-0.052000000000000046,0.052000000000000046,2.6000000000000023,1,1,4.125,1.0,12559.0,-0.875,0.875,17.5,1,1,1.858,1.0,12282.0,-0.1419999999999999,0.1419999999999999,7.099999999999995,1,1,0.515,1.0,13742.0,-0.08499999999999996,0.08499999999999996,14.16666666666666,1,1,0.012,1.0,45141.0,0.002,0.002,20.0,1,1,0.291,1.0,45731.0,-0.009000000000000008,0.009000000000000008,3.0000000000000027,1,1,15.929,1.0,43589.0,-2.0709999999999997,2.0709999999999997,11.505555555555553,0,1,4,0.08925,0.013273563952458288,0.073,0.11,0.08925,0.013273563952458288,0.09023164633320174,0.08925,1.0,4,0,1.0,1.0,0,8571.0,13929.0,0,4,0.17400000000000002,0.1351980029438305,0.053,0.403,0.17400000000000002,0.1351980029438305,0.22035085659012085,0.17400000000000002,1.0,4,0,1.0,1.0,0,2024.0,12015.25,0,4,-0.1315,0.1670531352594138,-0.419,-0.013,-0.1315,0.1670531352594138,0.2126005644395141,0.1315,1.0,4,0,1.0,1.0,0,14652.0,26626.5,0,4,50.303,0.32110512297377064,50.108,50.859,0.3030000000000008,0.32110512297377064,0.44149462057878,0.3030000000000008,1.0,4,0,1.0,1.0,0,20186.0,26749.25,0
43,43,power_law,3.087,1.23,11275.0,-1.9129999999999998,1.9129999999999998,38.25999999999999,0,0,1.8,1.26,11144.0,-0.19999999999999996,0.19999999999999996,9.999999999999998,1,0,4.186,1.1,2934.0,-0.8140000000000001,0.8140000000000001,16.28,1,0,1.921,1.27,10363.0,-0.07899999999999996,0.07899999999999996,3.949999999999998,1,0,0.574,1.09,27.0,-0.026000000000000023,0.026000000000000023,4.3333333333333375,1,0,0.006,1.22,7217.0,-0.004,0.004,40.0,1,0,0.3,1.24,12.0,0.0,0.0,0.0,1,0,19.294,1.17,1387.0,1.2940000000000005,1.2940000000000005,7.188888888888892,1,0,4,0.028999999999999998,0.14132232661543612,-0.201,0.151,0.028999999999999998,0.14132232661543612,0.14426711336961034,0.1295,1.0,4,0,1.27,1.29,4,10.0,8200.5,1,4,0.08700000000000001,0.1333472909361116,-0.061,0.3,0.08700000000000001,0.1333472909361116,0.15921840345889668,0.11750000000000001,1.0,4,0,1.185,1.26,4,37.0,5703.5,1,4,-0.0002500000000000002,0.12491672225927158,-0.132,0.154,-0.0002500000000000002,0.12491672225927158,0.12491697242568761,0.12275,1.0,4,0,1.1075,1.13,4,42.0,615.0,2,4,49.9225,0.14595290336269365,49.752,50.116,-0.07750000000000057,0.14595290336269365,0.1652528365868492,0.13899999999999935,1.0,4,0,1.1225,1.21,4,14.0,1403.75,3
44,44,power_law,3.547,1.0,12918.0,-1.4529999999999998,1.4529999999999998,29.059999999999995,1,1,1.788,1.0,14353.0,-0.21199999999999997,0.21199999999999997,10.599999999999998,1,1,4.135,1.0,12254.0,-0.8650000000000002,0.8650000000000002,17.300000000000004,1,1,1.963,1.0,13096.0,-0.03699999999999992,0.03699999999999992,1.849999999999996,1,1,0.527,1.0,13563.0,-0.07299999999999995,0.07299999999999995,12.166666666666659,1,1,0.009,1.0,44399.0,-0.0010000000000000009,0.0010000000000000009,10.000000000000009,1,1,0.297,1.0,45287.0,-0.0030000000000000027,0.0030000000000000027,1.0000000000000009,1,1,18.353,1.0,40731.0,0.35300000000000153,0.35300000000000153,1.9611111111111197,1,1,4,0.13799999999999998,0.04970412457734267,0.079,0.214,0.13799999999999998,0.04970412457734267,0.14667821924198562,0.13799999999999998,1.0,4,0,1.0,1.0,0,4924.0,7611.0,0,4,0.128,0.05097548430373173,0.066,0.203,0.128,0.05097548430373173,0.13777699372536767,0.128,1.0,4,0,1.0,1.0,0,2992.0,9664.25,0,4,0.08225,0.0625154980784765,0.007,0.158,0.08225,0.0625154980784765,0.10331142240817323,0.08225,1.0,4,0,1.0,1.0,0,21333.0,29418.5,0,4,50.1115,0.2601475542841027,49.748,50.442,0.11149999999999949,0.2601475542841027,0.28303533348329507,0.2375000000000007,1.0,4,0,1.0,1.0,0,26883.0,30492.75,0
45,45,power_law,5.524,1.0,13004.0,0.524,0.524,10.48,1,1,2.089,1.0,13048.0,0.08899999999999997,0.08899999999999997,4.449999999999998,1,1,3.274,1.0,12524.0,-1.726,1.726,34.52,1,1,1.711,1.0,12809.0,-0.2889999999999999,0.2889999999999999,14.449999999999996,1,1,0.49,1.0,13409.0,-0.10999999999999999,0.10999999999999999,18.333333333333332,1,1,0.014,1.0,40533.0,0.004,0.004,40.0,1,1,0.294,1.0,47174.0,-0.006000000000000005,0.006000000000000005,2.0000000000000018,1,1,15.74,1.0,27775.0,-2.26,2.26,12.555555555555554,0,1,4,0.129,0.0160312195418814,0.102,0.142,0.129,0.0160312195418814,0.12999230746471116,0.129,1.0,4,0,1.0,1.0,0,9397.0,12444.5,0,4,0.06475,0.0128330627677106,0.05,0.084,0.06475,0.0128330627677106,0.06600946901770988,0.06475,1.0,4,0,1.0,1.0,0,11470.0,15754.5,0,4,-0.24575,0.2186725577204419,-0.593,-0.019,-0.24575,0.2186725577204419,0.3289540241431924,0.24575,1.0,4,0,1.0,1.0,0,23429.0,27740.5,0,4,50.03875,0.21261276419820235,49.727,50.305,0.03874999999999851,0.21261276419820233,0.21611513135363816,0.1827500000000004,1.0,4,0,1.0,1.0,0,24979.0,29998.25,0
46,46,power_law,4.975,1.0,11985.0,-0.025000000000000355,0.025000000000000355,0.5000000000000071,1,1,2.11,1.0,11819.0,0.10999999999999988,0.10999999999999988,5.499999999999994,1,1,3.053,1.0,11734.0,-1.947,1.947,38.940000000000005,1,1,1.723,1.0,11622.0,-0.2769999999999999,0.2769999999999999,13.849999999999996,1,1,0.495,1.0,14440.0,-0.10499999999999998,0.10499999999999998,17.5,1,1,0.008,1.0,51155.0,-0.002,0.002,20.0,1,1,0.312,1.0,46697.0,0.01200000000000001,0.01200000000000001,4.0000000000000036,1,1,17.718,1.0,41730.0,-0.28200000000000003,0.28200000000000003,1.5666666666666669,1,1,4,0.0805,0.014448183276799887,0.069,0.105,0.0805,0.014448183276799887,0.08178630692236935,0.0805,1.0,4,0,1.0,1.0,0,12966.0,15557.75,0,4,0.10350000000000001,0.06833922738808217,0.027,0.176,0.10350000000000001,0.06833922738808217,0.12402620690805634,0.10350000000000001,1.0,4,0,1.0,1.0,0,2558.0,11730.5,0,4,-0.026749999999999996,0.20034517089263718,-0.202,0.309,-0.026749999999999996,0.20034517089263718,0.20212310605173275,0.18125,1.0,4,0,1.0,1.0,0,30746.0,35416.0,0,4,49.68875,0.059022771029492646,49.594,49.754,-0.31124999999999936,0.059022771029492646,0.31679685920160183,0.31124999999999936,1.0,4,0,1.0,1.0,0,36166.0,39098.5,0
47,47,power_law,6.556,1.0,16166.0,1.556,1.556,31.120000000000005,1,1,2.5,1.0,16060.0,0.5,0.5,25.0,1,1,4.197,1.0,14571.0,-0.8029999999999999,0.8029999999999999,16.06,1,1,1.883,1.0,15393.0,-0.11699999999999999,0.11699999999999999,5.85,1,1,0.499,1.0,12856.0,-0.10099999999999998,0.10099999999999998,16.833333333333332,1,1,0.013,1.0,44949.0,0.002999999999999999,0.002999999999999999,29.999999999999993,1,1,0.302,1.0,51597.0,0.0020000000000000018,0.0020000000000000018,0.6666666666666673,1,1,18.666,1.0,42062.0,0.6660000000000004,0.6660000000000004,3.700000000000002,1,1,4,0.09825,0.04101447915066093,0.05,0.163,0.09825,0.04101447915066093,0.10646713107809377,0.09825,1.0,4,0,1.0,1.0,0,13291.0,16619.5,0,4,0.15225,0.08666710737067437,0.043,0.264,0.15225,0.08666710737067437,0.17518918345605702,0.15225,1.0,4,0,1.0,1.0,0,1345.0,9070.75,0,4,-0.24649999999999997,0.18645978118618503,-0.496,0.021,-0.24649999999999997,0.18645978118618503,0.30907846900099656,0.257,0.75,3,0,1.0,1.0,0,33436.0,35733.75,0,4,50.336,0.3179402459582603,49.902,50.8,0.3360000000000003,0.31794024595826037,0.46258188464314,0.3849999999999998,0.75,3,0,1.0,1.0,0,25825.0,29156.5,0
48,48,power_law,3.939,1.0,11453.0,-1.061,1.061,21.22,1,1,1.924,1.0,12142.0,-0.07600000000000007,0.07600000000000007,3.8000000000000034,1,1,3.99,1.0,13459.0,-1.0099999999999998,1.0099999999999998,20.199999999999996,1,1,1.884,1.0,13802.0,-0.1160000000000001,0.1160000000000001,5.800000000000005,1,1,0.529,1.0,13734.0,-0.07099999999999995,0.07099999999999995,11.833333333333327,1,1,0.007,1.0,42129.0,-0.003,0.003,30.0,1,1,0.295,1.0,49746.0,-0.0050000000000000044,0.0050000000000000044,1.6666666666666683,1,1,18.093,1.0,39667.0,0.09299999999999997,0.09299999999999997,0.5166666666666665,1,1,4,0.04675,0.009310612224768035,0.038,0.06,0.04675,0.009310612224768035,0.047668123520860355,0.04675,1.0,4,0,1.0,1.0,0,17172.0,18733.0,0,4,0.08549999999999999,0.02273213584333861,0.054,0.11,0.08549999999999999,0.02273213584333861,0.08847033401089882,0.08549999999999999,1.0,4,0,1.0,1.0,0,11105.0,13172.0,0,4,-0.04525,0.08739958523929046,-0.112,0.104,-0.04525,0.08739958523929046,0.0984187482139455,0.09724999999999999,1.0,4,0,1.0,1.0,0,27485.0,36170.25,0,4,50.055,0.26968314741562954,49.674,50.424,0.054999999999999716,0.26968314741562954,0.2752344455187253,0.2220000000000013,1.0,4,0,1.0,1.0,0,30915.0,36409.25,0
49,49,power_law,3.636,1.0,14246.0,-1.3639999999999999,1.3639999999999999,27.279999999999998,1,1,1.767,1.0,14065.0,-0.2330000000000001,0.2330000000000001,11.650000000000006,1,1,5.354,1.0,13673.0,0.3540000000000001,0.3540000000000001,7.080000000000002,1,1,2.333,1.0,13444.0,0.3330000000000002,0.3330000000000002,16.65000000000001,1,1,0.522,1.0,14109.0,-0.07799999999999996,0.07799999999999996,12.999999999999995,1,1,0.013,1.0,45941.0,0.002999999999999999,0.002999999999999999,29.999999999999993,1,1,0.316,1.0,53285.0,0.016000000000000014,0.016000000000000014,5.333333333333338,1,1,17.567,1.0,38305.0,-0.43299999999999983,0.43299999999999983,2.4055555555555546,1,1,4,0.07675,0.03938511774769754,0.035,0.125,0.07675,0.03938511774769754,0.08626557830328387,0.07675,1.0,4,0,1.0,1.0,0,7904.0,14847.0,0,4,0.17575,0.04456105362309109,0.126,0.225,0.17575,0.04456105362309109,0.1813111965654631,0.17575,1.0,4,0,1.0,1.0,0,6882.0,9628.75,0,4,-0.11199999999999999,0.03637306695894643,-0.161,-0.061,-0.11199999999999999,0.03637306695894643,0.11775822688882506,0.11199999999999999,1.0,4,0,1.0,1.0,0,21988.0,28543.0,0,4,50.177,0.2188618285585677,49.926,50.521,0.17700000000000138,0.21886182855856767,0.2814773525525639,0.2140000000000004,1.0,4,0,1.0,1.0,0,18439.0,26623.0,0
50,50,power_law,5.356,1.0,15437.0,0.35599999999999987,0.35599999999999987,7.119999999999997,1,1,2.169,1.0,15222.0,0.16900000000000004,0.16900000000000004,8.450000000000003,1,1,3.705,1.0,13918.0,-1.295,1.295,25.900000000000002,1,1,1.837,1.0,14420.0,-0.16300000000000003,0.16300000000000003,8.150000000000002,1,1,0.511,1.0,11648.0,-0.08899999999999997,0.08899999999999997,14.833333333333329,1,1,0.014,1.0,39683.0,0.004,0.004,40.0,1,1,0.304,1.0,43261.0,0.0040000000000000036,0.0040000000000000036,1.3333333333333346,1,1,18.387,1.0,35147.0,0.38700000000000045,0.38700000000000045,2.1500000000000026,1,1,4,0.12400000000000001,0.08988603896045261,0.064,0.279,0.12400000000000001,0.08988603896045261,0.15315188539485894,0.12400000000000001,1.0,4,0,1.0,1.0,0,2098.0,12899.75,0,4,0.14750000000000002,0.08428078072728087,0.058,0.256,0.14750000000000002,0.08428078072728087,0.16988084059128034,0.14750000000000002,1.0,4,0,1.0,1.0,0,4289.0,10999.5,0,4,-0.013499999999999991,0.267084724385353,-0.475,0.169,-0.013499999999999991,0.267084724385353,0.2674256906132991,0.224,1.0,4,0,1.0,1.0,0,22436.0,28816.25,0,4,50.04025,0.2141230662492964,49.748,50.331,0.04025000000000034,0.2141230662492964,0.21787324296480418,0.18674999999999997,1.0,4,0,1.0,1.0,0,30026.0,33215.75,0
51,51,power_law,2.638,1.0,11757.0,-2.362,2.362,47.24,0,1,1.559,1.0,11937.0,-0.44100000000000006,0.44100000000000006,22.050000000000004,0,1,6.549,1.0,13076.0,1.5490000000000004,1.5490000000000004,30.980000000000008,1,1,2.546,1.0,12908.0,0.5459999999999998,0.5459999999999998,27.29999999999999,1,1,0.566,1.0,11873.0,-0.03400000000000003,0.03400000000000003,5.666666666666672,1,1,0.014,1.0,33211.0,0.004,0.004,40.0,1,1,0.299,1.0,46311.0,-0.0010000000000000009,0.0010000000000000009,0.33333333333333365,1,1,17.292,1.0,33484.0,-0.7079999999999984,0.7079999999999984,3.9333333333333247,1,1,4,0.10725000000000001,0.0543938185826294,0.02,0.156,0.10725000000000001,0.0543938185826294,0.12025493752856886,0.10725000000000001,1.0,4,0,1.0,1.0,0,2895.0,7637.25,0,4,0.15050000000000002,0.04505829557362329,0.091,0.203,0.15050000000000002,0.04505829557362329,0.1571002864414957,0.15050000000000002,1.0,4,0,1.0,1.0,0,8340.0,10671.25,0,4,-0.031,0.08635392289873112,-0.148,0.086,-0.031,0.08635392289873112,0.09174965939991275,0.076,1.0,4,0,1.0,1.0,0,18989.0,28875.5,0,4,49.99,0.09204075184395202,49.889,50.112,-0.00999999999999801,0.09204075184395202,0.09258239573482596,0.0884999999999998,1.0,4,0,1.0,1.0,0,23178.0,30338.0,0
52,52,power_law,5.574,1.0,8608.0,0.5739999999999998,0.5739999999999998,11.479999999999997,1,1,2.281,1.0,6313.0,0.28100000000000014,0.28100000000000014,14.050000000000008,1,1,3.924,1.0,8672.0,-1.076,1.076,21.52,1,1,1.741,1.0,7667.0,-0.2589999999999999,0.2589999999999999,12.949999999999996,1,1,0.545,1.0,7460.0,-0.05499999999999994,0.05499999999999994,9.166666666666657,1,1,0.008,1.0,27110.0,-0.002,0.002,20.0,1,1,0.291,1.0,22140.0,-0.009000000000000008,0.009000000000000008,3.0000000000000027,1,1,16.984,1.0,25189.0,-1.0159999999999982,1.0159999999999982,5.644444444444434,1,1,4,0.154,0.05515886148208645,0.076,0.232,0.154,0.05515886148208645,0.1635802555322616,0.154,1.0,4,0,1.0,1.0,0,3577.0,7109.25,0,4,0.09125,0.0342518247689083,0.037,0.13,0.09125,0.0342518247689083,0.09746666096671211,0.09125,1.0,4,0,1.0,1.0,0,9751.0,14473.25,0,4,-0.092,0.12769690677537965,-0.215,0.102,-0.092,0.12769690677537965,0.15738646701670383,0.14300000000000002,1.0,4,0,1.0,1.0,0,13054.0,20351.75,0,4,50.18599999999999,0.21362701140071425,49.955,50.52,0.18599999999999994,0.21362701140071425,0.28325342010291926,0.2085000000000008,1.0,4,0,1.0,1.0,0,14752.0,22020.75,0
53,53,power_law,3.172,1.0,12433.0,-1.8279999999999998,1.8279999999999998,36.559999999999995,1,1,1.645,1.0,13069.0,-0.355,0.355,17.75,1,1,4.578,1.0,13042.0,-0.4219999999999997,0.4219999999999997,8.439999999999994,1,1,2.12,1.0,13279.0,0.1200000000000001,0.1200000000000001,6.000000000000005,1,1,0.503,1.0,6960.0,-0.09699999999999998,0.09699999999999998,16.166666666666664,1,1,0.01,1.0,45968.0,0.0,0.0,0.0,1,1,0.318,1.0,4683.0,0.018000000000000016,0.018000000000000016,6.000000000000005,1,1,18.223,1.0,38679.0,0.22299999999999898,0.22299999999999898,1.2388888888888832,1,1,4,0.0685,0.03367862823809782,0.036,0.125,0.0685,0.03367862823809782,0.07633151380655306,0.0685,1.0,4,0,1.0,1.0,0,1672.0,11684.0,0,4,0.1585,0.05889609494694874,0.086,0.226,0.1585,0.05889609494694874,0.16908873410135875,0.1585,1.0,4,0,1.0,1.0,0,2025.0,4424.5,0,4,0.13674999999999998,0.14845769599451553,-0.01,0.347,0.13674999999999998,0.14845769599451553,0.20184214128868133,0.14175,1.0,4,0,1.0,1.0,0,11541.0,28706.75,0,4,50.12525,0.27308549485463235,49.712,50.427,0.1252500000000012,0.27308549485463235,0.30043842963242856,0.26924999999999955,1.0,4,0,1.0,1.0,0,4629.0,17692.25,0
54,54,power_law,3.762,1.0,14379.0,-1.238,1.238,24.759999999999998,1,1,1.751,1.0,14212.0,-0.2490000000000001,0.2490000000000001,12.450000000000006,1,1,4.625,1.0,13689.0,-0.375,0.375,7.5,1,1,2.026,1.0,13899.0,0.0259999999999998,0.0259999999999998,1.29999999999999,1,1,0.51,1.0,12139.0,-0.08999999999999997,0.08999999999999997,14.999999999999996,1,1,0.012,1.0,39057.0,0.002,0.002,20.0,1,1,0.299,1.0,47545.0,-0.0010000000000000009,0.0010000000000000009,0.33333333333333365,1,1,17.071,1.0,40819.0,-0.9289999999999985,0.9289999999999985,5.1611111111111025,1,1,4,0.09275,0.05466431651452344,0.031,0.181,0.09275,0.05466431651452344,0.10766034553167661,0.09275,1.0,4,0,1.0,1.0,0,5677.0,15508.5,0,4,0.12300000000000001,0.029824486584013484,0.073,0.151,0.12300000000000001,0.029824486584013484,0.12656421295137105,0.12300000000000001,1.0,4,0,1.0,1.0,0,6839.0,11827.25,0,4,0.047499999999999994,0.11156500347331148,-0.085,0.189,0.047499999999999994,0.11156500347331148,0.1212559276901546,0.10750000000000001,1.0,4,0,1.0,1.0,0,30777.0,35874.0,0,4,49.81475,0.22643583528231553,49.513,50.117,-0.1852500000000017,0.22643583528231553,0.2925589684149173,0.24375000000000036,1.0,4,0,1.0,1.0,0,22878.0,27345.0,0
55,55,power_law,6.831,1.0,12590.0,1.8310000000000004,1.8310000000000004,36.620000000000005,1,1,2.562,1.0,13557.0,0.5619999999999998,0.5619999999999998,28.09999999999999,1,1,3.198,1.0,12798.0,-1.802,1.802,36.04,1,1,1.544,1.0,12853.0,-0.45599999999999996,0.45599999999999996,22.799999999999997,1,1,0.537,1.0,13743.0,-0.06299999999999994,0.06299999999999994,10.499999999999991,1,1,0.006,1.0,45560.0,-0.004,0.004,40.0,0,1,0.312,1.0,25896.0,0.01200000000000001,0.01200000000000001,4.0000000000000036,1,1,17.207,1.0,35429.0,-0.7929999999999993,0.7929999999999993,4.4055555555555515,1,1,4,0.269,0.08541955279676897,0.141,0.352,0.269,0.08541955279676897,0.282236602870712,0.269,1.0,4,0,1.0,1.0,0,2237.0,5545.5,0,4,0.10974999999999999,0.03551320177060919,0.05,0.143,0.10974999999999999,0.03551320177060919,0.11535271995059326,0.10974999999999999,1.0,4,0,1.0,1.0,0,7347.0,13295.5,0,4,-0.29725,0.17773487980697544,-0.53,-0.054,-0.29725,0.17773487980697544,0.3463340150779302,0.29725,1.0,4,0,1.0,1.0,0,18053.0,27407.0,0,4,50.111,0.20743312175252895,49.896,50.367,0.11099999999999888,0.20743312175252895,0.2352647444901153,0.20399999999999885,1.0,4,0,1.0,1.0,0,18489.0,24853.25,0
56,56,power_law,4.148,1.0,13092.0,-0.8520000000000003,0.8520000000000003,17.040000000000006,1,1,1.871,1.0,12785.0,-0.129,0.129,6.45,1,1,5.002,1.0,12626.0,0.0019999999999997797,0.0019999999999997797,0.039999999999995595,1,1,2.099,1.0,13565.0,0.0990000000000002,0.0990000000000002,4.95000000000001,1,1,0.513,1.0,12278.0,-0.08699999999999997,0.08699999999999997,14.499999999999996,1,1,0.008,1.0,37559.0,-0.002,0.002,20.0,1,1,0.305,1.0,49570.0,0.0050000000000000044,0.0050000000000000044,1.6666666666666683,1,1,17.266,1.0,33694.0,-0.7340000000000018,0.7340000000000018,4.077777777777788,1,1,4,0.08425,0.05688310381826927,0.029,0.167,0.08425,0.05688310381826927,0.10165505398159012,0.08425,1.0,4,0,1.0,1.0,0,9240.0,17214.75,0,4,0.20975000000000002,0.08440194014357726,0.148,0.355,0.20975000000000002,0.08440194014357726,0.22609455986378796,0.20975000000000002,1.0,4,0,1.0,1.0,0,3798.0,8273.25,0,4,-0.04050000000000001,0.20460877302794228,-0.277,0.267,-0.04050000000000001,0.20460877302794228,0.208578522384257,0.17850000000000002,1.0,4,0,1.0,1.0,0,31883.0,33512.25,0,4,50.027750000000005,0.2607761252492236,49.764,50.352,0.02775000000000105,0.2607761252492236,0.2622484509010469,0.25624999999999787,1.0,4,0,1.0,1.0,0,26278.0,30424.0,0
57,57,power_law,3.437,1.0,11839.0,-1.5630000000000002,1.5630000000000002,31.260000000000005,1,1,1.773,1.0,11685.0,-0.2270000000000001,0.2270000000000001,11.350000000000005,1,1,3.034,1.0,11455.0,-1.9660000000000002,1.9660000000000002,39.32000000000001,1,1,1.692,1.0,11592.0,-0.30800000000000005,0.30800000000000005,15.400000000000002,1,1,0.508,1.0,13296.0,-0.09199999999999997,0.09199999999999997,15.333333333333329,1,1,0.011,1.0,40337.0,0.0009999999999999992,0.0009999999999999992,9.999999999999991,1,1,0.289,1.0,48568.0,-0.01100000000000001,0.01100000000000001,3.66666666666667,1,1,18.018,1.0,38396.0,0.018000000000000682,0.018000000000000682,0.1000000000000038,1,1,4,0.09275000000000001,0.04061018960802818,0.054,0.161,0.09275000000000001,0.04061018960802818,0.1012509259216922,0.09275000000000001,1.0,4,0,1.0,1.0,0,5972.0,11414.75,0,4,0.13224999999999998,0.08630867569369836,0.028,0.219,0.13224999999999998,0.08630867569369836,0.15792165779271694,0.13224999999999998,1.0,4,0,1.0,1.0,0,1264.0,9407.5,0,4,0.1795,0.1015517109653993,0.036,0.312,0.1795,0.1015517109653993,0.20623530250662714,0.1795,1.0,4,0,1.0,1.0,0,24611.0,31147.0,0,4,49.69875,0.1318851299426908,49.538,49.886,-0.3012499999999996,0.1318851299426908,0.32885445108740763,0.3012499999999996,0.75,3,0,1.0,1.0,0,28216.0,31212.75,0
58,58,power_law,3.741,1.0,11903.0,-1.259,1.259,25.179999999999996,1,1,1.782,1.0,12642.0,-0.21799999999999997,0.21799999999999997,10.899999999999999,1,1,3.598,1.0,12048.0,-1.4020000000000001,1.4020000000000001,28.040000000000003,1,1,1.924,1.0,12083.0,-0.07600000000000007,0.07600000000000007,3.8000000000000034,1,1,0.5,1.0,11397.0,-0.09999999999999998,0.09999999999999998,16.666666666666664,1,1,0.01,1.0,40451.0,0.0,0.0,0.0,1,1,0.313,1.0,50821.0,0.013000000000000012,0.013000000000000012,4.3333333333333375,1,1,17.307,1.0,33899.0,-0.6930000000000014,0.6930000000000014,3.8500000000000076,1,1,4,0.09150000000000001,0.05555402775677025,0.028,0.177,0.09150000000000001,0.05555402775677025,0.10704438331832268,0.09150000000000001,1.0,4,0,1.0,1.0,0,2094.0,11525.25,0,4,0.10775000000000001,0.06722118341713422,0.035,0.192,0.10775000000000001,0.06722118341713422,0.12699901574421749,0.10775000000000001,1.0,4,0,1.0,1.0,0,1477.0,12233.25,0,4,0.05825000000000001,0.2533351288313565,-0.245,0.342,0.05825000000000001,0.2533351288313565,0.2599456673999396,0.24925,1.0,4,0,1.0,1.0,0,18657.0,24645.5,0,4,49.772999999999996,0.1356705568647836,49.547,49.892,-0.2270000000000003,0.1356705568647836,0.2644532094719227,0.2270000000000003,1.0,4,0,1.0,1.0,0,28307.0,33628.5,0
59,59,power_law,3.499,1.0,13058.0,-1.501,1.501,30.019999999999996,1,1,1.744,1.0,12779.0,-0.256,0.256,12.8,1,1,3.551,1.0,13166.0,-1.4489999999999998,1.4489999999999998,28.979999999999993,1,1,1.816,1.0,13068.0,-0.18399999999999994,0.18399999999999994,9.199999999999998,1,1,0.507,1.0,14602.0,-0.09299999999999997,0.09299999999999997,15.499999999999996,1,1,0.017,1.0,44938.0,0.007000000000000001,0.007000000000000001,70.0,1,1,0.31,1.0,50637.0,0.010000000000000009,0.010000000000000009,3.3333333333333366,1,1,17.892,1.0,41277.0,-0.10800000000000054,0.10800000000000054,0.600000000000003,1,1,4,0.052250000000000005,0.01887293035010727,0.038,0.084,0.052250000000000005,0.01887293035010727,0.055554027756770256,0.052250000000000005,1.0,4,0,1.0,1.0,0,11181.0,17865.0,0,4,0.16999999999999998,0.09930508546897283,0.036,0.301,0.16999999999999998,0.09930508546897283,0.19687940471263113,0.16999999999999998,1.0,4,0,1.0,1.0,0,1624.0,8933.5,0,4,-0.058750000000000004,0.12819784514569657,-0.202,0.146,-0.058750000000000004,0.12819784514569657,0.14101861579238395,0.13175,1.0,4,0,1.0,1.0,0,32525.0,34134.25,0,4,49.8045,0.11980922335112763,49.666,49.926,-0.1955000000000009,0.11980922335112763,0.22929129944243576,0.1955000000000009,1.0,4,0,1.0,1.0,0,29588.0,34356.0,0
60,60,power_law,4.285,1.0,13375.0,-0.7149999999999999,0.7149999999999999,14.299999999999995,1,1,1.939,1.0,12668.0,-0.06099999999999994,0.06099999999999994,3.049999999999997,1,1,3.916,1.0,11415.0,-1.084,1.084,21.680000000000003,1,1,1.845,1.0,10996.0,-0.15500000000000003,0.15500000000000003,7.750000000000002,1,1,0.513,1.0,4949.0,-0.08699999999999997,0.08699999999999997,14.499999999999996,1,1,0.013,1.0,45621.0,0.002999999999999999,0.002999999999999999,29.999999999999993,1,1,0.307,1.0,52365.0,0.007000000000000006,0.007000000000000006,2.3333333333333357,1,1,16.777,1.0,42778.0,-1.222999999999999,1.222999999999999,6.794444444444439,1,1,4,0.08174999999999999,0.03322931687531359,0.026,0.113,0.08174999999999999,0.03322931687531359,0.08824539648049637,0.08174999999999999,1.0,4,0,1.0,1.0,0,5076.0,13328.75,0,4,0.12125,0.07571121119094583,0.046,0.227,0.12125,0.07571121119094583,0.14294666837670614,0.12125,1.0,4,0,1.0,1.0,0,1521.0,11664.5,0,4,-0.1325,0.2291053251236208,-0.386,0.139,-0.1325,0.2291053251236208,0.2646611040557339,0.226,1.0,4,0,1.0,1.0,0,20522.0,28256.5,0,4,50.058,0.2031317306577172,49.869,50.37,0.05799999999999983,0.2031317306577172,0.21124985207095257,0.18049999999999855,1.0,4,0,1.0,1.0,0,21517.0,28620.0,0
61,61,power_law,3.399,1.0,14812.0,-1.601,1.601,32.019999999999996,1,1,1.672,1.0,14833.0,-0.32800000000000007,0.32800000000000007,16.400000000000002,1,1,6.361,1.0,13235.0,1.3609999999999998,1.3609999999999998,27.219999999999995,1,1,2.526,1.0,13392.0,0.5259999999999998,0.5259999999999998,26.29999999999999,1,1,0.502,1.0,14814.0,-0.09799999999999998,0.09799999999999998,16.33333333333333,1,1,0.009,1.0,43862.0,-0.0010000000000000009,0.0010000000000000009,10.000000000000009,1,1,0.291,1.0,43856.0,-0.009000000000000008,0.009000000000000008,3.0000000000000027,1,1,17.198,1.0,41984.0,-0.8019999999999996,0.8019999999999996,4.455555555555554,1,1,4,0.10625,0.05964635361864126,0.055,0.204,0.10625,0.05964635361864126,0.12184724042833305,0.10625,1.0,4,0,1.0,1.0,0,6256.0,12938.25,0,4,0.29274999999999995,0.14841390601961799,0.154,0.524,0.29274999999999995,0.14841390601961799,0.32822134299889766,0.29274999999999995,1.0,4,0,1.0,1.0,0,1192.0,4700.25,0,4,-0.0027500000000000024,0.2216792446306149,-0.184,0.374,-0.0027500000000000024,0.2216792446306149,0.22169630127722023,0.18974999999999997,1.0,4,0,1.0,1.0,0,33864.0,37065.25,0,4,50.032250000000005,0.11370658512153019,49.838,50.126,0.032249999999999446,0.11370658512153017,0.11819158176452227,0.11324999999999896,1.0,4,0,1.0,1.0,0,20460.0,24534.25,0
62,62,power_law,4.994,1.0,8797.0,-0.006000000000000227,0.006000000000000227,0.12000000000000455,1,1,2.17,1.0,10952.0,0.16999999999999993,0.16999999999999993,8.499999999999996,1,1,3.585,1.0,8357.0,-1.415,1.415,28.300000000000004,1,1,1.729,1.0,8287.0,-0.2709999999999999,0.2709999999999999,13.549999999999995,1,1,0.532,1.0,4715.0,-0.06799999999999995,0.06799999999999995,11.333333333333325,1,1,0.007,1.0,37449.0,-0.003,0.003,30.0,1,1,0.282,1.0,2777.0,-0.018000000000000016,0.018000000000000016,6.000000000000005,1,1,17.448,1.0,12238.0,-0.5519999999999996,0.5519999999999996,3.066666666666664,1,1,4,0.12625,0.09416043489704154,0.062,0.288,0.12625,0.09416043489704154,0.15749682536483076,0.12625,1.0,4,0,1.0,1.0,0,1689.0,10288.0,0,4,0.1235,0.050251865637008945,0.043,0.178,0.1235,0.050251865637008945,0.1333322916625976,0.1235,1.0,4,0,1.0,1.0,0,5106.0,8068.75,0,4,-0.13075000000000003,0.15709451772738603,-0.292,0.065,-0.13075000000000003,0.15709451772738603,0.2043874996177604,0.16325,1.0,4,0,1.0,1.0,0,3253.0,21320.75,0,4,50.014250000000004,0.14688154240748086,49.806,50.218,0.01425000000000054,0.14688154240748086,0.14757116927096772,0.11625000000000085,1.0,4,0,1.0,1.0,0,3314.0,16456.75,0
63,63,power_law,3.336,1.0,11917.0,-1.6640000000000001,1.6640000000000001,33.28,1,1,1.766,1.0,3745.0,-0.23399999999999999,0.23399999999999999,11.7,1,1,3.189,1.0,5852.0,-1.811,1.811,36.22,1,1,1.776,1.0,1373.0,-0.22399999999999998,0.22399999999999998,11.2,1,1,0.507,1.0,14588.0,-0.09299999999999997,0.09299999999999997,15.499999999999996,1,1,0.008,1.0,35768.0,-0.002,0.002,20.0,1,1,0.302,1.0,36242.0,0.0020000000000000018,0.0020000000000000018,0.6666666666666673,1,1,19.46,1.0,3852.0,1.4600000000000009,1.4600000000000009,8.111111111111116,1,1,4,0.07824999999999999,0.023742103950576916,0.044,0.105,0.07824999999999999,0.023742103950576916,0.08177255040660038,0.07824999999999999,1.0,4,0,1.0025,1.01,0,6278.0,10117.75,0,4,0.067,0.018721645226849055,0.05,0.096,0.067,0.018721645226849055,0.06956651493355119,0.067,1.0,4,0,1.0025,1.01,0,5940.0,10360.0,0,4,0.111,0.19250974001333024,-0.095,0.397,0.111,0.19250974001333024,0.22221836107756715,0.174,0.75,3,0,1.0,1.0,0,4369.0,25287.0,0,4,50.049,0.21784742367078835,49.802,50.281,0.04899999999999949,0.21784742367078835,0.22329016995828524,0.21649999999999991,1.0,4,0,1.0,1.0,0,1570.0,25447.0,0
64,64,power_law,3.351,1.0,14720.0,-1.649,1.649,32.98,1,1,1.693,1.0,14720.0,-0.30699999999999994,0.30699999999999994,15.349999999999998,1,1,4.744,1.0,13941.0,-0.2560000000000002,0.2560000000000002,5.1200000000000045,1,1,2.166,1.0,13941.0,0.16599999999999993,0.16599999999999993,8.299999999999997,1,1,0.516,1.0,14011.0,-0.08399999999999996,0.08399999999999996,13.999999999999996,1,1,0.011,1.0,53269.0,0.0009999999999999992,0.0009999999999999992,9.999999999999991,1,1,0.296,1.0,60594.0,-0.0040000000000000036,0.0040000000000000036,1.3333333333333346,1,1,18.445,1.0,50277.0,0.4450000000000003,0.4450000000000003,2.472222222222224,1,1,4,0.072,0.024259018941416407,0.047,0.109,0.072,0.024259018941416407,0.07597697019492156,0.072,1.0,4,0,1.0,1.0,0,6030.0,12874.0,0,4,0.106,0.049310242343756534,0.039,0.178,0.106,0.049310242343756534,0.11690808355284933,0.106,1.0,4,0,1.0,1.0,0,5087.0,14311.75,0,4,-0.09575,0.23173085142034927,-0.43,0.223,-0.09575,0.23173085142034927,0.2507334241779504,0.20725,1.0,4,0,1.0,1.0,0,29117.0,34334.5,0,4,50.4,0.36009443205914676,49.986,50.974,0.3999999999999986,0.36009443205914676,0.5382081381770424,0.40700000000000003,0.75,3,0,1.0,1.0,0,16387.0,29157.0,0
65,65,power_law,3.754,1.0,13836.0,-1.246,1.246,24.92,1,1,1.859,1.0,13991.0,-0.14100000000000001,0.14100000000000001,7.050000000000001,1,1,3.823,1.0,13588.0,-1.177,1.177,23.54,1,1,1.859,1.0,13940.0,-0.14100000000000001,0.14100000000000001,7.050000000000001,1,1,0.51,1.0,12241.0,-0.08999999999999997,0.08999999999999997,14.999999999999996,1,1,0.012,1.0,45388.0,0.002,0.002,20.0,1,1,0.294,1.0,51567.0,-0.006000000000000005,0.006000000000000005,2.0000000000000018,1,1,17.885,1.0,43546.0,-0.11499999999999844,0.11499999999999844,0.6388888888888802,1,1,4,0.058249999999999996,0.007790218225441442,0.049,0.069,0.058249999999999996,0.007790218225441442,0.0587686140724792,0.058249999999999996,1.0,4,0,1.0,1.0,0,11263.0,15290.0,0,4,0.09925,0.02551837573200928,0.062,0.133,0.09925,0.02551837573200928,0.10247804642946703,0.09925,1.0,4,0,1.0,1.0,0,7230.0,13047.5,0,4,0.05075,0.12314092536602118,-0.047,0.262,0.05075,0.12314092536602118,0.13318877580336866,0.08025,1.0,4,0,1.0,1.0,0,27058.0,34721.75,0,4,50.02325,0.24841032084033882,49.677,50.378,0.02325000000000088,0.24841032084033882,0.24949599195177488,0.18674999999999997,1.0,4,0,1.0,1.0,0,25732.0,31060.5,0
66,66,power_law,6.233,1.0,10427.0,1.2329999999999997,1.2329999999999997,24.659999999999993,1,1,2.561,1.0,12096.0,0.5609999999999999,0.5609999999999999,28.049999999999997,1,1,2.116,1.0,12787.0,-2.884,2.884,57.68,0,1,1.297,1.0,12878.0,-0.7030000000000001,0.7030000000000001,35.150000000000006,0,1,0.508,1.0,14943.0,-0.09199999999999997,0.09199999999999997,15.333333333333329,1,1,0.012,1.0,45919.0,0.002,0.002,20.0,1,1,0.306,1.0,30395.0,0.006000000000000005,0.006000000000000005,2.0000000000000018,1,1,17.793,1.0,43590.0,-0.20700000000000074,0.20700000000000074,1.1500000000000041,1,1,4,0.136,0.0273038458829521,0.102,0.168,0.136,0.0273038458829521,0.13871373399919706,0.136,1.0,4,0,1.0,1.0,0,8828.0,9895.0,0,4,0.0675,0.025204166322257117,0.034,0.105,0.0675,0.025204166322257117,0.07205206450893686,0.0675,1.0,4,0,1.0,1.0,0,10281.0,14942.75,0,4,-0.125,0.035049964336643764,-0.184,-0.095,-0.125,0.035049964336643764,0.1298210306537427,0.125,1.0,4,0,1.0,1.0,0,22641.0,29306.5,0,4,50.029250000000005,0.1957656443301526,49.895,50.365,0.029250000000002885,0.1957656443301526,0.1979387531535954,0.1532499999999981,1.0,4,0,1.0,1.0,0,14328.0,26059.5,0
67,67,power_law,3.827,1.0,14326.0,-1.173,1.173,23.46,1,1,1.76,1.0,14291.0,-0.24,0.24,12.0,1,1,6.005,1.0,14512.0,1.005,1.005,20.099999999999998,1,1,2.372,1.0,14465.0,0.3719999999999999,0.3719999999999999,18.599999999999994,1,1,0.523,1.0,13402.0,-0.07699999999999996,0.07699999999999996,12.833333333333327,1,1,0.009,1.0,38830.0,-0.0010000000000000009,0.0010000000000000009,10.000000000000009,1,1,0.326,1.0,43687.0,0.026000000000000023,0.026000000000000023,8.666666666666675,0,1,17.306,1.0,37978.0,-0.6939999999999991,0.6939999999999991,3.8555555555555503,1,1,4,0.15400000000000003,0.09032441530394758,0.028,0.265,0.15400000000000003,0.09032441530394758,0.1785343104279959,0.15400000000000003,1.0,4,0,1.0,1.0,0,5470.0,10529.0,0,4,0.11524999999999999,0.02286235989568881,0.086,0.15,0.11524999999999999,0.02286235989568881,0.11749574460379406,0.11524999999999999,1.0,4,0,1.0,1.0,0,9328.0,13441.0,0,4,-0.18025000000000002,0.20289082655457835,-0.407,0.124,-0.18025000000000002,0.20289082655457835,0.2713940861551703,0.24225000000000002,1.0,4,0,1.0,1.0,0,22825.0,29651.25,0,4,50.01325,0.14456551283068853,49.82,50.207,0.013250000000001094,0.14456551283068853,0.14517145036128834,0.1297499999999996,1.0,4,0,1.0,1.0,0,30132.0,31921.75,0
68,68,power_law,3.686,1.0,12374.0,-1.314,1.314,26.280000000000005,1,1,1.908,1.0,11872.0,-0.09200000000000008,0.09200000000000008,4.600000000000004,1,1,3.133,1.0,11386.0,-1.867,1.867,37.34,1,1,1.678,1.0,12740.0,-0.32200000000000006,0.32200000000000006,16.1,1,1,0.541,1.0,13166.0,-0.05899999999999994,0.05899999999999994,9.833333333333325,1,1,0.009,1.0,11952.0,-0.0010000000000000009,0.0010000000000000009,10.000000000000009,1,1,0.291,1.0,50572.0,-0.009000000000000008,0.009000000000000008,3.0000000000000027,1,1,18.939,1.0,37036.0,0.9390000000000001,0.9390000000000001,5.216666666666667,1,1,4,0.10325000000000001,0.03141954009848012,0.069,0.138,0.10325000000000001,0.03141954009848012,0.10792474229758439,0.10325000000000001,1.0,4,0,1.0,1.0,0,2780.0,8037.25,0,4,0.09425,0.03130794627566618,0.042,0.119,0.09425,0.03130794627566618,0.0993138963086234,0.09425,1.0,4,0,1.0,1.0,0,8719.0,12068.0,0,4,-0.09225,0.29780226241585206,-0.51,0.332,-0.09225,0.29780226241585206,0.3117631312390867,0.25825,0.75,3,0,1.0,1.0,0,18635.0,30131.5,0,4,49.78725,0.10981660848887964,49.604,49.888,-0.21275000000000155,0.10981660848887964,0.23942065491515246,0.21275000000000155,1.0,4,0,1.0,1.0,0,22016.0,27282.75,0
69,69,power_law,3.955,1.0,13154.0,-1.045,1.045,20.9,1,1,1.922,1.0,13387.0,-0.07800000000000007,0.07800000000000007,3.9000000000000035,1,1,4.547,1.0,13500.0,-0.4530000000000003,0.4530000000000003,9.060000000000006,1,1,1.967,1.0,13441.0,-0.03299999999999992,0.03299999999999992,1.649999999999996,1,1,0.539,1.0,12190.0,-0.06099999999999994,0.06099999999999994,10.166666666666657,1,1,0.013,1.0,45405.0,0.002999999999999999,0.002999999999999999,29.999999999999993,1,1,0.297,1.0,56451.0,-0.0030000000000000027,0.0030000000000000027,1.0000000000000009,1,1,17.396,1.0,43031.0,-0.6039999999999992,0.6039999999999992,3.355555555555551,1,1,4,0.08399999999999999,0.043960209280666525,0.042,0.146,0.08399999999999999,0.043960209280666525,0.09480770010922109,0.08399999999999999,1.0,4,0,1.0,1.0,0,4394.0,13106.5,0,4,0.11099999999999999,0.05659063526768364,0.054,0.205,0.11099999999999999,0.05659063526768364,0.12459333850571626,0.11099999999999999,1.0,4,0,1.0,1.0,0,5758.0,13531.75,0,4,0.08025,0.16440099604321137,-0.177,0.269,0.08025,0.16440099604321137,0.18294193067746936,0.16875,1.0,4,0,1.0,1.0,0,31657.0,36829.0,0,4,49.96575,0.09863917832180014,49.825,50.103,-0.03424999999999834,0.09863917832180012,0.10441623436994733,0.0857499999999991,1.0,4,0,1.0,1.0,0,27592.0,33940.5,0
70,70,power_law,3.554,1.0,13760.0,-1.4460000000000002,1.4460000000000002,28.92,1,1,1.736,1.0,13680.0,-0.264,0.264,13.200000000000001,1,1,4.901,1.0,13870.0,-0.0990000000000002,0.0990000000000002,1.980000000000004,1,1,2.216,1.0,14181.0,0.2160000000000002,0.2160000000000002,10.80000000000001,1,1,0.518,1.0,14282.0,-0.08199999999999996,0.08199999999999996,13.66666666666666,1,1,0.014,1.0,46249.0,0.004,0.004,40.0,1,1,0.306,1.0,54299.0,0.006000000000000005,0.006000000000000005,2.0000000000000018,1,1,17.478,1.0,42567.0,-0.5219999999999985,0.5219999999999985,2.8999999999999915,1,1,4,0.07925,0.03540038841594821,0.047,0.137,0.07925,0.03540038841594821,0.08679717737346071,0.07925,1.0,4,0,1.0,1.0,0,6120.0,14331.5,0,4,0.2265,0.10495356115920984,0.106,0.393,0.2265,0.10495356115920984,0.2496347331602716,0.2265,1.0,4,0,1.0,1.0,0,2470.0,5832.25,0,4,0.14824999999999997,0.32870227790509754,-0.112,0.706,0.14824999999999997,0.32870227790509754,0.3605873680538462,0.23825,0.75,3,0,1.0,1.0,0,28028.0,33731.5,0,4,50.29025,0.3346344087209215,49.748,50.584,0.29025000000000034,0.3346344087209215,0.4429731933198678,0.41625000000000156,0.75,3,0,1.0,1.0,0,24791.0,28389.0,0
71,71,power_law,4.232,1.0,11338.0,-0.7679999999999998,0.7679999999999998,15.359999999999996,1,1,1.979,1.0,11259.0,-0.020999999999999908,0.020999999999999908,1.0499999999999954,1,1,3.471,1.0,8979.0,-1.529,1.529,30.579999999999995,1,1,1.779,1.0,9535.0,-0.22100000000000009,0.22100000000000009,11.050000000000004,1,1,0.523,1.0,11681.0,-0.07699999999999996,0.07699999999999996,12.833333333333327,1,1,0.013,1.0,46351.0,0.002999999999999999,0.002999999999999999,29.999999999999993,1,1,0.289,1.0,41395.0,-0.01100000000000001,0.01100000000000001,3.66666666666667,1,1,18.086,1.0,28391.0,0.08599999999999852,0.08599999999999852,0.4777777777777696,1,1,4,0.1675,0.19770495694342116,0.017,0.507,0.1675,0.19770495694342116,0.2591206282795718,0.1675,1.0,4,0,1.0025,1.01,0,280.0,13847.0,1,4,0.07500000000000001,0.027667670664513845,0.035,0.105,0.07500000000000001,0.027667670664513845,0.07994060294994028,0.07500000000000001,1.0,4,0,1.0,1.0,0,8618.0,16173.0,0,4,-0.006000000000000012,0.26701685340067954,-0.45,0.24,-0.006000000000000012,0.26701685340067954,0.26708425636865984,0.219,0.75,3,0,1.0,1.0,0,11473.0,19674.25,0,4,50.13825,0.23305618957667623,49.773,50.344,0.1382500000000011,0.23305618957667623,0.270976474993679,0.2517499999999995,1.0,4,0,1.0,1.0,0,21504.0,28866.0,0
72,72,power_law,4.11,1.0,11449.0,-0.8899999999999997,0.8899999999999997,17.799999999999994,1,1,1.872,1.0,12646.0,-0.1279999999999999,0.1279999999999999,6.399999999999995,1,1,4.948,1.0,11973.0,-0.0519999999999996,0.0519999999999996,1.039999999999992,1,1,2.159,1.0,12915.0,0.1589999999999998,0.1589999999999998,7.94999999999999,1,1,0.505,1.0,11900.0,-0.09499999999999997,0.09499999999999997,15.83333333333333,1,1,0.008,1.0,23566.0,-0.002,0.002,20.0,1,1,0.305,1.0,32326.0,0.0050000000000000044,0.0050000000000000044,1.6666666666666683,1,1,18.581,1.0,34077.0,0.5809999999999995,0.5809999999999995,3.227777777777775,1,1,4,0.08725,0.03325939716831921,0.037,0.127,0.08725,0.03325939716831921,0.09337424698491549,0.08725,1.0,4,0,1.0,1.0,0,7338.0,12299.75,0,4,0.15925,0.04929693195321591,0.123,0.243,0.15925,0.04929693195321591,0.16670557879087308,0.15925,1.0,4,0,1.0,1.0,0,3556.0,8085.0,0,4,0.07975000000000002,0.18366732834121588,-0.181,0.337,0.07975000000000002,0.18366732834121588,0.2002342378315956,0.17025,1.0,4,0,1.0,1.0,0,13712.0,26074.0,0,4,50.061,0.13806701271484043,49.915,50.268,0.06099999999999994,0.13806701271484043,0.15094204185713103,0.12399999999999878,1.0,4,0,1.0,1.0,0,14150.0,22359.5,0
73,73,power_law,5.236,1.0,14936.0,0.23599999999999977,0.23599999999999977,4.719999999999995,1,1,2.131,1.0,14726.0,0.13099999999999978,0.13099999999999978,6.549999999999989,1,1,4.546,1.0,12945.0,-0.45399999999999974,0.45399999999999974,9.079999999999995,1,1,2.103,1.0,13113.0,0.1030000000000002,0.1030000000000002,5.15000000000001,1,1,0.52,1.0,14301.0,-0.07999999999999996,0.07999999999999996,13.333333333333327,1,1,0.014,1.0,49602.0,0.004,0.004,40.0,1,1,0.292,1.0,55260.0,-0.008000000000000007,0.008000000000000007,2.666666666666669,1,1,18.038,1.0,38830.0,0.038000000000000256,0.038000000000000256,0.21111111111111253,1,1,4,0.09975,0.04146308599224134,0.033,0.14,0.09975,0.04146308599224134,0.10802430282117076,0.09975,1.0,4,0,1.0,1.0,0,10826.0,15923.0,0,4,0.10825000000000001,0.039245222639195214,0.062,0.162,0.10825000000000001,0.039245222639195214,0.11514447446577712,0.10825000000000001,1.0,4,0,1.0,1.0,0,7780.0,11236.75,0,4,-0.1465,0.14326636032230314,-0.294,0.072,-0.1465,0.14326636032230314,0.20490851617246167,0.18249999999999997,1.0,4,0,1.0,1.0,0,28822.0,33109.75,0,4,50.08225,0.15354864864270112,49.844,50.272,0.08225000000000016,0.15354864864270112,0.1741902695330589,0.16024999999999956,1.0,4,0,1.0,1.0,0,26341.0,32341.25,0
74,74,power_law,4.651,1.0,11988.0,-0.3490000000000002,0.3490000000000002,6.980000000000004,1,1,2.033,1.0,12047.0,0.03299999999999992,0.03299999999999992,1.649999999999996,1,1,4.691,1.0,11406.0,-0.30900000000000016,0.30900000000000016,6.180000000000003,1,1,2.019,1.0,11942.0,0.019000000000000128,0.019000000000000128,0.9500000000000064,1,1,0.51,1.0,7056.0,-0.08999999999999997,0.08999999999999997,14.999999999999996,1,1,0.01,1.0,38141.0,0.0,0.0,0.0,1,1,0.307,1.0,33118.0,0.007000000000000006,0.007000000000000006,2.3333333333333357,1,1,17.789,1.0,21932.0,-0.21099999999999852,0.21099999999999852,1.172222222222214,1,1,4,0.08,0.030058276730378277,0.054,0.131,0.08,0.030058276730378277,0.0854605171994647,0.08,1.0,4,0,1.0,1.0,0,4851.0,12791.25,0,4,0.12174999999999998,0.06614520012820281,0.039,0.222,0.12174999999999998,0.06614520012820281,0.13855774969304316,0.12174999999999998,1.0,4,0,1.0,1.0,0,3690.0,12147.75,0,4,-0.08725,0.2592415620613331,-0.401,0.32,-0.08725,0.2592415620613331,0.27353016287056897,0.24725,1.0,4,0,1.0,1.0,0,19143.0,22371.25,0,4,50.08475,0.1511859368459921,49.849,50.23,0.08474999999999966,0.1511859368459921,0.17331979113765472,0.16025000000000134,1.0,4,0,1.0,1.0,0,17968.0,22649.0,0
75,75,power_law,3.025,1.0,13905.0,-1.975,1.975,39.5,0,1,1.584,1.0,13791.0,-0.4159999999999999,0.4159999999999999,20.799999999999997,1,1,5.639,1.0,12351.0,0.6390000000000002,0.6390000000000002,12.780000000000005,1,1,2.362,1.0,12443.0,0.3620000000000001,0.3620000000000001,18.100000000000005,1,1,0.529,1.0,9970.0,-0.07099999999999995,0.07099999999999995,11.833333333333327,1,1,0.009,1.0,30931.0,-0.0010000000000000009,0.0010000000000000009,10.000000000000009,1,1,0.287,1.0,37064.0,-0.013000000000000012,0.013000000000000012,4.3333333333333375,1,1,17.25,1.0,28166.0,-0.75,0.75,4.166666666666666,1,1,4,0.1015,0.07733530888281238,0.024,0.194,0.1015,0.07733530888281238,0.12760485884166012,0.1015,1.0,4,0,1.0,1.0,0,2399.0,13463.5,0,4,0.1055,0.02269911892563233,0.078,0.141,0.1055,0.02269911892563233,0.10791431786375706,0.1055,1.0,4,0,1.0,1.0,0,7879.0,13157.5,0,4,-0.04075,0.18368910555609988,-0.324,0.188,-0.04075,0.18368910555609988,0.18815485643479946,0.13875,1.0,4,0,1.0,1.0,0,20258.0,29338.25,0,4,50.02525,0.27048786941376823,49.67,50.43,0.025249999999999773,0.27048786941376823,0.27166385479117333,0.2032500000000006,1.0,4,0,1.0,1.0,0,21238.0,24114.25,0
76,76,power_law,4.566,1.0,11660.0,-0.43400000000000016,0.43400000000000016,8.680000000000003,1,1,2.001,1.0,11330.0,0.0009999999999998899,0.0009999999999998899,0.04999999999999449,1,1,3.893,1.0,10552.0,-1.1070000000000002,1.1070000000000002,22.140000000000004,1,1,1.864,1.0,11124.0,-0.1359999999999999,0.1359999999999999,6.799999999999995,1,1,0.496,1.0,11490.0,-0.10399999999999998,0.10399999999999998,17.333333333333332,1,1,0.008,1.0,17314.0,-0.002,0.002,20.0,1,1,0.293,1.0,46631.0,-0.007000000000000006,0.007000000000000006,2.3333333333333357,1,1,17.914,1.0,31754.0,-0.08599999999999852,0.08599999999999852,0.4777777777777696,1,1,4,0.12025000000000001,0.013953046262375828,0.101,0.135,0.12025000000000001,0.013953046262375828,0.1210568048479721,0.12025000000000001,1.0,4,0,1.0,1.0,0,6634.0,8986.0,0,4,0.2015,0.11884548792444752,0.058,0.363,0.2015,0.11884548792444752,0.23393695731970185,0.2015,1.0,4,0,1.0,1.0,0,936.0,6720.0,0,4,-0.03675,0.2740988644631714,-0.287,0.427,-0.03675,0.2740988644631714,0.2765515322684002,0.25025,1.0,4,0,1.0,1.0,0,30180.0,34406.5,0,4,50.07600000000001,0.19999124980858504,49.761,50.295,0.07600000000000229,0.19999124980858504,0.21394508641237875,0.1955000000000009,1.0,4,0,1.0,1.0,0,18505.0,21561.0,0
77,77,power_law,4.467,1.0,12192.0,-0.5330000000000004,0.5330000000000004,10.660000000000007,1,1,1.981,1.0,12501.0,-0.018999999999999906,0.018999999999999906,0.9499999999999953,1,1,4.562,1.0,12463.0,-0.4379999999999997,0.4379999999999997,8.759999999999994,1,1,2.048,1.0,12507.0,0.04800000000000004,0.04800000000000004,2.400000000000002,1,1,0.512,1.0,11691.0,-0.08799999999999997,0.08799999999999997,14.66666666666666,1,1,0.008,1.0,43168.0,-0.002,0.002,20.0,1,1,0.297,1.0,50615.0,-0.0030000000000000027,0.0030000000000000027,1.0000000000000009,1,1,18.256,1.0,40906.0,0.2560000000000002,0.2560000000000002,1.4222222222222236,1,1,4,0.12524999999999997,0.0487769156466458,0.064,0.177,0.12524999999999997,0.0487769156466458,0.1344126110154847,0.12524999999999997,1.0,4,0,1.0,1.0,0,5238.0,8599.0,0,4,0.13675,0.08667864500556062,0.035,0.254,0.13675,0.08667864500556062,0.16190660888302244,0.13675,1.0,4,0,1.0,1.0,0,2585.0,12211.25,0,4,-0.09400000000000001,0.23869960201056054,-0.33,0.297,-0.09400000000000001,0.23869960201056054,0.2565414196577231,0.2425,1.0,4,0,1.0,1.0,0,30434.0,33467.75,0,4,50.227000000000004,0.2563649742066964,49.902,50.606,0.2270000000000003,0.2563649742066964,0.342420793761127,0.2759999999999998,0.75,3,0,1.0,1.0,0,20555.0,26096.5,0
78,78,power_law,3.32,1.0,13042.0,-1.6800000000000002,1.6800000000000002,33.6,1,1,1.774,1.0,13834.0,-0.22599999999999998,0.22599999999999998,11.299999999999999,1,1,4.807,1.0,13757.0,-0.19299999999999962,0.19299999999999962,3.8599999999999928,1,1,2.075,1.0,14249.0,0.07500000000000018,0.07500000000000018,3.750000000000009,1,1,0.539,1.0,14472.0,-0.06099999999999994,0.06099999999999994,10.166666666666657,1,1,0.012,1.0,42027.0,0.002,0.002,20.0,1,1,0.304,1.0,40635.0,0.0040000000000000036,0.0040000000000000036,1.3333333333333346,1,1,18.482,1.0,38219.0,0.4819999999999993,0.4819999999999993,2.677777777777774,1,1,4,0.11,0.026897955312625534,0.071,0.136,0.11,0.026897955312625534,0.11324089367361952,0.11,1.0,4,0,1.0,1.0,0,5663.0,7485.75,0,4,0.15675,0.03597481758119143,0.121,0.208,0.15675,0.03597481758119143,0.16082521568460587,0.15675,1.0,4,0,1.0,1.0,0,4954.0,8168.0,0,4,0.08024999999999999,0.17635954042806984,-0.165,0.329,0.08024999999999999,0.17635954042806984,0.19375951589534898,0.16275,1.0,4,0,1.0,1.0,0,26375.0,31429.0,0,4,49.946,0.14369585936971185,49.78,50.1,-0.05400000000000027,0.14369585936971185,0.153507328815272,0.14250000000000007,1.0,4,0,1.0,1.0,0,19010.0,25473.75,0
79,79,power_law,2.62,1.0,14163.0,-2.38,2.38,47.599999999999994,0,1,1.475,1.0,13637.0,-0.5249999999999999,0.5249999999999999,26.249999999999996,0,1,5.853,1.0,11560.0,0.8529999999999998,0.8529999999999998,17.059999999999995,1,1,2.571,1.0,12381.0,0.5710000000000002,0.5710000000000002,28.550000000000008,1,1,0.507,1.0,13263.0,-0.09299999999999997,0.09299999999999997,15.499999999999996,1,1,0.012,1.0,49238.0,0.002,0.002,20.0,1,1,0.306,1.0,54439.0,0.006000000000000005,0.006000000000000005,2.0000000000000018,1,1,18.513,1.0,41365.0,0.5130000000000017,0.5130000000000017,2.8500000000000094,1,1,4,0.06325000000000001,0.050558752951393095,0.013,0.137,0.06325000000000001,0.050558752951393095,0.08097376118224965,0.06325000000000001,1.0,4,0,1.0,1.0,0,6011.0,19804.5,0,4,0.20525,0.11533294195501996,0.106,0.399,0.20525,0.11533294195501996,0.23543417339035555,0.20525,1.0,4,0,1.0,1.0,0,2040.0,6162.0,0,4,-0.09575,0.07470399922360249,-0.203,-0.003,-0.09575,0.07470399922360249,0.12144443173731763,0.09575,1.0,4,0,1.0,1.0,0,27557.0,35555.25,0,4,49.973749999999995,0.17129123591124182,49.742,50.185,-0.02624999999999922,0.17129123591124182,0.17329094032868728,0.1592500000000019,1.0,4,0,1.0,1.0,0,16426.0,29194.75,0
80,80,power_law,4.835,1.0,11967.0,-0.16500000000000004,0.16500000000000004,3.3000000000000007,1,1,2.044,1.0,11746.0,0.04400000000000004,0.04400000000000004,2.200000000000002,1,1,3.738,1.0,7436.0,-1.262,1.262,25.240000000000002,1,1,1.967,1.0,8483.0,-0.03299999999999992,0.03299999999999992,1.649999999999996,1,1,0.498,1.0,5116.0,-0.10199999999999998,0.10199999999999998,17.0,1,1,0.012,1.0,34134.0,0.002,0.002,20.0,1,1,0.316,1.0,32604.0,0.016000000000000014,0.016000000000000014,5.333333333333338,1,1,19.609,1.0,33009.0,1.6090000000000018,1.6090000000000018,8.938888888888899,1,1,4,0.12225,0.06539256456203565,0.058,0.23,0.12225,0.06539256456203565,0.13864072273325756,0.12225,1.0,4,0,1.0,1.0,0,3316.0,9862.75,0,4,0.11274999999999999,0.05946585154523561,0.055,0.212,0.11274999999999999,0.05946585154523561,0.12747058484215093,0.11274999999999999,1.0,4,0,1.0,1.0,0,1455.0,6903.75,0,4,-0.207,0.06861122357165772,-0.263,-0.094,-0.207,0.06861122357165772,0.21807452854471565,0.207,1.0,4,0,1.0,1.0,0,6696.0,15762.75,0,4,49.9635,0.09510389056184972,49.803,50.051,-0.0365000000000002,0.09510389056184972,0.10186756107809937,0.06550000000000011,1.0,4,0,1.0,1.0,0,5589.0,24506.25,0
81,81,power_law,5.671,1.0,13552.0,0.6710000000000003,0.6710000000000003,13.420000000000003,1,1,2.142,1.0,13113.0,0.1419999999999999,0.1419999999999999,7.099999999999995,1,1,4.713,1.0,12763.0,-0.2869999999999999,0.2869999999999999,5.739999999999998,1,1,1.915,1.0,12611.0,-0.08499999999999996,0.08499999999999996,4.249999999999998,1,1,0.529,1.0,11350.0,-0.07099999999999995,0.07099999999999995,11.833333333333327,1,1,0.008,1.0,39344.0,-0.002,0.002,20.0,1,1,0.309,1.0,43023.0,0.009000000000000008,0.009000000000000008,3.0000000000000027,1,1,16.574,1.0,35384.0,-1.4259999999999984,1.4259999999999984,7.922222222222214,0,1,4,0.11,0.06025363059600641,0.045,0.19,0.11,0.06025363059600641,0.1254212900587456,0.11,1.0,4,0,1.0,1.0,0,8851.0,16015.75,0,4,0.08600000000000001,0.02324865587512534,0.05,0.114,0.08600000000000001,0.02324865587512534,0.08908703609392335,0.08600000000000001,1.0,4,0,1.0,1.0,0,16602.0,19916.5,0,4,0.03375,0.09277762391870142,-0.124,0.115,0.03375,0.09277762391870142,0.09872562990429587,0.09575,1.0,4,0,1.0,1.0,0,30312.0,31763.0,0,4,50.10125,0.03978928875966409,50.063,50.168,0.10125000000000028,0.03978928875966409,0.10878763716525876,0.10125000000000028,1.0,4,0,1.0,1.0,0,29663.0,32096.25,0
82,82,power_law,4.122,1.0,11779.0,-0.8780000000000001,0.8780000000000001,17.560000000000002,1,1,1.989,1.0,12202.0,-0.010999999999999899,0.010999999999999899,0.5499999999999949,1,1,4.181,1.0,13960.0,-0.819,0.819,16.38,1,1,1.856,1.0,13442.0,-0.1439999999999999,0.1439999999999999,7.199999999999996,1,1,0.547,1.0,13811.0,-0.052999999999999936,0.052999999999999936,8.833333333333323,1,1,0.013,1.0,41150.0,0.002999999999999999,0.002999999999999999,29.999999999999993,1,1,0.286,1.0,44519.0,-0.014000000000000012,0.014000000000000012,4.666666666666671,1,1,17.909,1.0,36866.0,-0.09100000000000108,0.09100000000000108,0.5055555555555615,1,1,4,0.11674999999999999,0.07308000752599851,0.053,0.24,0.11674999999999999,0.07308000752599851,0.1377361608293189,0.11674999999999999,1.0,4,0,1.0025,1.01,0,1346.0,8870.75,0,4,0.11024999999999999,0.012813567028739502,0.091,0.126,0.11024999999999999,0.012813567028739502,0.11099211683718804,0.11024999999999999,1.0,4,0,1.0,1.0,0,8999.0,11764.25,0,4,0.276,0.16405334498266105,0.052,0.498,0.276,0.16405334498266105,0.3210755362839094,0.276,0.75,3,0,1.0,1.0,0,28079.0,34881.5,0,4,50.174,0.2163319208993458,49.839,50.392,0.17400000000000126,0.2163319208993458,0.27762474673559134,0.25450000000000195,1.0,4,0,1.0,1.0,0,17702.0,26579.5,0
83,83,power_law,3.766,1.0,14004.0,-1.234,1.234,24.68,1,1,1.945,1.0,14014.0,-0.05499999999999994,0.05499999999999994,2.749999999999997,1,1,2.952,1.0,13068.0,-2.048,2.048,40.96,0,1,1.58,1.0,13482.0,-0.41999999999999993,0.41999999999999993,20.999999999999996,1,1,0.511,1.0,10945.0,-0.08899999999999997,0.08899999999999997,14.833333333333329,1,1,0.011,1.0,18880.0,0.0009999999999999992,0.0009999999999999992,9.999999999999991,1,1,0.31,1.0,35158.0,0.010000000000000009,0.010000000000000009,3.3333333333333366,1,1,18.736,1.0,23473.0,0.7360000000000007,0.7360000000000007,4.088888888888893,1,1,4,0.06175,0.025858992633124744,0.033,0.089,0.06175,0.025858992633124744,0.06694587365924803,0.06175,1.0,4,0,1.0,1.0,0,3943.0,7766.25,0,4,0.07925,0.05507892065028145,0.02,0.168,0.07925,0.05507892065028145,0.09651036213795905,0.07925,1.0,4,0,1.0,1.0,0,4295.0,14905.5,0,4,-0.133,0.11955542647659285,-0.249,0.048,-0.133,0.11955542647659285,0.17883651752368698,0.157,1.0,4,0,1.0,1.0,0,7531.0,24445.5,0,4,50.098749999999995,0.21566104771144726,49.746,50.297,0.098749999999999,0.21566104771144726,0.23719454040934193,0.2257499999999979,1.0,4,0,1.0,1.0,0,17546.0,24042.25,0
84,84,power_law,3.398,1.0,13616.0,-1.6019999999999999,1.6019999999999999,32.04,1,1,1.712,1.0,13755.0,-0.28800000000000003,0.28800000000000003,14.400000000000002,1,1,5.883,1.0,14231.0,0.883,0.883,17.66,1,1,2.348,1.0,14355.0,0.34799999999999986,0.34799999999999986,17.39999999999999,1,1,0.512,1.0,12657.0,-0.08799999999999997,0.08799999999999997,14.66666666666666,1,1,0.007,1.0,35097.0,-0.003,0.003,30.0,1,1,0.291,1.0,53475.0,-0.009000000000000008,0.009000000000000008,3.0000000000000027,1,1,17.382,1.0,42200.0,-0.6179999999999986,0.6179999999999986,3.433333333333325,1,1,4,0.07175,0.061140718837776185,0.02,0.174,0.07175,0.061140718837776185,0.09426690829766297,0.07175,1.0,4,0,1.0,1.0,0,2389.0,16920.5,0,4,0.17775000000000002,0.07525415270933558,0.052,0.248,0.17775000000000002,0.07525415270933558,0.19302396224303345,0.17775000000000002,1.0,4,0,1.0,1.0,0,4160.0,9550.75,0,4,0.076,0.06454068484297328,-0.013,0.155,0.076,0.06454068484297328,0.0997070709628961,0.0825,1.0,4,0,1.0,1.0,0,35530.0,36682.0,0,4,49.85275,0.12065731432449515,49.729,50.043,-0.14725000000000144,0.12065731432449514,0.1903700344066798,0.16875000000000107,1.0,4,0,1.0,1.0,0,29633.0,33933.25,0
85,85,power_law,3.898,1.0,9365.0,-1.1019999999999999,1.1019999999999999,22.04,1,1,1.986,1.0,10914.0,-0.014000000000000012,0.014000000000000012,0.7000000000000006,1,1,3.375,1.0,10124.0,-1.625,1.625,32.5,1,1,1.684,1.0,11212.0,-0.31600000000000006,0.31600000000000006,15.800000000000002,1,1,0.547,1.0,10688.0,-0.052999999999999936,0.052999999999999936,8.833333333333323,1,1,0.01,1.0,18797.0,0.0,0.0,0.0,1,1,0.314,1.0,29596.0,0.014000000000000012,0.014000000000000012,4.666666666666671,1,1,18.197,1.0,8845.0,0.19699999999999918,0.19699999999999918,1.09444444444444,1,1,4,0.0635,0.019006577808748214,0.034,0.083,0.0635,0.019006577808748214,0.06628348210527266,0.0635,1.0,4,0,1.0,1.0,0,2142.0,7878.0,0,4,0.0815,0.023837994882120437,0.044,0.107,0.0815,0.023837994882120437,0.08491466304472979,0.0815,1.0,4,0,1.0,1.0,0,7717.0,11916.0,0,4,0.06000000000000001,0.28627871035059527,-0.188,0.546,0.06000000000000001,0.28627871035059527,0.29249871794590826,0.21300000000000002,0.75,3,0,1.0,1.0,0,6669.0,9430.25,0,4,49.940000000000005,0.09717252698165206,49.823,50.049,-0.0600000000000005,0.09717252698165206,0.11420376526192103,0.09549999999999947,1.0,4,0,1.0,1.0,0,6827.0,12146.25,0
86,86,power_law,4.993,1.0,9128.0,-0.006999999999999673,0.006999999999999673,0.13999999999999346,1,1,2.06,1.0,9544.0,0.06000000000000005,0.06000000000000005,3.0000000000000027,1,1,4.057,1.0,7725.0,-0.9429999999999996,0.9429999999999996,18.859999999999992,1,1,1.945,1.0,10027.0,-0.05499999999999994,0.05499999999999994,2.749999999999997,1,1,0.499,1.0,13325.0,-0.10099999999999998,0.10099999999999998,16.833333333333332,1,1,0.01,1.0,34476.0,0.0,0.0,0.0,1,1,0.311,1.0,7420.0,0.01100000000000001,0.01100000000000001,3.66666666666667,1,1,18.274,1.0,36407.0,0.2740000000000009,0.2740000000000009,1.5222222222222273,1,1,4,0.21249999999999997,0.12007185348781786,0.102,0.415,0.21249999999999997,0.12007185348781786,0.24407683216561132,0.21249999999999997,1.0,4,0,1.0,1.0,0,3332.0,6744.75,0,4,0.21275,0.11165208238093906,0.105,0.4,0.21275,0.11165208238093906,0.24026807944460707,0.21275,1.0,4,0,1.0025,1.01,0,1558.0,4767.5,0,4,-0.14250000000000002,0.19136940716843953,-0.385,0.123,-0.14250000000000002,0.19136940716843953,0.23859694046655333,0.20400000000000001,1.0,4,0,1.0,1.0,0,3651.0,15272.0,0,4,50.05925,0.1967058400251504,49.847,50.378,0.05924999999999869,0.1967058400251504,0.2054355129961709,0.15024999999999977,1.0,4,0,1.0,1.0,0,4636.0,20261.5,0
87,87,power_law,5.564,1.0,14708.0,0.5640000000000001,0.5640000000000001,11.280000000000001,1,1,2.149,1.0,15002.0,0.14900000000000002,0.14900000000000002,7.450000000000001,1,1,6.474,1.0,13927.0,1.4740000000000002,1.4740000000000002,29.480000000000008,1,1,2.471,1.0,14643.0,0.4710000000000001,0.4710000000000001,23.550000000000004,1,1,0.492,1.0,12824.0,-0.10799999999999998,0.10799999999999998,18.0,1,1,0.005,1.0,38637.0,-0.005,0.005,50.0,0,1,0.314,1.0,42833.0,0.014000000000000012,0.014000000000000012,4.666666666666671,1,1,18.664,1.0,35212.0,0.6640000000000015,0.6640000000000015,3.688888888888897,1,1,4,0.126,0.015700318468107582,0.105,0.148,0.126,0.015700318468107582,0.12697440687004605,0.126,1.0,4,0,1.0,1.0,0,10317.0,11233.25,0,4,0.191,0.09969453345093701,0.094,0.358,0.191,0.09969453345093701,0.2154530111184339,0.191,1.0,4,0,1.0,1.0,0,3915.0,8904.25,0,4,-0.128,0.14711220207719003,-0.36,0.0,-0.128,0.14711220207719003,0.19500256408570632,0.128,1.0,4,0,1.0,1.0,0,23755.0,30622.25,0,4,50.19274999999999,0.13405479290200698,49.992,50.333,0.19274999999999842,0.13405479290200698,0.234783410827936,0.19674999999999976,1.0,4,0,1.0,1.0,0,30278.0,30765.25,0
88,88,power_law,5.26,1.0,13582.0,0.2599999999999998,0.2599999999999998,5.199999999999996,1,1,2.125,1.0,13976.0,0.125,0.125,6.25,1,1,5.423,1.0,12917.0,0.42300000000000004,0.42300000000000004,8.46,1,1,2.2,1.0,13123.0,0.20000000000000018,0.20000000000000018,10.000000000000009,1,1,0.52,1.0,11967.0,-0.07999999999999996,0.07999999999999996,13.333333333333327,1,1,0.01,1.0,42638.0,0.0,0.0,0.0,1,1,0.309,1.0,46169.0,0.009000000000000008,0.009000000000000008,3.0000000000000027,1,1,18.754,1.0,35154.0,0.7540000000000013,0.7540000000000013,4.188888888888896,1,1,4,0.12775,0.06041264354421184,0.065,0.227,0.12775,0.06041264354421184,0.14131436586561183,0.12775,1.0,4,0,1.0,1.0,0,3165.0,9862.25,0,4,0.20049999999999998,0.09916274502049648,0.086,0.353,0.20049999999999998,0.09916274502049648,0.2236816934842903,0.20049999999999998,1.0,4,0,1.0,1.0,0,3116.0,8467.5,0,4,-0.374,0.3178372224897518,-0.881,-0.05,-0.374,0.3178372224897518,0.4908120821658733,0.374,0.75,3,0,1.0,1.0,0,22443.0,25895.75,0,4,50.20375,0.40675445602967725,49.74,50.858,0.20374999999999943,0.40675445602967725,0.4549321377963953,0.33374999999999844,0.75,3,0,1.0,1.0,0,24548.0,29055.5,0
89,89,power_law,4.679,1.0,13366.0,-0.32099999999999973,0.32099999999999973,6.4199999999999955,1,1,1.926,1.0,13739.0,-0.07400000000000007,0.07400000000000007,3.7000000000000033,1,1,6.916,1.0,14050.0,1.9160000000000004,1.9160000000000004,38.32000000000001,1,1,2.62,1.0,14315.0,0.6200000000000001,0.6200000000000001,31.000000000000007,1,1,0.508,1.0,13727.0,-0.09199999999999997,0.09199999999999997,15.333333333333329,1,1,0.015,1.0,7388.0,0.004999999999999999,0.004999999999999999,49.999999999999986,1,1,0.314,1.0,6543.0,0.014000000000000012,0.014000000000000012,4.666666666666671,1,1,17.529,1.0,33271.0,-0.4710000000000001,0.4710000000000001,2.616666666666667,1,1,4,0.14350000000000002,0.055445919597387865,0.066,0.205,0.14350000000000002,0.055445919597387865,0.1538392017659998,0.14350000000000002,1.0,4,0,1.0,1.0,0,2989.0,8294.0,0,4,0.33175,0.11516591292565696,0.178,0.501,0.33175,0.11516591292565696,0.35117125451836173,0.33175,1.0,4,0,1.0,1.0,0,2482.0,4564.0,0,4,-0.343,0.1922121224064705,-0.661,-0.162,-0.343,0.1922121224064705,0.3931850709271653,0.343,1.0,4,0,1.0,1.0,0,24130.0,28623.0,0,4,50.1745,0.2835185179137347,49.877,50.593,0.17450000000000188,0.2835185179137347,0.332915905297421,0.2585000000000015,1.0,4,0,1.0,1.0,0,15677.0,22667.75,0
90,90,power_law,4.804,1.0,13050.0,-0.19599999999999973,0.19599999999999973,3.919999999999994,1,1,2.086,1.0,13048.0,0.08599999999999985,0.08599999999999985,4.299999999999993,1,1,3.464,1.0,12938.0,-1.536,1.536,30.720000000000002,1,1,1.693,1.0,13162.0,-0.30699999999999994,0.30699999999999994,15.349999999999998,1,1,0.504,1.0,14316.0,-0.09599999999999997,0.09599999999999997,15.999999999999998,1,1,0.01,1.0,52375.0,0.0,0.0,0.0,1,1,0.314,1.0,44311.0,0.014000000000000012,0.014000000000000012,4.666666666666671,1,1,17.927,1.0,41423.0,-0.0730000000000004,0.0730000000000004,0.4055555555555578,1,1,4,0.10875,0.03236027657483786,0.058,0.147,0.10875,0.03236027657483786,0.11346254888728703,0.10875,1.0,4,0,1.0,1.0,0,7010.0,10010.5,0,4,0.096,0.03315870926317851,0.053,0.14,0.096,0.03315870926317851,0.10156524996277023,0.096,1.0,4,0,1.0,1.0,0,8486.0,11699.75,0,4,0.028,0.12410680883819389,-0.113,0.176,0.028,0.12410680883819389,0.12722617655184015,0.122,1.0,4,0,1.0,1.0,0,28649.0,30690.0,0,4,49.96275,0.17799912218884723,49.656,50.082,-0.03725000000000023,0.17799912218884723,0.18185502467625192,0.13475000000000037,1.0,4,0,1.0,1.0,0,26261.0,30675.0,0
91,91,power_law,3.502,1.0,13541.0,-1.4980000000000002,1.4980000000000002,29.960000000000004,1,1,1.683,1.0,13382.0,-0.31699999999999995,0.31699999999999995,15.849999999999998,1,1,4.348,1.0,13020.0,-0.6520000000000001,0.6520000000000001,13.040000000000001,1,1,2.047,1.0,12976.0,0.04700000000000015,0.04700000000000015,2.3500000000000076,1,1,0.519,1.0,13412.0,-0.08099999999999996,0.08099999999999996,13.499999999999995,1,1,0.012,1.0,44685.0,0.002,0.002,20.0,1,1,0.306,1.0,46952.0,0.006000000000000005,0.006000000000000005,2.0000000000000018,1,1,17.351,1.0,43293.0,-0.6490000000000009,0.6490000000000009,3.6055555555555605,1,1,4,0.081,0.032039038687201586,0.043,0.126,0.081,0.032039038687201586,0.08710625695092174,0.081,1.0,4,0,1.0,1.0,0,6996.0,14586.5,0,4,0.09825,0.03166524119598649,0.078,0.153,0.09825,0.03166524119598649,0.10322669228450557,0.09825,1.0,4,0,1.0,1.0,0,9440.0,13816.5,0,4,-0.118,0.1570652730555039,-0.388,0.002,-0.118,0.1570652730555039,0.196452284282978,0.119,1.0,4,0,1.0,1.0,0,26638.0,32377.25,0,4,50.153499999999994,0.22447327235107425,49.881,50.504,0.1534999999999993,0.22447327235107425,0.271938412145102,0.2129999999999992,1.0,4,0,1.0,1.0,0,30192.0,34390.25,0
92,92,power_law,3.312,1.0,10775.0,-1.6880000000000002,1.6880000000000002,33.76,1,1,1.692,1.0,11566.0,-0.30800000000000005,0.30800000000000005,15.400000000000002,1,1,3.559,1.0,12210.0,-1.4409999999999998,1.4409999999999998,28.819999999999997,1,1,1.935,1.0,11961.0,-0.06499999999999995,0.06499999999999995,3.2499999999999973,1,1,0.496,1.0,13414.0,-0.10399999999999998,0.10399999999999998,17.333333333333332,1,1,0.014,1.0,46120.0,0.004,0.004,40.0,1,1,0.319,1.0,47971.0,0.019000000000000017,0.019000000000000017,6.333333333333339,1,1,17.521,1.0,41214.0,-0.4789999999999992,0.4789999999999992,2.661111111111107,1,1,4,0.093,0.03648972458103787,0.05,0.142,0.093,0.03648972458103787,0.09990245242235048,0.093,1.0,4,0,1.0,1.0,0,4343.0,12408.5,0,4,0.12875,0.07699472384520903,0.031,0.209,0.12875,0.07699472384520903,0.1500158324977734,0.12875,1.0,4,0,1.0,1.0,0,3256.0,9501.75,0,4,0.10350000000000001,0.1036110515340907,-0.003,0.234,0.10350000000000001,0.1036110515340907,0.1464496500507939,0.10500000000000001,1.0,4,0,1.0,1.0,0,27121.0,35868.0,0,4,49.865,0.04992995093127915,49.796,49.934,-0.1349999999999998,0.04992995093127915,0.14393748643074147,0.1349999999999998,1.0,4,0,1.0,1.0,0,30502.0,33085.0,0
93,93,power_law,4.111,1.0,12216.0,-0.8890000000000002,0.8890000000000002,17.780000000000005,1,1,1.875,1.0,12577.0,-0.125,0.125,6.25,1,1,4.494,1.0,13241.0,-0.5060000000000002,0.5060000000000002,10.120000000000005,1,1,1.969,1.0,12834.0,-0.030999999999999917,0.030999999999999917,1.5499999999999958,1,1,0.539,1.0,11486.0,-0.06099999999999994,0.06099999999999994,10.166666666666657,1,1,0.014,1.0,44567.0,0.004,0.004,40.0,1,1,0.293,1.0,40639.0,-0.007000000000000006,0.007000000000000006,2.3333333333333357,1,1,17.291,1.0,38500.0,-0.7089999999999996,0.7089999999999996,3.938888888888887,1,1,4,0.10375,0.062379383613498464,0.038,0.196,0.10375,0.062379383613498464,0.12105886997655314,0.10375,1.0,4,0,1.0,1.0,0,4436.0,12860.5,0,4,0.08675,0.01981634426426832,0.058,0.108,0.08675,0.01981634426426832,0.08898454922063717,0.08675,1.0,4,0,1.0,1.0,0,12233.0,14731.75,0,4,-0.0315,0.23199838361505887,-0.406,0.229,-0.0315,0.23199838361505887,0.2341271022329538,0.1715,1.0,4,0,1.0,1.0,0,25977.0,28745.25,0,4,49.96575,0.17895163452732288,49.785,50.228,-0.034250000000000114,0.17895163452732288,0.18219975301849492,0.1647500000000015,1.0,4,0,1.0,1.0,0,24204.0,28370.0,0
94,94,power_law,2.821,1.0,13333.0,-2.179,2.179,43.58,0,1,1.615,1.0,13711.0,-0.385,0.385,19.25,1,1,5.247,1.0,12838.0,0.2469999999999999,0.2469999999999999,4.939999999999998,1,1,2.292,1.0,13467.0,0.2919999999999998,0.2919999999999998,14.59999999999999,1,1,0.528,1.0,13742.0,-0.07199999999999995,0.07199999999999995,11.999999999999993,1,1,0.011,1.0,17084.0,0.0009999999999999992,0.0009999999999999992,9.999999999999991,1,1,0.287,1.0,42732.0,-0.013000000000000012,0.013000000000000012,4.3333333333333375,1,1,18.448,1.0,45821.0,0.4480000000000004,0.4480000000000004,2.488888888888891,1,1,4,0.08199999999999999,0.04109744517606903,0.037,0.143,0.08199999999999999,0.04109744517606903,0.09172240729505522,0.08199999999999999,1.0,4,0,1.0,1.0,0,4188.0,12030.5,0,4,0.24725000000000003,0.11795417542418751,0.109,0.431,0.24725000000000003,0.11795417542418751,0.27394479370851343,0.24725000000000003,1.0,4,0,1.0,1.0,0,788.0,3749.5,0,4,-0.13874999999999998,0.188233066967523,-0.445,0.02,-0.13874999999999998,0.188233066967523,0.23384449961459433,0.15475,0.75,3,0,1.0,1.0,0,24303.0,33129.75,0,4,50.04225000000001,0.16690921933793973,49.846,50.295,0.04225000000000101,0.16690921933793973,0.17217360424873657,0.14275000000000126,1.0,4,0,1.0,1.0,0,27026.0,29151.75,0
95,95,power_law,3.006,1.0,13066.0,-1.9940000000000002,1.9940000000000002,39.88,1,1,1.545,1.0,13072.0,-0.45500000000000007,0.45500000000000007,22.750000000000004,0,1,6.212,1.0,11718.0,1.2119999999999997,1.2119999999999997,24.239999999999995,1,1,2.496,1.0,11856.0,0.496,0.496,24.8,1,1,0.512,1.0,9542.0,-0.08799999999999997,0.08799999999999997,14.66666666666666,1,1,0.01,1.0,38930.0,0.0,0.0,0.0,1,1,0.3,1.0,20382.0,0.0,0.0,0.0,1,1,17.593,1.0,46034.0,-0.40700000000000003,0.40700000000000003,2.2611111111111115,1,1,4,0.0885,0.07754192414429759,0.032,0.222,0.0885,0.07754192414429759,0.11766477807738389,0.0885,1.0,4,0,1.0,1.0,0,3369.0,15210.75,0,4,0.19,0.037027017163147234,0.139,0.231,0.19,0.037027017163147234,0.19357427515039285,0.19,1.0,4,0,1.0,1.0,0,7001.0,8511.75,0,4,0.010499999999999982,0.20986007242922605,-0.33,0.239,0.010499999999999982,0.20986007242922605,0.21012258326986177,0.1755,1.0,4,0,1.0,1.0,0,27700.0,30263.0,0,4,50.13575,0.20169330058283982,49.936,50.452,0.13574999999999982,0.20169330058283982,0.24312188301343776,0.17375000000000007,1.0,4,0,1.0,1.0,0,25049.0,30251.75,0
96,96,power_law,3.653,1.0,14073.0,-1.347,1.347,26.939999999999998,1,1,1.776,1.0,13902.0,-0.22399999999999998,0.22399999999999998,11.2,1,1,3.132,1.0,13068.0,-1.8679999999999999,1.8679999999999999,37.36,1,1,1.789,1.0,13593.0,-0.21100000000000008,0.21100000000000008,10.550000000000004,1,1,0.506,1.0,13460.0,-0.09399999999999997,0.09399999999999997,15.666666666666663,1,1,0.011,1.0,52723.0,0.0009999999999999992,0.0009999999999999992,9.999999999999991,1,1,0.295,1.0,46898.0,-0.0050000000000000044,0.0050000000000000044,1.6666666666666683,1,1,18.498,1.0,41873.0,0.4980000000000011,0.4980000000000011,2.766666666666673,1,1,4,0.07974999999999999,0.031767711595266035,0.038,0.113,0.07974999999999999,0.031767711595266035,0.08584433586440052,0.07974999999999999,1.0,4,0,1.0,1.0,0,7461.0,14147.5,0,4,0.059,0.009899494936611663,0.047,0.073,0.059,0.009899494936611663,0.05982474404458409,0.059,1.0,4,0,1.0,1.0,0,9843.0,13908.75,0,4,-0.05700000000000001,0.22026347858871204,-0.399,0.197,-0.05700000000000001,0.22026347858871204,0.2275192299565028,0.182,1.0,4,0,1.0,1.0,0,24281.0,30812.0,0,4,49.9655,0.11187604748113175,49.849,50.121,-0.03450000000000131,0.11187604748113175,0.117074762438369,0.10600000000000165,1.0,4,0,1.0,1.0,0,31978.0,36055.25,0
97,97,power_law,3.477,1.0,13181.0,-1.5230000000000001,1.5230000000000001,30.460000000000004,1,1,1.739,1.0,14075.0,-0.2609999999999999,0.2609999999999999,13.049999999999995,1,1,5.102,1.0,15135.0,0.10200000000000031,0.10200000000000031,2.0400000000000063,1,1,2.191,1.0,14921.0,0.19099999999999984,0.19099999999999984,9.549999999999992,1,1,0.514,1.0,13589.0,-0.08599999999999997,0.08599999999999997,14.333333333333329,1,1,0.011,1.0,46788.0,0.0009999999999999992,0.0009999999999999992,9.999999999999991,1,1,0.293,1.0,48951.0,-0.007000000000000006,0.007000000000000006,2.3333333333333357,1,1,16.931,1.0,42321.0,-1.068999999999999,1.068999999999999,5.938888888888884,1,1,4,0.07050000000000001,0.02737243138634199,0.024,0.093,0.07050000000000001,0.02737243138634199,0.07562737599573319,0.07050000000000001,1.0,4,0,1.0,1.0,0,11550.0,15531.75,0,4,0.1885,0.08714786285388759,0.068,0.306,0.1885,0.08714786285388759,0.20767041195124547,0.1885,1.0,4,0,1.0,1.0,0,1871.0,8649.75,0,4,-0.03225,0.28561895507826507,-0.336,0.308,-0.03225,0.28561895507826507,0.28743390544610425,0.28225,1.0,4,0,1.0,1.0,0,36711.0,39184.25,0,4,50.257999999999996,0.10349154554841818,50.117,50.408,0.2579999999999991,0.10349154554841818,0.2779829131439554,0.2579999999999991,1.0,4,0,1.0,1.0,0,25267.0,28421.75,0
98,98,power_law,3.968,1.0,6557.0,-1.032,1.032,20.64,1,1,1.793,1.0,9573.0,-0.20700000000000007,0.20700000000000007,10.350000000000003,1,1,4.574,1.0,11821.0,-0.42600000000000016,0.42600000000000016,8.520000000000003,1,1,2.096,1.0,12094.0,0.09600000000000009,0.09600000000000009,4.800000000000004,1,1,0.518,1.0,11135.0,-0.08199999999999996,0.08199999999999996,13.66666666666666,1,1,0.006,1.0,13316.0,-0.004,0.004,40.0,1,1,0.299,1.0,42233.0,-0.0010000000000000009,0.0010000000000000009,0.33333333333333365,1,1,18.56,1.0,27173.0,0.5599999999999987,0.5599999999999987,3.111111111111104,1,1,4,0.15775,0.052699027505258574,0.082,0.215,0.15775,0.052699027505258574,0.16631972222199026,0.15775,1.0,4,0,1.0,1.0,0,2939.0,8700.0,0,4,0.27475,0.24448044400319627,0.104,0.694,0.27475,0.24448044400319627,0.36777472724481763,0.27475,1.0,4,0,1.0025,1.01,0,406.0,6598.25,0,4,0.07175000000000001,0.23973983294396448,-0.206,0.453,0.07175000000000001,0.23973983294396448,0.2502463785951757,0.18075000000000002,1.0,4,0,1.0,1.0,0,5014.0,12455.25,0,4,50.15025,0.16204686822027725,49.966,50.368,0.15025000000000155,0.16204686822027725,0.22098472797910804,0.167250000000001,1.0,4,0,1.0,1.0,0,8552.0,20432.5,0
99,99,power_law,2.999,1.0,12321.0,-2.001,2.001,40.02,0,1,1.712,1.0,12259.0,-0.28800000000000003,0.28800000000000003,14.400000000000002,1,1,3.897,1.0,11315.0,-1.1030000000000002,1.1030000000000002,22.060000000000006,1,1,1.765,1.0,11604.0,-0.2350000000000001,0.2350000000000001,11.750000000000005,1,1,0.553,1.0,13848.0,-0.04699999999999993,0.04699999999999993,7.833333333333322,1,1,0.012,1.0,43582.0,0.002,0.002,20.0,1,1,0.302,1.0,47184.0,0.0020000000000000018,0.0020000000000000018,0.6666666666666673,1,1,17.086,1.0,40996.0,-0.9140000000000015,0.9140000000000015,5.0777777777777855,1,1,4,0.13025,0.08851377011516344,0.03,0.267,0.13025,0.08851377011516344,0.1574793637274421,0.13025,1.0,4,0,1.0,1.0,0,2567.0,8311.75,0,4,0.0995,0.03274522866006588,0.065,0.141,0.0995,0.03274522866006588,0.10474970167021956,0.0995,1.0,4,0,1.0,1.0,0,9032.0,14142.0,0,4,0.04925,0.1583119941760573,-0.146,0.212,0.04925,0.1583119941760573,0.16579580814966344,0.15575,1.0,4,0,1.0,1.0,0,33195.0,35899.25,0,4,50.087,0.25872475722280686,49.69,50.415,0.08699999999999974,0.25872475722280686,0.2729606198703401,0.24200000000000088,1.0,4,0,1.0,1.0,0,26839.0,31144.5,0
