,simulation,model,scale1_post_mean,scale1_rhat,scale1_ess_bulk,scale1_bias,scale1_abs_bias,scale1_relative_error,scale1_covered,scale1_converged,exponent1_post_mean,exponent1_rhat,exponent1_ess_bulk,exponent1_bias,exponent1_abs_bias,exponent1_relative_error,exponent1_covered,exponent1_converged,scale2_post_mean,scale2_rhat,scale2_ess_bulk,scale2_bias,scale2_abs_bias,scale2_relative_error,scale2_covered,scale2_converged,exponent2_post_mean,exponent2_rhat,exponent2_ess_bulk,exponent2_bias,exponent2_abs_bias,exponent2_relative_error,exponent2_covered,exponent2_converged,weight_post_mean,weight_rhat,weight_ess_bulk,weight_bias,weight_abs_bias,weight_relative_error,weight_covered,weight_converged,q_param_post_mean,q_param_rhat,q_param_ess_bulk,q_param_bias,q_param_abs_bias,q_param_relative_error,q_param_covered,q_param_converged,pi0_post_mean,pi0_rhat,pi0_ess_bulk,pi0_bias,pi0_abs_bias,pi0_relative_error,pi0_covered,pi0_converged,phi_post_mean,phi_rhat,phi_ess_bulk,phi_bias,phi_abs_bias,phi_relative_error,phi_covered,phi_converged,n_fx1,fx1_post_mean_avg,fx1_post_mean_sd,fx1_post_mean_min,fx1_post_mean_max,fx1_bias_mean,fx1_bias_sd,fx1_rmse,fx1_mae,fx1_coverage_rate,fx1_n_covered,fx1_n_rhat_nan,fx1_rhat_mean,fx1_rhat_max,fx1_n_rhat_above_1.01,fx1_ess_bulk_min,fx1_ess_bulk_mean,fx1_n_ess_below_400,n_fx2,fx2_post_mean_avg,fx2_post_mean_sd,fx2_post_mean_min,fx2_post_mean_max,fx2_bias_mean,fx2_bias_sd,fx2_rmse,fx2_mae,fx2_coverage_rate,fx2_n_covered,fx2_n_rhat_nan,fx2_rhat_mean,fx2_rhat_max,fx2_n_rhat_above_1.01,fx2_ess_bulk_min,fx2_ess_bulk_mean,fx2_n_ess_below_400,n_fy1,fy1_post_mean_avg,fy1_post_mean_sd,fy1_post_mean_min,fy1_post_mean_max,fy1_bias_mean,fy1_bias_sd,fy1_rmse,fy1_mae,fy1_coverage_rate,fy1_n_covered,fy1_n_rhat_nan,fy1_rhat_mean,fy1_rhat_max,fy1_n_rhat_above_1.01,fy1_ess_bulk_min,fy1_ess_bulk_mean,fy1_n_ess_below_400,n_fy2,fy2_post_mean_avg,fy2_post_mean_sd,fy2_post_mean_min,fy2_post_mean_max,fy2_bias_mean,fy2_bias_sd,fy2_rmse,fy2_mae,fy2_coverage_rate,fy2_n_covered,fy2_n_rhat_nan,fy2_rhat_mean,fy2_rhat_max,fy2_n_rhat_above_1.01,fy2_ess_bulk_min,fy2_ess_bulk_mean,fy2_n_ess_below_400
0,0,power_law,7.672,1.0,12859.0,2.6719999999999997,2.6719999999999997,53.44,1,1,2.262,1.0,15197.0,0.262,0.262,13.100000000000001,1,1,5.996,1.0,12349.0,0.9960000000000004,0.9960000000000004,19.92000000000001,1,1,2.325,1.0,15831.0,0.3250000000000002,0.3250000000000002,16.250000000000007,1,1,0.491,1.0,15424.0,-0.10899999999999999,0.10899999999999999,18.166666666666664,1,1,0.014,1.0,26185.0,0.004,0.004,40.0,1,1,0.42,1.0,26298.0,0.12,0.12,40.0,0,1,13.722,1.0,12559.0,-4.2780000000000005,4.2780000000000005,23.76666666666667,1,1,4,1.06425,0.7123627499385407,0.613,2.296,1.06425,0.7123627499385407,1.2806594980712085,1.06425,1.0,4,0,1.0,1.0,0,14378.0,16434.25,0,4,0.5042500000000001,0.24379948215695618,0.256,0.852,0.5042500000000001,0.24379948215695618,0.5600948580374578,0.5042500000000001,1.0,4,0,1.0,1.0,0,5641.0,11847.25,0,4,-1.27875,1.0677500585342996,-2.391,0.179,-1.27875,1.0677500585342996,1.6659206913895992,1.36825,1.0,4,0,1.0,1.0,0,13437.0,15957.75,0,4,50.10874999999999,0.2812848867251848,49.699,50.43,0.10874999999999879,0.2812848867251848,0.30157544661328084,0.25924999999999976,1.0,4,0,1.0,1.0,0,8926.0,14652.25,0
1,1,power_law,7.994,1.0,14429.0,2.9939999999999998,2.9939999999999998,59.88,1,1,2.571,1.0,16489.0,0.5710000000000002,0.5710000000000002,28.550000000000008,1,1,8.224,1.0,9668.0,3.224,3.224,64.48,1,1,2.398,1.0,4006.0,0.39800000000000013,0.39800000000000013,19.900000000000006,1,1,0.56,1.0,9612.0,-0.039999999999999925,0.039999999999999925,6.666666666666654,1,1,0.014,1.0,7095.0,0.004,0.004,40.0,1,1,0.386,1.0,15346.0,0.08600000000000002,0.08600000000000002,28.666666666666675,0,1,13.208,1.0,5034.0,-4.792,4.792,26.62222222222222,0,1,4,0.73775,0.5468493279688657,0.306,1.666,0.73775,0.5468493279688657,0.9183241530091648,0.73775,1.0,4,0,1.0,1.0,0,4294.0,14132.5,0,4,1.6095,1.0201648151156752,0.901,3.364,1.6095,1.0201648151156752,1.9055777339169346,1.6095,1.0,4,0,1.0,1.0,0,5885.0,11324.25,0,4,-0.8532500000000001,0.44501818783056496,-1.312,-0.323,-0.8532500000000001,0.44501818783056496,0.9623288159459842,0.8532500000000001,1.0,4,0,1.0,1.0,0,3417.0,14459.5,0,4,49.638749999999995,1.8172152287222336,46.836,51.653,-0.36125000000000007,1.8172152287222336,1.8527743386608095,1.5552499999999991,1.0,4,0,1.0,1.0,0,6880.0,16011.5,0
2,2,power_law,6.687,1.0,14869.0,1.6870000000000003,1.6870000000000003,33.74,1,1,2.309,1.0,16724.0,0.30900000000000016,0.30900000000000016,15.450000000000008,1,1,5.625,1.0,13096.0,0.625,0.625,12.5,1,1,2.253,1.0,15315.0,0.2530000000000001,0.2530000000000001,12.650000000000006,1,1,0.505,1.0,23322.0,-0.09499999999999997,0.09499999999999997,15.83333333333333,1,1,0.024,1.0,39637.0,0.014,0.014,140.0,1,1,0.288,1.0,41608.0,-0.01200000000000001,0.01200000000000001,4.0000000000000036,1,1,17.974,1.0,13117.0,-0.0259999999999998,0.0259999999999998,0.14444444444444332,1,1,4,0.86625,0.36940112005785797,0.436,1.448,0.86625,0.36940112005785797,0.9417251456768052,0.86625,1.0,4,0,1.0,1.0,0,13262.0,16603.75,0,4,0.56175,0.2454591361102699,0.254,0.937,0.56175,0.2454591361102699,0.6130360919228166,0.56175,1.0,4,0,1.0,1.0,0,15316.0,17654.25,0,4,0.35125,0.768432617410271,-0.178,1.679,0.35125,0.768432617410271,0.8449054680850396,0.48825,1.0,4,0,1.0,1.0,0,17347.0,21036.5,0,4,50.15525,0.28444804007058994,49.795,50.558,0.15525000000000055,0.28444804007058994,0.32405747946930663,0.2577499999999997,1.0,4,0,1.0,1.0,0,17013.0,19509.0,0
3,3,power_law,5.138,1.0,13935.0,0.1379999999999999,0.1379999999999999,2.759999999999998,1,1,2.382,1.0,17101.0,0.3820000000000001,0.3820000000000001,19.100000000000005,1,1,7.084,1.0,14172.0,2.0839999999999996,2.0839999999999996,41.67999999999999,1,1,2.525,1.0,15346.0,0.5249999999999999,0.5249999999999999,26.249999999999996,1,1,0.557,1.0,15209.0,-0.04299999999999993,0.04299999999999993,7.1666666666666545,1,1,0.006,1.0,23156.0,-0.004,0.004,40.0,1,1,0.325,1.0,35736.0,0.025000000000000022,0.025000000000000022,8.333333333333341,1,1,21.107,1.0,16087.0,3.1069999999999993,3.1069999999999993,17.26111111111111,1,1,4,0.22575,0.13975760265545484,0.078,0.429,0.22575,0.13975760265545484,0.2655094160288859,0.22575,1.0,4,0,1.0,1.0,0,11686.0,19535.75,0,4,0.5047499999999999,0.23801404895509842,0.204,0.824,0.5047499999999999,0.23801404895509842,0.5580530888723759,0.5047499999999999,1.0,4,0,1.0,1.0,0,13585.0,16498.0,0,4,0.02075000000000002,0.4477786143843853,-0.658,0.539,0.02075000000000002,0.4477786143843853,0.44825913264539297,0.38575000000000004,1.0,4,0,1.0,1.0,0,17367.0,22183.25,0,4,49.9795,0.18758797935901894,49.706,50.173,-0.020500000000000185,0.18758797935901897,0.188704795911497,0.17300000000000004,1.0,4,0,1.0,1.0,0,13989.0,20681.25,0
4,4,power_law,6.019,1.0,10251.0,1.0190000000000001,1.0190000000000001,20.380000000000003,1,1,2.206,1.0,15713.0,0.20599999999999996,0.20599999999999996,10.299999999999997,1,1,6.333,1.0,16316.0,1.3330000000000002,1.3330000000000002,26.660000000000007,1,1,2.622,1.0,17733.0,0.6219999999999999,0.6219999999999999,31.099999999999994,1,1,0.492,1.0,26152.0,-0.10799999999999998,0.10799999999999998,18.0,1,1,0.012,1.0,32124.0,0.002,0.002,20.0,1,1,0.273,1.0,41754.0,-0.02699999999999997,0.02699999999999997,8.99999999999999,1,1,18.474,1.0,10871.0,0.4740000000000002,0.4740000000000002,2.633333333333334,1,1,4,0.41225,0.22296342188798593,0.147,0.652,0.41225,0.22296342188798593,0.4686819283906731,0.41225,1.0,4,0,1.0,1.0,0,11495.0,13979.0,0,4,0.5790000000000001,0.30441829774177503,0.084,0.875,0.5790000000000001,0.30441829774177503,0.6541494477563976,0.5790000000000001,1.0,4,0,1.0,1.0,0,6352.0,16044.0,0,4,-0.14400000000000002,0.36531014220796004,-0.656,0.377,-0.14400000000000002,0.36531014220796004,0.3926671618559413,0.3325,1.0,4,0,1.0,1.0,0,18543.0,22032.5,0,4,49.989,0.5391998701780258,49.353,50.606,-0.010999999999999233,0.5391998701780258,0.5393120617972492,0.5305,1.0,4,0,1.0,1.0,0,20206.0,25172.25,0
5,5,power_law,6.497,1.0,13595.0,1.4969999999999999,1.4969999999999999,29.94,1,1,2.452,1.0,15759.0,0.45199999999999996,0.45199999999999996,22.599999999999998,1,1,6.699,1.0,15673.0,1.6989999999999998,1.6989999999999998,33.98,1,1,2.426,1.0,10187.0,0.42600000000000016,0.42600000000000016,21.300000000000008,1,1,0.54,1.0,18117.0,-0.05999999999999994,0.05999999999999994,9.999999999999991,1,1,0.006,1.0,28768.0,-0.004,0.004,40.0,1,1,0.286,1.0,5007.0,-0.014000000000000012,0.014000000000000012,4.666666666666671,1,1,15.879,1.0,4227.0,-2.1210000000000004,2.1210000000000004,11.783333333333337,1,1,4,0.575,0.39843631862569956,0.25,1.251,0.575,0.39843631862569956,0.6995545010933744,0.575,1.0,4,0,1.0,1.0,0,2869.0,12781.75,0,4,0.7462499999999999,0.4207994623333067,0.266,1.418,0.7462499999999999,0.4207994623333067,0.8567153844772485,0.7462499999999999,1.0,4,0,1.0,1.0,0,4306.0,11745.0,0,4,0.2625,0.7302124690800617,-0.78,1.276,0.2625,0.7302124690800617,0.7759616614240681,0.6525000000000001,1.0,4,0,1.0,1.0,0,5456.0,17646.0,0,4,50.17425,1.0340066186925496,48.917,51.421,0.17425000000000068,1.0340066186925496,1.0485860718128959,1.0037500000000001,1.0,4,0,1.0,1.0,0,3017.0,12484.5,0
6,6,power_law,6.67,1.0,9519.0,1.67,1.67,33.4,1,1,2.468,1.0,12475.0,0.46799999999999997,0.46799999999999997,23.4,1,1,7.23,1.0,13762.0,2.2300000000000004,2.2300000000000004,44.60000000000001,1,1,2.331,1.0,14954.0,0.33099999999999996,0.33099999999999996,16.549999999999997,1,1,0.546,1.0,24988.0,-0.05399999999999994,0.05399999999999994,8.99999999999999,1,1,0.024,1.0,30489.0,0.014,0.014,140.0,1,1,0.279,1.0,32762.0,-0.020999999999999963,0.020999999999999963,6.9999999999999885,1,1,14.37,1.0,12948.0,-3.630000000000001,3.630000000000001,20.16666666666667,1,1,4,0.4245,0.2459598544478346,0.158,0.826,0.4245,0.2459598544478346,0.490608295893985,0.4245,1.0,4,0,1.0,1.0,0,10037.0,15542.0,0,4,0.8817499999999999,0.28336758371415743,0.4,1.091,0.8817499999999999,0.28336758371415743,0.9261642672873965,0.8817499999999999,1.0,4,0,1.0,1.0,0,19111.0,22434.25,0,4,-0.18625,0.14347887475165116,-0.368,0.032,-0.18625,0.14347887475165116,0.23510689058383635,0.20225,1.0,4,0,1.0,1.0,0,11161.0,15727.0,0,4,50.950250000000004,0.6989607911034791,49.762,51.56,0.9502500000000023,0.6989607911034791,1.179627589538328,1.069250000000002,1.0,4,0,1.0,1.0,0,19907.0,22333.0,0
7,7,power_law,6.134,1.0,12079.0,1.1340000000000003,1.1340000000000003,22.680000000000007,1,1,2.274,1.0,14905.0,0.274,0.274,13.700000000000001,1,1,6.278,1.0,13069.0,1.2779999999999996,1.2779999999999996,25.559999999999995,1,1,2.463,1.0,15088.0,0.4630000000000001,0.4630000000000001,23.150000000000006,1,1,0.517,1.0,22882.0,-0.08299999999999996,0.08299999999999996,13.833333333333329,1,1,0.018,1.0,31246.0,0.007999999999999998,0.007999999999999998,79.99999999999999,1,1,0.304,1.0,36625.0,0.0040000000000000036,0.0040000000000000036,1.3333333333333346,1,1,16.52,1.0,14947.0,-1.4800000000000004,1.4800000000000004,8.222222222222225,1,1,4,0.42425,0.16580165107742442,0.162,0.598,0.42425,0.16580165107742442,0.4554978046050277,0.42425,1.0,4,0,1.0,1.0,0,13190.0,18301.75,0,4,1.02,0.9953956499804487,0.248,2.689,1.02,0.9953956499804487,1.425206125442913,1.02,1.0,4,0,1.0,1.0,0,17618.0,19271.25,0,4,-0.05449999999999999,0.3028072819467854,-0.498,0.302,-0.05449999999999999,0.3028072819467854,0.30767271572240523,0.27,1.0,4,0,1.0,1.0,0,16746.0,19718.5,0,4,50.483000000000004,0.36185839771932843,49.994,50.983,0.48299999999999876,0.36185839771932843,0.6035151199431531,0.4859999999999989,1.0,4,0,1.0,1.0,0,18381.0,20286.25,0
8,8,power_law,5.817,1.0,9737.0,0.8170000000000002,0.8170000000000002,16.340000000000003,1,1,2.404,1.0,13521.0,0.4039999999999999,0.4039999999999999,20.199999999999996,1,1,5.655,1.0,12811.0,0.6550000000000002,0.6550000000000002,13.100000000000007,1,1,2.277,1.0,14922.0,0.27700000000000014,0.27700000000000014,13.850000000000007,1,1,0.551,1.0,24369.0,-0.04899999999999993,0.04899999999999993,8.166666666666655,1,1,0.019,1.0,31769.0,0.009,0.009,89.99999999999999,1,1,0.313,1.0,35361.0,0.013000000000000012,0.013000000000000012,4.3333333333333375,1,1,19.13,1.0,11787.0,1.129999999999999,1.129999999999999,6.277777777777772,1,1,4,0.67275,0.6508361448936283,0.068,1.759,0.67275,0.6508361448936283,0.9360450042599447,0.67275,1.0,4,0,1.0,1.0,0,8375.0,15818.25,0,4,0.9802500000000001,1.2606893699480453,0.139,3.155,0.9802500000000001,1.2606893699480453,1.5969432519660802,0.9802500000000001,1.0,4,0,1.0,1.0,0,1706.0,18387.75,0,4,-0.48850000000000005,0.14154946132006296,-0.604,-0.247,-0.48850000000000005,0.14154946132006296,0.5085946322957017,0.48850000000000005,1.0,4,0,1.0,1.0,0,11387.0,15641.5,0,4,49.35849999999999,2.5931245149433133,44.973,51.681,-0.6415000000000024,2.5931245149433138,2.6712950043003487,1.871999999999998,0.75,3,0,1.0,1.0,0,20010.0,23837.75,0
9,9,power_law,6.566,1.0,8201.0,1.5659999999999998,1.5659999999999998,31.319999999999997,1,1,2.456,1.0,9005.0,0.45599999999999996,0.45599999999999996,22.799999999999997,1,1,6.043,1.0,9513.0,1.0430000000000001,1.0430000000000001,20.860000000000003,1,1,2.265,1.0,13345.0,0.2650000000000001,0.2650000000000001,13.250000000000007,1,1,0.544,1.0,9645.0,-0.05599999999999994,0.05599999999999994,9.333333333333323,1,1,0.012,1.0,20679.0,0.002,0.002,20.0,1,1,0.3,1.0,29875.0,0.0,0.0,0.0,1,1,19.771,1.0,15166.0,1.7710000000000008,1.7710000000000008,9.838888888888892,1,1,4,0.4935,0.2971401184626539,0.152,0.9,0.4935,0.2971401184626539,0.5760507790117118,0.4935,1.0,4,0,1.0,1.0,0,2920.0,10751.5,0,4,0.7665,0.59138418139142,0.279,1.74,0.7665,0.59138418139142,0.9681206019913016,0.7665,1.0,4,0,1.0025,1.01,0,2622.0,10426.0,0,4,-0.18275000000000002,1.0487433849612593,-1.984,0.561,-0.18275000000000002,1.0487433849612593,1.064546969372418,0.80925,1.0,4,0,1.0,1.0,0,1993.0,14231.75,0,4,49.80675,0.41765857766841225,49.296,50.386,-0.1932500000000008,0.4176585776684122,0.4602002281616138,0.3862500000000022,1.0,4,0,1.0,1.0,0,4076.0,11596.75,0
10,10,power_law,7.982,1.0,3984.0,2.982,2.982,59.64,1,1,2.724,1.0,3215.0,0.7240000000000002,0.7240000000000002,36.20000000000001,1,1,6.668,1.0,12080.0,1.6680000000000001,1.6680000000000001,33.36,1,1,2.55,1.0,13734.0,0.5499999999999998,0.5499999999999998,27.499999999999993,1,1,0.507,1.0,15509.0,-0.09299999999999997,0.09299999999999997,15.499999999999996,1,1,0.024,1.0,26910.0,0.014,0.014,140.0,1,1,0.278,1.0,25055.0,-0.021999999999999964,0.021999999999999964,7.333333333333322,1,1,19.459,1.01,945.0,1.4589999999999996,1.4589999999999996,8.105555555555553,1,1,4,0.5375000000000001,0.061292332310004305,0.442,0.596,0.5375000000000001,0.061292332310004305,0.5409833638846947,0.5375000000000001,1.0,4,0,1.0,1.0,0,3886.0,12396.25,0,4,0.48275,0.31495823135774687,0.286,1.028,0.48275,0.31495823135774687,0.5764080585835003,0.48275,1.0,4,0,1.0025,1.01,0,644.0,9969.0,0,4,0.050750000000000045,1.3851359815916993,-1.388,2.334,0.050750000000000045,1.3851359815916993,1.386065384460632,1.11625,0.75,3,0,1.0,1.0,0,16552.0,18253.5,0,4,50.24250000000001,0.8123744518385596,49.337,51.176,0.2425000000000015,0.8123744518385597,0.8477962609023473,0.8040000000000003,1.0,4,0,1.0,1.0,0,2535.0,13558.25,0
11,11,power_law,6.475,1.0,10024.0,1.4749999999999996,1.4749999999999996,29.499999999999993,1,1,2.214,1.0,8309.0,0.21399999999999997,0.21399999999999997,10.7,1,1,7.867,1.0,12092.0,2.867,2.867,57.34,1,1,2.623,1.0,15809.0,0.6230000000000002,0.6230000000000002,31.150000000000013,1,1,0.467,1.0,7726.0,-0.13299999999999995,0.13299999999999995,22.16666666666666,1,1,0.012,1.0,10171.0,0.002,0.002,20.0,1,1,0.264,1.0,17093.0,-0.035999999999999976,0.035999999999999976,11.999999999999993,1,1,15.729,1.0,10306.0,-2.271000000000001,2.271000000000001,12.61666666666667,1,1,4,0.582,0.24078309741341894,0.289,0.867,0.582,0.24078309741341894,0.6298416467652802,0.582,1.0,4,0,1.0,1.0,0,7799.0,14513.25,0,4,0.5767500000000001,0.19549088853447877,0.268,0.761,0.5767500000000001,0.19549088853447877,0.6089805005088422,0.5767500000000001,1.0,4,0,1.0,1.0,0,8706.0,14298.75,0,4,-0.175,0.2913657495314094,-0.573,0.203,-0.175,0.2913657495314094,0.33988086147943075,0.27649999999999997,1.0,4,0,1.0,1.0,0,8288.0,11403.0,0,4,50.9395,0.5215757375492065,50.06,51.403,0.9395000000000007,0.5215757375492065,1.0745703792679193,0.9395000000000007,1.0,4,0,1.0,1.0,0,14750.0,17210.0,0
12,12,power_law,6.932,1.0,13697.0,1.9320000000000004,1.9320000000000004,38.64000000000001,1,1,2.501,1.0,16015.0,0.5009999999999999,0.5009999999999999,25.049999999999994,1,1,7.747,1.0,13710.0,2.747,2.747,54.94,1,1,2.602,1.0,16685.0,0.6019999999999999,0.6019999999999999,30.099999999999994,1,1,0.537,1.0,19320.0,-0.06299999999999994,0.06299999999999994,10.499999999999991,1,1,0.017,1.0,29038.0,0.007000000000000001,0.007000000000000001,70.0,1,1,0.246,1.0,33115.0,-0.05399999999999999,0.05399999999999999,18.0,1,1,16.093,1.0,17322.0,-1.907,1.907,10.594444444444445,1,1,4,0.795,0.6725102229706252,0.249,1.907,0.795,0.6725102229706252,1.0412948669805302,0.795,1.0,4,0,1.0,1.0,0,6743.0,12163.0,0,4,0.9364999999999999,0.4824243464005522,0.571,1.766,0.9364999999999999,0.4824243464005522,1.0534540806318993,0.9364999999999999,1.0,4,0,1.0,1.0,0,9101.0,15274.5,0,4,-0.5760000000000001,0.5072681736517678,-1.429,-0.141,-0.5760000000000001,0.5072681736517678,0.7675265467721621,0.5760000000000001,1.0,4,0,1.0,1.0,0,17251.0,20055.5,0,4,49.4395,1.0252474091652213,47.899,50.458,-0.5604999999999993,1.0252474091652213,1.168457316293581,0.926499999999999,1.0,4,0,1.0,1.0,0,17327.0,20657.0,0
13,13,power_law,4.999,1.0,10783.0,-0.001000000000000334,0.001000000000000334,0.02000000000000668,1,1,2.023,1.0,13497.0,0.02300000000000013,0.02300000000000013,1.1500000000000066,1,1,6.11,1.0,15745.0,1.1100000000000003,1.1100000000000003,22.200000000000006,1,1,2.367,1.0,15624.0,0.367,0.367,18.35,1,1,0.536,1.0,22866.0,-0.06399999999999995,0.06399999999999995,10.666666666666657,1,1,0.006,1.0,28104.0,-0.004,0.004,40.0,1,1,0.3,1.0,41585.0,0.0,0.0,0.0,1,1,15.328,1.0,13172.0,-2.6720000000000006,2.6720000000000006,14.844444444444449,1,1,4,0.50025,0.3570954879300493,0.135,0.938,0.50025,0.3570954879300493,0.6146277328594927,0.50025,1.0,4,0,1.0,1.0,0,6255.0,17795.25,0,4,1.017,0.7598437339348137,0.195,1.866,1.017,0.7598437339348137,1.2695083694091978,1.017,1.0,4,0,1.0,1.0,0,6919.0,15064.75,0,4,0.50925,0.22561180709351183,0.272,0.766,0.50925,0.22561180709351183,0.5569885546400393,0.50925,1.0,4,0,1.0,1.0,0,13983.0,21693.75,0,4,49.963750000000005,0.5683781201805707,49.005,50.466,-0.036249999999999005,0.5683781201805707,0.5695329226655814,0.4612499999999997,1.0,4,0,1.0,1.0,0,16928.0,19880.75,0
14,14,power_law,7.155,1.0,14164.0,2.1550000000000002,2.1550000000000002,43.10000000000001,1,1,2.959,1.0,15434.0,0.9590000000000001,0.9590000000000001,47.95,1,1,7.455,1.0,15520.0,2.455,2.455,49.1,1,1,2.368,1.0,18344.0,0.3679999999999999,0.3679999999999999,18.399999999999995,1,1,0.551,1.0,25003.0,-0.04899999999999993,0.04899999999999993,8.166666666666655,1,1,0.012,1.0,32791.0,0.002,0.002,20.0,1,1,0.308,1.0,25736.0,0.008000000000000007,0.008000000000000007,2.666666666666669,1,1,16.706,1.0,17053.0,-1.2940000000000005,1.2940000000000005,7.188888888888892,1,1,4,0.2715,0.12841436835494696,0.108,0.459,0.2715,0.12841436835494696,0.3003373103695243,0.2715,1.0,4,0,1.0,1.0,0,13739.0,17049.75,0,4,0.9592499999999999,0.5984155642193809,0.191,1.871,0.9592499999999999,0.5984155642193809,1.1306023836875632,0.9592499999999999,1.0,4,0,1.0,1.0,0,13193.0,19971.0,0,4,-0.47025000000000006,0.44879749052328716,-1.209,-0.014,-0.47025000000000006,0.44879749052328716,0.6500417294297345,0.47025000000000006,1.0,4,0,1.0,1.0,0,18587.0,24506.25,0,4,50.346500000000006,0.24712800326956036,50.043,50.72,0.3465000000000007,0.24712800326956036,0.42559898966045534,0.3465000000000007,1.0,4,0,1.0,1.0,0,13093.0,20509.75,0
15,15,power_law,6.59,1.0,14625.0,1.5899999999999999,1.5899999999999999,31.799999999999994,1,1,2.632,1.0,16802.0,0.6320000000000001,0.6320000000000001,31.600000000000005,1,1,7.367,1.0,12978.0,2.367,2.367,47.339999999999996,1,1,2.199,1.0,13045.0,0.19899999999999984,0.19899999999999984,9.949999999999992,1,1,0.537,1.0,17384.0,-0.06299999999999994,0.06299999999999994,10.499999999999991,1,1,0.025,1.0,36785.0,0.015000000000000001,0.015000000000000001,150.0,1,1,0.305,1.0,36245.0,0.0050000000000000044,0.0050000000000000044,1.6666666666666683,1,1,16.067,1.0,18634.0,-1.9329999999999998,1.9329999999999998,10.738888888888889,1,1,4,0.5355000000000001,0.16508558386485478,0.371,0.748,0.5355000000000001,0.16508558386485478,0.5603690748069525,0.5355000000000001,1.0,4,0,1.0,1.0,0,2698.0,11961.0,0,4,0.95075,0.32574098222360665,0.663,1.476,0.95075,0.32574098222360665,1.0050038557139966,0.95075,1.0,4,0,1.0,1.0,0,7756.0,12678.0,0,4,-0.26725000000000004,0.42327377369735536,-0.675,0.416,-0.26725000000000004,0.42327377369735536,0.5005829102156805,0.47525,1.0,4,0,1.0,1.0,0,2000.0,17452.25,0,4,49.82775,0.45822231231139277,49.359,50.335,-0.17224999999999824,0.45822231231139277,0.4895280890817185,0.45674999999999955,1.0,4,0,1.0,1.0,0,3952.0,13114.75,0
16,16,power_law,7.846,1.0,10400.0,2.846,2.846,56.92,1,1,2.916,1.0,16004.0,0.9159999999999999,0.9159999999999999,45.8,1,1,6.27,1.0,11301.0,1.2699999999999996,1.2699999999999996,25.399999999999988,1,1,2.266,1.0,13493.0,0.266,0.266,13.3,1,1,0.521,1.0,20879.0,-0.07899999999999996,0.07899999999999996,13.16666666666666,1,1,0.02,1.0,29262.0,0.01,0.01,100.0,1,1,0.342,1.0,35855.0,0.04200000000000004,0.04200000000000004,14.000000000000012,1,1,17.526,1.0,14452.0,-0.4740000000000002,0.4740000000000002,2.633333333333334,1,1,4,0.87325,0.6052426682744699,0.261,1.846,0.87325,0.6052426682744699,1.0624896470083838,0.87325,1.0,4,0,1.0,1.0,0,8671.0,13005.0,0,4,0.68075,0.30215258976219284,0.335,1.099,0.68075,0.30215258976219284,0.7447930920732281,0.68075,1.0,4,0,1.0,1.0,0,12869.0,19164.75,0,4,-0.14475000000000002,0.3369698614119666,-0.504,0.407,-0.14475000000000002,0.3369698614119666,0.3667441206072703,0.34825,1.0,4,0,1.0,1.0,0,14060.0,18842.0,0,4,50.91175,0.2482633430452431,50.655,51.284,0.9117499999999996,0.2482633430452431,0.9449458979222034,0.9117499999999996,1.0,4,0,1.0,1.0,0,9742.0,13797.0,0
17,17,power_law,6.471,1.0,8686.0,1.471,1.471,29.42,1,1,2.188,1.0,10693.0,0.18800000000000017,0.18800000000000017,9.40000000000001,1,1,5.843,1.0,8159.0,0.843,0.843,16.86,1,1,2.308,1.0,3209.0,0.30799999999999983,0.30799999999999983,15.399999999999991,1,1,0.505,1.0,3617.0,-0.09499999999999997,0.09499999999999997,15.83333333333333,1,1,0.012,1.0,16030.0,0.002,0.002,20.0,1,1,0.322,1.0,15412.0,0.02200000000000002,0.02200000000000002,7.33333333333334,1,1,18.553,1.0,4565.0,0.5530000000000008,0.5530000000000008,3.072222222222227,1,1,4,0.494,0.1625438402401026,0.3,0.7,0.494,0.1625438402401026,0.5200543240854747,0.494,1.0,4,0,1.0,1.0,0,1882.0,8789.5,0,4,0.93825,0.9752518584960503,0.114,2.6,0.93825,0.9752518584960503,1.3533030887425035,0.93825,1.0,4,0,1.0,1.0,0,2723.0,8845.0,0,4,0.05250000000000002,0.9862599809380892,-1.248,1.104,0.05250000000000002,0.9862599809380892,0.9876563167418108,0.9525,1.0,4,0,1.0,1.0,0,7839.0,11506.0,0,4,50.397,0.47046678947615606,49.748,51.072,0.39700000000000024,0.47046678947615606,0.6155875242400562,0.5230000000000015,1.0,4,0,1.0,1.0,0,1792.0,12003.0,0
18,18,power_law,8.136,1.0,13801.0,3.1359999999999992,3.1359999999999992,62.719999999999985,1,1,2.743,1.0,14088.0,0.7429999999999999,0.7429999999999999,37.14999999999999,1,1,7.902,1.0,11871.0,2.902,2.902,58.040000000000006,1,1,2.429,1.0,8165.0,0.4289999999999998,0.4289999999999998,21.449999999999992,1,1,0.528,1.0,21713.0,-0.07199999999999995,0.07199999999999995,11.999999999999993,1,1,0.013,1.0,1436.0,0.002999999999999999,0.002999999999999999,29.999999999999993,1,1,0.347,1.0,1748.0,0.046999999999999986,0.046999999999999986,15.666666666666663,1,1,13.519,1.0,17218.0,-4.481,4.481,24.894444444444446,0,1,4,0.66975,0.23806866131433593,0.419,0.939,0.66975,0.23806866131433593,0.7108035945322729,0.66975,1.0,4,0,1.0,1.0,0,11244.0,13359.25,0,4,0.9317500000000001,0.26821761221068235,0.591,1.343,0.9317500000000001,0.26821761221068235,0.9695868965698742,0.9317500000000001,1.0,4,0,1.0,1.0,0,9787.0,11659.0,0,4,0.499,1.1742650893218278,-0.831,2.036,0.499,1.1742650893218278,1.2758916490047265,1.1295000000000002,1.0,4,0,1.0,1.0,0,1835.0,7981.5,0,4,51.17975,0.7414375816614652,50.117,52.115,1.1797500000000003,0.7414375816614652,1.3933914561242302,1.1797500000000003,1.0,4,0,1.0,1.0,0,13231.0,15106.25,0
19,19,power_law,7.641,1.0,2253.0,2.641,2.641,52.82,1,1,2.585,1.0,12119.0,0.585,0.585,29.25,1,1,7.051,1.0,11896.0,2.051,2.051,41.02,1,1,2.393,1.01,16149.0,0.3929999999999998,0.3929999999999998,19.64999999999999,1,1,0.531,1.0,4192.0,-0.06899999999999995,0.06899999999999995,11.499999999999993,1,1,0.006,1.0,2238.0,-0.004,0.004,40.0,1,1,0.301,1.01,482.0,0.0010000000000000009,0.0010000000000000009,0.33333333333333365,1,1,17.545,1.02,180.0,-0.4549999999999983,0.4549999999999983,2.5277777777777684,1,0,4,0.26225,0.05326056233274298,0.179,0.317,0.26225,0.05326056233274298,0.2676037182103418,0.26225,1.0,4,0,1.01,1.02,2,1268.0,8127.75,0,4,1.02325,0.8141978798179224,0.144,1.853,1.02325,0.8141978798179224,1.307653910635379,1.02325,1.0,4,0,1.005,1.02,1,4882.0,8564.75,0,4,-0.5499999999999999,0.5796084885506767,-1.382,0.13,-0.5499999999999999,0.5796084885506767,0.7990281597040243,0.615,1.0,4,0,1.0025,1.01,0,3526.0,13854.5,0,4,50.966750000000005,1.0653699768155647,50.045,52.739,0.9667499999999993,1.065369976815565,1.438616957358697,0.9667499999999993,1.0,4,0,1.005,1.02,1,1413.0,9328.75,0
20,20,power_law,6.715,1.0,8801.0,1.7149999999999999,1.7149999999999999,34.3,1,1,2.287,1.0,11157.0,0.2869999999999999,0.2869999999999999,14.349999999999996,1,1,6.848,1.0,2152.0,1.8479999999999999,1.8479999999999999,36.96,1,1,2.608,1.0,2387.0,0.6080000000000001,0.6080000000000001,30.400000000000006,1,1,0.518,1.0,5733.0,-0.08199999999999996,0.08199999999999996,13.66666666666666,1,1,0.024,1.0,27923.0,0.014,0.014,140.0,1,1,0.282,1.0,28315.0,-0.018000000000000016,0.018000000000000016,6.000000000000005,1,1,17.684,1.0,5755.0,-0.31599999999999895,0.31599999999999895,1.7555555555555498,1,1,4,0.54275,0.12421428057997196,0.352,0.691,0.54275,0.12421428057997196,0.556782497928949,0.54275,1.0,4,0,1.0,1.0,0,5155.0,13748.0,0,4,0.6305000000000001,0.19532088981980397,0.295,0.772,0.6305000000000001,0.19532088981980397,0.660060982031206,0.6305000000000001,1.0,4,0,1.0,1.0,0,9273.0,11250.75,0,4,-0.663,0.6320850417467574,-1.233,0.408,-0.663,0.6320850417467574,0.9160242900709566,0.8670000000000001,1.0,4,0,1.0,1.0,0,6754.0,10818.75,0,4,50.311,0.7442029293143096,49.597,51.397,0.31099999999999994,0.7442029293143096,0.8065723774094916,0.6890000000000001,1.0,4,0,1.0,1.0,0,8587.0,13364.5,0
21,21,power_law,6.692,1.0,11796.0,1.6920000000000002,1.6920000000000002,33.84,1,1,2.07,1.0,15956.0,0.06999999999999984,0.06999999999999984,3.499999999999992,1,1,7.596,1.0,14183.0,2.596,2.596,51.92,1,1,2.634,1.0,16315.0,0.6339999999999999,0.6339999999999999,31.699999999999996,1,1,0.478,1.01,810.0,-0.122,0.122,20.333333333333332,1,1,0.006,1.0,25034.0,-0.004,0.004,40.0,1,1,0.32,1.0,36946.0,0.020000000000000018,0.020000000000000018,6.666666666666673,1,1,13.876,1.0,15423.0,-4.1240000000000006,4.1240000000000006,22.911111111111115,1,1,4,0.7529999999999999,0.23485846801850682,0.534,1.144,0.7529999999999999,0.23485846801850682,0.788775950444738,0.7529999999999999,1.0,4,0,1.005,1.02,1,14681.0,19849.25,0,4,0.97125,0.5756146171702036,0.297,1.888,0.97125,0.5756146171702036,1.1290078609115173,0.97125,1.0,4,0,1.0025,1.01,0,7341.0,16297.5,0,4,2.66025,5.2834124093714285,-0.833,11.797,2.66025,5.2834124093714285,5.915350940561346,3.2382500000000003,1.0,4,0,1.1325,1.53,1,7.0,11720.0,1,4,47.24425,6.005263373699775,36.878,51.316,-2.755749999999999,6.005263373699775,6.607370600322037,3.834250000000001,1.0,4,0,1.1325,1.53,1,7.0,13691.75,1
22,22,power_law,5.293,1.0,8946.0,0.29300000000000015,0.29300000000000015,5.860000000000003,1,1,2.296,1.0,14879.0,0.2959999999999998,0.2959999999999998,14.79999999999999,1,1,6.137,1.0,12317.0,1.1369999999999996,1.1369999999999996,22.73999999999999,1,1,2.143,1.0,15065.0,0.1429999999999998,0.1429999999999998,7.14999999999999,1,1,0.541,1.0,15881.0,-0.05899999999999994,0.05899999999999994,9.833333333333325,1,1,0.037,1.0,27017.0,0.026999999999999996,0.026999999999999996,270.0,0,1,0.306,1.0,3237.0,0.006000000000000005,0.006000000000000005,2.0000000000000018,1,1,16.572,1.0,10675.0,-1.4280000000000008,1.4280000000000008,7.933333333333338,1,1,4,0.43650000000000005,0.3667570721881175,0.082,1.05,0.43650000000000005,0.3667570721881175,0.5701254247970353,0.43650000000000005,1.0,4,0,1.0,1.0,0,1496.0,3171.5,0,4,0.715,0.3827642877803518,0.238,1.099,0.715,0.3827642877803518,0.8110077064985264,0.715,1.0,4,0,1.0,1.0,0,4720.0,10391.0,0,4,-0.237,0.4177253882636295,-0.772,0.361,-0.237,0.4177253882636295,0.48027440073358063,0.4175,1.0,4,0,1.0025,1.01,0,1059.0,7791.5,0,4,50.296,0.590912430060496,49.483,50.964,0.2959999999999976,0.590912430060496,0.6609035481823343,0.5570000000000004,1.0,4,0,1.0,1.0,0,5778.0,13534.5,0
23,23,power_law,5.318,1.07,6795.0,0.3179999999999996,0.3179999999999996,6.359999999999992,1,0,2.333,1.08,12774.0,0.3330000000000002,0.3330000000000002,16.65000000000001,1,0,6.767,1.02,6978.0,1.7670000000000003,1.7670000000000003,35.34,1,0,2.517,1.02,5328.0,0.5169999999999999,0.5169999999999999,25.849999999999994,1,0,0.528,1.05,15911.0,-0.07199999999999995,0.07199999999999995,11.999999999999993,1,0,0.012,1.03,98.0,0.002,0.002,20.0,1,0,0.325,1.05,47.0,0.025000000000000022,0.025000000000000022,8.333333333333341,1,0,14.56,1.01,2745.0,-3.4399999999999995,3.4399999999999995,19.11111111111111,1,1,4,0.27775,0.08255717715619884,0.141,0.345,0.27775,0.08255717715619884,0.28975981432904047,0.27775,1.0,4,0,1.0350000000000001,1.06,4,92.0,2552.5,3,4,0.81775,0.6982114203448695,0.176,1.906,0.81775,0.6982114203448695,1.0752740348394914,0.81775,1.0,4,0,1.0525,1.1,3,78.0,3815.25,1,4,-0.057250000000000016,0.16313089069823655,-0.279,0.144,-0.057250000000000016,0.16313089069823655,0.17288507743585044,0.15125,1.0,4,0,1.0375,1.05,4,86.0,8138.25,1,4,49.82875,0.46947117856158077,49.097,50.347,-0.1712499999999988,0.4694711785615807,0.4997296769254346,0.395249999999999,1.0,4,0,1.02,1.03,2,78.0,624.25,3
24,24,power_law,6.406,1.0,14664.0,1.4059999999999997,1.4059999999999997,28.119999999999994,1,1,2.694,1.0,15320.0,0.694,0.694,34.699999999999996,1,1,4.613,1.0,11839.0,-0.38699999999999957,0.38699999999999957,7.739999999999991,1,1,2.155,1.0,13489.0,0.1549999999999998,0.1549999999999998,7.74999999999999,1,1,0.5,1.0,18640.0,-0.09999999999999998,0.09999999999999998,16.666666666666664,1,1,0.011,1.0,27155.0,0.0009999999999999992,0.0009999999999999992,9.999999999999991,1,1,0.221,1.0,42808.0,-0.07899999999999999,0.07899999999999999,26.333333333333332,0,1,24.587,1.0,17241.0,6.587,6.587,36.59444444444444,1,1,4,0.2365,0.04375785643744447,0.178,0.292,0.2365,0.04375785643744447,0.24051403285463407,0.2365,1.0,4,0,1.0,1.0,0,13816.0,15717.0,0,4,0.34275,0.2402752328060468,0.073,0.717,0.34275,0.2402752328060468,0.41858063739260565,0.34275,1.0,4,0,1.0,1.0,0,8634.0,16353.5,0,4,0.11349999999999999,0.6009452970113003,-0.48,0.985,0.11349999999999999,0.6009452970113003,0.6115697016694008,0.5579999999999999,0.75,3,0,1.0,1.0,0,23547.0,27747.5,0,4,49.886250000000004,0.38283049447503464,49.322,50.402,-0.1137499999999978,0.38283049447503464,0.3993723200223058,0.3147499999999983,1.0,4,0,1.0,1.0,0,15135.0,24388.25,0
25,25,power_law,7.765,1.0,4796.0,2.7649999999999997,2.7649999999999997,55.3,1,1,2.29,1.0,2745.0,0.29000000000000004,0.29000000000000004,14.500000000000002,1,1,7.718,1.0,18772.0,2.718,2.718,54.36,1,1,3.072,1.0,19562.0,1.072,1.072,53.6,1,1,0.454,1.0,23436.0,-0.14599999999999996,0.14599999999999996,24.33333333333333,0,1,0.045,1.0,29099.0,0.034999999999999996,0.034999999999999996,349.99999999999994,0,1,0.341,1.0,33487.0,0.041000000000000036,0.041000000000000036,13.66666666666668,1,1,15.405,1.0,14448.0,-2.5950000000000006,2.5950000000000006,14.41666666666667,1,1,4,0.4875,0.15338921083309606,0.375,0.75,0.4875,0.15338921083309606,0.5110621292954507,0.4875,1.0,4,0,1.0,1.0,0,18947.0,22534.5,0,4,0.38375000000000004,0.2692836562066105,0.173,0.845,0.38375000000000004,0.2692836562066105,0.4688045968204663,0.38375000000000004,1.0,4,0,1.0,1.0,0,8411.0,18878.0,0,4,0.09075,0.11879893728480907,-0.023,0.269,0.09075,0.11879893728480907,0.1494949831934169,0.10775000000000001,1.0,4,0,1.0,1.0,0,6358.0,15795.25,0,4,50.26,0.834977245198935,49.205,51.505,0.2599999999999998,0.834977245198935,0.874521011754436,0.6910000000000007,1.0,4,0,1.0,1.0,0,16451.0,23032.25,0
26,26,power_law,7.475,1.0,14513.0,2.4749999999999996,2.4749999999999996,49.49999999999999,1,1,2.223,1.0,16220.0,0.22299999999999986,0.22299999999999986,11.149999999999993,1,1,5.897,1.0,14220.0,0.8970000000000002,0.8970000000000002,17.940000000000005,1,1,2.313,1.0,18264.0,0.31300000000000017,0.31300000000000017,15.65000000000001,1,1,0.534,1.0,23903.0,-0.06599999999999995,0.06599999999999995,10.999999999999991,1,1,0.025,1.0,32004.0,0.015000000000000001,0.015000000000000001,150.0,1,1,0.306,1.0,40805.0,0.006000000000000005,0.006000000000000005,2.0000000000000018,1,1,13.784,1.0,17629.0,-4.215999999999999,4.215999999999999,23.42222222222222,0,1,4,0.99125,0.5589710971955527,0.374,1.647,0.99125,0.5589710971955527,1.1379917618330988,0.99125,1.0,4,0,1.0,1.0,0,18557.0,22191.0,0,4,0.51175,0.2523859891119157,0.227,0.903,0.51175,0.2523859891119157,0.5706020942828725,0.51175,1.0,4,0,1.0,1.0,0,13709.0,17779.0,0,4,-1.2229999999999999,0.6935477633155485,-2.175,-0.224,-1.2229999999999999,0.6935477633155485,1.4059649711141453,1.2229999999999999,1.0,4,0,1.0,1.0,0,17793.0,20187.25,0,4,49.73975,0.7678686004128565,48.71,50.708,-0.2602499999999992,0.7678686004128565,0.8107726253395576,0.7112499999999997,1.0,4,0,1.0,1.0,0,18221.0,22120.25,0
27,27,power_law,6.495,1.0,15700.0,1.495,1.495,29.900000000000006,1,1,2.16,1.0,17149.0,0.16000000000000014,0.16000000000000014,8.000000000000007,1,1,5.492,1.0,12345.0,0.492,0.492,9.84,1,1,1.978,1.0,16351.0,-0.02200000000000002,0.02200000000000002,1.100000000000001,1,1,0.539,1.0,21203.0,-0.06099999999999994,0.06099999999999994,10.166666666666657,1,1,0.018,1.0,39486.0,0.007999999999999998,0.007999999999999998,79.99999999999999,1,1,0.285,1.0,40617.0,-0.015000000000000013,0.015000000000000013,5.000000000000004,1,1,14.91,1.0,14289.0,-3.09,3.09,17.166666666666668,1,1,4,0.8444999999999999,0.7311106277438455,0.194,2.066,0.8444999999999999,0.7311106277438455,1.1170062667684546,0.8444999999999999,1.0,4,0,1.0,1.0,0,17150.0,20706.5,0,4,0.752,0.5934564010944696,0.127,1.728,0.752,0.5934564010944696,0.9579637258268185,0.752,1.0,4,0,1.0,1.0,0,15033.0,17646.0,0,4,-0.9957499999999999,0.5531091099412484,-1.538,-0.275,-0.9957499999999999,0.5531091099412484,1.1390556395541,0.9957499999999999,1.0,4,0,1.0,1.0,0,21969.0,22842.25,0,4,50.75975,0.6977579720074877,50.207,51.956,0.7597500000000004,0.6977579720074878,1.03154556370526,0.7597500000000004,1.0,4,0,1.0,1.0,0,13968.0,16916.75,0
28,28,power_law,7.324,1.0,18329.0,2.324,2.324,46.48,1,1,2.472,1.0,21444.0,0.472,0.472,23.599999999999998,1,1,6.441,1.0,14556.0,1.4409999999999998,1.4409999999999998,28.819999999999997,1,1,2.563,1.0,16921.0,0.5630000000000002,0.5630000000000002,28.15000000000001,1,1,0.488,1.0,26754.0,-0.11199999999999999,0.11199999999999999,18.666666666666664,1,1,0.019,1.0,39982.0,0.009,0.009,89.99999999999999,1,1,0.331,1.0,34968.0,0.031000000000000028,0.031000000000000028,10.333333333333343,1,1,17.049,1.0,18142.0,-0.9510000000000005,0.9510000000000005,5.283333333333337,1,1,4,0.70525,0.5180286550954494,0.144,1.538,0.70525,0.5180286550954494,0.8750607121794465,0.70525,1.0,4,0,1.0,1.0,0,15943.0,21996.5,0,4,0.29174999999999995,0.18891317450088016,0.16,0.618,0.29174999999999995,0.18891317450088016,0.3475719350005118,0.29174999999999995,1.0,4,0,1.0,1.0,0,15674.0,23714.25,0,4,-0.90175,0.8328407335739529,-2.241,-0.168,-0.90175,0.8328407335739529,1.227508350277097,0.90175,1.0,4,0,1.0,1.0,0,21076.0,24017.0,0,4,50.36425,0.45246125524734165,49.982,51.122,0.3642500000000002,0.45246125524734165,0.5808607836650708,0.3732500000000005,1.0,4,0,1.0,1.0,0,19886.0,25783.75,0
29,29,power_law,6.851,1.0,18943.0,1.851,1.851,37.019999999999996,1,1,2.564,1.0,19699.0,0.5640000000000001,0.5640000000000001,28.200000000000003,1,1,6.875,1.0,16775.0,1.875,1.875,37.5,1,1,2.842,1.0,17719.0,0.8420000000000001,0.8420000000000001,42.1,1,1,0.472,1.0,23423.0,-0.128,0.128,21.333333333333336,0,1,0.013,1.0,33654.0,0.002999999999999999,0.002999999999999999,29.999999999999993,1,1,0.371,1.0,42515.0,0.07100000000000001,0.07100000000000001,23.666666666666668,0,1,22.872,1.0,21118.0,4.872,4.872,27.066666666666666,1,1,4,0.24200000000000002,0.06218922736294447,0.179,0.33,0.24200000000000002,0.06218922736294447,0.2498629624414151,0.24200000000000002,1.0,4,0,1.0,1.0,0,16796.0,22639.75,0,4,0.27999999999999997,0.09993497886125757,0.127,0.407,0.27999999999999997,0.09993497886125757,0.29729951227676105,0.27999999999999997,1.0,4,0,1.0,1.0,0,23329.0,26240.75,0,4,0.2865,0.4032570520152127,-0.052,0.951,0.2865,0.4032570520152127,0.49467009208158114,0.3225,1.0,4,0,1.0,1.0,0,29923.0,32576.5,0,4,50.406,1.3521272129500244,48.802,52.546,0.4059999999999988,1.3521272129500244,1.4117662696069768,1.004999999999999,0.75,3,0,1.0,1.0,0,23947.0,27284.5,0
30,30,power_law,8.407,1.0,18366.0,3.407,3.407,68.14,1,1,2.713,1.0,20281.0,0.7130000000000001,0.7130000000000001,35.650000000000006,1,1,7.176,1.0,13007.0,2.176,2.176,43.52,1,1,2.825,1.0,14584.0,0.8250000000000002,0.8250000000000002,41.25000000000001,1,1,0.48,1.0,25933.0,-0.12,0.12,20.0,1,1,0.006,1.0,29532.0,-0.004,0.004,40.0,1,1,0.278,1.0,42728.0,-0.021999999999999964,0.021999999999999964,7.333333333333322,1,1,15.628,1.0,23401.0,-2.372,2.372,13.177777777777777,1,1,4,0.72675,0.4694903486760937,0.211,1.479,0.72675,0.4694903486760937,0.8652090787780721,0.72675,1.0,4,0,1.0,1.0,0,10739.0,20843.0,0,4,0.6525000000000001,0.6677186907673021,0.112,1.793,0.6525000000000001,0.6677186907673021,0.9335976113936881,0.6525000000000001,1.0,4,0,1.0,1.0,0,12409.0,19855.25,0,4,-0.5634999999999999,0.6692598523742478,-1.66,0.106,-0.5634999999999999,0.6692598523742478,0.8748948508249433,0.6165,1.0,4,0,1.0,1.0,0,22056.0,24401.25,0,4,49.66525,0.9734334530413465,48.074,50.504,-0.33475000000000144,0.9734334530413465,1.029383431963037,0.7917499999999986,0.75,3,0,1.0,1.0,0,23192.0,26313.0,0
31,31,power_law,6.578,1.0,10481.0,1.5780000000000003,1.5780000000000003,31.560000000000006,1,1,2.059,1.0,13844.0,0.05900000000000016,0.05900000000000016,2.950000000000008,1,1,5.879,1.0,12206.0,0.8789999999999996,0.8789999999999996,17.57999999999999,1,1,2.568,1.0,14237.0,0.5680000000000001,0.5680000000000001,28.400000000000002,1,1,0.472,1.0,9567.0,-0.128,0.128,21.333333333333336,1,1,0.026,1.0,18363.0,0.016,0.016,160.0,1,1,0.343,1.0,26984.0,0.04300000000000004,0.04300000000000004,14.333333333333348,1,1,15.302,1.0,11058.0,-2.6980000000000004,2.6980000000000004,14.98888888888889,1,1,4,1.1875,0.264844765853509,0.91,1.624,1.1875,0.264844765853509,1.216675388096595,1.1875,1.0,4,0,1.0,1.0,0,10098.0,12866.5,0,4,0.465,0.15176132577175255,0.236,0.663,0.465,0.15176132577175255,0.4891385284354525,0.465,1.0,4,0,1.0,1.0,0,9509.0,13736.5,0,4,-0.23074999999999998,0.6578340881255699,-0.818,0.884,-0.23074999999999998,0.6578340881255699,0.6971307266216287,0.67275,1.0,4,0,1.0,1.0,0,10986.0,14450.0,0,4,49.634,0.35404590097895505,49.167,50.164,-0.36599999999999966,0.35404590097895505,0.5092195008049081,0.4480000000000004,1.0,4,0,1.0,1.0,0,13713.0,17887.0,0
32,32,power_law,7.946,1.0,17692.0,2.9459999999999997,2.9459999999999997,58.919999999999995,1,1,2.876,1.0,19454.0,0.8759999999999999,0.8759999999999999,43.8,1,1,7.552,1.0,13341.0,2.5519999999999996,2.5519999999999996,51.04,1,1,2.328,1.0,16472.0,0.32799999999999985,0.32799999999999985,16.39999999999999,1,1,0.557,1.0,21678.0,-0.04299999999999993,0.04299999999999993,7.1666666666666545,1,1,0.006,1.0,28077.0,-0.004,0.004,40.0,1,1,0.339,1.0,40391.0,0.039000000000000035,0.039000000000000035,13.00000000000001,1,1,15.6,1.0,17760.0,-2.4000000000000004,2.4000000000000004,13.333333333333336,1,1,4,0.67575,0.4428088611353662,0.238,1.249,0.67575,0.4428088611353662,0.8079094936934459,0.67575,1.0,4,0,1.0,1.0,0,11160.0,16538.5,0,4,0.9532500000000002,0.5199487354537945,0.498,1.81,0.9532500000000002,0.5199487354537945,1.085832514709336,0.9532500000000002,1.0,4,0,1.0,1.0,0,14711.0,18081.0,0,4,-0.13699999999999998,0.4712387929701883,-0.563,0.619,-0.13699999999999998,0.4712387929701883,0.4907494268972711,0.4465,1.0,4,0,1.0,1.0,0,24425.0,27836.75,0,4,50.3465,0.6900889435427872,49.695,51.469,0.3465000000000007,0.6900889435427872,0.7721949235782377,0.5604999999999993,1.0,4,0,1.0,1.0,0,17673.0,20564.0,0
33,33,power_law,7.78,1.0,2527.0,2.7800000000000002,2.7800000000000002,55.60000000000001,1,1,2.931,1.05,16594.0,0.931,0.931,46.550000000000004,1,0,5.581,1.03,84.0,0.5810000000000004,0.5810000000000004,11.620000000000008,1,0,2.212,1.01,514.0,0.2120000000000002,0.2120000000000002,10.600000000000009,1,1,0.501,1.03,78.0,-0.09899999999999998,0.09899999999999998,16.499999999999996,1,0,0.012,1.02,12903.0,0.002,0.002,20.0,1,0,0.282,1.06,41.0,-0.018000000000000016,0.018000000000000016,6.000000000000005,1,0,18.208,1.01,808.0,0.2079999999999984,0.2079999999999984,1.1555555555555466,1,1,4,0.5625,0.4479667956444987,0.209,1.324,0.5625,0.4479667956444987,0.7190830967280486,0.5625,1.0,4,0,1.02,1.06,1,43.0,3135.25,2,4,0.5954999999999999,0.43674792500938103,0.06,1.166,0.5954999999999999,0.43674792500938103,0.7384910290585797,0.5954999999999999,1.0,4,0,1.04,1.06,4,114.0,14609.5,1,4,-0.71425,0.6906925419461253,-1.639,0.304,-0.71425,0.6906925419461253,0.993584042746259,0.86625,1.0,4,0,1.0275,1.05,3,154.0,11777.75,1,4,50.3465,0.6448621945811347,49.395,51.101,0.3465000000000007,0.6448621945811347,0.7320583993097803,0.6489999999999991,1.0,4,0,1.0350000000000001,1.06,4,45.0,4881.25,3
34,34,power_law,7.744,1.0,13752.0,2.7439999999999998,2.7439999999999998,54.879999999999995,1,1,2.166,1.0,15715.0,0.16599999999999993,0.16599999999999993,8.299999999999997,1,1,6.516,1.0,11396.0,1.516,1.516,30.320000000000004,1,1,2.274,1.0,15391.0,0.274,0.274,13.700000000000001,1,1,0.509,1.0,16586.0,-0.09099999999999997,0.09099999999999997,15.16666666666666,1,1,0.006,1.0,21897.0,-0.004,0.004,40.0,1,1,0.297,1.0,34676.0,-0.0030000000000000027,0.0030000000000000027,1.0000000000000009,1,1,13.507,1.0,12634.0,-4.493,4.493,24.961111111111112,0,1,4,1.8245,1.2677368614976847,0.947,3.997,1.8245,1.2677368614976847,2.2217013750727164,1.8245,1.0,4,0,1.0,1.0,0,13749.0,16980.5,0,4,1.02125,0.5064945088547357,0.404,1.757,1.02125,0.5064945088547357,1.139950985788424,1.02125,1.0,4,0,1.0,1.0,0,10932.0,15103.75,0,4,-0.36400000000000005,0.8969852284179489,-1.867,0.412,-0.36400000000000005,0.8969852284179489,0.968028150417125,0.6775,1.0,4,0,1.0,1.0,0,15730.0,17223.25,0,4,50.68025,0.7848485124531998,49.622,51.783,0.6802499999999991,0.7848485124531998,1.0386179518956908,0.8692499999999992,1.0,4,0,1.0,1.0,0,10270.0,15405.25,0
35,35,power_law,8.41,1.0,16070.0,3.41,3.41,68.2,1,1,2.619,1.0,19051.0,0.6190000000000002,0.6190000000000002,30.95000000000001,1,1,6.543,1.0,12424.0,1.5430000000000001,1.5430000000000001,30.860000000000003,1,1,2.408,1.0,16076.0,0.4079999999999999,0.4079999999999999,20.399999999999995,1,1,0.524,1.0,20995.0,-0.07599999999999996,0.07599999999999996,12.666666666666659,1,1,0.033,1.0,34231.0,0.023,0.023,229.99999999999997,1,1,0.358,1.0,30080.0,0.057999999999999996,0.057999999999999996,19.333333333333332,1,1,16.329,1.0,15011.0,-1.6709999999999994,1.6709999999999994,9.28333333333333,1,1,4,1.07775,0.2740514322166553,0.786,1.354,1.07775,0.2740514322166553,1.1120473236333066,1.07775,1.0,4,0,1.0,1.0,0,8933.0,13356.0,0,4,0.69725,0.175613745190973,0.403,0.862,0.69725,0.175613745190973,0.7190255558740594,0.69725,1.0,4,0,1.0,1.0,0,10527.0,15754.25,0,4,-0.7847500000000001,0.7596358913979776,-1.878,-0.009,-0.7847500000000001,0.7596358913979776,1.0921901162343486,0.7847500000000001,1.0,4,0,1.0,1.0,0,12693.0,14715.75,0,4,50.090999999999994,0.3695740791776392,49.784,50.72,0.0909999999999993,0.36957407917763924,0.3806126640037084,0.26900000000000013,1.0,4,0,1.0,1.0,0,8163.0,13851.5,0
36,36,power_law,6.655,1.0,2640.0,1.6550000000000002,1.6550000000000002,33.10000000000001,1,1,2.397,1.0,6118.0,0.3969999999999998,0.3969999999999998,19.84999999999999,1,1,7.582,1.0,18039.0,2.582,2.582,51.64,1,1,2.383,1.0,19956.0,0.383,0.383,19.15,1,1,0.494,1.0,7888.0,-0.10599999999999998,0.10599999999999998,17.666666666666664,1,1,0.012,1.0,10848.0,0.002,0.002,20.0,1,1,0.31,1.0,6330.0,0.010000000000000009,0.010000000000000009,3.3333333333333366,1,1,15.263,1.0,20965.0,-2.737,2.737,15.205555555555556,1,1,4,0.8832500000000001,0.6718751279069646,0.225,1.824,0.8832500000000001,0.6718751279069646,1.109750760306115,0.8832500000000001,1.0,4,0,1.0,1.0,0,6029.0,15530.5,0,4,0.9132499999999999,0.672800629830264,0.436,2.07,0.9132499999999999,0.672800629830264,1.1343219340204966,0.9132499999999999,1.0,4,0,1.0,1.0,0,3538.0,9628.5,0,4,0.10000000000000003,0.8069897768869195,-0.909,1.038,0.10000000000000003,0.8069897768869195,0.8131620379727524,0.7835000000000001,1.0,4,0,1.0,1.0,0,2959.0,13476.25,0,4,52.097,0.6065958291976633,51.436,53.085,2.0969999999999995,0.6065958291976633,2.182972171146485,2.0969999999999995,1.0,4,0,1.0,1.0,0,5241.0,9431.25,0
37,37,power_law,5.238,1.0,4973.0,0.23800000000000043,0.23800000000000043,4.760000000000009,1,1,2.387,1.0,2914.0,0.387,0.387,19.35,1,1,5.727,1.0,10032.0,0.7270000000000003,0.7270000000000003,14.540000000000006,1,1,1.994,1.0,13726.0,-0.006000000000000005,0.006000000000000005,0.30000000000000027,1,1,0.542,1.0,21300.0,-0.05799999999999994,0.05799999999999994,9.666666666666657,1,1,0.025,1.0,1877.0,0.015000000000000001,0.015000000000000001,150.0,1,1,0.328,1.0,11088.0,0.028000000000000025,0.028000000000000025,9.333333333333343,1,1,20.051,1.0,10432.0,2.0509999999999984,2.0509999999999984,11.394444444444435,1,1,4,0.17450000000000002,0.11627230968721658,0.043,0.362,0.17450000000000002,0.11627230968721658,0.2096890555083884,0.17450000000000002,1.0,4,0,1.0,1.0,0,2109.0,13130.5,0,4,0.6052500000000001,0.5588123007772825,0.193,1.568,0.6052500000000001,0.5588123007772825,0.8237710543591588,0.6052500000000001,1.0,4,0,1.0,1.0,0,5018.0,12027.75,0,4,-0.17024999999999998,0.2731678742092488,-0.615,0.07,-0.17024999999999998,0.2731678742092488,0.3218784708550729,0.22375,1.0,4,0,1.0,1.0,0,1057.0,11814.5,0,4,51.13075,0.5894965542732219,50.282,51.945,1.1307500000000008,0.5894965542732219,1.2751869470787425,1.1307500000000008,0.75,3,0,1.0,1.0,0,1469.0,10596.25,0
38,38,power_law,5.165,1.0,12986.0,0.16500000000000004,0.16500000000000004,3.3000000000000007,1,1,2.046,1.0,14814.0,0.04599999999999982,0.04599999999999982,2.299999999999991,1,1,5.64,1.0,10005.0,0.6399999999999997,0.6399999999999997,12.799999999999995,1,1,2.19,1.0,14772.0,0.18999999999999995,0.18999999999999995,9.499999999999996,1,1,0.552,1.0,17865.0,-0.04799999999999993,0.04799999999999993,7.999999999999989,1,1,0.018,1.0,26679.0,0.007999999999999998,0.007999999999999998,79.99999999999999,1,1,0.283,1.0,30614.0,-0.017000000000000015,0.017000000000000015,5.666666666666672,1,1,14.558,1.0,10205.0,-3.442,3.442,19.122222222222224,1,1,4,0.9902500000000001,1.2508865606041182,0.218,3.156,0.9902500000000001,1.2508865606041182,1.5954034756136142,0.9902500000000001,1.0,4,0,1.0,1.0,0,14970.0,18143.5,0,4,0.5807499999999999,0.09664205864943068,0.484,0.695,0.5807499999999999,0.09664205864943068,0.5887361463338224,0.5807499999999999,1.0,4,0,1.0,1.0,0,4271.0,13751.75,0,4,-0.72075,1.0937452571325736,-2.55,0.268,-0.72075,1.0937452571325736,1.3098699362913861,0.8547499999999999,1.0,4,0,1.0,1.0,0,4507.0,14821.25,0,4,50.086999999999996,0.46309664218173685,49.528,50.693,0.08699999999999797,0.4630966421817368,0.47119794142164845,0.4399999999999995,1.0,4,0,1.0,1.0,0,7661.0,13829.25,0
39,39,power_law,6.512,1.0,11796.0,1.5119999999999996,1.5119999999999996,30.239999999999988,1,1,2.266,1.0,12714.0,0.266,0.266,13.3,1,1,5.698,1.0,12327.0,0.6980000000000004,0.6980000000000004,13.960000000000008,1,1,2.347,1.0,15495.0,0.347,0.347,17.349999999999998,1,1,0.505,1.0,17682.0,-0.09499999999999997,0.09499999999999997,15.83333333333333,1,1,0.018,1.0,17043.0,0.007999999999999998,0.007999999999999998,79.99999999999999,1,1,0.286,1.0,34286.0,-0.014000000000000012,0.014000000000000012,4.666666666666671,1,1,20.112,1.0,13028.0,2.1119999999999983,2.1119999999999983,11.733333333333324,1,1,4,1.0145,0.9721318069068617,0.319,2.691,1.0145,0.9721318069068617,1.4050802468186647,1.0145,1.0,4,0,1.0,1.0,0,5638.0,14516.5,0,4,0.6367499999999999,0.2547806654752279,0.319,0.95,0.6367499999999999,0.2547806654752279,0.685830700683485,0.6367499999999999,1.0,4,0,1.0,1.0,0,12391.0,15724.0,0,4,-0.37375,0.48073764934733376,-0.886,0.135,-0.37375,0.48073764934733376,0.6089316464103339,0.47975,1.0,4,0,1.0,1.0,0,17105.0,19561.5,0,4,50.0115,0.6791102635065972,49.016,50.934,0.011499999999999844,0.6791102635065971,0.6792076265767337,0.5035000000000007,1.0,4,0,1.0,1.0,0,10396.0,13465.5,0
40,40,power_law,7.573,1.01,10094.0,2.5730000000000004,2.5730000000000004,51.46000000000001,1,1,2.17,1.01,12986.0,0.16999999999999993,0.16999999999999993,8.499999999999996,1,1,6.22,1.01,11165.0,1.2199999999999998,1.2199999999999998,24.399999999999995,1,1,2.792,1.0,8647.0,0.7919999999999998,0.7919999999999998,39.599999999999994,1,1,0.435,1.0,14003.0,-0.16499999999999998,0.16499999999999998,27.499999999999996,0,1,0.006,1.0,24711.0,-0.004,0.004,40.0,1,1,0.278,1.0,38356.0,-0.021999999999999964,0.021999999999999964,7.333333333333322,1,1,14.297,1.01,12683.0,-3.7029999999999994,3.7029999999999994,20.57222222222222,1,1,4,0.97525,0.3818719517063278,0.628,1.611,0.97525,0.3818719517063278,1.0473484377226139,0.97525,1.0,4,0,1.0,1.0,0,1967.0,8565.5,0,4,0.42974999999999997,0.20720325166367443,0.13,0.664,0.42974999999999997,0.20720325166367443,0.47709354428665246,0.42974999999999997,1.0,4,0,1.0025,1.01,0,820.0,7580.25,0,4,-0.8407499999999999,0.6194947033671878,-1.882,-0.255,-0.8407499999999999,0.6194947033671878,1.0443343573779424,0.8407499999999999,1.0,4,0,1.0,1.0,0,1797.0,5498.75,0,4,50.09075,0.4030256660561465,49.638,50.716,0.09074999999999989,0.4030256660561465,0.41311650898989805,0.33924999999999983,1.0,4,0,1.0,1.0,0,1469.0,4884.5,0
41,41,power_law,6.29,1.0,12902.0,1.29,1.29,25.8,1,1,2.425,1.0,16317.0,0.4249999999999998,0.4249999999999998,21.249999999999993,1,1,6.564,1.0,12142.0,1.564,1.564,31.28,1,1,2.131,1.0,15258.0,0.13099999999999978,0.13099999999999978,6.549999999999989,1,1,0.525,1.0,22237.0,-0.07499999999999996,0.07499999999999996,12.499999999999993,1,1,0.042,1.0,35442.0,0.032,0.032,320.0,0,1,0.284,1.0,40303.0,-0.016000000000000014,0.016000000000000014,5.333333333333338,1,1,15.501,1.0,15365.0,-2.4990000000000006,2.4990000000000006,13.883333333333336,1,1,4,0.6387499999999999,0.5332866841577802,0.139,1.526,0.6387499999999999,0.5332866841577802,0.832103509186207,0.6387499999999999,1.0,4,0,1.0,1.0,0,12619.0,17215.25,0,4,0.7512500000000001,0.38063195806447997,0.358,1.318,0.7512500000000001,0.38063195806447997,0.8421741209512437,0.7512500000000001,1.0,4,0,1.0,1.0,0,19000.0,21161.5,0,4,-0.8542500000000001,0.43338976395388024,-1.451,-0.226,-0.8542500000000001,0.43338976395388024,0.9578986115450842,0.8542500000000001,1.0,4,0,1.0,1.0,0,15556.0,18801.25,0,4,50.712500000000006,0.13872544827824598,50.492,50.856,0.7124999999999986,0.13872544827824596,0.7258794665783006,0.7124999999999986,1.0,4,0,1.0,1.0,0,14673.0,16870.0,0
42,42,power_law,6.773,1.0,14128.0,1.7729999999999997,1.7729999999999997,35.459999999999994,1,1,2.122,1.0,17049.0,0.12199999999999989,0.12199999999999989,6.099999999999994,1,1,6.057,1.0,14305.0,1.0570000000000004,1.0570000000000004,21.140000000000008,1,1,2.435,1.0,16864.0,0.43500000000000005,0.43500000000000005,21.750000000000004,1,1,0.507,1.0,14547.0,-0.09299999999999997,0.09299999999999997,15.499999999999996,1,1,0.012,1.0,29537.0,0.002,0.002,20.0,1,1,0.304,1.0,39208.0,0.0040000000000000036,0.0040000000000000036,1.3333333333333346,1,1,11.323,1.0,13172.0,-6.677,6.677,37.09444444444444,0,1,4,1.161,0.6851229816609571,0.367,2.14,1.161,0.6851229816609571,1.3480780763739169,1.161,1.0,4,0,1.0,1.0,0,10684.0,17102.5,0,4,0.5285,0.20331318206156726,0.259,0.832,0.5285,0.20331318206156726,0.5662583332720147,0.5285,1.0,4,0,1.0,1.0,0,13995.0,17797.5,0,4,-1.0422500000000001,1.522738056101574,-3.322,0.678,-1.0422500000000001,1.522738056101574,1.8452686118828336,1.38125,1.0,4,0,1.0,1.0,0,16529.0,18413.5,0,4,50.331500000000005,0.7120640771728352,49.294,51.193,0.33149999999999835,0.7120640771728352,0.7854473247774164,0.6844999999999999,1.0,4,0,1.0,1.0,0,14933.0,17740.0,0
43,43,power_law,6.7,1.0,8103.0,1.7000000000000002,1.7000000000000002,34.0,1,1,2.432,1.02,342.0,0.43199999999999994,0.43199999999999994,21.599999999999998,1,0,6.034,1.01,411.0,1.0339999999999998,1.0339999999999998,20.679999999999996,1,1,2.315,1.02,269.0,0.31499999999999995,0.31499999999999995,15.749999999999996,1,0,0.556,1.01,1013.0,-0.04399999999999993,0.04399999999999993,7.333333333333322,1,1,0.012,1.01,27232.0,0.002,0.002,20.0,1,1,0.313,1.0,27301.0,0.013000000000000012,0.013000000000000012,4.3333333333333375,1,1,14.373,1.0,12321.0,-3.6270000000000007,3.6270000000000007,20.150000000000006,1,1,4,0.4905,0.13914111541884375,0.333,0.706,0.4905,0.13914111541884375,0.5098534103053544,0.4905,1.0,4,0,1.0074999999999998,1.01,0,1359.0,9180.25,0,4,0.5627500000000001,0.3157715748765237,0.264,1.024,0.5627500000000001,0.3157715748765237,0.6452900510623111,0.5627500000000001,1.0,4,0,1.005,1.01,0,847.0,7425.75,0,4,-0.82925,0.37487823022949734,-1.21,-0.223,-0.82925,0.37487823022949734,0.9100490371403072,0.82925,1.0,4,0,1.01,1.02,1,296.0,14633.5,1,4,49.710750000000004,0.32986843968467244,49.335,50.24,-0.2892499999999991,0.32986843968467244,0.4387240020787555,0.4092500000000001,1.0,4,0,1.005,1.01,0,613.0,5961.25,0
44,44,power_law,5.578,1.0,12741.0,0.5780000000000003,0.5780000000000003,11.560000000000006,1,1,2.246,1.0,15897.0,0.246,0.246,12.3,1,1,6.75,1.0,16581.0,1.75,1.75,35.0,1,1,2.487,1.0,17890.0,0.4870000000000001,0.4870000000000001,24.350000000000005,1,1,0.512,1.0,23580.0,-0.08799999999999997,0.08799999999999997,14.66666666666666,1,1,0.012,1.0,35988.0,0.002,0.002,20.0,1,1,0.311,1.0,35546.0,0.01100000000000001,0.01100000000000001,3.66666666666667,1,1,17.985,1.0,15399.0,-0.015000000000000568,0.015000000000000568,0.08333333333333649,1,1,4,0.3145,0.1781972222005719,0.127,0.586,0.3145,0.1781972222005719,0.36147544868220305,0.3145,1.0,4,0,1.0,1.0,0,11365.0,17165.5,0,4,0.468,0.24267880006296388,0.179,0.845,0.468,0.24267880006296388,0.5271783379464676,0.468,1.0,4,0,1.0,1.0,0,10901.0,19500.25,0,4,-0.26375,0.2892899713090656,-0.575,0.208,-0.26375,0.2892899713090656,0.39147509499328303,0.36774999999999997,1.0,4,0,1.0,1.0,0,10905.0,23119.5,0,4,50.28625,0.7510077812512997,49.591,51.549,0.286249999999999,0.7510077812512996,0.8037112354571133,0.5357500000000002,1.0,4,0,1.0,1.0,0,19228.0,24255.25,0
45,45,power_law,8.152,1.0,13389.0,3.1519999999999992,3.1519999999999992,63.039999999999985,1,1,2.841,1.0,15003.0,0.8410000000000002,0.8410000000000002,42.05000000000001,1,1,7.41,1.0,13318.0,2.41,2.41,48.2,1,1,2.469,1.0,12856.0,0.46899999999999986,0.46899999999999986,23.449999999999992,1,1,0.541,1.0,17509.0,-0.05899999999999994,0.05899999999999994,9.833333333333325,1,1,0.013,1.0,20236.0,0.002999999999999999,0.002999999999999999,29.999999999999993,1,1,0.33,1.0,42752.0,0.030000000000000027,0.030000000000000027,10.000000000000009,1,1,14.844,1.0,15953.0,-3.1560000000000006,3.1560000000000006,17.53333333333334,1,1,4,0.6787500000000001,0.318254909624345,0.171,1.046,0.6787500000000001,0.318254909624345,0.7496584222164119,0.6787500000000001,1.0,4,0,1.0,1.0,0,8750.0,13647.5,0,4,0.8839999999999999,0.4489677048519191,0.294,1.402,0.8839999999999999,0.4489677048519191,0.9914776850741522,0.8839999999999999,1.0,4,0,1.0,1.0,0,5686.0,13126.0,0,4,-0.34524999999999995,0.8734770675295374,-1.303,0.543,-0.34524999999999995,0.8734770675295374,0.93923359714184,0.87125,1.0,4,0,1.0,1.0,0,6580.0,17086.25,0,4,50.07925,0.31909745768338404,49.651,50.431,0.07925000000000004,0.31909745768338404,0.328791347209745,0.30524999999999913,1.0,4,0,1.0,1.0,0,9851.0,13099.75,0
46,46,power_law,6.441,1.0,11540.0,1.4409999999999998,1.4409999999999998,28.819999999999997,1,1,2.511,1.0,14259.0,0.5110000000000001,0.5110000000000001,25.550000000000004,1,1,8.394,1.0,16162.0,3.394,3.394,67.88000000000001,1,1,2.489,1.0,16780.0,0.4889999999999999,0.4889999999999999,24.449999999999996,1,1,0.546,1.0,23881.0,-0.05399999999999994,0.05399999999999994,8.99999999999999,1,1,0.007,1.0,32666.0,-0.003,0.003,30.0,1,1,0.373,1.0,31972.0,0.07300000000000001,0.07300000000000001,24.333333333333336,0,1,15.818,1.0,20199.0,-2.1820000000000004,2.1820000000000004,12.122222222222225,1,1,4,0.343,0.2234949663862701,0.149,0.715,0.343,0.2234949663862701,0.4093885684774307,0.343,1.0,4,0,1.0,1.0,0,10992.0,17055.25,0,4,1.1949999999999998,0.625534571386746,0.361,1.972,1.1949999999999998,0.625534571386746,1.348821151969378,1.1949999999999998,1.0,4,0,1.0,1.0,0,13269.0,17889.75,0,4,-0.11399999999999999,0.31683197439652455,-0.485,0.269,-0.11399999999999999,0.31683197439652455,0.3367172404258505,0.3095,1.0,4,0,1.0,1.0,0,14277.0,20498.0,0,4,50.92099999999999,0.9844534016397114,49.899,52.235,0.9209999999999994,0.9844534016397114,1.348105893466829,0.9714999999999989,1.0,4,0,1.0,1.0,0,16395.0,22142.0,0
47,47,power_law,8.0,1.0,13472.0,3.0,3.0,60.0,1,1,2.349,1.0,16342.0,0.3490000000000002,0.3490000000000002,17.45000000000001,1,1,5.579,1.0,15641.0,0.5789999999999997,0.5789999999999997,11.579999999999995,1,1,2.69,1.0,18053.0,0.69,0.69,34.5,1,1,0.528,1.0,15769.0,-0.07199999999999995,0.07199999999999995,11.999999999999993,1,1,0.019,1.0,26796.0,0.009,0.009,89.99999999999999,1,1,0.309,1.0,24731.0,0.009000000000000008,0.009000000000000008,3.0000000000000027,1,1,15.958,1.0,14967.0,-2.042,2.042,11.344444444444443,1,1,4,0.7947500000000001,0.3283370029405763,0.391,1.297,0.7947500000000001,0.3283370029405763,0.8599027561300173,0.7947500000000001,1.0,4,0,1.0,1.0,0,12873.0,17085.25,0,4,0.32800000000000007,0.10233767634649518,0.233,0.497,0.32800000000000007,0.10233767634649518,0.34359423743712586,0.32800000000000007,1.0,4,0,1.0,1.0,0,15905.0,19752.5,0,4,-0.7915000000000001,0.656968987091476,-1.554,0.259,-0.7915000000000001,0.656968987091476,1.0286304000951947,0.921,1.0,4,0,1.0,1.0,0,16653.0,19219.0,0,4,49.67425,0.30176843357117555,49.3,50.07,-0.3257500000000011,0.30176843357117555,0.44404645027294354,0.36075000000000124,1.0,4,0,1.0,1.0,0,18768.0,24321.5,0
48,48,power_law,7.038,1.01,13291.0,2.0380000000000003,2.0380000000000003,40.760000000000005,1,1,2.088,1.01,5825.0,0.08800000000000008,0.08800000000000008,4.400000000000004,1,1,6.379,1.01,2641.0,1.3789999999999996,1.3789999999999996,27.579999999999995,1,1,2.44,1.0,3850.0,0.43999999999999995,0.43999999999999995,21.999999999999996,1,1,0.481,1.01,557.0,-0.119,0.119,19.833333333333332,1,1,0.017,1.0,2399.0,0.007000000000000001,0.007000000000000001,70.0,1,1,0.261,1.0,38745.0,-0.03899999999999998,0.03899999999999998,12.999999999999995,1,1,15.517,1.01,16156.0,-2.4830000000000005,2.4830000000000005,13.794444444444448,1,1,4,0.8955,0.4899635190501432,0.528,1.732,0.8955,0.4899635190501432,1.020776420182206,0.8955,1.0,4,0,1.0125,1.03,1,565.0,4256.25,0,4,0.56575,0.24658606509695555,0.229,0.851,0.56575,0.24658606509695555,0.6171529389057464,0.56575,1.0,4,0,1.015,1.04,1,216.0,962.0,2,4,2.91825,5.380163955447826,-1.72,12.08,2.91825,5.380163955447826,6.120649250692282,3.77825,1.0,4,0,1.155,1.58,2,7.0,10451.25,1,4,47.2695,5.655188171051429,37.637,52.15,-2.7304999999999993,5.655188171051429,6.279871296451862,3.8054999999999986,1.0,4,0,1.1475,1.54,3,7.0,2215.25,2
49,49,power_law,5.602,1.0,10636.0,0.6020000000000003,0.6020000000000003,12.040000000000006,1,1,2.285,1.0,15991.0,0.28500000000000014,0.28500000000000014,14.250000000000007,1,1,6.81,1.0,11959.0,1.8099999999999996,1.8099999999999996,36.199999999999996,1,1,2.159,1.0,16253.0,0.1589999999999998,0.1589999999999998,7.94999999999999,1,1,0.533,1.0,25462.0,-0.06699999999999995,0.06699999999999995,11.166666666666657,1,1,0.019,1.0,34482.0,0.009,0.009,89.99999999999999,1,1,0.328,1.0,44805.0,0.028000000000000025,0.028000000000000025,9.333333333333343,1,1,12.871,1.0,10026.0,-5.129,5.129,28.494444444444444,0,1,4,0.33575,0.17581151128410222,0.189,0.635,0.33575,0.17581151128410222,0.3789957123768025,0.33575,1.0,4,0,1.0,1.0,0,19078.0,21749.0,0,4,0.62825,0.13722859578090857,0.405,0.767,0.62825,0.13722859578090857,0.6430627885362362,0.62825,1.0,4,0,1.0,1.0,0,15483.0,21815.25,0,4,-0.08324999999999999,0.4665937070942985,-0.668,0.631,-0.08324999999999999,0.4665937070942985,0.4739622875292928,0.39875,1.0,4,0,1.0,1.0,0,12223.0,18599.0,0,4,50.386500000000005,0.722461936713625,49.193,50.972,0.38649999999999984,0.7224619367136249,0.8193494370535698,0.7900000000000009,1.0,4,0,1.0,1.0,0,10317.0,18536.25,0
50,50,power_law,7.584,1.0,13978.0,2.5839999999999996,2.5839999999999996,51.67999999999999,1,1,2.4,1.0,15968.0,0.3999999999999999,0.3999999999999999,19.999999999999996,1,1,6.66,1.0,12210.0,1.6600000000000001,1.6600000000000001,33.2,1,1,2.371,1.0,14450.0,0.371,0.371,18.55,1,1,0.511,1.0,19306.0,-0.08899999999999997,0.08899999999999997,14.833333333333329,1,1,0.012,1.0,32568.0,0.002,0.002,20.0,1,1,0.299,1.0,41013.0,-0.0010000000000000009,0.0010000000000000009,0.33333333333333365,1,1,13.787,1.0,20237.0,-4.212999999999999,4.212999999999999,23.40555555555555,0,1,4,0.7220000000000001,0.2935992166202083,0.531,1.23,0.7220000000000001,0.2935992166202083,0.7794129200879338,0.7220000000000001,1.0,4,0,1.0,1.0,0,12025.0,20189.25,0,4,0.64925,0.28440321288621195,0.257,0.987,0.64925,0.28440321288621195,0.7088093890461665,0.64925,1.0,4,0,1.0,1.0,0,14346.0,19492.0,0,4,-0.6087499999999999,0.7296322275639967,-1.845,-0.033,-0.6087499999999999,0.7296322275639967,0.9502314191816643,0.6087499999999999,1.0,4,0,1.0,1.0,0,16520.0,19621.25,0,4,50.8645,0.5462062339446507,50.085,51.614,0.8644999999999996,0.5462062339446507,1.0225954723154205,0.8644999999999996,1.0,4,0,1.0,1.0,0,12592.0,15915.5,0
51,51,power_law,6.873,1.0,13137.0,1.8730000000000002,1.8730000000000002,37.46000000000001,1,1,1.999,1.0,15180.0,-0.0009999999999998899,0.0009999999999998899,0.04999999999999449,1,1,5.046,1.0,9917.0,0.04600000000000026,0.04600000000000026,0.9200000000000051,1,1,2.104,1.0,13617.0,0.10400000000000009,0.10400000000000009,5.200000000000005,1,1,0.505,1.0,8326.0,-0.09499999999999997,0.09499999999999997,15.83333333333333,1,1,0.012,1.0,26403.0,0.002,0.002,20.0,1,1,0.321,1.0,8044.0,0.02100000000000002,0.02100000000000002,7.000000000000006,1,1,15.117,1.0,11681.0,-2.882999999999999,2.882999999999999,16.016666666666662,1,1,4,0.90025,0.24427584305452724,0.585,1.183,0.90025,0.24427584305452724,0.9328026318573507,0.90025,1.0,4,0,1.0,1.0,0,8469.0,11505.25,0,4,0.48824999999999996,0.19536936172286584,0.312,0.814,0.48824999999999996,0.19536936172286584,0.5258871076571472,0.48824999999999996,1.0,4,0,1.0,1.0,0,4161.0,6699.0,0,4,-1.0510000000000002,0.7697545063200345,-2.201,-0.093,-1.0510000000000002,0.7697545063200345,1.3027367347242498,1.0510000000000002,1.0,4,0,1.0,1.0,0,6818.0,12166.25,0,4,50.508250000000004,0.4124120360755734,50.009,51.149,0.5082500000000003,0.4124120360755734,0.6545240637287527,0.5082500000000003,1.0,4,0,1.0,1.0,0,5195.0,12422.5,0
52,52,power_law,6.835,1.0,13836.0,1.835,1.835,36.7,1,1,2.472,1.0,8677.0,0.472,0.472,23.599999999999998,1,1,7.886,1.0,12795.0,2.886,2.886,57.720000000000006,1,1,2.447,1.0,10260.0,0.44700000000000006,0.44700000000000006,22.35,1,1,0.545,1.0,20485.0,-0.05499999999999994,0.05499999999999994,9.166666666666657,1,1,0.006,1.0,24639.0,-0.004,0.004,40.0,1,1,0.308,1.0,35182.0,0.008000000000000007,0.008000000000000007,2.666666666666669,1,1,17.316,1.0,8239.0,-0.684000000000001,0.684000000000001,3.800000000000006,1,1,4,0.319,0.13265556905007797,0.155,0.513,0.319,0.13265556905007797,0.3454829952399973,0.319,1.0,4,0,1.0,1.0,0,14375.0,17378.25,0,4,1.30625,0.8382897395888846,0.275,2.54,1.30625,0.8382897395888846,1.5521013981051623,1.30625,1.0,4,0,1.0,1.0,0,5871.0,14442.0,0,4,-0.27025,0.31282133479032403,-0.733,0.13,-0.27025,0.31282133479032403,0.41339115858953734,0.33525,1.0,4,0,1.0,1.0,0,11653.0,17822.0,0,4,50.23125,0.7185427527294408,49.08,51.057,0.23125000000000107,0.7185427527294408,0.75483789650494,0.6912500000000019,1.0,4,0,1.0,1.0,0,17812.0,21304.75,0
53,53,power_law,5.928,1.0,9820.0,0.9279999999999999,0.9279999999999999,18.56,1,1,1.952,1.0,13286.0,-0.04800000000000004,0.04800000000000004,2.400000000000002,1,1,6.354,1.0,13691.0,1.354,1.354,27.080000000000005,1,1,2.608,1.0,16748.0,0.6080000000000001,0.6080000000000001,30.400000000000006,1,1,0.494,1.0,15004.0,-0.10599999999999998,0.10599999999999998,17.666666666666664,1,1,0.007,1.0,24769.0,-0.003,0.003,30.0,1,1,0.341,1.0,26459.0,0.041000000000000036,0.041000000000000036,13.66666666666668,1,1,16.667,1.0,11676.0,-1.3329999999999984,1.3329999999999984,7.405555555555547,1,1,4,0.8165,0.2560873874285885,0.389,1.067,0.8165,0.2560873874285885,0.8557178273239374,0.8165,1.0,4,0,1.0,1.0,0,8547.0,14928.25,0,4,0.5895,0.16160832280547932,0.418,0.801,0.5895,0.16160832280547932,0.6112507668706846,0.5895,1.0,4,0,1.0,1.0,0,8615.0,13410.25,0,4,-1.0725,0.31782581707595753,-1.574,-0.692,-1.0725,0.31782581707595753,1.1186015823339426,1.0725,1.0,4,0,1.0,1.0,0,6351.0,9667.5,0,4,49.99625,0.8852856530521666,48.911,51.371,-0.003750000000000142,0.8852856530521667,0.8852935953682265,0.6892500000000013,1.0,4,0,1.0,1.0,0,14773.0,19057.5,0
54,54,power_law,7.001,1.0,9777.0,2.0010000000000003,2.0010000000000003,40.02,1,1,2.283,1.0,8616.0,0.2829999999999999,0.2829999999999999,14.149999999999995,1,1,6.289,1.0,13540.0,1.2889999999999997,1.2889999999999997,25.77999999999999,1,1,2.57,1.0,15182.0,0.5699999999999998,0.5699999999999998,28.499999999999993,1,1,0.514,1.0,19163.0,-0.08599999999999997,0.08599999999999997,14.333333333333329,1,1,0.012,1.0,16552.0,0.002,0.002,20.0,1,1,0.296,1.0,21623.0,-0.0040000000000000036,0.0040000000000000036,1.3333333333333346,1,1,22.563,1.0,18879.0,4.562999999999999,4.562999999999999,25.349999999999994,1,1,4,0.821,0.32100233644009507,0.38,1.138,0.821,0.32100233644009507,0.8815233973071844,0.821,1.0,4,0,1.0,1.0,0,12728.0,17626.25,0,4,0.46199999999999997,0.18479448043705202,0.221,0.737,0.46199999999999997,0.18479448043705202,0.49758717829140253,0.46199999999999997,1.0,4,0,1.0,1.0,0,6962.0,12685.25,0,4,-1.74475,0.5123789491187162,-2.315,-1.084,-1.74475,0.5123789491187162,1.8184291985117265,1.74475,1.0,4,0,1.0,1.0,0,13858.0,15424.75,0,4,50.13,0.511811977194749,49.276,50.613,0.13000000000000078,0.511811977194749,0.5280639165858605,0.4919999999999991,1.0,4,0,1.0,1.0,0,4821.0,14004.25,0
55,55,power_law,7.78,1.0,12215.0,2.7800000000000002,2.7800000000000002,55.60000000000001,1,1,2.637,1.0,15291.0,0.637,0.637,31.85,1,1,5.785,1.0,11293.0,0.7850000000000001,0.7850000000000001,15.700000000000003,1,1,2.221,1.0,13899.0,0.22100000000000009,0.22100000000000009,11.050000000000004,1,1,0.522,1.0,20653.0,-0.07799999999999996,0.07799999999999996,12.999999999999995,1,1,0.012,1.0,27892.0,0.002,0.002,20.0,1,1,0.279,1.0,34781.0,-0.020999999999999963,0.020999999999999963,6.9999999999999885,1,1,18.828,1.0,13695.0,0.8279999999999994,0.8279999999999994,4.599999999999996,1,1,4,0.43474999999999997,0.23556992061806192,0.173,0.816,0.43474999999999997,0.23556992061806192,0.49447017099113266,0.43474999999999997,1.0,4,0,1.0,1.0,0,10401.0,17432.0,0,4,0.5445,0.5909727151062052,0.194,1.568,0.5445,0.5909727151062052,0.803572647618123,0.5445,1.0,4,0,1.0,1.0,0,14389.0,20487.0,0,4,-0.7010000000000001,0.5471503449692781,-1.429,0.069,-0.7010000000000001,0.5471503449692781,0.8892550252880217,0.7355,1.0,4,0,1.0,1.0,0,14641.0,19860.5,0,4,50.355999999999995,1.0231265806340888,49.226,51.402,0.35599999999999987,1.0231265806340888,1.083293127459047,1.0200000000000014,1.0,4,0,1.0,1.0,0,18382.0,21792.25,0
56,56,power_law,6.308,1.0,6797.0,1.3079999999999998,1.3079999999999998,26.159999999999993,1,1,2.082,1.0,11106.0,0.08199999999999985,0.08199999999999985,4.0999999999999925,1,1,4.44,1.0,8213.0,-0.5599999999999996,0.5599999999999996,11.199999999999992,1,1,2.002,1.0,11256.0,0.0019999999999997797,0.0019999999999997797,0.09999999999998899,1,1,0.454,1.0,6320.0,-0.14599999999999996,0.14599999999999996,24.33333333333333,0,1,0.012,1.0,27524.0,0.002,0.002,20.0,1,1,0.3,1.0,16736.0,0.0,0.0,0.0,1,1,15.541,1.0,10926.0,-2.4589999999999996,2.4589999999999996,13.66111111111111,1,1,4,1.1007500000000001,0.6177193436343077,0.385,2.046,1.1007500000000001,0.6177193436343077,1.2622312585259485,1.1007500000000001,1.0,4,0,1.0,1.0,0,5210.0,10949.0,0,4,0.31875,0.18585259616158178,0.141,0.631,0.31875,0.18585259616158178,0.3689752701740321,0.31875,1.0,4,0,1.0,1.0,0,8395.0,12915.75,0,4,-0.5820000000000001,1.031455767350205,-1.749,0.877,-0.5820000000000001,1.031455767350205,1.1843247020982042,1.0205,1.0,4,0,1.0,1.0,0,8112.0,11171.5,0,4,50.04075,0.6904130557137512,48.908,50.753,0.04075000000000095,0.6904130557137513,0.6916145964335915,0.5867500000000003,1.0,4,0,1.0,1.0,0,5909.0,12674.25,0
57,57,power_law,6.851,1.0,14124.0,1.851,1.851,37.019999999999996,1,1,2.161,1.0,16312.0,0.16100000000000003,0.16100000000000003,8.05,1,1,6.111,1.0,14380.0,1.1109999999999998,1.1109999999999998,22.219999999999995,1,1,2.282,1.0,17115.0,0.28200000000000003,0.28200000000000003,14.100000000000001,1,1,0.493,1.0,22368.0,-0.10699999999999998,0.10699999999999998,17.833333333333332,1,1,0.012,1.0,34931.0,0.002,0.002,20.0,1,1,0.277,1.0,41118.0,-0.022999999999999965,0.022999999999999965,7.666666666666655,1,1,15.714,1.0,16296.0,-2.2859999999999996,2.2859999999999996,12.699999999999998,1,1,4,0.8519999999999999,0.2331255026804232,0.473,1.096,0.8519999999999999,0.2331255026804232,0.8833184589942633,0.8519999999999999,1.0,4,0,1.0,1.0,0,14163.0,17863.25,0,4,1.068,0.7328287658109499,0.462,2.262,1.068,0.7328287658109499,1.2952459225953965,1.068,1.0,4,0,1.0,1.0,0,12657.0,21439.5,0,4,-0.44875,1.1745089133335687,-1.462,1.455,-0.44875,1.1745089133335687,1.2573176806201365,1.17625,1.0,4,0,1.0,1.0,0,17287.0,19534.5,0,4,51.28125000000001,0.2819214207895539,50.967,51.716,1.28125,0.2819214207895539,1.3118998627944134,1.28125,1.0,4,0,1.0,1.0,0,16681.0,18640.75,0
58,58,power_law,7.115,1.0,14633.0,2.115,2.115,42.300000000000004,1,1,2.195,1.0,15904.0,0.19499999999999984,0.19499999999999984,9.749999999999993,1,1,4.995,1.0,11265.0,-0.004999999999999893,0.004999999999999893,0.09999999999999788,1,1,2.19,1.0,13466.0,0.18999999999999995,0.18999999999999995,9.499999999999996,1,1,0.527,1.0,22983.0,-0.07299999999999995,0.07299999999999995,12.166666666666659,1,1,0.012,1.0,34730.0,0.002,0.002,20.0,1,1,0.3,1.0,36457.0,0.0,0.0,0.0,1,1,16.207,1.0,15635.0,-1.7929999999999993,1.7929999999999993,9.961111111111107,1,1,4,1.0495,0.6035103561663213,0.242,1.898,1.0495,0.6035103561663213,1.2106506515093443,1.0495,1.0,4,0,1.0,1.0,0,7571.0,17229.75,0,4,0.36775,0.17717699483849475,0.186,0.569,0.36775,0.17717699483849475,0.4082055242154373,0.36775,1.0,4,0,1.0,1.0,0,11691.0,16242.5,0,4,-1.051,0.796322484926804,-2.379,-0.298,-1.051,0.796322484926804,1.3186093052909946,1.051,1.0,4,0,1.0,1.0,0,14802.0,19647.0,0,4,50.00975,0.21399576514501428,49.641,50.168,0.009749999999998593,0.21399576514501428,0.2142177630356551,0.18924999999999947,1.0,4,0,1.0,1.0,0,15246.0,20346.5,0
59,59,power_law,6.096,1.0,13286.0,1.096,1.096,21.92,1,1,2.454,1.0,16341.0,0.4540000000000002,0.4540000000000002,22.70000000000001,1,1,6.634,1.0,10449.0,1.6340000000000003,1.6340000000000003,32.68000000000001,1,1,1.997,1.0,12596.0,-0.0029999999999998916,0.0029999999999998916,0.14999999999999458,1,1,0.534,1.0,17583.0,-0.06599999999999995,0.06599999999999995,10.999999999999991,1,1,0.006,1.0,19221.0,-0.004,0.004,40.0,1,1,0.309,1.0,29740.0,0.009000000000000008,0.009000000000000008,3.0000000000000027,1,1,14.907,1.0,12793.0,-3.093,3.093,17.183333333333334,1,1,4,0.52025,0.3339643506424002,0.253,1.086,0.52025,0.3339643506424002,0.6182169926490213,0.52025,1.0,4,0,1.0,1.0,0,13366.0,18435.75,0,4,1.21225,0.6874308601597692,0.63,2.366,1.21225,0.6874308601597692,1.3935965162126376,1.21225,1.0,4,0,1.0,1.0,0,8757.0,16882.75,0,4,-0.52525,0.47801693223148484,-1.005,0.266,-0.52525,0.47801693223148484,0.7102026119354954,0.65825,1.0,4,0,1.0,1.0,0,16433.0,20393.25,0,4,51.0945,1.1398281668742885,49.205,52.242,1.0945,1.1398281668742885,1.5802336852503813,1.4920000000000009,1.0,4,0,1.0,1.0,0,11283.0,16500.5,0
60,60,power_law,6.19,1.0,12447.0,1.1900000000000004,1.1900000000000004,23.800000000000008,1,1,2.116,1.0,14192.0,0.1160000000000001,0.1160000000000001,5.800000000000005,1,1,4.026,1.0,8193.0,-0.9740000000000002,0.9740000000000002,19.480000000000004,1,1,1.96,1.0,10768.0,-0.040000000000000036,0.040000000000000036,2.0000000000000018,1,1,0.511,1.0,16617.0,-0.08899999999999997,0.08899999999999997,14.833333333333329,1,1,0.006,1.0,24553.0,-0.004,0.004,40.0,1,1,0.242,1.0,13619.0,-0.057999999999999996,0.057999999999999996,19.333333333333332,1,1,18.845,1.0,10464.0,0.8449999999999989,0.8449999999999989,4.6944444444444375,1,1,4,0.8370000000000001,0.42428351370280704,0.53,1.568,0.8370000000000001,0.42428351370280704,0.9383951726218546,0.8370000000000001,1.0,4,0,1.0,1.0,0,10072.0,14633.75,0,4,0.33149999999999996,0.15415657624636062,0.18,0.589,0.33149999999999996,0.15415657624636062,0.3655906180415466,0.33149999999999996,1.0,4,0,1.0,1.0,0,9690.0,12720.5,0,4,-0.73075,1.0602915577802174,-1.929,0.913,-0.73075,1.0602915577802174,1.2877164866537976,1.1872500000000001,1.0,4,0,1.0,1.0,0,13314.0,14243.5,0,4,49.79175,0.39874326013112654,49.203,50.192,-0.2082499999999996,0.39874326013112654,0.4498491413796397,0.36524999999999963,1.0,4,0,1.0,1.0,0,7679.0,14932.25,0
61,61,power_law,7.25,1.0,11881.0,2.25,2.25,45.0,1,1,2.851,1.0,9570.0,0.851,0.851,42.55,1,1,6.439,1.0,9823.0,1.439,1.439,28.78,1,1,2.192,1.0,11528.0,0.19200000000000017,0.19200000000000017,9.600000000000009,1,1,0.526,1.0,22188.0,-0.07399999999999995,0.07399999999999995,12.333333333333327,1,1,0.031,1.0,30666.0,0.020999999999999998,0.020999999999999998,209.99999999999997,1,1,0.298,1.0,26282.0,-0.0020000000000000018,0.0020000000000000018,0.6666666666666673,1,1,17.893,1.0,11411.0,-0.10699999999999932,0.10699999999999932,0.5944444444444407,1,1,4,0.46924999999999994,0.17603746050201927,0.245,0.7,0.46924999999999994,0.17603746050201927,0.5011833496835264,0.46924999999999994,1.0,4,0,1.0,1.0,0,12222.0,16760.0,0,4,0.67425,0.3456735273346803,0.339,1.194,0.67425,0.3456735273346803,0.7576960142431792,0.67425,1.0,4,0,1.0,1.0,0,9311.0,13882.25,0,4,0.03225000000000002,0.6880822534406771,-0.978,0.775,0.03225000000000002,0.6880822534406771,0.6888376078583399,0.6272500000000001,1.0,4,0,1.0,1.0,0,16170.0,21136.75,0,4,50.58325,0.8593184435935249,49.185,51.415,0.5832499999999996,0.8593184435935249,1.0385609033658054,0.9907499999999985,1.0,4,0,1.0,1.0,0,12007.0,15224.25,0
62,62,power_law,5.684,1.0,13031.0,0.6840000000000002,0.6840000000000002,13.680000000000003,1,1,2.241,1.0,15888.0,0.2410000000000001,0.2410000000000001,12.050000000000004,1,1,6.671,1.0,13299.0,1.6710000000000003,1.6710000000000003,33.42,1,1,2.204,1.0,15833.0,0.20400000000000018,0.20400000000000018,10.20000000000001,1,1,0.545,1.0,24536.0,-0.05499999999999994,0.05499999999999994,9.166666666666657,1,1,0.013,1.0,26545.0,0.002999999999999999,0.002999999999999999,29.999999999999993,1,1,0.348,1.0,38272.0,0.04799999999999999,0.04799999999999999,15.999999999999998,1,1,17.328,1.0,13858.0,-0.6720000000000006,0.6720000000000006,3.7333333333333365,1,1,4,0.23274999999999998,0.11032537106214507,0.136,0.411,0.23274999999999998,0.11032537106214507,0.25757377583907876,0.23274999999999998,1.0,4,0,1.0,1.0,0,12379.0,19564.75,0,4,0.5239999999999999,0.26935200017820543,0.199,0.848,0.5239999999999999,0.26935200017820543,0.5891744223911964,0.5239999999999999,1.0,4,0,1.0,1.0,0,12271.0,18841.0,0,4,-0.05449999999999999,0.6493152162085838,-0.582,1.051,-0.05449999999999999,0.6493152162085838,0.6515984192737119,0.58,1.0,4,0,1.0,1.0,0,17017.0,24377.75,0,4,49.687,0.4752909635160329,49.316,50.492,-0.3130000000000006,0.47529096351603284,0.5690962133066774,0.5589999999999993,1.0,4,0,1.0,1.0,0,14787.0,20189.25,0
63,63,power_law,5.922,1.01,6026.0,0.9219999999999997,0.9219999999999997,18.439999999999994,1,1,2.102,1.0,10612.0,0.10199999999999987,0.10199999999999987,5.099999999999993,1,1,6.311,1.0,16589.0,1.311,1.311,26.22,1,1,2.935,1.03,102.0,0.935,0.935,46.75,1,0,0.465,1.05,53.0,-0.13499999999999995,0.13499999999999995,22.499999999999993,0,0,0.024,1.0,30006.0,0.014,0.014,140.0,1,1,0.299,1.0,33522.0,-0.0010000000000000009,0.0010000000000000009,0.33333333333333365,1,1,17.622,1.0,9028.0,-0.3780000000000001,0.3780000000000001,2.1000000000000005,1,1,4,0.734,0.6005268520224554,0.163,1.725,0.734,0.6005268520224554,0.948360954489376,0.734,1.0,4,0,1.0150000000000001,1.06,1,44.0,13977.0,1,4,0.35324999999999995,0.21433778831554645,0.092,0.593,0.35324999999999995,0.21433778831554645,0.41319033144544903,0.35324999999999995,1.0,4,0,1.09,1.36,1,66.0,13217.5,1,4,2.71325,5.494314851507875,-0.67,12.227,2.71325,5.494314851507875,6.127741937288156,3.40025,1.0,4,0,1.1325,1.53,1,7.0,10829.5,1,4,46.747499999999995,5.234000405999219,37.719,50.19,-3.2524999999999995,5.234000405999219,6.162265533064929,3.394499999999999,1.0,4,0,1.1325,1.53,1,7.0,15666.5,1
64,64,power_law,7.725,1.0,14675.0,2.7249999999999996,2.7249999999999996,54.49999999999999,1,1,2.502,1.0,16140.0,0.5019999999999998,0.5019999999999998,25.099999999999987,1,1,6.616,1.0,17917.0,1.6159999999999997,1.6159999999999997,32.31999999999999,1,1,2.596,1.0,19300.0,0.5960000000000001,0.5960000000000001,29.800000000000004,1,1,0.53,1.0,24121.0,-0.06999999999999995,0.06999999999999995,11.666666666666659,1,1,0.029,1.0,37539.0,0.019000000000000003,0.019000000000000003,190.00000000000003,1,1,0.245,1.0,35802.0,-0.05499999999999999,0.05499999999999999,18.333333333333332,1,1,17.391,1.0,9147.0,-0.6090000000000018,0.6090000000000018,3.383333333333343,1,1,4,0.527,0.26888752295337176,0.093,0.782,0.527,0.26888752295337176,0.5916329098351443,0.527,1.0,4,0,1.0,1.0,0,8770.0,15936.25,0,4,0.2825,0.12546015303673114,0.16,0.472,0.2825,0.12546015303673114,0.3091059688844588,0.2825,1.0,4,0,1.0,1.0,0,13484.0,21112.25,0,4,-0.4235,0.24952805453495602,-0.85,-0.217,-0.4235,0.24952805453495602,0.49154501319818106,0.4235,1.0,4,0,1.0,1.0,0,17795.0,22248.25,0,4,49.82625,0.4744019261132914,49.022,50.238,-0.17375000000000007,0.47440192611329146,0.5052190119146357,0.3332500000000014,1.0,4,0,1.0,1.0,0,22365.0,25325.75,0
65,65,power_law,5.123,1.0,7884.0,0.12300000000000022,0.12300000000000022,2.4600000000000044,1,1,2.447,1.0,11403.0,0.44700000000000006,0.44700000000000006,22.35,1,1,6.36,1.0,8679.0,1.3600000000000003,1.3600000000000003,27.200000000000006,1,1,1.975,1.0,11277.0,-0.02499999999999991,0.02499999999999991,1.2499999999999956,1,1,0.566,1.0,7870.0,-0.03400000000000003,0.03400000000000003,5.666666666666672,1,1,0.013,1.0,9420.0,0.002999999999999999,0.002999999999999999,29.999999999999993,1,1,0.322,1.0,12274.0,0.02200000000000002,0.02200000000000002,7.33333333333334,1,1,18.913,1.0,10989.0,0.9130000000000003,0.9130000000000003,5.072222222222224,1,1,4,0.1405,0.09210456014769303,0.051,0.273,0.1405,0.09210456014769303,0.1679985118981713,0.1405,1.0,4,0,1.0,1.0,0,5730.0,9080.25,0,4,0.61925,0.37256299802852133,0.182,1.019,0.61925,0.37256299802852133,0.7226850973971995,0.61925,1.0,4,0,1.0,1.0,0,16632.0,20304.75,0,4,0.017500000000000012,0.5133587926587018,-0.769,0.661,0.017500000000000012,0.5133587926587018,0.5136569867138965,0.402,1.0,4,0,1.0,1.0,0,4003.0,11684.0,0,4,50.93124999999999,0.6575991845341664,50.228,51.718,0.9312500000000004,0.6575991845341664,1.1400277408905457,0.9312500000000004,1.0,4,0,1.0,1.0,0,6632.0,9678.75,0
66,66,power_law,6.109,1.07,13326.0,1.109,1.109,22.18,1,0,2.327,1.02,11167.0,0.32699999999999996,0.32699999999999996,16.349999999999998,1,0,7.421,1.01,4758.0,2.4210000000000003,2.4210000000000003,48.42000000000001,1,1,2.376,1.02,197.0,0.3759999999999999,0.3759999999999999,18.799999999999994,1,0,0.535,1.01,330.0,-0.06499999999999995,0.06499999999999995,10.833333333333325,1,1,0.012,1.03,11148.0,0.002,0.002,20.0,1,0,0.288,1.01,3057.0,-0.01200000000000001,0.01200000000000001,4.0000000000000036,1,1,15.888,1.03,78.0,-2.112,2.112,11.733333333333334,1,0,4,0.29800000000000004,0.08995276538272741,0.213,0.449,0.29800000000000004,0.08995276538272741,0.311280420200179,0.29800000000000004,1.0,4,0,1.0175,1.03,2,1980.0,7315.0,0,4,0.9392499999999999,0.42022516285915096,0.375,1.543,0.9392499999999999,0.42022516285915096,1.028970237664822,0.9392499999999999,1.0,4,0,1.0550000000000002,1.09,4,46.0,12162.5,2,4,-0.36650000000000005,0.4436696406111196,-1.06,0.176,-0.36650000000000005,0.4436696406111196,0.5754693736420732,0.4545,1.0,4,0,1.02,1.04,2,63.0,728.25,2,4,51.504,1.0706803911532157,49.799,52.63,1.5040000000000013,1.0706803911532154,1.8461778083380829,1.6045000000000016,1.0,4,0,1.0325,1.05,3,48.0,4422.0,3
67,67,power_law,7.452,1.0,13695.0,2.452,2.452,49.04,1,1,2.428,1.0,14925.0,0.42799999999999994,0.42799999999999994,21.4,1,1,6.817,1.0,14728.0,1.8170000000000002,1.8170000000000002,36.34,1,1,2.449,1.0,17838.0,0.44899999999999984,0.44899999999999984,22.449999999999992,1,1,0.519,1.0,23770.0,-0.08099999999999996,0.08099999999999996,13.499999999999995,1,1,0.013,1.0,28394.0,0.002999999999999999,0.002999999999999999,29.999999999999993,1,1,0.324,1.0,42081.0,0.02400000000000002,0.02400000000000002,8.000000000000007,1,1,16.822,1.0,19031.0,-1.1780000000000008,1.1780000000000008,6.544444444444449,1,1,4,0.55775,0.4443418588204357,0.145,1.307,0.55775,0.4443418588204357,0.7131092132345508,0.55775,1.0,4,0,1.0,1.0,0,14662.0,18644.0,0,4,0.374,0.15247622765532992,0.193,0.593,0.374,0.15247622765532992,0.40388736053508784,0.374,1.0,4,0,1.0,1.0,0,16516.0,21408.75,0,4,-0.764,1.0868596965570119,-2.504,0.432,-0.764,1.0868596965570119,1.3285179712747586,0.98,1.0,4,0,1.0,1.0,0,22462.0,26304.75,0,4,50.8725,0.24715430402888022,50.635,51.274,0.8725000000000005,0.24715430402888022,0.9068304692719589,0.8725000000000005,1.0,4,0,1.0,1.0,0,18194.0,19648.5,0
68,68,power_law,5.218,1.0,12914.0,0.21799999999999997,0.21799999999999997,4.359999999999999,1,1,2.059,1.0,14963.0,0.05900000000000016,0.05900000000000016,2.950000000000008,1,1,5.563,1.0,11089.0,0.5629999999999997,0.5629999999999997,11.259999999999994,1,1,2.281,1.0,13600.0,0.28100000000000014,0.28100000000000014,14.050000000000008,1,1,0.502,1.0,21324.0,-0.09799999999999998,0.09799999999999998,16.33333333333333,1,1,0.012,1.0,32653.0,0.002,0.002,20.0,1,1,0.243,1.0,26461.0,-0.056999999999999995,0.056999999999999995,19.0,1,1,16.594,1.0,14192.0,-1.4059999999999988,1.4059999999999988,7.811111111111105,1,1,4,0.50125,0.35158027177303336,0.11,1.014,0.50125,0.35158027177303336,0.6122583196658091,0.50125,1.0,4,0,1.0,1.0,0,11189.0,17372.5,0,4,0.34925,0.17663857874201774,0.177,0.645,0.34925,0.17663857874201774,0.3913780142011046,0.34925,1.0,4,0,1.0,1.0,0,14387.0,18427.75,0,4,0.61225,1.0792836455260497,-0.354,2.343,0.61225,1.0792836455260497,1.2408477948564038,0.90825,1.0,4,0,1.0,1.0,0,21809.0,23263.0,0,4,50.67625,0.6185128838593413,49.74,51.368,0.6762500000000014,0.6185128838593414,0.9164454430024741,0.8062500000000004,1.0,4,0,1.0,1.0,0,14977.0,17442.5,0
69,69,power_law,10.418,1.0,16818.0,5.417999999999999,5.417999999999999,108.35999999999999,1,1,3.092,1.0,17741.0,1.092,1.092,54.6,1,1,7.811,1.0,14800.0,2.811,2.811,56.220000000000006,1,1,2.986,1.0,16603.0,0.9860000000000002,0.9860000000000002,49.30000000000001,1,1,0.494,1.0,20699.0,-0.10599999999999998,0.10599999999999998,17.666666666666664,1,1,0.006,1.0,23323.0,-0.004,0.004,40.0,1,1,0.299,1.0,37871.0,-0.0010000000000000009,0.0010000000000000009,0.33333333333333365,1,1,20.978,1.0,20457.0,2.9780000000000015,2.9780000000000015,16.544444444444455,1,1,4,0.8545,0.4634471383016621,0.457,1.632,0.8545,0.4634471383016621,0.9720871874477103,0.8545,1.0,4,0,1.0,1.0,0,8049.0,13271.25,0,4,0.4665,0.256164497930529,0.132,0.817,0.4665,0.256164497930529,0.5322053175232281,0.4665,1.0,4,0,1.0,1.0,0,4711.0,14235.75,0,4,-0.5685,1.0852042434491307,-2.419,0.338,-0.5685,1.0852042434491307,1.2250961186780407,0.738,1.0,4,0,1.0,1.0,0,15833.0,19756.25,0,4,50.19675,0.45285283205474147,49.423,50.56,0.19675000000000153,0.45285283205474147,0.4937471518905203,0.4852500000000006,1.0,4,0,1.0,1.0,0,16893.0,21742.25,0
70,70,power_law,6.475,1.0,15813.0,1.4749999999999996,1.4749999999999996,29.499999999999993,1,1,2.659,1.0,17731.0,0.6589999999999998,0.6589999999999998,32.94999999999999,1,1,6.22,1.0,12245.0,1.2199999999999998,1.2199999999999998,24.399999999999995,1,1,2.346,1.0,14752.0,0.3460000000000001,0.3460000000000001,17.300000000000004,1,1,0.519,1.0,23129.0,-0.08099999999999996,0.08099999999999996,13.499999999999995,1,1,0.025,1.0,10969.0,0.015000000000000001,0.015000000000000001,150.0,1,1,0.314,1.0,38493.0,0.014000000000000012,0.014000000000000012,4.666666666666671,1,1,21.419,1.0,13409.0,3.4190000000000005,3.4190000000000005,18.994444444444447,1,1,4,0.28875,0.10341270473205892,0.113,0.367,0.28875,0.10341270473205892,0.30670955316064086,0.28875,1.0,4,0,1.0,1.0,0,14471.0,20513.25,0,4,0.4555,0.31606763516690534,0.165,0.977,0.4555,0.31606763516690534,0.554417712559763,0.4555,1.0,4,0,1.0,1.0,0,6903.0,16138.25,0,4,-0.51575,1.207201800653064,-2.418,0.752,-0.51575,1.207201800653064,1.3127582603053771,1.01675,0.75,3,0,1.0,1.0,0,19676.0,23056.0,0,4,49.90825000000001,0.5424312744486637,49.497,50.834,-0.09174999999999933,0.5424312744486637,0.5501361195195252,0.5087500000000009,1.0,4,0,1.0,1.0,0,13905.0,19812.0,0
71,71,power_law,4.77,1.0,9753.0,-0.23000000000000043,0.23000000000000043,4.6000000000000085,1,1,2.018,1.02,241.0,0.017999999999999794,0.017999999999999794,0.8999999999999897,1,0,6.103,1.0,10672.0,1.1029999999999998,1.1029999999999998,22.059999999999995,1,1,2.239,1.01,4891.0,0.23899999999999988,0.23899999999999988,11.949999999999994,1,1,0.532,1.0,19741.0,-0.06799999999999995,0.06799999999999995,11.333333333333325,1,1,0.024,1.0,30959.0,0.014,0.014,140.0,1,1,0.267,1.0,34316.0,-0.032999999999999974,0.032999999999999974,10.999999999999991,1,1,16.324,1.0,12790.0,-1.6759999999999984,1.6759999999999984,9.311111111111101,1,1,4,0.6799999999999999,0.5261501686781065,0.148,1.43,0.6799999999999999,0.5261501686781065,0.8597871829702975,0.6799999999999999,1.0,4,0,1.0025,1.01,0,7282.0,13017.0,0,4,0.7020000000000001,0.1830915071760566,0.39,0.839,0.7020000000000001,0.1830915071760566,0.7254836317933023,0.7020000000000001,1.0,4,0,1.0074999999999998,1.01,0,10626.0,16866.25,0,4,6.6114999999999995,10.80329138503632,-0.313,25.293,6.6114999999999995,10.80329138503632,12.665821607775785,6.768,1.0,4,0,1.1875,1.73,1,6.0,5849.75,1,4,44.09025,10.807767146247183,25.387,51.037,-5.909750000000001,10.807767146247183,12.317993982382033,6.49525,1.0,4,0,1.1949999999999998,1.73,3,6.0,3906.75,3
72,72,power_law,7.11,1.0,6648.0,2.1100000000000003,2.1100000000000003,42.2,1,1,2.727,1.0,5623.0,0.7269999999999999,0.7269999999999999,36.349999999999994,1,1,8.047,1.0,13891.0,3.0470000000000006,3.0470000000000006,60.94000000000002,1,1,2.599,1.0,12452.0,0.5990000000000002,0.5990000000000002,29.95000000000001,1,1,0.522,1.0,7312.0,-0.07799999999999996,0.07799999999999996,12.999999999999995,1,1,0.025,1.0,2346.0,0.015000000000000001,0.015000000000000001,150.0,1,1,0.321,1.0,9360.0,0.02100000000000002,0.02100000000000002,7.000000000000006,1,1,17.535,1.0,21076.0,-0.46499999999999986,0.46499999999999986,2.5833333333333326,1,1,4,0.374,0.23787286520324255,0.092,0.733,0.374,0.23787286520324255,0.4432375209749283,0.374,1.0,4,0,1.0,1.0,0,5682.0,11547.25,0,4,0.513,0.17067659476331257,0.352,0.797,0.513,0.17067659476331257,0.5406472972280542,0.513,1.0,4,0,1.0,1.0,0,4793.0,13917.5,0,4,-0.15899999999999997,0.4771268175233918,-0.563,0.635,-0.15899999999999997,0.4771268175233918,0.502922459232037,0.4764999999999999,1.0,4,0,1.0,1.0,0,3030.0,13502.25,0,4,50.7745,1.128777325250646,49.574,52.247,0.7744999999999997,1.1287773252506457,1.3689369963588542,1.0940000000000012,1.0,4,0,1.0,1.0,0,2140.0,8715.5,0
73,73,power_law,6.841,1.0,14970.0,1.8410000000000002,1.8410000000000002,36.82,1,1,2.906,1.0,16967.0,0.9060000000000001,0.9060000000000001,45.300000000000004,1,1,7.722,1.0,14815.0,2.7220000000000004,2.7220000000000004,54.44000000000001,1,1,2.595,1.0,16521.0,0.5950000000000002,0.5950000000000002,29.75000000000001,1,1,0.515,1.0,21321.0,-0.08499999999999996,0.08499999999999996,14.16666666666666,1,1,0.024,1.0,33638.0,0.014,0.014,140.0,1,1,0.269,1.0,43355.0,-0.030999999999999972,0.030999999999999972,10.333333333333325,1,1,20.725,1.0,22118.0,2.7250000000000014,2.7250000000000014,15.138888888888896,1,1,4,0.249,0.17037752199160547,0.125,0.54,0.249,0.17037752199160547,0.3017109543917821,0.249,1.0,4,0,1.0,1.0,0,9886.0,17869.75,0,4,0.56925,0.34040958784969616,0.2,1.026,0.56925,0.34040958784969616,0.6632678569024735,0.56925,1.0,4,0,1.0,1.0,0,12601.0,19390.0,0,4,-0.21175000000000002,0.36855961186760544,-0.679,0.354,-0.21175000000000002,0.36855961186760544,0.42505793722738555,0.38875000000000004,1.0,4,0,1.0,1.0,0,20218.0,22953.75,0,4,51.36475,0.43297423422185255,50.709,51.926,1.3647500000000026,0.43297423422185255,1.4317853365641118,1.3647500000000026,0.75,3,0,1.0,1.0,0,18481.0,19898.75,0
74,74,power_law,6.063,1.0,11386.0,1.0629999999999997,1.0629999999999997,21.259999999999994,1,1,2.135,1.0,12736.0,0.1349999999999998,0.1349999999999998,6.749999999999989,1,1,5.556,1.0,10738.0,0.556,0.556,11.120000000000001,1,1,2.27,1.0,13821.0,0.27,0.27,13.5,1,1,0.522,1.0,7533.0,-0.07799999999999996,0.07799999999999996,12.999999999999995,1,1,0.018,1.0,33513.0,0.007999999999999998,0.007999999999999998,79.99999999999999,1,1,0.298,1.0,34410.0,-0.0020000000000000018,0.0020000000000000018,0.6666666666666673,1,1,18.447,1.0,13501.0,0.4469999999999992,0.4469999999999992,2.4833333333333285,1,1,4,0.44475000000000003,0.09806726008204776,0.302,0.579,0.44475000000000003,0.09806726008204776,0.4554335846201946,0.44475000000000003,1.0,4,0,1.0,1.0,0,16952.0,20041.75,0,4,0.7002499999999999,0.554974492657095,0.167,1.632,0.7002499999999999,0.554974492657095,0.8935025181833568,0.7002499999999999,1.0,4,0,1.0,1.0,0,10101.0,13751.0,0,4,-0.915,0.6228286281153108,-1.562,0.114,-0.915,0.6228286281153108,1.1068606506692702,0.972,1.0,4,0,1.0,1.0,0,13873.0,15773.5,0,4,50.481500000000004,0.28138274645045347,50.121,50.898,0.48150000000000226,0.28138274645045347,0.5576903262564291,0.48150000000000226,1.0,4,0,1.0,1.0,0,12023.0,16834.0,0
75,75,power_law,6.485,1.0,10843.0,1.4850000000000003,1.4850000000000003,29.700000000000003,1,1,2.244,1.0,9448.0,0.24400000000000022,0.24400000000000022,12.20000000000001,1,1,5.247,1.0,4065.0,0.2469999999999999,0.2469999999999999,4.939999999999998,1,1,2.004,1.0,2496.0,0.0040000000000000036,0.0040000000000000036,0.20000000000000018,1,1,0.519,1.0,16078.0,-0.08099999999999996,0.08099999999999996,13.499999999999995,1,1,0.018,1.0,26997.0,0.007999999999999998,0.007999999999999998,79.99999999999999,1,1,0.251,1.0,11340.0,-0.04899999999999999,0.04899999999999999,16.33333333333333,1,1,14.921,1.0,10770.0,-3.0790000000000006,3.0790000000000006,17.10555555555556,1,1,4,0.81825,0.29316580206429255,0.342,1.126,0.81825,0.29316580206429255,0.8691830934849112,0.81825,1.0,4,0,1.0,1.0,0,1597.0,4399.5,0,4,0.7382500000000001,0.45392696273739896,0.405,1.519,0.7382500000000001,0.45392696273739896,0.8666387655765232,0.7382500000000001,1.0,4,0,1.0,1.0,0,7161.0,9019.0,0,4,-1.39975,0.74365562426435,-2.37,-0.461,-1.39975,0.74365562426435,1.5850311511134412,1.39975,1.0,4,0,1.0,1.0,0,8772.0,10740.0,0,4,50.3725,0.625984624411816,49.486,51.2,0.3724999999999987,0.625984624411816,0.7284318773914287,0.6295000000000002,1.0,4,0,1.0,1.0,0,3464.0,8619.0,0
76,76,power_law,5.725,1.0,12281.0,0.7249999999999996,0.7249999999999996,14.499999999999993,1,1,1.993,1.0,12942.0,-0.006999999999999895,0.006999999999999895,0.34999999999999476,1,1,4.986,1.0,4929.0,-0.014000000000000234,0.014000000000000234,0.2800000000000047,1,1,2.691,1.0,4193.0,0.6909999999999998,0.6909999999999998,34.54999999999999,1,1,0.447,1.0,22300.0,-0.15299999999999997,0.15299999999999997,25.499999999999996,0,1,0.007,1.0,14236.0,-0.003,0.003,30.0,1,1,0.366,1.0,2826.0,0.066,0.066,22.000000000000004,0,1,17.566,1.0,15095.0,-0.43400000000000105,0.43400000000000105,2.411111111111117,1,1,4,0.43725,0.18767308677591468,0.308,0.761,0.43725,0.18767308677591468,0.47582428479429256,0.43725,1.0,4,0,1.0,1.0,0,2416.0,10570.25,0,4,0.233,0.15517892898199806,0.064,0.402,0.233,0.15517892898199806,0.2799455304161865,0.233,1.0,4,0,1.0,1.0,0,4040.0,17117.0,0,4,0.3865,0.506507897273083,-0.15,1.122,0.3865,0.506507897273083,0.637128323024491,0.46699999999999997,1.0,4,0,1.0,1.0,0,3862.0,19916.0,0,4,50.10475,0.3160248210188559,49.81,50.618,0.10475000000000101,0.3160248210188559,0.3329328010274748,0.25824999999999854,1.0,4,0,1.0,1.0,0,5424.0,21693.25,0
77,77,power_law,6.985,1.0,14788.0,1.9850000000000003,1.9850000000000003,39.70000000000001,1,1,2.411,1.0,17725.0,0.41100000000000003,0.41100000000000003,20.55,1,1,6.146,1.0,8083.0,1.146,1.146,22.919999999999998,1,1,2.149,1.0,13989.0,0.14900000000000002,0.14900000000000002,7.450000000000001,1,1,0.502,1.0,23320.0,-0.09799999999999998,0.09799999999999998,16.33333333333333,1,1,0.013,1.0,23125.0,0.002999999999999999,0.002999999999999999,29.999999999999993,1,1,0.321,1.0,31137.0,0.02100000000000002,0.02100000000000002,7.000000000000006,1,1,15.001,1.0,11971.0,-2.9990000000000006,2.9990000000000006,16.661111111111115,1,1,4,0.4575,0.14054447694591204,0.294,0.654,0.4575,0.14054447694591204,0.4786010865010651,0.4575,1.0,4,0,1.0,1.0,0,12848.0,16660.0,0,4,0.63,0.4149120388708913,0.21,1.218,0.63,0.4149120388708913,0.7543553539281072,0.63,1.0,4,0,1.0,1.0,0,7779.0,10279.5,0,4,-0.3315,1.042888896287615,-1.958,0.713,-0.3315,1.042888896287615,1.0943077720641483,0.9035,1.0,4,0,1.0,1.0,0,13096.0,18553.0,0,4,50.52325,0.7384515471579698,49.732,51.708,0.5232499999999991,0.7384515471579698,0.9050421260913761,0.6572499999999994,1.0,4,0,1.0,1.0,0,4606.0,12153.75,0
78,78,power_law,6.501,1.0,14268.0,1.5010000000000003,1.5010000000000003,30.020000000000007,1,1,2.232,1.0,16216.0,0.2320000000000002,0.2320000000000002,11.60000000000001,1,1,5.221,1.0,14150.0,0.22100000000000009,0.22100000000000009,4.420000000000002,1,1,2.317,1.0,14951.0,0.31700000000000017,0.31700000000000017,15.850000000000009,1,1,0.529,1.0,22719.0,-0.07099999999999995,0.07099999999999995,11.833333333333327,1,1,0.006,1.0,27041.0,-0.004,0.004,40.0,1,1,0.242,1.0,41842.0,-0.057999999999999996,0.057999999999999996,19.333333333333332,1,1,18.743,1.0,17965.0,0.7429999999999986,0.7429999999999986,4.12777777777777,1,1,4,0.76775,0.4362312316879661,0.251,1.385,0.76775,0.4362312316879661,0.883027604325029,0.76775,1.0,4,0,1.0,1.0,0,7352.0,14933.25,0,4,0.34775,0.116632703389744,0.177,0.468,0.34775,0.116632703389744,0.36678774516060375,0.34775,1.0,4,0,1.0,1.0,0,13501.0,17183.5,0,4,-0.36674999999999996,0.5887437366970455,-1.232,0.215,-0.36674999999999996,0.5887437366970455,0.6936315664673862,0.54175,1.0,4,0,1.0,1.0,0,16198.0,17997.75,0,4,50.06075,0.3106576693081971,49.657,50.385,0.06074999999999875,0.3106576693081971,0.3165418613706582,0.30175000000000196,1.0,4,0,1.0,1.0,0,16442.0,22708.75,0
79,79,power_law,6.321,1.0,11920.0,1.3209999999999997,1.3209999999999997,26.419999999999995,1,1,2.001,1.0,14924.0,0.0009999999999998899,0.0009999999999998899,0.04999999999999449,1,1,5.969,1.0,16066.0,0.9690000000000003,0.9690000000000003,19.380000000000006,1,1,2.638,1.0,17267.0,0.6379999999999999,0.6379999999999999,31.899999999999995,1,1,0.457,1.0,17534.0,-0.14299999999999996,0.14299999999999996,23.83333333333333,1,1,0.032,1.0,26605.0,0.022,0.022,219.99999999999997,1,1,0.331,1.0,31522.0,0.031000000000000028,0.031000000000000028,10.333333333333343,1,1,14.634,1.0,14733.0,-3.3659999999999997,3.3659999999999997,18.699999999999996,1,1,4,1.0925,0.9075650114454612,0.535,2.664,1.0925,0.9075650114454612,1.4202923994727283,1.0925,1.0,4,0,1.0,1.0,0,15935.0,17831.25,0,4,0.7875,0.6467652201533414,0.131,1.856,0.7875,0.6467652201533414,1.0190493118588522,0.7875,1.0,4,0,1.0,1.0,0,4966.0,13744.75,0,4,-1.069,1.2008680193926393,-3.099,0.005,-1.069,1.2008680193926393,1.6077453156517048,1.0715000000000001,1.0,4,0,1.0,1.0,0,12904.0,15037.5,0,4,49.29075,0.6733896995796725,48.26,50.073,-0.709249999999999,0.6733896995796725,0.9780026840453968,0.7457499999999992,1.0,4,0,1.0,1.0,0,17489.0,22327.25,0
80,80,power_law,5.255,1.0,10528.0,0.2549999999999999,0.2549999999999999,5.099999999999998,1,1,2.339,1.0,13031.0,0.33899999999999997,0.33899999999999997,16.95,1,1,6.087,1.0,13823.0,1.0869999999999997,1.0869999999999997,21.739999999999995,1,1,2.362,1.0,14454.0,0.3620000000000001,0.3620000000000001,18.100000000000005,1,1,0.555,1.0,15153.0,-0.04499999999999993,0.04499999999999993,7.4999999999999885,1,1,0.029,1.0,38313.0,0.019000000000000003,0.019000000000000003,190.00000000000003,1,1,0.242,1.0,24827.0,-0.057999999999999996,0.057999999999999996,19.333333333333332,1,1,28.066,1.0,13227.0,10.065999999999999,10.065999999999999,55.92222222222222,0,1,4,0.2955,0.27579838650724553,0.097,0.771,0.2955,0.27579838650724553,0.40420910430122675,0.2955,1.0,4,0,1.0,1.0,0,11315.0,16315.25,0,4,0.33925,0.206035646187741,0.212,0.696,0.33925,0.206035646187741,0.39691466337236775,0.33925,1.0,4,0,1.0,1.0,0,14955.0,16203.5,0,4,-0.37350000000000005,0.5664673423949521,-0.797,0.601,-0.37350000000000005,0.5664673423949521,0.6785186069666771,0.674,1.0,4,0,1.0,1.0,0,8032.0,14202.25,0,4,50.63375,0.4804739196876347,50.066,51.182,0.6337500000000009,0.48047391968763464,0.7952950710271005,0.6337500000000009,1.0,4,0,1.0,1.0,0,18535.0,21040.75,0
81,81,power_law,7.84,1.0,14884.0,2.84,2.84,56.8,1,1,2.593,1.0,16198.0,0.593,0.593,29.65,1,1,7.52,1.0,12218.0,2.5199999999999996,2.5199999999999996,50.39999999999999,1,1,2.499,1.0,15081.0,0.4990000000000001,0.4990000000000001,24.950000000000006,1,1,0.512,1.0,17456.0,-0.08799999999999997,0.08799999999999997,14.66666666666666,1,1,0.025,1.0,32269.0,0.015000000000000001,0.015000000000000001,150.0,1,1,0.314,1.0,19821.0,0.014000000000000012,0.014000000000000012,4.666666666666671,1,1,17.28,1.0,16678.0,-0.7199999999999989,0.7199999999999989,3.999999999999994,1,1,4,0.796,0.3922167767956899,0.314,1.372,0.796,0.3922167767956899,0.8873837952092657,0.796,1.0,4,0,1.0,1.0,0,8345.0,13090.0,0,4,1.1832500000000001,0.5633668320907791,0.521,1.903,1.1832500000000001,0.5633668320907791,1.3105200303696238,1.1832500000000001,1.0,4,0,1.0,1.0,0,5056.0,13836.0,0,4,-0.49375,0.4798178690920129,-1.076,0.11,-0.49375,0.4798178690920129,0.688486927980481,0.5487500000000001,1.0,4,0,1.0,1.0,0,17398.0,20020.25,0,4,50.0505,0.8470255309021093,49.351,51.466,0.05050000000000132,0.8470255309021092,0.8485296105617058,0.6824999999999992,1.0,4,0,1.0,1.0,0,12338.0,17774.25,0
82,82,power_law,7.248,1.0,14373.0,2.248,2.248,44.96000000000001,1,1,2.495,1.0,17343.0,0.4950000000000001,0.4950000000000001,24.750000000000007,1,1,7.078,1.0,13642.0,2.0780000000000003,2.0780000000000003,41.56000000000001,1,1,2.421,1.0,16086.0,0.4209999999999998,0.4209999999999998,21.04999999999999,1,1,0.506,1.0,21023.0,-0.09399999999999997,0.09399999999999997,15.666666666666663,1,1,0.012,1.0,32403.0,0.002,0.002,20.0,1,1,0.305,1.0,45193.0,0.0050000000000000044,0.0050000000000000044,1.6666666666666683,1,1,15.489,1.0,15914.0,-2.5109999999999992,2.5109999999999992,13.949999999999996,1,1,4,0.5650000000000001,0.44826889251876495,0.222,1.336,0.5650000000000001,0.44826889251876495,0.7212281192521546,0.5650000000000001,1.0,4,0,1.0,1.0,0,7909.0,18261.25,0,4,0.85775,0.5656259254136076,0.149,1.715,0.85775,0.5656259254136076,1.0274569334040236,0.85775,1.0,4,0,1.0,1.0,0,14081.0,18762.5,0,4,-0.30824999999999997,0.26029634553715886,-0.564,0.118,-0.30824999999999997,0.26029634553715886,0.4034504306603229,0.36724999999999997,1.0,4,0,1.0,1.0,0,19603.0,22301.5,0,4,50.5015,0.23575888106283494,50.122,50.734,0.5015000000000001,0.23575888106283494,0.5541520549452108,0.5015000000000001,1.0,4,0,1.0,1.0,0,14729.0,18814.0,0
83,83,power_law,6.718,1.0,14526.0,1.718,1.718,34.36,1,1,2.218,1.0,17846.0,0.21799999999999997,0.21799999999999997,10.899999999999999,1,1,5.972,1.0,14027.0,0.9720000000000004,0.9720000000000004,19.44000000000001,1,1,2.309,1.0,16541.0,0.30900000000000016,0.30900000000000016,15.450000000000008,1,1,0.462,1.0,20941.0,-0.13799999999999996,0.13799999999999996,22.999999999999993,1,1,0.02,1.0,33606.0,0.01,0.01,100.0,1,1,0.346,1.0,36588.0,0.045999999999999985,0.045999999999999985,15.333333333333329,1,1,15.061,1.0,15815.0,-2.939,2.939,16.327777777777776,1,1,4,1.2625,0.2699541627758313,0.962,1.603,1.2625,0.2699541627758313,1.291038922728513,1.2625,1.0,4,0,1.0,1.0,0,12343.0,19276.75,0,4,1.047,0.6646867683352814,0.207,1.834,1.047,0.6646867683352814,1.2401683353480688,1.047,1.0,4,0,1.0,1.0,0,10224.0,15511.75,0,4,-0.51625,0.5958654944700188,-1.362,0.175,-0.51625,0.5958654944700188,0.7883969495121098,0.60375,1.0,4,0,1.0,1.0,0,15416.0,17065.5,0,4,50.474500000000006,0.663334568675568,49.376,51.034,0.4745000000000008,0.6633345686755681,0.8155752571038449,0.786500000000002,1.0,4,0,1.0,1.0,0,17342.0,18947.75,0
84,84,power_law,7.446,1.0,15363.0,2.4459999999999997,2.4459999999999997,48.919999999999995,1,1,2.694,1.0,15510.0,0.694,0.694,34.699999999999996,1,1,7.018,1.0,11913.0,2.018,2.018,40.36,1,1,2.423,1.0,14076.0,0.42300000000000004,0.42300000000000004,21.150000000000002,1,1,0.53,1.0,21291.0,-0.06999999999999995,0.06999999999999995,11.666666666666659,1,1,0.006,1.0,23900.0,-0.004,0.004,40.0,1,1,0.313,1.0,38458.0,0.013000000000000012,0.013000000000000012,4.3333333333333375,1,1,15.51,1.0,19969.0,-2.49,2.49,13.833333333333334,1,1,4,0.8385,0.5969725705591505,0.164,1.673,0.8385,0.5969725705591505,1.0293000048576704,0.8385,1.0,4,0,1.0,1.0,0,7344.0,14476.75,0,4,1.0405,0.5935223247696754,0.262,1.924,1.0405,0.5935223247696754,1.1978768718027741,1.0405,1.0,4,0,1.0,1.0,0,4530.0,13519.75,0,4,0.6945,0.629717595434652,-0.034,1.393,0.6945,0.629717595434652,0.9374830665137371,0.7115,1.0,4,0,1.0,1.0,0,25849.0,26116.75,0,4,50.0685,0.8800632079572469,48.75,51.213,0.06850000000000023,0.8800632079572469,0.8827250421280686,0.6935000000000002,1.0,4,0,1.0,1.0,0,15699.0,19762.0,0
85,85,power_law,6.733,1.0,5891.0,1.7329999999999997,1.7329999999999997,34.65999999999999,1,1,2.299,1.0,8649.0,0.29899999999999993,0.29899999999999993,14.949999999999996,1,1,6.457,1.0,7848.0,1.4569999999999999,1.4569999999999999,29.14,1,1,2.363,1.0,15313.0,0.363,0.363,18.15,1,1,0.508,1.0,3070.0,-0.09199999999999997,0.09199999999999997,15.333333333333329,1,1,0.012,1.0,1505.0,0.002,0.002,20.0,1,1,0.3,1.0,25644.0,0.0,0.0,0.0,1,1,17.511,1.0,13371.0,-0.48900000000000077,0.48900000000000077,2.7166666666666712,1,1,4,0.465,0.23120229237617868,0.117,0.764,0.465,0.23120229237617868,0.5193067494265793,0.465,1.0,4,0,1.0025,1.01,0,1018.0,9959.25,0,4,0.756,0.3887942900815288,0.117,1.123,0.756,0.3887942900815288,0.850115874454771,0.756,1.0,4,0,1.0,1.0,0,1846.0,7766.0,0,4,0.03699999999999998,0.41000792675264214,-0.394,0.701,0.03699999999999998,0.41000792675264214,0.41167402152674143,0.32199999999999995,1.0,4,0,1.0,1.0,0,1546.0,4930.0,0,4,50.42825,0.8260942364524778,49.019,51.09,0.42825000000000024,0.8260942364524778,0.930499731327206,0.9187500000000011,1.0,4,0,1.0,1.0,0,8145.0,11009.5,0
86,86,power_law,5.752,1.0,10139.0,0.7519999999999998,0.7519999999999998,15.039999999999996,1,1,2.072,1.0,13315.0,0.07200000000000006,0.07200000000000006,3.600000000000003,1,1,5.548,1.0,8136.0,0.548,0.548,10.96,1,1,2.225,1.0,12801.0,0.2250000000000001,0.2250000000000001,11.250000000000004,1,1,0.526,1.0,18435.0,-0.07399999999999995,0.07399999999999995,12.333333333333327,1,1,0.006,1.0,26809.0,-0.004,0.004,40.0,1,1,0.34,1.0,38585.0,0.040000000000000036,0.040000000000000036,13.333333333333346,1,1,17.378,1.0,9582.0,-0.6219999999999999,0.6219999999999999,3.455555555555555,1,1,4,0.5565,0.3454464502640025,0.152,1.031,0.5565,0.3454464502640025,0.6550003816792781,0.5565,1.0,4,0,1.0,1.0,0,10475.0,16264.5,0,4,0.76725,0.46744271039347696,0.322,1.422,0.76725,0.46744271039347696,0.8984293238758405,0.76725,1.0,4,0,1.0,1.0,0,13396.0,16645.75,0,4,-0.28725,0.6272787956722274,-1.256,0.4,-0.28725,0.6272787956722274,0.6899211911515691,0.53825,1.0,4,0,1.0,1.0,0,12800.0,16483.0,0,4,50.4375,0.7236043463108837,49.485,51.32,0.4375,0.7236043463108837,0.8455823437134914,0.6950000000000003,1.0,4,0,1.0,1.0,0,8226.0,14292.25,0
87,87,power_law,7.077,1.0,11433.0,2.077,2.077,41.54,1,1,2.557,1.0,10745.0,0.5569999999999999,0.5569999999999999,27.849999999999998,1,1,5.642,1.0,9338.0,0.6420000000000003,0.6420000000000003,12.840000000000007,1,1,1.949,1.0,11175.0,-0.050999999999999934,0.050999999999999934,2.5499999999999967,1,1,0.538,1.0,15305.0,-0.061999999999999944,0.061999999999999944,10.333333333333325,1,1,0.02,1.0,30701.0,0.01,0.01,100.0,1,1,0.377,1.0,20850.0,0.07700000000000001,0.07700000000000001,25.66666666666667,0,1,13.936,1.0,10703.0,-4.064,4.064,22.577777777777776,1,1,4,0.82975,0.2633888522697952,0.487,1.212,0.82975,0.2633888522697952,0.8705508313705754,0.82975,1.0,4,0,1.0,1.0,0,7925.0,15916.75,0,4,0.7155,0.2117764151174535,0.48,1.059,0.7155,0.2117764151174535,0.7461832884754254,0.7155,1.0,4,0,1.0,1.0,0,12290.0,15287.5,0,4,0.11800000000000002,0.7637070773536146,-0.978,1.123,0.11800000000000002,0.7637070773536146,0.7727693705110212,0.6465,1.0,4,0,1.0,1.0,0,13942.0,16598.25,0,4,50.116249999999994,0.4368691880872356,49.484,50.587,0.11625000000000085,0.4368691880872356,0.45207162043198496,0.40275000000000105,1.0,4,0,1.0,1.0,0,11741.0,13240.75,0
88,88,power_law,7.979,1.0,12571.0,2.979,2.979,59.58,1,1,2.923,1.0,7489.0,0.923,0.923,46.150000000000006,1,1,7.037,1.0,11843.0,2.037,2.037,40.739999999999995,1,1,2.258,1.0,12854.0,0.258,0.258,12.9,1,1,0.558,1.0,3049.0,-0.041999999999999926,0.041999999999999926,6.9999999999999885,1,1,0.018,1.0,6281.0,0.007999999999999998,0.007999999999999998,79.99999999999999,1,1,0.283,1.01,896.0,-0.017000000000000015,0.017000000000000015,5.666666666666672,1,1,17.128,1.0,12616.0,-0.8719999999999999,0.8719999999999999,4.844444444444443,1,1,4,0.6459999999999999,0.5429074506764482,0.087,1.545,0.6459999999999999,0.5429074506764482,0.84383914343908,0.6459999999999999,1.0,4,0,1.0,1.0,0,1644.0,5630.75,0,4,0.601,0.1880624896144896,0.388,0.799,0.601,0.1880624896144896,0.6297368498031539,0.601,1.0,4,0,1.0,1.0,0,1147.0,4410.5,0,4,-0.22574999999999995,1.175835102172069,-2.07,1.17,-0.22574999999999995,1.175835102172069,1.1973100058046788,0.91025,1.0,4,0,1.0,1.0,0,987.0,4786.25,0,4,50.2785,0.39423755528868565,49.836,50.803,0.2784999999999993,0.39423755528868565,0.4826857155541265,0.3774999999999995,1.0,4,0,1.0,1.0,0,807.0,5421.75,0
89,89,power_law,8.287,1.0,17392.0,3.287000000000001,3.287000000000001,65.74000000000002,1,1,2.6,1.0,18484.0,0.6000000000000001,0.6000000000000001,30.000000000000004,1,1,7.014,1.0,15645.0,2.0140000000000002,2.0140000000000002,40.28,1,1,2.46,1.0,17099.0,0.45999999999999996,0.45999999999999996,23.0,1,1,0.543,1.0,22107.0,-0.05699999999999994,0.05699999999999994,9.499999999999991,1,1,0.012,1.0,34642.0,0.002,0.002,20.0,1,1,0.289,1.0,39051.0,-0.01100000000000001,0.01100000000000001,3.66666666666667,1,1,18.204,1.0,23995.0,0.20400000000000063,0.20400000000000063,1.1333333333333369,1,1,4,0.6415,0.15996327703569965,0.422,0.874,0.6415,0.15996327703569965,0.6611433278798176,0.6415,1.0,4,0,1.0,1.0,0,9062.0,16900.25,0,4,0.82475,0.3743102823861508,0.403,1.428,0.82475,0.3743102823861508,0.9057156010580805,0.82475,1.0,4,0,1.0,1.0,0,9868.0,16619.25,0,4,-0.364,1.7112280677922507,-2.21,2.275,-0.364,1.7112280677922507,1.7495135038061294,1.5015,0.5,2,0,1.0,1.0,0,21745.0,25428.5,0,4,50.487500000000004,0.8863025724886533,49.114,51.526,0.4875000000000007,0.8863025724886532,1.0115278048575853,0.9305000000000021,1.0,4,0,1.0,1.0,0,18784.0,21345.5,0
90,90,power_law,7.342,1.0,14020.0,2.3419999999999996,2.3419999999999996,46.83999999999999,1,1,2.67,1.0,13981.0,0.6699999999999999,0.6699999999999999,33.5,1,1,7.542,1.0,16552.0,2.542,2.542,50.839999999999996,1,1,2.682,1.0,19088.0,0.6819999999999999,0.6819999999999999,34.099999999999994,1,1,0.53,1.0,23944.0,-0.06999999999999995,0.06999999999999995,11.666666666666659,1,1,0.006,1.0,13441.0,-0.004,0.004,40.0,1,1,0.32,1.0,17532.0,0.020000000000000018,0.020000000000000018,6.666666666666673,1,1,17.293,1.0,19229.0,-0.7070000000000007,0.7070000000000007,3.927777777777782,1,1,4,0.374,0.1761462460570761,0.175,0.586,0.374,0.1761462460570761,0.41340476533296033,0.374,1.0,4,0,1.0,1.0,0,11278.0,19045.5,0,4,0.538,0.25680537377555007,0.277,0.923,0.538,0.25680537377555007,0.5961484714397915,0.538,1.0,4,0,1.0,1.0,0,11883.0,18676.75,0,4,-0.129,1.0336936199861155,-1.566,1.16,-0.129,1.0336936199861155,1.0417118123550293,0.9405,1.0,4,0,1.0,1.0,0,17778.0,23992.5,0,4,50.28275000000001,0.47085633424644374,49.761,51.046,0.28275000000000183,0.4708563342464437,0.5492296878356083,0.40225000000000044,1.0,4,0,1.0,1.0,0,18396.0,21899.0,0
91,91,power_law,5.837,1.0,7813.0,0.8369999999999997,0.8369999999999997,16.739999999999995,1,1,2.033,1.0,8561.0,0.03299999999999992,0.03299999999999992,1.649999999999996,1,1,6.72,1.0,11916.0,1.7199999999999998,1.7199999999999998,34.4,1,1,2.218,1.0,14985.0,0.21799999999999997,0.21799999999999997,10.899999999999999,1,1,0.529,1.0,16980.0,-0.07099999999999995,0.07099999999999995,11.833333333333327,1,1,0.006,1.0,19986.0,-0.004,0.004,40.0,1,1,0.334,1.0,31850.0,0.03400000000000003,0.03400000000000003,11.333333333333345,1,1,15.096,1.0,8858.0,-2.904,2.904,16.133333333333333,1,1,4,0.7617499999999999,0.35973002029299694,0.416,1.273,0.7617499999999999,0.35973002029299694,0.8424183936738323,0.7617499999999999,1.0,4,0,1.0,1.0,0,11669.0,14565.75,0,4,1.17325,0.5043096147209569,0.49,1.855,1.17325,0.5043096147209569,1.2770449287319534,1.17325,1.0,4,0,1.0,1.0,0,1239.0,9481.5,0,4,-0.603,0.5180912081863579,-1.037,0.271,-0.603,0.5180912081863579,0.7950015723254892,0.7384999999999999,1.0,4,0,1.0,1.0,0,5952.0,12183.75,0,4,50.832499999999996,1.6558679748095837,48.279,52.763,0.8324999999999996,1.6558679748095837,1.853363159232424,1.6929999999999978,1.0,4,0,1.0,1.0,0,1387.0,7669.25,0
92,92,power_law,6.133,1.0,12351.0,1.133,1.133,22.66,1,1,2.554,1.0,13953.0,0.5539999999999998,0.5539999999999998,27.699999999999992,1,1,9.561,1.0,14310.0,4.561,4.561,91.22,1,1,2.593,1.0,14332.0,0.593,0.593,29.65,1,1,0.524,1.0,19731.0,-0.07599999999999996,0.07599999999999996,12.666666666666659,1,1,0.019,1.0,30370.0,0.009,0.009,89.99999999999999,1,1,0.331,1.0,36479.0,0.031000000000000028,0.031000000000000028,10.333333333333343,1,1,17.317,1.0,16613.0,-0.6829999999999998,0.6829999999999998,3.7944444444444434,1,1,4,0.31300000000000006,0.1450396497513697,0.124,0.518,0.31300000000000006,0.1450396497513697,0.3449717379728374,0.31300000000000006,1.0,4,0,1.0,1.0,0,11930.0,15609.25,0,4,1.5339999999999998,0.7482626544202243,0.597,2.571,1.5339999999999998,0.7482626544202243,1.7067668264880238,1.5339999999999998,1.0,4,0,1.0,1.0,0,8914.0,13921.25,0,4,-0.12574999999999997,0.3695655388425712,-0.482,0.435,-0.12574999999999997,0.3695655388425712,0.39037385926826607,0.34325,1.0,4,0,1.0,1.0,0,15996.0,20444.0,0,4,50.75225,0.7603700990307282,50.236,52.065,0.7522499999999983,0.7603700990307282,1.069599340874889,0.7522499999999983,1.0,4,0,1.0,1.0,0,18523.0,22719.5,0
93,93,power_law,7.677,1.0,13712.0,2.6769999999999996,2.6769999999999996,53.539999999999985,1,1,2.762,1.0,17228.0,0.762,0.762,38.1,1,1,7.418,1.0,12044.0,2.418,2.418,48.36,1,1,2.568,1.0,4723.0,0.5680000000000001,0.5680000000000001,28.400000000000002,1,1,0.564,1.0,7390.0,-0.03600000000000003,0.03600000000000003,6.000000000000005,1,1,0.025,1.0,19925.0,0.015000000000000001,0.015000000000000001,150.0,1,1,0.327,1.0,4841.0,0.027000000000000024,0.027000000000000024,9.000000000000007,1,1,16.572,1.0,4313.0,-1.4280000000000008,1.4280000000000008,7.933333333333338,1,1,4,0.5985,0.29040876364187085,0.213,0.927,0.5985,0.29040876364187085,0.6652364241380654,0.5985,1.0,4,0,1.0,1.0,0,4775.0,9732.75,0,4,0.75925,0.3944771064333138,0.389,1.417,0.75925,0.3944771064333138,0.8556124999086911,0.75925,1.0,4,0,1.0,1.0,0,3323.0,9049.5,0,4,-0.5835,0.4695383370929364,-1.074,0.027,-0.5835,0.4695383370929364,0.7489582765414907,0.597,1.0,4,0,1.0,1.0,0,7781.0,12771.5,0,4,49.884249999999994,0.9157036570310291,48.791,50.946,-0.11575000000000024,0.9157036570310291,0.9229903845653002,0.8977500000000003,1.0,4,0,1.0,1.0,0,2784.0,11918.0,0
94,94,power_law,7.673,1.0,16017.0,2.673,2.673,53.459999999999994,1,1,2.693,1.0,16815.0,0.6930000000000001,0.6930000000000001,34.650000000000006,1,1,7.244,1.0,14250.0,2.2439999999999998,2.2439999999999998,44.879999999999995,1,1,2.134,1.0,17447.0,0.1339999999999999,0.1339999999999999,6.699999999999995,1,1,0.533,1.0,12404.0,-0.06699999999999995,0.06699999999999995,11.166666666666657,1,1,0.006,1.0,23700.0,-0.004,0.004,40.0,1,1,0.258,1.0,30605.0,-0.04199999999999998,0.04199999999999998,13.999999999999996,1,1,13.402,1.0,16596.0,-4.598000000000001,4.598000000000001,25.544444444444448,0,1,4,0.77475,0.5195831863137991,0.218,1.6,0.77475,0.5195831863137991,0.9328473883760409,0.77475,1.0,4,0,1.0,1.0,0,8243.0,14570.5,0,4,1.0095,0.4177047402172976,0.704,1.729,1.0095,0.4177047402172976,1.0925051487292863,1.0095,1.0,4,0,1.0,1.0,0,16693.0,18963.75,0,4,-0.41525,0.3197142278660742,-0.729,0.066,-0.41525,0.3197142278660742,0.5240703674126215,0.44825000000000004,1.0,4,0,1.0,1.0,0,19905.0,20017.0,0,4,51.91075,0.6055556848878559,51.388,52.942,1.9107500000000002,0.6055556848878559,2.0044109483835895,1.9107500000000002,1.0,4,0,1.0,1.0,0,11143.0,15681.5,0
95,95,power_law,7.083,1.0,14014.0,2.083,2.083,41.660000000000004,1,1,2.312,1.0,17534.0,0.31199999999999983,0.31199999999999983,15.59999999999999,1,1,7.477,1.0,14494.0,2.4770000000000003,2.4770000000000003,49.540000000000006,1,1,2.245,1.0,16699.0,0.2450000000000001,0.2450000000000001,12.250000000000005,1,1,0.495,1.0,21259.0,-0.10499999999999998,0.10499999999999998,17.5,1,1,0.019,1.0,34248.0,0.009,0.009,89.99999999999999,1,1,0.304,1.0,28879.0,0.0040000000000000036,0.0040000000000000036,1.3333333333333346,1,1,12.542,1.0,19748.0,-5.458,5.458,30.322222222222223,0,1,4,0.8657499999999999,0.32098627307098354,0.52,1.389,0.8657499999999999,0.32098627307098354,0.9233391846986675,0.8657499999999999,1.0,4,0,1.0,1.0,0,13941.0,17523.5,0,4,1.793,1.0632452680355553,0.473,3.382,1.793,1.0632452680355553,2.0845477926879012,1.793,1.0,4,0,1.0,1.0,0,10074.0,16974.5,0,4,-0.14325,0.6678871068526477,-0.874,0.911,-0.14325,0.6678871068526477,0.6830766794438236,0.59875,1.0,4,0,1.0,1.0,0,13862.0,16872.5,0,4,51.16425,0.3763704126256471,50.775,51.781,1.1642499999999991,0.3763704126256471,1.2235737615689533,1.1642499999999991,1.0,4,0,1.0,1.0,0,17250.0,17947.25,0
96,96,power_law,6.174,1.0,8810.0,1.1740000000000004,1.1740000000000004,23.480000000000008,1,1,2.026,1.0,6246.0,0.0259999999999998,0.0259999999999998,1.29999999999999,1,1,5.629,1.0,11348.0,0.6289999999999996,0.6289999999999996,12.579999999999991,1,1,2.327,1.0,15311.0,0.32699999999999996,0.32699999999999996,16.349999999999998,1,1,0.505,1.0,926.0,-0.09499999999999997,0.09499999999999997,15.83333333333333,1,1,0.006,1.0,8609.0,-0.004,0.004,40.0,1,1,0.286,1.0,11278.0,-0.014000000000000012,0.014000000000000012,4.666666666666671,1,1,14.833,1.0,11574.0,-3.167,3.167,17.59444444444444,1,1,4,0.6085,0.2858168119617878,0.285,1.063,0.6085,0.2858168119617878,0.6722823067729805,0.6085,1.0,4,0,1.0,1.0,0,12306.0,13995.75,0,4,0.35425,0.10440875202778739,0.197,0.472,0.35425,0.10440875202778739,0.36931592167140587,0.35425,1.0,4,0,1.0,1.0,0,6632.0,13858.25,0,4,-1.1135,0.24274523682247612,-1.457,-0.776,-1.1135,0.24274523682247612,1.139652359274529,1.1135,1.0,4,0,1.0,1.0,0,4011.0,8918.75,0,4,50.2395,0.49079145265580965,49.675,50.774,0.2394999999999996,0.49079145265580965,0.5461103368367968,0.4864999999999995,1.0,4,0,1.0,1.0,0,1997.0,13113.5,0
97,97,power_law,5.517,1.0,12494.0,0.5170000000000003,0.5170000000000003,10.340000000000007,1,1,2.216,1.0,14184.0,0.2160000000000002,0.2160000000000002,10.80000000000001,1,1,5.6,1.0,11329.0,0.5999999999999996,0.5999999999999996,11.999999999999993,1,1,2.097,1.0,13586.0,0.09699999999999998,0.09699999999999998,4.849999999999999,1,1,0.557,1.0,18624.0,-0.04299999999999993,0.04299999999999993,7.1666666666666545,1,1,0.012,1.0,27028.0,0.002,0.002,20.0,1,1,0.301,1.0,37318.0,0.0010000000000000009,0.0010000000000000009,0.33333333333333365,1,1,19.145,1.0,16202.0,1.1449999999999996,1.1449999999999996,6.361111111111109,1,1,4,0.509,0.4275154967951454,0.107,1.216,0.509,0.4275154967951454,0.6647183614133131,0.509,1.0,4,0,1.0,1.0,0,6830.0,14130.5,0,4,0.5037499999999999,0.30430361072455253,0.288,1.029,0.5037499999999999,0.30430361072455253,0.5885276119265773,0.5037499999999999,1.0,4,0,1.0,1.0,0,7272.0,16345.75,0,4,0.07775000000000001,0.8248722249536591,-1.136,1.176,0.07775000000000001,0.8248722249536591,0.8285283640286553,0.64575,1.0,4,0,1.0,1.0,0,17208.0,20588.25,0,4,50.308,0.5139941633909872,49.85,51.176,0.30799999999999983,0.5139941633909872,0.5992111480938925,0.3829999999999991,1.0,4,0,1.0,1.0,0,16219.0,19959.0,0
98,98,power_law,7.408,1.0,13287.0,2.4080000000000004,2.4080000000000004,48.16000000000001,1,1,2.401,1.0,15788.0,0.4009999999999998,0.4009999999999998,20.04999999999999,1,1,6.117,1.01,766.0,1.117,1.117,22.34,1,1,2.287,1.01,1034.0,0.2869999999999999,0.2869999999999999,14.349999999999996,1,1,0.476,1.0,16889.0,-0.124,0.124,20.666666666666668,1,1,0.02,1.0,6368.0,0.01,0.01,100.0,1,1,0.361,1.01,593.0,0.061,0.061,20.333333333333332,1,1,21.141,1.0,14681.0,3.1409999999999982,3.1409999999999982,17.449999999999992,1,1,4,1.05675,0.5472121960446422,0.411,1.609,1.05675,0.5472121960446422,1.190025945095316,1.05675,1.0,4,0,1.0,1.0,0,1164.0,11820.25,0,4,0.63925,0.32892428840084154,0.154,1.021,0.63925,0.32892428840084154,0.7189101126010121,0.63925,1.0,4,0,1.0,1.0,0,9251.0,14908.5,0,4,-1.1532499999999999,0.6948821392869441,-2.207,-0.255,-1.1532499999999999,0.6948821392869441,1.3464199753420178,1.1532499999999999,1.0,4,0,1.0,1.0,0,5051.0,10223.5,0,4,51.0925,0.7414656094519824,49.992,51.971,1.0924999999999976,0.7414656094519824,1.320351279016306,1.096499999999999,1.0,4,0,1.0025,1.01,0,1161.0,15459.25,0
99,99,power_law,5.87,1.0,10795.0,0.8700000000000001,0.8700000000000001,17.400000000000002,1,1,2.24,1.0,12404.0,0.2400000000000002,0.2400000000000002,12.00000000000001,1,1,6.546,1.0,12037.0,1.5460000000000003,1.5460000000000003,30.92,1,1,2.334,1.0,14210.0,0.3340000000000001,0.3340000000000001,16.700000000000003,1,1,0.525,1.0,15623.0,-0.07499999999999996,0.07499999999999996,12.499999999999993,1,1,0.006,1.0,21878.0,-0.004,0.004,40.0,1,1,0.211,1.0,32408.0,-0.089,0.089,29.666666666666668,0,1,18.118,1.0,15216.0,0.11799999999999855,0.11799999999999855,0.6555555555555476,1,1,4,0.48924999999999996,0.2579955183719283,0.166,0.883,0.48924999999999996,0.2579955183719283,0.5531069064837285,0.48924999999999996,1.0,4,0,1.0,1.0,0,9935.0,14151.0,0,4,0.58475,0.19565834380368247,0.269,0.8,0.58475,0.19565834380368247,0.6166155609453917,0.58475,1.0,4,0,1.0,1.0,0,9799.0,15187.75,0,4,-0.7209999999999999,0.5330351770755848,-1.398,-0.069,-0.7209999999999999,0.5330351770755848,0.8966423478734428,0.7209999999999999,1.0,4,0,1.0,1.0,0,15013.0,17263.5,0,4,50.4035,0.4401036809662012,49.853,50.924,0.4034999999999993,0.4401036809662012,0.5970791404830681,0.47699999999999854,1.0,4,0,1.0,1.0,0,17298.0,18468.75,0
