,coord_x,coord_y,y_obs,y_pred,y_low,y_high,y_std
0,529286.3973489881,181084.1173568114,0.0,0.021523234648685784,0.0,0.17985478589561266,0.05816504067106273
1,529289.8149757241,181079.7481055296,0.0555555555555555,0.02161070152906846,0.0,0.17911576336504026,0.05761244030826843
2,529291.7306369036,181075.34064446908,0.0,0.022144876433373973,0.0,0.18334514411638267,0.061607404249235845
3,529293.5114145369,181070.3275635728,0.0,0.02160040909748327,0.0,0.18027285771445126,0.05812982834626828
4,529295.3550454364,181065.79783335765,0.0,0.021505534536619415,0.0,0.18182770630308331,0.05864464008024079
5,529297.4239756963,181061.27383579296,0.2777777777777778,0.021378441976838365,0.0,0.1789226263513143,0.057082406954490954
6,529300.1718612342,181056.6466755313,0.0555555555555555,0.021416058914764242,0.0,0.17987425288456924,0.05870161398651785
7,529302.4277446445,181050.68218308283,0.0,0.021979003755065844,0.0,0.18435735560164976,0.06061177187784196
8,529304.8721815533,181046.1677421704,0.0,0.02215329963582847,0.0,0.18404559031669226,0.058546381859398734
9,529286.4466052917,181000.33092507027,0.0,0.022096076376680308,0.0,0.1822047260484565,0.061080179354449406
10,529289.868293883,180993.75938101992,0.0,0.022182923461259,0.0,0.18270084712729615,0.05937272875786767
11,529292.0374070337,180990.1523387432,0.0,0.021996234468378548,0.0,0.18385810113825923,0.058403118317387044
12,529294.7714112727,180986.11576255225,0.0,0.02204059686467878,0.0,0.1832380317350654,0.06025521293435217
13,529298.6747000506,180979.66745264063,0.0,0.02197405190328685,0.0,0.1813984316739097,0.057935621530984895
14,529275.7296236021,181020.81668393456,0.0,0.02206844027875569,0.0,0.18192886203471603,0.05931339396835421
15,529280.0446543538,181023.7403643604,0.0,0.022380580946887673,0.0,0.18614870923683047,0.0626632660621721
16,529283.9591717446,181026.0614567432,0.1111111111111111,0.022582690967376258,0.0,0.18863431990643753,0.06062262180907216
17,529287.7813369951,181028.3802028625,0.1111111111111111,0.022562826695776066,0.0,0.1844017915821527,0.06117867820158474
18,529291.1398732383,181030.76120738813,0.0555555555555555,0.022228947223214713,0.0,0.18318322502152376,0.06223929233908597
19,529293.461862699,181033.93039773728,0.0555555555555555,0.022000168397792397,0.0,0.1813827912018021,0.06018691320682423
20,529338.4783542244,181056.0364976903,0.0,0.021573779655954684,0.0,0.180878946046308,0.057536992315125546
21,529340.7850941448,181051.7263453392,0.0,0.02239464124708339,0.0,0.18605587113811312,0.060769537745536235
22,529271.7607787041,181027.73172548928,0.0555555555555555,0.02250095526653695,0.0,0.18538516240946695,0.06286042286587488
23,529268.9283331692,181031.6022871588,0.0,0.022713677443667202,0.0,0.18663392442376178,0.06108212397250892
24,529266.9804881453,181034.96386425363,0.0,0.02189415776811608,0.0,0.18337667063796126,0.05777589642753346
25,529264.018025314,181039.86306592892,0.0,0.021711744343651675,0.0,0.18038754922981237,0.057848541639605684
26,529261.442583664,181043.4929420211,0.0,0.022125285719114447,0.0,0.1856688984890127,0.05901080269872137
27,529259.3030465321,181047.4181664789,0.0555555555555555,0.022373050130028455,0.0,0.18369169089642357,0.060092842350758256
28,529256.7384496109,181050.6219302344,0.0,0.022286231343010443,0.0,0.18450968972770504,0.06095822002319568
29,529253.7054424922,181054.80869255087,0.3333333333333333,0.02202372863819728,0.0,0.18069584907097946,0.059772582176545144
30,529251.2150278767,181058.5828659304,0.0,0.02205520551336274,0.0,0.18394059600408705,0.05933540040033862
31,529249.082729183,181062.2240181096,0.0,0.0219332517901776,0.0,0.18372576175087563,0.05981805660288032
32,529246.9829445004,181064.58682714903,0.0,0.02268708877208875,0.0,0.18546986761293435,0.060942595281498285
33,529233.1524292668,181074.8948614692,0.0,0.02258200988430838,0.0,0.187452895904863,0.06251518028397898
34,529237.6958993884,181077.56874345447,0.0,0.022208448075284742,0.0,0.1849827184399802,0.06170566464877602
35,529242.7005493981,181079.54370771648,0.0,0.02235540403162611,0.0,0.18420824627308874,0.06133577212744856
36,529247.0848230808,181081.50289940505,0.0,0.022483728588304306,0.0,0.18744053180680126,0.06100752032853373
37,529252.6067634983,181084.05955010848,0.0,0.02157138397037517,0.0,0.1803895774492949,0.057569639317283865
38,529257.7108643547,181085.6106687257,0.0,0.022171415261323116,0.0,0.18254358600480206,0.060831542152598714
39,529263.4208828902,181087.74572492173,0.0,0.02202816263847953,0.0,0.1840834899954067,0.060444747075594926
40,529269.96655975,181091.89186600532,0.0,0.022281927510836207,0.0,0.18530175448210967,0.06069797132992138
41,529283.7450338227,181052.49519058783,0.0555555555555555,0.021716906948043808,0.0,0.1816697121316793,0.05869553979293156
42,529285.9335368793,181049.17860803264,0.1111111111111111,0.02258804161370959,0.0,0.18686481965479096,0.06243440401696358
43,529288.381021426,181044.54379955376,0.0,0.022352784607392272,0.0,0.1858059383859814,0.061600798494575934
44,529290.4132084824,181041.46411751767,0.0,0.02253116399186516,0.0,0.18363687491412134,0.06182423419172983
45,529293.8367597392,181013.75004184863,0.1111111111111111,0.021869283852447723,0.0,0.18201519725198068,0.05856608729253521
46,529299.1607676313,181017.05953830216,0.0,0.02158335581530118,0.0,0.18244861732242562,0.05895259417979159
47,529302.8052570344,181008.588061844,0.1111111111111111,0.02243279096287574,0.0,0.18439705073142582,0.06150631852779385
48,529305.2500220948,181004.07466416544,0.0,0.021513479434463426,0.0,0.1823499497895116,0.057838411672318804
49,529308.0240760008,180999.51705272688,0.0,0.02220732121946703,0.0,0.18257789830513202,0.06361300025275882
50,529310.8570375943,180995.2239070023,0.1111111111111111,0.02269882580712638,0.0,0.18517925874562946,0.06169374582764423
51,529312.8948404226,180988.9439608284,0.2777777777777778,0.02205188475556691,0.0,0.18307281809748863,0.05860537200665341
52,529316.1679606001,180983.8325606417,0.1666666666666666,0.022069344201373887,0.0,0.1851702684550499,0.06080357080915299
53,529323.8580000873,180971.12023664004,0.0,0.021556022016749353,0.0,0.17888257130632373,0.059175893527724455
54,529325.5285966779,180967.227380768,0.0555555555555555,0.021937200718593414,0.0,0.18436431928989308,0.05971261450716962
55,529328.3029480567,180962.41812479496,0.0,0.022483381521726596,0.0,0.18886713515423076,0.06011595974532039
56,529328.9218387355,180957.3966040348,0.0555555555555555,0.02256707383294458,0.0,0.18639788713972075,0.06234609142078345
57,529337.6236247377,180947.3860946148,0.0555555555555555,0.021849796649147137,0.0,0.18302576943199167,0.05889239374396045
58,529370.5972220169,180994.8201132037,0.1111111111111111,0.022164824075621935,0.0,0.1828364863630276,0.06138226336049275
59,529365.7574481982,180992.0208638,0.1111111111111111,0.022254155559471637,0.0,0.18238924091904382,0.060801022027937
60,529360.7874781506,180990.4776230992,0.0,0.02202932588017007,0.0,0.18217028544934524,0.05971685014550288
61,529357.1375926425,180987.23642565164,0.1666666666666666,0.02181367402097592,0.0,0.17913138931110736,0.059420275818412395
62,529351.4845195116,180985.5183925008,0.1111111111111111,0.02200589458610853,0.0,0.18551470311819832,0.05888342713813144
63,529346.8010031471,180984.29728622056,0.1666666666666666,0.022134191278008288,0.0,0.18590325938630692,0.060522629455457236
64,529341.3762670797,180981.32575838847,0.0555555555555555,0.0216669518269145,0.0,0.18360522531700235,0.05906348990870221
65,529336.7568004158,180977.5876564897,0.1666666666666666,0.02248760647788253,0.0,0.18809776064506545,0.060780150341178195
66,529341.0395509113,180971.40006248752,0.0,0.021874389675347952,0.0,0.18111686797906712,0.0612798106040277
67,529343.1107980949,180967.20257897844,0.1111111111111111,0.022714993378748088,0.0,0.18645360755702467,0.061514859073464365
68,529341.9749255425,181046.54007841527,0.1666666666666666,0.021843948408826058,0.0,0.18235057327662618,0.05985272719458716
69,529344.8719952186,181040.68521804016,0.0555555555555555,0.02210198947796972,0.0,0.18466105713113704,0.06065908363419306
70,529347.5998827694,181035.26110421369,0.0,0.02260538979988653,0.0,0.1880248190240894,0.06106435717393454
71,529351.2288244299,181030.34824052657,0.0,0.021795702216202816,0.0,0.18308130830685565,0.058774469951761686
72,529353.7563033353,181023.8203201338,0.0555555555555555,0.02198725105045104,0.0,0.18202325991300955,0.05953592555838252
73,529360.7113228079,181016.91678342727,0.0,0.0227591892197478,0.0,0.184843544650049,0.06425245503612621
74,529328.4893535421,180999.00568303137,0.0,0.022268224490996278,0.0,0.1828632695352072,0.06158225088077879
75,529333.3659335286,181001.93759338648,0.0,0.022134797291240495,0.0,0.18538002245496982,0.059624351932218475
76,529338.2238788576,181005.60150669207,0.1111111111111111,0.02229421888049526,0.0,0.18203198550247995,0.06121513095945511
77,529342.9916710708,181006.8215561528,0.0,0.022025719144430994,0.0,0.18337506342817309,0.06216866810476006
78,529350.2606913692,181011.52347528373,0.0555555555555555,0.021923128288542055,0.0,0.1827474983344736,0.05859596573207853
79,529356.428227444,181014.61034530573,0.0555555555555555,0.021833414030871343,0.0,0.1834048498010264,0.05973301165690383
80,529307.2396481977,181040.82627467852,0.0,0.022103154610004814,0.0,0.18277553088870135,0.059480392901779915
81,529309.9768073175,181035.0361421664,0.2222222222222222,0.022431075419859312,0.0,0.18342884257259193,0.06341202423225323
82,529312.7652606092,181030.22394563275,0.0,0.022166292381533455,0.0,0.1834969017722466,0.061045519068058
83,529316.0104539724,181025.42337239537,0.1666666666666666,0.02215726935231689,0.0,0.18396851732865815,0.05880468892227795
84,529318.1231277136,181020.22774688728,0.1111111111111111,0.022609045195785146,0.0,0.18467781080559262,0.05980579158336402
85,529319.4714744088,181015.1347516521,0.1111111111111111,0.021848357901860727,0.0,0.18586020241018653,0.05964678897666424
86,529322.570646446,181010.08630901243,0.0555555555555555,0.022312230417812485,0.0,0.18336521487765303,0.06189137947094647
87,529324.369527497,181005.2489368489,0.2222222222222222,0.021908745303827016,0.0,0.182306229216405,0.05947249933587886
88,529327.046122918,180998.84687762664,0.0,0.022095739979343738,0.0,0.18466584794142515,0.05813135922643104
89,529283.6392529754,181007.38668435212,0.2222222222222222,0.022238310620379665,0.0,0.18427022805678808,0.059455265673458726
90,529288.5189523322,181010.19655168767,0.1666666666666666,0.02257261310812084,0.0,0.18516427932241997,0.06249023839911431
91,528996.1404633644,181214.41417371703,0.0,0.022418688807373518,0.0,0.18696977173321608,0.06081171541823539
92,529000.4882963112,181210.63054046733,0.0,0.022249701837068755,0.0,0.18674069795796366,0.0601322064206828
93,529006.9188601099,181200.57203140756,0.0,0.021572917710650247,0.0,0.18459690559442568,0.05736655958103437
94,529006.8347974954,181207.8711488372,0.0,0.02185100067526471,0.0,0.18260344974010934,0.05986898124187597
95,529008.2851791504,181194.60346582928,0.0,0.022143841685918857,0.0,0.18320706951647314,0.0599543942227798
96,529009.6161934191,181186.03800378583,0.0,0.022446292076921972,0.0,0.18374381497423597,0.0613711962235719
97,529011.6142275281,181179.111975784,0.0,0.022056157813764438,0.0,0.18311343968000002,0.059400471223309506
98,529013.0011381556,181172.3326838276,0.0,0.0221822945170732,0.0,0.1837829269682294,0.06225527819282021
99,529005.5582003132,181174.41523569063,0.0,0.021983184457614467,0.0,0.18294060993410646,0.059810028116846076
100,529008.9593871454,181146.8786309876,0.0,0.022274605176603058,0.0,0.182163554636129,0.06170027379820667
101,529019.0685049553,181148.9861585772,0.0,0.022464074467913403,0.0,0.1841207941707993,0.060495601003015334
102,529020.0783039861,181141.052979442,0.0,0.021798510682843105,0.0,0.1825941248667927,0.05945138624722332
103,529031.0589601945,181113.38336771604,0.0,0.022141238899420136,0.0,0.1820237964350351,0.06074445037277485
104,529032.3821391572,181106.75376843748,0.0,0.022465334919716758,0.0,0.18416378303104378,0.06283119523602543
105,529036.1383461363,181099.8157682937,0.0,0.02227311634053018,0.0,0.1860870593043298,0.06174604427326549
106,529048.8149773611,181076.04112162287,0.0,0.022391126377247952,0.0,0.18442054291161683,0.06171004115370524
107,529052.0329327225,181066.8834295521,0.0,0.021567066507993372,0.0,0.18170952805890372,0.05815565510720432
108,529055.7993798708,181064.5042341193,0.0,0.02204695240130973,0.0,0.18490011728338457,0.060068455098407726
109,529058.2786501658,181060.1124801949,0.0,0.022032729314929535,0.0,0.18181261553958689,0.06080039729739609
110,529068.1222052388,181041.38868180005,0.0,0.02198314893069315,0.0,0.18475656182924316,0.05868201615780259
111,529071.7816114093,181039.17176816647,0.0,0.022280925351760867,0.0,0.1823575878975646,0.0612246837144379
112,529074.0677106613,181034.28014669148,0.0,0.021965812687862893,0.0,0.18191674550490916,0.05920652730797844
113,529077.1936024416,181028.7498977204,0.0,0.02209872670022764,0.0,0.18198750316867832,0.05924528003724358
114,529080.3195006961,181023.219650608,0.0,0.02224462312981386,0.0,0.18625492736114801,0.060598338596857884
115,529082.9351938708,181017.51145676005,0.0,0.02178413218049998,0.0,0.18096006951318655,0.059064093077982785
116,529085.9833528235,181010.98930147276,0.0,0.022198298073994743,0.0,0.18289273303051978,0.06113870909877757
117,529089.8043025921,181006.4666505918,0.0,0.022532740905642393,0.0,0.184541007756539,0.06108766596607723
118,529092.8650409362,180999.4498500814,0.0,0.022171703339176337,0.0,0.18673389517572325,0.05837448958005945
119,529107.5958042761,180966.6611690588,0.0,0.022255574909844894,0.0,0.1836621078090544,0.059793627604101715
120,529115.827617992,180954.6610752995,0.0,0.021761656593714648,0.0,0.18123529153550758,0.05915972095195438
121,529122.5371933512,180941.79737085628,0.0,0.02240379959019864,0.0,0.18447546215247704,0.0621575715806678
122,529126.893578676,180936.4634011492,0.0,0.021674489428216603,0.0,0.18262235344045555,0.05870126060261114
123,529129.9208899153,180930.7656865199,0.0,0.02237342744502337,0.0,0.1823682870080453,0.0606935534626897
124,529134.3927421896,180924.9396879541,0.0,0.022774316818139934,0.0,0.18605985049315918,0.0628409753710361
125,529139.1248335436,180916.9754421677,0.0,0.02173513260447235,0.0,0.1808412281904675,0.05915588456610875
126,529140.9008252566,180911.90589568712,0.0,0.02188440742648788,0.0,0.18399191363538345,0.05793132429738638
127,529145.4881573094,180905.58787171936,0.0,0.021869748845908078,0.0,0.18149084797268417,0.05852458886479134
128,529148.3055513665,180900.04982204977,0.0,0.02210291700905574,0.0,0.18401072448989123,0.059904477451778224
129,529150.814303963,180894.50393057367,0.0,0.02220344346953293,0.0,0.18366930373012344,0.05979403978730861
130,529042.205078583,181210.669641002,0.0,0.02205334344385015,0.0,0.1837014099377978,0.05985316711380044
131,529043.0173224601,181207.06049859297,0.0,0.021823650626401656,0.0,0.18634657620309059,0.05714564479764961
132,529044.5413262773,181203.79940918687,0.0,0.02153040561304561,0.0,0.1820157862660396,0.05950142415964635
133,529043.4407941104,181198.49180071676,0.0,0.0213645802292286,0.0,0.17888159880751464,0.05720302523445587
134,529045.8296805614,181193.60277936087,0.0,0.02173245333483357,0.0,0.17988823683309038,0.06013490633884511
135,529048.0457268179,181179.3049713996,0.0,0.02127152477326221,0.0,0.1812343095812206,0.055073307910604156
136,529049.7270498123,181173.9030153832,0.0,0.0218617180262579,0.0,0.18250915263185563,0.058935135427986826
137,529051.0010557967,181168.32572676864,0.0,0.022012799392497662,0.0,0.18381846780481909,0.05894780560547326
138,529052.1805615214,181162.4160597212,0.0,0.022301207253381663,0.0,0.18619868175698012,0.060484616193283484
139,529054.1872733646,181156.362410266,0.0,0.022452879458827454,0.0,0.18192055386254632,0.06106123220619723
140,529060.5429985423,181133.0953155732,0.0,0.022255093758317107,0.0,0.182674021738978,0.059577494431092254
141,529062.9905525583,181125.89793850723,0.0,0.022329242168682022,0.0,0.18653169151204485,0.05913404314450174
142,529065.5894307325,181120.84926846367,0.0,0.02228524317003474,0.0,0.18566030568847336,0.061585037760064576
143,529067.6739242474,181115.78753556727,0.0,0.022291344261676935,0.0,0.1864282858294759,0.06037857534261105
144,529071.0222715513,181109.60297631327,0.0,0.0224577032853122,0.0,0.18196864222545941,0.06089393885726453
145,529073.7324187845,181104.22715698532,0.0,0.022036269847137743,0.0,0.1848715418804758,0.06171661495282095
146,529076.7512061872,181098.85917804367,0.0,0.022400485520352544,0.0,0.18354456365504304,0.06133073819783738
147,529079.7951273511,181092.50190229027,0.0,0.022096689675669304,0.0,0.18583780550491416,0.056946348595906714
148,529082.0895899627,181087.28051813247,0.0,0.022529285126626213,0.0,0.18759061380073327,0.06108028222797363
149,529084.1489832355,181083.20809029488,0.0,0.021416433598226255,0.0,0.1816994928245805,0.059957177298767504
150,529086.9620355122,181077.83489092492,0.0,0.02138706728128174,0.0,0.17975014134654282,0.05757078710463383
151,529096.2703310478,181059.92249497084,0.0,0.022536957968213714,0.0,0.18466595239324604,0.05970298896032524
152,529099.9357607588,181053.416028122,0.0,0.022019502485522407,0.0,0.18299678218442564,0.059579557100904575
153,529103.8153353629,181046.58502474148,0.0,0.022654853967447344,0.0,0.1881838033261114,0.0634313766128083
154,529108.0370686217,181038.44280049167,0.0,0.022150231695648247,0.0,0.18359656688452788,0.06011558361730127
155,529112.3198051032,181031.95202400564,0.0,0.021701291543114207,0.0,0.18299109172218087,0.05922131339464389
156,529114.7088266049,181027.06303390017,0.0,0.02286959675609867,0.0,0.18589762911686533,0.06321467125915745
157,529119.115405931,181019.750461372,0.0,0.022807584133913365,0.0,0.18532495693472043,0.06340632214729143
158,529122.0565418184,181013.39059622967,0.0,0.021949045468072866,0.0,0.18350467525707578,0.059085723791509205
159,529125.0879968179,181007.5279958544,0.0,0.022171501263531766,0.0,0.1844105201639531,0.06143125178409432
160,529132.4925608524,180995.67190036568,0.0,0.02217214922592166,0.0,0.18357434203491993,0.06008013318626665
161,529135.07480895,180991.28279686475,0.0,0.02219574636338979,0.0,0.18498803255706717,0.06109698433390466
162,529138.509433616,180985.76042693536,0.0,0.021957273849467166,0.0,0.18232795248174252,0.057955829572537164
163,529142.6977488816,180978.9372949088,0.0,0.022300410756964643,0.0,0.18644016218441836,0.06053971671008545
164,529144.7739893488,180974.20535861928,0.0,0.02220244630419995,0.0,0.18361701980546496,0.060218327931126886
165,529147.7803514933,180969.3320695941,0.0,0.021944627527527603,0.0,0.18206694943230334,0.05784982119514425
166,529150.2932644661,180963.6212948298,0.0,0.022397397492486006,0.0,0.18580067161264713,0.060720351445156376
167,529153.82242354,180958.43131544068,0.0,0.02196711149257751,0.0,0.18235406316588743,0.061064091127252515
168,529156.9568256956,180952.5713479548,0.0,0.022014748921507687,0.0,0.18134537347506477,0.059613011317007476
169,529160.38730769,180947.2138753624,0.0,0.0219053131920278,0.0,0.18236158558803578,0.059334680026011236
170,529163.7107246967,180942.01867333497,0.0,0.022334595549618093,0.0,0.184545816267545,0.05973632253165687
171,529166.6435747402,180935.98859917204,0.0,0.022480926917582324,0.0,0.18313843554274462,0.06322825165503596
172,529171.153182466,180928.67868505453,0.0,0.022014765549240933,0.0,0.18442257575683002,0.060208846084763616
173,529157.5682589023,180883.95124763023,0.0,0.022090343672304804,0.0,0.18285704924576124,0.060623423569666025
174,529161.1435687119,180876.94755967165,0.0,0.022496786626090524,0.0,0.18542915428584072,0.06038083856093097
175,529176.4081209052,180920.3977813472,0.0,0.022711859082926864,0.0,0.1858817632329262,0.06191379924342774
176,529179.662215977,180913.8809102648,0.0,0.021781667345988128,0.0,0.18266190538836435,0.059324036964465594
177,529183.0801727292,180909.0181015636,0.0,0.021830577785085264,0.0,0.18270082617676262,0.05796525735209915
178,529185.0452111776,180904.61333209608,0.0,0.02198245256492566,0.0,0.18581357397065776,0.059148457957894855
179,529191.0622847577,180894.70191885007,0.0,0.02176626829116878,0.0,0.18196761048882285,0.05862033490516891
180,529173.4528252124,180858.45159338036,0.0,0.02175705753403767,0.0,0.18246843420484696,0.060726247062078416
181,529166.9982072805,180853.1728718548,0.0,0.022062660133360758,0.0,0.1852693879766364,0.061469533843994575
182,529170.8281501377,180856.40501103023,0.0,0.021846848043158867,0.0,0.18123241070719398,0.05897918838831065
183,529198.5174513877,180880.8673202688,0.0,0.022237581891413227,0.0,0.18571690379583417,0.05986118349586437
184,529176.4802303324,180852.7539055585,0.0,0.022280632535674708,0.0,0.18517358412178034,0.05968151089761181
185,529179.4215218889,180846.39407245565,0.0,0.02206164766964087,0.0,0.18198049939235858,0.0598573672215447
186,529183.3748917896,180840.71992367395,0.0,0.021998996195128927,0.0,0.18068576315418908,0.060339382427629706
187,529186.7403058892,180833.87590597203,0.0,0.02185074979670923,0.0,0.18477237079039585,0.059183463221261244
188,529190.6033827689,180827.70449848773,0.0,0.022549680466637433,0.0,0.1846126295965401,0.062436412716312326
189,529194.4538947314,180822.0277428308,0.0,0.02243570246652968,0.0,0.18792230851995706,0.06037703278531798
190,529202.78785077,180874.87126658525,0.0,0.02221392000173953,0.0,0.18406503238667504,0.05965025377055819
191,529205.4605230934,180870.97946217388,0.0,0.02208150167303744,0.0,0.1822969242558095,0.05924251290725794
192,529208.4460401642,180866.93062289036,0.0,0.02236467287787127,0.0,0.18316607545170635,0.06309400669855435
193,529212.2965458467,180861.2538806052,0.0,0.022662323605309464,0.0,0.18761041747724613,0.06101002429957836
194,529214.9943842145,180856.3727830554,0.0,0.021929176705826454,0.0,0.18254851165306885,0.058357821901733865
195,529218.3262958516,180850.8478496,0.0,0.021955615173444326,0.0,0.18569149035480198,0.05936609269762718
196,529222.2922840003,180844.67908145147,0.0,0.02194296430823034,0.0,0.18390415598904616,0.060338012389942255
197,529199.9147387865,180813.75209292432,0.0,0.022108592441572844,0.0,0.18231337393699984,0.059762966610875046
198,529201.7727476656,180809.50959729508,0.0,0.021883658072973645,0.0,0.18125258818779083,0.05916436497341352
199,529228.6726476097,180832.6320800013,0.0,0.02142424084845726,0.0,0.18099017987817087,0.0577120528377121
200,529232.6051209664,180827.78238354647,0.0,0.021827007660293708,0.0,0.18235178241766323,0.05822939726339939
201,529237.2913304713,180821.63193927472,0.0,0.022193995190741802,0.0,0.18620069021475769,0.06156668876244589
202,529208.6088378868,180799.78401040265,0.0,0.02181971144679685,0.0,0.18449726424830493,0.06079768423758127
203,529211.7182391058,180794.9133733821,0.0,0.021519835149443837,0.0,0.17994213385953947,0.05851837171176142
204,529214.6428365074,180789.21309190005,0.0,0.021987047810195236,0.0,0.18349230695627539,0.05991626516506021
205,529219.0520217129,180785.8604102694,0.0,0.022578652221063433,0.0,0.18721103782186307,0.06293845753530056
206,529221.7057069269,180778.6683385524,0.0,0.0225502977347676,0.0,0.18710847115563195,0.060966856811606296
207,529225.0818648937,180775.45438674727,0.0,0.022415965569537625,0.0,0.18229878264179125,0.05963186157203177
208,529229.8100327585,180767.65510563017,0.0,0.022782534841239023,0.0,0.18581969804167062,0.06354137319845735
209,529239.7708654897,180817.24027107217,0.0,0.022184514733629892,0.0,0.18445311293805622,0.0616465665801257
210,529243.3611653238,180813.70179793067,0.0,0.022313220554522704,0.0,0.18191265176969815,0.06040374291101095
211,529245.7671755921,180808.15333542,0.0,0.021944133582904823,0.0,0.18562345133931665,0.05997086600491235
212,529248.6456819327,180804.2667856789,0.0,0.021331530060044537,0.0,0.18038732643570415,0.05766624423506034
213,529251.3519687809,180799.0559408436,0.0,0.02193462960915196,0.0,0.18046994862229945,0.06049927049925933
214,529254.7490997544,180795.01759371004,0.0,0.020951200026515637,0.0,0.17747800121639917,0.05581719667435102
215,529258.5619675509,180790.82483213424,0.0,0.022299955423252703,0.0,0.18293789432406177,0.06244382768837033
216,529262.712849735,180785.48574256516,0.0,0.02230022676287133,0.0,0.18553054432375693,0.06320640299248743
217,529265.4884963444,180781.596585416,0.0,0.0220657523778761,0.0,0.18358987315217018,0.058868086483600965
218,529243.3082877101,180751.00440802792,0.0,0.022520129001998082,0.0,0.1825542599711437,0.05973089030798594
219,529227.9493709708,180759.85328643152,0.0,0.02178282339867936,0.0,0.18248909792476617,0.060011387331610315
220,529245.7269015748,180744.96129662203,0.0,0.02166437214534569,0.0,0.1829053551508994,0.05885812391031527
221,529249.6720328652,180739.6169637504,0.0,0.022249226755408687,0.0,0.18443711281958233,0.06056194505914324
222,529252.8927792184,180734.41920160013,0.0,0.022884761904414637,0.0,0.1875533902237122,0.06204020217832561
223,529256.1303045992,180728.56190959827,0.0,0.02188227690753608,0.0,0.1838344572796579,0.05843523602450037
224,529263.3423526025,180716.20611631367,0.0,0.021953533676373344,0.0,0.1854266460172772,0.05832339583164402
225,529266.7730923535,180710.8487130401,0.0,0.022554688790870435,0.0,0.186726541935481,0.061968758395797297
226,529270.495723454,180706.1586941837,0.0,0.02195867604867177,0.0,0.1818010940618637,0.05977703794520387
227,529273.6558226749,180768.1101764643,0.0,0.022006790110351844,0.0,0.18511757231033546,0.0594645132833404
228,529277.14329437,180764.56910963816,0.0,0.023052950325338877,0.0,0.18717504946034125,0.06165616984109041
229,529280.2737522459,180758.87409864573,0.0,0.022206927762003014,0.0,0.18478881395262028,0.059242973475486724
230,529284.3092140781,180754.027058046,0.0,0.022207634196018903,0.0,0.18531471176157566,0.06255982382353631
231,529288.8842760811,180748.203808752,0.0,0.022262515545117788,0.0,0.18415820500512134,0.061080729439135555
232,529293.1758580328,180741.38341395705,0.0,0.02155315339779002,0.0,0.18153730428906306,0.05698999350053683
233,529298.4060060759,180734.0919301054,0.0,0.021932027926350375,0.0,0.1842690531191888,0.06068355243530279
234,529302.8949940895,180727.60654389803,0.0,0.021728154346503065,0.0,0.1838391965133461,0.05710844220292224
235,529306.4496297033,180721.42736954425,0.0,0.02231580281514814,0.0,0.18808359115262627,0.06073052746820637
236,529309.5675597617,180716.227024826,0.0,0.0223866234431471,0.0,0.1837236558137916,0.061725127926635
237,529313.817244004,180711.05547628863,0.0,0.022397602092097554,0.0,0.18381091214282425,0.05886934994846159
238,529317.136764892,180706.02525436296,0.0,0.022134201529805834,0.0,0.18362372043625977,0.06083628297419022
239,529327.2382071125,180693.4130809756,0.0,0.021910284489616124,0.0,0.18231535327599446,0.06115278832072497
240,529333.0082452139,180693.2299232604,0.0,0.022228204638001996,0.0,0.1854323629000416,0.059581568152660476
241,529341.2056025619,180694.7584381819,0.0,0.022689436940643497,0.0,0.1855891787162787,0.06298935910584527
242,529325.0360339397,180711.1759326256,0.0,0.021943041245679175,0.0,0.18645777658575655,0.06104103600475103
243,529336.1309594167,180712.11821025785,0.0,0.022199381619667974,0.0,0.18591246072609294,0.059646798861546654
244,529339.5473571736,180719.46469493204,0.0,0.021993962277736624,0.0,0.18266282445077217,0.059170780182780096
245,529369.8731718727,180696.9729510448,0.0,0.02283332697196621,0.0,0.18921693169825524,0.06226403255074788
246,529377.910909548,180696.68257576143,0.0,0.02121714908328121,0.0,0.18017720591153963,0.05671010623262028
247,529380.5673470516,180717.70389490732,0.0,0.02150145883886367,0.0,0.1808723016353918,0.057483176309562435
248,529360.6769017561,180726.60202434103,0.0,0.02249861746731978,0.0,0.18512070984641213,0.061501186670624396
249,529336.1501100822,180723.5029867988,0.0,0.02150206766046918,0.0,0.18232598017368984,0.05878124389275492
250,529331.9129988193,180728.17986814168,0.0,0.022114764006392743,0.0,0.18391331235501762,0.05944985075159544
251,529328.7908563055,180733.54508241348,0.0,0.02253922036449272,0.0,0.18569373601964248,0.06157027848553744
252,529325.290741051,180737.5807633469,0.0,0.02233925292661389,0.0,0.18451207791015034,0.061349007549559256
253,529321.3329404817,180743.4196875853,0.0,0.02222460974727539,0.0,0.18390921949012007,0.060945781537619315
254,529317.1168346374,180747.27216622565,0.0,0.022244609498205913,0.0,0.1856346883375241,0.06140286476187109
255,529314.036669367,180750.9885598615,0.0,0.02258661684089132,0.0,0.18557868526692411,0.06167973313916096
256,529310.7171779851,180756.01878361547,0.0,0.02176616468252197,0.0,0.18232572671985464,0.05901485695803748
257,529308.0779275652,180758.59147067703,0.0,0.022512595253017992,0.0,0.18373584343822733,0.06153901153650303
258,529303.3222497515,180763.42017030047,0.0,0.02182837797710445,0.0,0.17790502661761515,0.05928594734729944
259,529301.6279633407,180769.31669453887,0.0,0.02209004670764892,0.0,0.18402819556301514,0.06209964540967006
260,529358.9090285219,180731.3417313184,0.0,0.02176319472187266,0.0,0.1811159016630019,0.060208638794300946
261,529354.6844907489,180735.5239451709,0.0,0.02201008867270231,0.0,0.18262230276971442,0.060085302965595604
262,529352.7444251382,180738.93935376185,0.0,0.021902071120205754,0.0,0.18019797621912917,0.06078523875546403
263,529350.0358286278,180740.1903375412,0.0,0.022182502573112765,0.0,0.18553021484978338,0.05990527901013561
264,529347.1152479019,180745.7256606077,0.0,0.02136610822925549,0.0,0.18069965035001478,0.05709188676800881
265,529342.9159075269,180748.9185864009,0.0,0.02214854948293737,0.0,0.18298558019541725,0.05975994655714774
266,529338.7061686157,180756.56597309164,0.0,0.021878814541206316,0.0,0.18018001044760715,0.060602675423022605
267,529347.2100577755,180762.22704586363,0.0,0.02130057770766189,0.0,0.18270237901887465,0.05630856234442222
268,529349.7800119269,180758.33269694,0.0,0.02264102202331526,0.0,0.18542579871640738,0.06203017400162117
269,529352.4654442103,180753.9463189459,0.0,0.02200736026427579,0.0,0.18261208010880495,0.05752379465061748
270,529331.7856743874,180761.50454777648,0.0,0.02217453283104608,0.0,0.18424266466588063,0.05990728478402857
271,529327.0489500472,180769.6335023724,0.0,0.021716788038498375,0.0,0.18346984072626701,0.05772568680266579
272,529322.6186994201,180773.81050626576,0.0,0.02200149643503737,0.0,0.18495312980660175,0.060343249541149654
273,529297.7121588481,180773.50680710573,0.0,0.0221409536728791,0.0,0.1812141756230984,0.06275865530786463
274,529308.88090261,180791.77482523443,0.0,0.021842233987135997,0.0,0.1829157886564801,0.06086911270220983
275,529305.4501661808,180797.13220051856,0.0,0.02230407553136028,0.0,0.18625655185504214,0.06124249570044094
276,529301.9039680675,180802.9816094518,0.0,0.02201960737781484,0.0,0.18621270772841256,0.059396133456117
277,529301.9039680675,180802.9816094518,0.0,0.0216697231208838,0.0,0.18036523840247154,0.057517984291966986
278,529297.2302461468,180808.6373465823,0.0,0.02193365220491647,0.0,0.1820227266583631,0.05951951220372672
279,529292.8526031858,180814.79558863968,0.0,0.022087709859604076,0.0,0.1827281290896798,0.061267282895463064
280,529288.4791648353,180820.78895138463,0.0,0.021530594123909074,0.0,0.1815429137829674,0.059548628247697535
281,529284.0847653727,180827.6067326337,0.0,0.021718609525173554,0.0,0.1857151995465491,0.05973009792979142
282,529280.0325810447,180833.1133048674,0.0,0.02241823619616415,0.0,0.18422055120830644,0.06176204076401165
283,529276.030732887,180836.64128454385,0.0,0.022391546200605596,0.0,0.184455018550894,0.060927019466578615
284,529274.2545832718,180841.7107857992,0.0,0.0224270938499501,0.0,0.18467778320278938,0.059611541219867226
285,529270.7461938943,180846.0762690121,0.0,0.02198982352248676,0.0,0.1836344452867799,0.058387444884402714
286,529267.7564208589,180850.28995551687,0.0,0.022451226406162338,0.0,0.18545066971080165,0.06009825389894618
287,529285.8068675483,180772.0490253067,0.0,0.02251307554869463,0.0,0.18330954100766778,0.062348855007112465
288,529279.4707299055,180794.4914350081,0.0,0.023273387738312837,0.0,0.18905012282992828,0.06421239355570227
289,529277.5223478916,180798.23663737683,0.0,0.02218625968590503,0.0,0.18295990749515229,0.05977482890226363
290,529273.4050098843,180802.25665127992,0.0,0.02169567603211664,0.0,0.18155020656793291,0.05825840777600178
291,529269.3066882449,180809.57694464887,0.0,0.02245701329888053,0.0,0.18496751972392586,0.06086323631367623
292,529263.7596143325,180817.1903731824,0.0,0.02180633927685597,0.0,0.18429414235349012,0.05900154692507552
293,529258.3322139,180824.14689227048,0.0,0.022076115573667395,0.0,0.18256090331861535,0.06043319184744147
294,529254.9309046089,180828.35011988776,0.0,0.022158644718715835,0.0,0.18592723435328826,0.062069295848376234
295,529252.1343234716,180833.06369743065,0.0,0.02234747106144341,0.0,0.18407975445567745,0.059257381748307504
296,529250.0895328139,180840.60121853783,0.0,0.02259397556950086,0.0,0.18712990104581373,0.059877329595327385
297,529242.4697032969,180836.61268359429,0.0,0.02220844860698414,0.0,0.1856980955235091,0.05846504662737562
298,529247.0701150368,180837.8845988729,0.0,0.02178371948398206,0.0,0.1819391667525322,0.0579894298152327
299,529261.7226555487,180868.9453120503,0.0,0.022337721537356164,0.0,0.18452973124430766,0.06180858776763064
300,529257.5631614194,180866.52966836523,0.0,0.02260199408971025,0.0,0.18551198627652574,0.06380816489295738
301,529252.6876751753,180863.9308296996,0.0,0.022609620418567476,0.0,0.18585539174775564,0.06140362558111026
302,529247.9444188203,180860.18043127249,0.0,0.022124719547421318,0.0,0.18478278821870425,0.05907103230676957
303,529241.5382524175,180857.04770892396,0.0,0.02241455673539595,0.0,0.1844898936315635,0.05956727230235758
304,529236.7824033501,180853.79197014865,0.0,0.02164286927006892,0.0,0.18225692058743878,0.057832647157955344
305,529230.2230289417,180852.63524201344,0.0,0.022097223321572844,0.0,0.18248156393873272,0.05977570660785651
306,529275.7773894996,180858.7434542992,0.0,0.02160552290131573,0.0,0.1814060731100276,0.056993252879476555
307,529284.1531171224,180865.39110487944,0.0,0.022222335417544675,0.0,0.18431912773389894,0.06054596636395394
308,529258.6425998613,180872.66173809403,0.0,0.02195811328337825,0.0,0.18558468149440813,0.058652394308802286
309,529254.9326716241,180876.85711565427,0.0,0.021256248706528712,0.0,0.18063701713323307,0.058038958055196044
310,529251.3340185715,180880.72534633303,0.0,0.0218134908264327,0.0,0.18198859413363305,0.05818945909886762
311,529248.0482119832,180884.43654569803,0.0,0.02208424654234926,0.0,0.1820398414374763,0.058181668361923296
312,529243.6097367841,180888.9433825377,0.0,0.0221576948773491,0.0,0.18486892660751056,0.06056007230589236
313,529239.805335646,180892.80638855087,0.0,0.02219549518588874,0.0,0.185926623415755,0.06154429791980215
314,529236.7127314743,180897.01747652536,0.0,0.022071416984450885,0.0,0.18641321741326894,0.06085057012281704
315,529233.8300895762,180901.06891555927,0.0,0.02179413987351177,0.0,0.1819870749433457,0.05849052891401201
316,529264.2513883775,180890.95325052223,0.0,0.022262817893744947,0.0,0.1843190197002479,0.06087076618066656
317,529259.5903645881,180896.11437206864,0.0,0.022007902926697825,0.0,0.18113199312681544,0.059154067045861944
318,529255.078359546,180899.4644013836,0.0,0.02184414730756507,0.0,0.18078333497424398,0.05803129562504874
319,529252.269233066,180904.67262768847,0.0,0.022487786025974125,0.0,0.18595083521854128,0.061030730286916274
320,529249.4894645009,180908.7266745036,0.0555555555555555,0.022239827497585206,0.0,0.18382284181392491,0.05960794749460349
321,529244.8787880846,180911.90921321727,0.0,0.02186106605848773,0.0,0.18448888077419348,0.05897170623370564
322,529240.4696886169,180915.26187155503,0.0,0.021655132703151836,0.0,0.18061616221168506,0.06005760995073942
323,529238.0027736288,180919.15889025887,0.0,0.022029983464375503,0.0,0.18490658008309485,0.06002076572656426
324,529234.2551597732,180924.83822941576,0.0,0.021804062971165147,0.0,0.1814559658844493,0.058297354295435054
325,529230.146338401,180928.5285109154,0.0,0.02182282863426876,0.0,0.18271845311211685,0.05755862944713477
326,529227.0369921572,180933.39913655163,0.0,0.02232378976440995,0.0,0.18311669112291198,0.059459589185386415
327,529224.2782205783,180936.6287817066,0.0,0.02292053263292227,0.0,0.18353019060467823,0.06151588147115688
328,529220.3751787577,180940.32430278463,0.0,0.021977653692164513,0.0,0.18348807677527976,0.058993649060925815
329,529217.3687299865,180945.19755001928,0.0,0.022430209319396977,0.0,0.18466921012891435,0.06004335566802096
330,529214.0913718136,180948.57900459963,0.0,0.021830890342768527,0.0,0.1841046131125643,0.059128758418596744
331,529209.6739399695,180952.26145504767,0.0,0.021604274409903777,0.0,0.18193654973648896,0.06035287994857734
332,529198.5235017091,180965.6721147776,0.0,0.022282934030402515,0.0,0.18366339507869323,0.060594195344463225
333,529196.4346326593,180970.8986789764,0.0,0.022232571056676895,0.0,0.18394094784698792,0.062454995606464746
334,529193.1824531876,180973.29084852024,0.0,0.022198295725038758,0.0,0.1827100879950757,0.061044783877423674
335,529190.2579723431,180978.9911417747,0.0555555555555555,0.022592609023890042,0.0,0.1858542122014724,0.06272185208139794
336,529186.5817043845,180981.86750350508,0.0,0.02249109721260681,0.0,0.18584083192224976,0.06247418451392342
337,529183.8965259426,180986.25396640948,0.0,0.02242581886589712,0.0,0.1852830452422935,0.06194832670129398
338,529179.2566227997,180990.5907445076,0.0,0.02241389118619789,0.0,0.18488732894721055,0.05965203259965284
339,529176.7078630145,180993.6607618385,0.0,0.022048320275051905,0.0,0.18275503960904338,0.06112302034911933
340,529173.3067274062,180997.86404223813,0.0,0.02189073729379046,0.0,0.18163964258111331,0.06174285898763857
341,529171.3794470963,181000.78486870503,0.0,0.021824252484101584,0.0,0.18154133305214207,0.05835933708357231
342,529168.1882714793,181004.82849917,0.0,0.022435353621338645,0.0,0.18358681168548632,0.06243084872700545
343,529165.1860985851,181009.53689328648,0.0,0.02202283015089767,0.0,0.18398453932494416,0.05928372377930135
344,529163.3030393264,181014.76870013625,0.0,0.021837199177226697,0.0,0.18163270335645015,0.060586448684532564
345,529180.9453202592,180960.6055677244,0.0,0.02242204786243071,0.0,0.18577422585824116,0.060667146937301686
346,529179.7949697544,180965.361025084,0.0,0.02256337378708835,0.0,0.18326247108984162,0.06090243209364936
347,529176.5828122684,180970.22906568687,0.0,0.022376122179730607,0.0,0.1849705766605116,0.06068191017925869
348,529173.2971156733,180973.94031208876,0.0,0.021669187080561314,0.0,0.1794416808541079,0.0576193066502039
349,529170.1962316188,180978.48120545264,0.0,0.022850261700066567,0.0,0.1873307751466656,0.059896769712177014
350,529164.0824808526,180984.1004538088,0.0,0.022004563035822013,0.0,0.1819473183515173,0.058902725607021846
351,529159.7870690756,180991.08583703573,0.0,0.022027113674394794,0.0,0.1865264744869866,0.05959465198391938
352,529156.1927564753,180994.78925026115,0.0,0.02206986150577886,0.0,0.18288237650732686,0.05862020392276742
353,529153.2934699709,180999.5002658396,0.0,0.021916923843372536,0.0,0.18502691236026875,0.05974793023293243
354,529149.9575271852,181005.1901234889,0.0,0.021449366742938653,0.0,0.1828953429441548,0.05855795790343064
355,529146.2305703537,181001.96061217427,0.0,0.022496034632679882,0.0,0.18465904618240936,0.06300974146531726
356,529142.5036087644,180998.73110368333,0.0,0.02140386000040234,0.0,0.18371194430463025,0.05626430472141637
357,529129.3628779587,181009.45149723464,0.0,0.022253898712335865,0.0,0.18278130696493194,0.060704603732837085
358,529136.7115882486,181011.94807610504,0.0,0.021806445486501545,0.0,0.18584677343997605,0.05861358625365047
359,529146.9292571588,181031.18151413964,0.0555555555555555,0.02224352309501746,0.0,0.18182058061515227,0.06004160154845545
360,529149.2028628344,181026.78457450305,0.0,0.02198220905248649,0.0,0.1826783919395774,0.059520903964188264
361,529152.7696932385,181020.11064713247,0.0,0.023082094941454405,0.0,0.18779316286903855,0.06480347339185544
362,529143.12084168,181035.20947353856,0.0,0.021815555733697277,0.0,0.18258089070480285,0.05984633993329538
363,529135.479356236,181015.87651353487,0.0,0.022164809094584657,0.0,0.18333126691549778,0.06106113660585119
364,529131.2761781308,181019.23449290093,0.0,0.021503508393626858,0.0,0.1805252234601439,0.059695826543494
365,529127.3797897564,181026.72500820653,0.0,0.021453566603345266,0.0,0.17972174536092342,0.058803811184912624
366,529123.204098449,181033.0535031776,0.0,0.021622541629104385,0.0,0.18334555061418942,0.05768230378504152
367,529119.8807771662,181038.2487307714,0.0,0.02305344993300028,0.0,0.18762517919921914,0.06315765380850177
368,529117.1873060312,181042.96499403447,0.0,0.02247986791213681,0.0,0.18338633114159858,0.0617900464261634
369,529112.4362535918,181047.6289841256,0.0,0.02133246239478376,0.0,0.18225638457273657,0.05644176709639257
370,529109.9694966872,181051.52606315748,0.0,0.0224020647298876,0.0,0.18699541938255573,0.06057000128255561
371,529107.1605956745,181056.73436712747,0.0,0.021686833661553655,0.0,0.18296357435932414,0.059501914372548655
372,529127.5306605092,181057.2519013736,0.0,0.02200626098282442,0.0,0.18278094086033322,0.06060135642099477
373,529135.6069079327,181043.26801486025,0.0,0.021870121231214436,0.0,0.1827576187650402,0.058770360442652374
374,529132.7537512669,181046.16532805387,0.0,0.021534187864697487,0.0,0.1824092410157201,0.057417156725779954
375,529129.7432548524,181051.2035086163,0.0,0.022114080143164874,0.0,0.18049098085047177,0.05938488984693403
376,529115.1144471081,181067.82574488275,0.0,0.02126466382006483,0.0,0.17707188074542102,0.05689287022834208
377,529121.4845600277,181068.31756863085,0.0,0.02238737313505861,0.0,0.18328118255937867,0.05935025956885255
378,529130.1077682872,181073.3213664548,0.0,0.023039098214099298,0.0,0.18559188956792072,0.06301524095010493
379,529139.3901306143,181076.692034067,0.0,0.022498315534232254,0.0,0.18253943376796497,0.06348918337029359
380,529146.6651892263,181078.03183342968,0.0,0.022099563585321585,0.0,0.17940369002773385,0.06079853118057264
381,529156.8566789823,181082.0855953777,0.0,0.022680651836999428,0.0,0.1883528995968781,0.061779213882839155
382,529163.4515948334,181085.8829773612,0.0,0.02194409540477283,0.0,0.18217100917391152,0.06017418708953334
383,529169.6559414228,181088.845493236,0.0,0.021775923592403348,0.0,0.18521174951242436,0.05927860313203892
384,529177.436986338,181090.5281776657,0.0,0.022176463800614128,0.0,0.18492986367086472,0.06054104500577007
385,529126.5354271935,181092.36938183903,0.0,0.022387927773254,0.0,0.1848013423382254,0.05990630296051159
386,529147.7017992509,181106.1064006037,0.0,0.02139468442608497,0.0,0.17652527032980786,0.05751276675915002
387,529146.3773935431,181113.66226330452,0.0,0.022440282668405767,0.0,0.18587729979095688,0.05980754986060421
388,529150.1685621642,181102.2093395581,0.0,0.022137149307307855,0.0,0.18443119664396423,0.05842596129033962
389,529157.2820366994,181105.85490337943,0.0,0.02255099715292953,0.0,0.18654797749532295,0.06274106081936308
390,529167.1648274492,181109.90084329536,0.0,0.02122667208639649,0.0,0.17954049812463022,0.05603303011035604
391,529123.7833236421,181099.3940046781,0.0,0.021802423700286285,0.0,0.18311063755937199,0.05870823247621887
392,529120.8296601734,181106.24851808048,0.0,0.021864147913232386,0.0,0.1819221285818993,0.0608193003316084
393,529115.6275945557,181116.5106877784,0.0,0.021736633461271426,0.0,0.182195493879067,0.059713448971068527
394,529113.2302302525,181121.7294435888,0.0,0.02231381347530052,0.0,0.18689056884002916,0.06168352463257454
395,529108.4038496553,181129.36133229284,0.0,0.02247922503500799,0.0,0.1836509063100879,0.060846267273817145
396,529141.2232433275,181117.98600250616,0.0,0.02179304665505658,0.0,0.18445817809912407,0.05930538890300788
397,529137.5368512141,181125.31685565412,0.0,0.022727572327920224,0.0,0.1862639876041612,0.06064906024631947
398,529133.9617262398,181132.3205593852,0.0,0.022942258536103297,0.0,0.1890984460252774,0.06349316798743553
399,529131.3711632004,181137.03942934208,0.0,0.02245982441806772,0.0,0.18450935665500795,0.0631189430033571
400,529104.6355795593,181135.86517944955,0.0,0.02228465973017814,0.0,0.1819522425438798,0.05876162265175794
401,529101.3146860772,181145.02022638207,0.0,0.02233399757820716,0.0,0.1848902844653975,0.06006712807912483
402,529095.8100888801,181150.98500115832,0.0,0.021908087809373714,0.0,0.18277178447137724,0.05764188157098612
403,529118.2126624996,181160.62857054052,0.0,0.02177981451401691,0.0,0.18304208710938513,0.06009815960418217
404,529085.4147704694,181142.80144278985,0.0,0.02239921795298228,0.0,0.18352490244406625,0.06105515106538916
405,529078.889250788,181140.32583945617,0.0,0.02231094018961681,0.0,0.18366822399358776,0.06256883704612673
406,529073.7998216723,181138.051708863,0.0,0.022160435277460595,0.0,0.18383628620708456,0.06024161201005432
407,529068.3891927258,181136.264394222,0.0,0.022026470930149762,0.0,0.18564164653156817,0.0588782903515222
408,529068.012864292,181159.18837175984,0.0,0.022448051323339338,0.0,0.1862448090944951,0.058956914625072965
409,529072.3653838732,181162.10373877548,0.0,0.021784279079969934,0.0,0.18177169864697432,0.05875569464226078
410,529079.2204486271,181163.7627578656,0.0,0.02217635781555736,0.0,0.18208206695264098,0.06011119070974344
411,529090.1780203993,181166.0209657057,0.0,0.022603396155275242,0.0,0.18497548627576124,0.059927890246121655
412,529112.0051663114,181173.99999787024,0.0,0.021455212052252856,0.0,0.18307290658963885,0.05753552990715021
413,529114.5472769239,181167.1350243232,0.0,0.02151626506244386,0.0,0.18191610515194917,0.057687135162451664
414,529107.6638920475,181182.7991374441,0.0,0.021597910311339036,0.0,0.1815931299255444,0.05857700988270823
415,529086.5126749552,181172.52743914156,0.0,0.022051631245517213,0.0,0.18185710308124162,0.05972573543765412
416,529083.9915459853,181178.56801058163,0.0,0.022333126781723233,0.0,0.18223934267033073,0.06048830043113587
417,529080.7335345339,181185.24982385675,0.0,0.021742859099183567,0.0,0.1841547245698957,0.05862679879023757
418,529077.9289168217,181190.2932602148,0.0,0.02176414443585772,0.0,0.18168535992176585,0.059185561529596656
419,529074.4861070304,181196.145435689,0.0,0.02141396974284211,0.0,0.18144373842931832,0.05749422859575758
420,529103.1964671132,181188.4602744596,0.0,0.02282152029934435,0.0,0.1877745847629991,0.06333240346152544
421,529101.3912700856,181194.68401571663,0.0,0.022176958488513403,0.0,0.18488372084920573,0.05999623088789794
422,529096.8293630063,181200.0127784112,0.0,0.02250265585406775,0.0,0.18263297180859062,0.06211943975748656
423,529093.5922889436,181205.87016814403,0.0,0.0215908113917964,0.0,0.1833913410760164,0.05697981443838905
424,529090.2146499509,181213.20889458776,0.0,0.02199194135241982,0.0,0.18466385099757235,0.05921375460786379
425,529071.2155545724,181203.3219042056,0.0,0.02267970008679869,0.0,0.18584236756380743,0.060703058226488374
426,529069.3242762694,181208.8835108858,0.0,0.02219188936951681,0.0,0.18609496156357855,0.059015783645004954
427,529063.901720036,181215.6753475663,0.0,0.021664691929554284,0.0,0.17917440747828128,0.05743685231462225
428,529088.2814695586,181220.41932570745,0.0,0.022415115051777054,0.0,0.18494034655124283,0.061222064495829676
429,529043.318169334,181215.48259993485,0.0,0.022136182186373886,0.0,0.181981461787243,0.0605893210978868
430,529046.7154601236,181219.52861650108,0.0,0.02195151200881468,0.0,0.18225153096654198,0.06214056211270588
431,529050.4381212284,181222.92294044228,0.0,0.022048170234609914,0.0,0.18564928567986852,0.06084215607800647
432,529054.5782742874,181222.0381436479,0.0,0.021922969160130833,0.0,0.18551552766287016,0.05739011929881544
433,529058.2901761363,181221.80243202805,0.0,0.022220645498749598,0.0,0.184918514190705,0.06145603599599943
434,529061.1204470666,181223.85418500847,0.0,0.02191362313416144,0.0,0.18377167319352955,0.0600509389779062
435,529065.75404192,181223.80687659016,0.0,0.02294528420713887,0.0,0.18734602744445317,0.06163304422041319
436,529083.7279744943,181225.41833354373,0.0,0.02232428562114321,0.0,0.1841244168522114,0.060051670343260075
437,529088.8550053397,181226.20852777216,0.0,0.022410357675889708,0.0,0.18608382146753366,0.060432280905021
438,529093.9820347981,181226.99872719927,0.0,0.02260109954589447,0.0,0.18429907856877006,0.06268441415422525
439,529100.446446295,181227.82290744787,0.0,0.02229060847301669,0.0,0.18434154995684213,0.061658306931536934
440,529114.280198296,181230.31923243369,0.0,0.022463768542530637,0.0,0.1847996411934906,0.060572421817197325
441,529121.45635345,181231.4915024556,0.0,0.022354027444624395,0.0,0.18776474571998028,0.06093698677782815
442,529126.8058836098,181231.62743065009,0.0,0.022114473147215614,0.0,0.18375032817555248,0.05949380778059161
443,529132.9407095697,181233.2682258332,0.0,0.022095043593922222,0.0,0.18226926805653512,0.058125587244915
444,529133.6729610018,181224.70737533603,0.0,0.021852595564926056,0.0,0.18264259567783073,0.059818513665320684
445,529134.2478695245,181218.2873911236,0.0,0.021955615683387456,0.0,0.18197001495983334,0.05973705073849062
446,529135.710953458,181213.37488292687,0.0,0.02207139703186852,0.0,0.18128978080792352,0.05974194989065153
447,529136.9682878123,181208.4571466229,0.0,0.02215009167839743,0.0,0.18435495499415017,0.06103629199938732
448,529138.0659618591,181201.7204679997,0.0,0.022063081902370715,0.0,0.18289320790734861,0.057778112396328525
449,529139.3065405509,181197.4622646596,0.0,0.02204314787728427,0.0,0.18091494405516248,0.05972394045718286
450,529147.3768087882,181232.3151670556,0.0,0.02259455033949508,0.0,0.18669955139728456,0.06061571512422035
451,529154.7251819215,181234.81177805256,0.0,0.02207756879072477,0.0,0.18219572316960414,0.06157671937355393
452,529164.0533275072,181236.36878231823,0.0,0.02199733653155263,0.0,0.1861680524981232,0.05844984348091704
453,529168.5211749291,181238.7921995076,0.0,0.02119344336556891,0.0,0.17855088671638458,0.05692740716345412
454,529172.4955969664,181240.3781302668,0.0,0.0219617939784183,0.0,0.18394342603593014,0.06157337600970838
455,529177.6477504446,181240.17911602365,0.0,0.021958685466335,0.0,0.18322264469344082,0.062496086013521614
456,529183.0624243037,181241.80166660732,0.0,0.021908311234708138,0.0,0.18445452610741958,0.061583384737376755
457,529187.3789990931,181242.07638999177,0.0,0.0222693256602042,0.0,0.18205377186173827,0.06109434152912317
458,529193.6943953151,181244.71178825008,0.0,0.02212347554808663,0.0,0.18364451467978835,0.05998091811626895
459,529198.2376780811,181244.16733629664,0.0,0.02228627146606859,0.0,0.18591203798874292,0.06066896200476475
460,529202.5858594829,181247.2477007036,0.0,0.02220930962847357,0.0,0.18594614151086236,0.06036109816207968
461,529150.240142401,181224.9634046408,0.0,0.02221614302906762,0.0,0.18452753682254783,0.05901930872237878
462,529151.0985568587,181219.54056418213,0.0,0.021425947448857428,0.0,0.18271161359003296,0.05852114005237545
463,529151.5412785526,181214.27214874647,0.0,0.022752620724356434,0.0,0.18731179500524806,0.06009039908780605
464,529153.0085707766,181209.1947621806,0.0,0.022179934485699337,0.0,0.1834004003226984,0.06160073859123311
465,529153.5583612799,181203.7640784385,0.0,0.022651967739914652,0.0,0.1859968688024154,0.06003152740581351
466,529154.4144773278,181194.38142980327,0.0,0.02235684565747863,0.0,0.18124673390226437,0.06145193067877221
467,529141.428793156,181190.916612959,0.0,0.02208500853593521,0.0,0.182084963432845,0.06008882263608352
468,529143.8303492537,181185.53298691672,0.0,0.021942780918025775,0.0,0.18360482856198543,0.05733867673544068
469,529146.4460438198,181179.8248246616,0.0,0.02200383221872523,0.0,0.18155339911994692,0.05902379575793136
470,529181.2053944714,181173.1187723144,0.0,0.022113703780155182,0.0,0.18151718715426818,0.061872505789205216
471,529186.8868550728,181176.39800194456,0.0,0.02219931118895722,0.0,0.18483553680259757,0.061004106595386604
472,529190.4288570199,181178.7979002937,0.0,0.02246094450858574,0.0,0.1837309616150317,0.060967448558313465
473,529197.1977578655,181179.7949319888,0.0,0.02149503422695473,0.0,0.1835175775800697,0.05849992769545386
474,529205.3976270629,181209.53655594183,0.0,0.021790387200520928,0.0,0.1820582523360575,0.05988171131035708
475,529202.9099067026,181214.2580059976,0.0,0.022050235388495647,0.0,0.18278101098174773,0.05860661485527601
476,529169.7465192297,181222.98434180536,0.0,0.021941239755911352,0.0,0.18413985388214232,0.05884762932126783
477,529204.8720068979,181242.35613615485,0.0,0.02202284379685969,0.0,0.18407190300394077,0.0595509025888811
478,529206.5157519584,181238.43817701103,0.0,0.022071810140717678,0.0,0.18448179302040477,0.059648726432280794
479,529209.2637169649,181231.5784800813,0.0,0.022227258098724185,0.0,0.1841481966450809,0.0627410297712634
480,529210.9977669087,181228.1577873137,0.0,0.021948115167454665,0.0,0.18476639371352216,0.05898708955417585
481,529189.8504076004,181201.5517651374,0.0555555555555555,0.02159658340026251,0.0,0.18268392741831221,0.05652707801603769
482,529213.1768616886,181223.4284936896,0.0,0.02257083051806419,0.0,0.1846961947145174,0.05999510215544561
483,529215.0366918984,181215.06130990217,0.0,0.02135028693710661,0.0,0.18308391020081347,0.056897733987096855
484,529217.2977084798,181211.15904920647,0.0,0.022295466640706484,0.0,0.1856906776923922,0.06264636866168742
485,529211.5618054264,181210.0232644538,0.0,0.021966064590548482,0.0,0.17993393161769325,0.0586735756819023
486,529224.4500490993,181193.02706529683,0.0,0.021792011371922656,0.0,0.1831091675447767,0.05814079093007663
487,529228.4896323662,181196.0996031504,0.0,0.021841240053138727,0.0,0.1833207920822033,0.05828357391199773
488,529229.7554464438,181190.85212230525,0.0,0.021782452622595514,0.0,0.1822306589897266,0.05923616201831106
489,529227.7603612713,181232.8737604628,0.0,0.022286468081100116,0.0,0.18419670429120355,0.060183224732441656
490,529229.3054441672,181228.7883092384,0.0,0.02097086727157704,0.0,0.1786270927920068,0.056909735757293106
491,529230.5125509368,181225.84919150505,0.0,0.02202203827501905,0.0,0.18267172328120676,0.05900553410353659
492,529232.4649480089,181221.93908892828,0.0,0.022034017003861484,0.0,0.18321311627533665,0.06021465476387817
493,529260.4755279573,181257.9592988432,0.0,0.02246870319605788,0.0,0.18524837500167007,0.06017119871603059
494,529253.2826592524,181257.44636352983,0.0,0.02254795799528901,0.0,0.1847720788410933,0.060216822814486884
495,529249.1151042237,181255.36048657435,0.0,0.022070800502851366,0.0,0.18288755035663903,0.05921167589435379
496,529244.4857229745,181255.2427441923,0.0,0.022215723872046653,0.0,0.1839275399085104,0.05961517590959443
497,529239.1781491071,181253.45786081348,0.0,0.02166740485286987,0.0,0.18086314277684512,0.05942551519933162
498,529231.0803618486,181252.0969947232,0.0,0.022176466897683156,0.0,0.18336677389899345,0.059024811736917746
499,529224.7817639677,181248.80201716872,0.0,0.022360867328787646,0.0,0.18770834616762433,0.05869305128456619
500,529219.9192199928,181245.708553742,0.0,0.02288141374479682,0.0,0.18473236434153317,0.06322871758698968
501,529245.0890842351,181154.6143622052,0.0,0.022274188195414404,0.0,0.18449931934898287,0.05966372601771708
502,529248.2528426048,181147.60026830863,0.0,0.02164747688858974,0.0,0.1820809423290716,0.058556228967360985
503,529240.5915555242,181145.2605576056,0.0,0.021711613808028895,0.0,0.18160738343036703,0.05676836945265273
504,529235.8401808864,181141.8399310478,0.0,0.022872482411818218,0.0,0.1879790592235496,0.06052746103805643
505,529270.9460722741,181125.57388546487,0.0,0.02226716490739862,0.0,0.1847083579424941,0.061328498014985494
506,529262.7452076686,181124.2103552972,0.0,0.02180194003908003,0.0,0.18234075975930703,0.058525896359045246
507,529255.2412860813,181119.72976032784,0.0,0.022281567911020483,0.0,0.1820325522763832,0.061304617341962936
508,529247.3825899035,181117.0550407708,0.0,0.021815649274925682,0.0,0.18022884870238884,0.05943238856950814
509,529241.2979710504,181113.4355127093,0.0,0.021975615402234597,0.0,0.18568534013395177,0.058908511685880786
510,529235.5177848884,181109.98872379487,0.0,0.022350131091278033,0.0,0.1853735501379033,0.06341793499777101
511,529229.224426257,181138.86686802356,0.0,0.022113764367600854,0.0,0.1817849270739386,0.059910182203061046
512,529214.2691293621,181131.8870010238,0.0,0.02232354464114543,0.0,0.18549360084110245,0.06143223223096973
513,529229.4247637388,181106.69897634943,0.0,0.02178281804922201,0.0,0.18080373417537604,0.05827278622471313
514,529208.8878821948,181128.9453546533,0.0,0.02221624745849785,0.0,0.18248942024732676,0.05999607513620059
515,529223.327542244,181103.57411940504,0.0,0.02159178925554582,0.0,0.1794463417725476,0.06092067100596349
516,529202.4652755455,181126.47220760188,0.0,0.022366764628749296,0.0,0.18481892018047172,0.05998436599608181
517,529193.9851072385,181123.94676068,0.0,0.021605034824441042,0.0,0.18442819065521338,0.05941484733343404
518,529216.7117296908,181100.60107375024,0.0,0.022179769497503377,0.0,0.18372271423288197,0.0591289118958876
519,529213.5518495941,181099.3658024408,0.0,0.02184097727517818,0.0,0.1811232953299441,0.05857138048749605
520,529213.6818108335,181094.2544278653,0.0555555555555555,0.022318451548303066,0.0,0.18423754739316373,0.05919441991112754
521,529212.2202151811,181086.9577215584,0.0,0.021489098930590703,0.0,0.18039366635252532,0.05977414025365813
522,529210.695731908,181082.1342615373,0.0,0.022046824106526995,0.0,0.18356428038488784,0.058856720277820136
523,529210.578010326,181078.6664861124,0.0,0.021832366971705163,0.0,0.18330274552017684,0.059999261510586384
524,529210.4202920832,181072.7228493069,0.0,0.021852819748223208,0.0,0.18497489317845767,0.05999213873480009
525,529209.0931755741,181068.23438744916,0.0,0.022147287562802796,0.0,0.1844002572268049,0.059342422756241985
526,529209.8445972762,181062.97382407656,0.0,0.02192330320634688,0.0,0.18249427940307125,0.05943471258107964
527,529211.8873347742,181059.5609785673,0.0,0.02239696045656773,0.0,0.18470137683253765,0.06078731534812843
528,529188.7086677129,181072.335865966,0.0,0.021995849777870453,0.0,0.183096982045983,0.056639295486038715
529,529187.596050957,181075.60737454207,0.0,0.021349823921260707,0.0,0.18023877496977167,0.05795815281948774
530,529187.4367767525,181081.87293062813,0.0,0.02208749657219587,0.0,0.18289791164421218,0.060309051758130436
531,529183.0282405561,181093.31013685372,0.0,0.022386639243988593,0.0,0.18370150933844642,0.06078455231208109
532,529220.6556057581,181071.0032173663,0.1111111111111111,0.022073871629780504,0.0,0.18099625434630762,0.059665296268035475
533,529226.2552458458,181073.45545800927,0.0,0.02179386646417989,0.0,0.18085554853303815,0.05753989243797644
534,529217.4850611808,181066.13790113595,0.0,0.022064041579063127,0.0,0.1829508987161803,0.06031142180312943
535,529232.5744180265,181059.75701555377,0.0,0.022418483259025724,0.0,0.18399088707140548,0.06089917546529977
536,529228.1190139048,181056.83889553425,0.0,0.021493020417514178,0.0,0.18124875389933714,0.05821337172728048
537,529224.0918918857,181053.27171123755,0.0,0.021452877622261265,0.0,0.18142929805884636,0.05726465182505464
538,529220.0144548528,181051.68312670087,0.0555555555555555,0.02239873536807505,0.0,0.1862518415444479,0.06093660725916539
539,529186.3397879313,181060.2314070676,0.0555555555555555,0.02210581078551329,0.0,0.18316392516830546,0.060984806529641764
540,529145.4227988219,181049.9520390079,0.0,0.022377612326616652,0.0,0.18502497796713824,0.06015434033855926
541,529150.5080995101,181052.391123258,0.0,0.022570355612677676,0.0,0.1864051142586016,0.06166159630894305
542,529152.2658626827,181060.19030260725,0.0,0.022004011715288145,0.0,0.1824720131074986,0.06265743562831838
543,529158.3692509349,181059.0254983233,0.0,0.022297966647827704,0.0,0.18478640421398498,0.06001395929165302
544,529163.4796803168,181060.47529746132,0.0,0.022341372339632893,0.0,0.18315435439156327,0.06017505428294038
545,529167.322032587,181063.21278820687,0.0,0.021844713914094285,0.0,0.180997459646389,0.059337804515912855
546,529173.7679870484,181068.82128207904,0.0,0.022196445701622096,0.0,0.18414276047644773,0.058235933661794706
547,529177.8739711819,181053.08664868167,0.0,0.021871350679081462,0.0,0.18209214592103867,0.05847575403305394
548,529174.2164199944,181051.1787952036,0.0,0.022447812099449866,0.0,0.1848798260550724,0.06044266052057774
549,529168.3164755693,181048.3890021664,0.0,0.022152530481923963,0.0,0.18308807215609021,0.06027452202899918
550,529163.8526452899,181045.8007054238,0.0,0.022203187493442064,0.0,0.18604632943732072,0.05857217174103818
551,529157.3605551588,181042.0059385712,0.0,0.022507311756219266,0.0,0.1858484375465152,0.061572041033175845
552,529153.5139907798,181039.43333884163,0.0,0.022283114400591015,0.0,0.1832031696599575,0.060265362401619005
553,529157.5319311551,181027.16123444284,0.0,0.021798790654386814,0.0,0.18376673508292116,0.05932862860710635
554,529163.6376657428,181029.9562438544,0.0,0.02214498223733933,0.0,0.18395664599861036,0.05807238765439212
555,529167.5577774149,181033.68564736107,0.0555555555555555,0.02267398348105548,0.0,0.18562594070543378,0.06182089016798325
556,529172.4163716856,181036.94393903777,0.0,0.021687367995511117,0.0,0.18215525414302552,0.05876889169872521
557,529175.9752455868,181038.6842929657,0.0,0.021916454571646357,0.0,0.18445852998433832,0.059033348674995746
558,529179.5173526531,181041.08418162767,0.0,0.02278936159528895,0.0,0.1874881509767377,0.06342070892566579
559,529183.3471384126,181044.31633348204,0.0,0.02166301035151975,0.0,0.18046090277671534,0.058876542120408375
560,529187.428783118,181045.74000523664,0.0,0.022333684607651318,0.0,0.18321241899333635,0.062282188340731334
561,529197.208060965,181033.6143865919,0.1111111111111111,0.0219655932226204,0.0,0.18069897118734338,0.06189217553826736
562,529190.8756309836,181031.638521074,0.1111111111111111,0.02195720411973165,0.0,0.18183941410601828,0.06095722381973558
563,529187.1319540159,181029.0685110649,0.0,0.021844331988175474,0.0,0.18580947382252574,0.05836707230366063
564,529184.6395953946,181025.87035351223,0.0,0.0223463450926448,0.0,0.1854223562557099,0.060108251992582684
565,529182.0024419888,181024.31841257945,0.0,0.02161266578805779,0.0,0.18398838030596976,0.059543120781343474
566,529178.0529954723,181021.74317923523,0.0,0.021812697767031014,0.0,0.18233828589876,0.06017892047552436
567,529173.2721240248,181019.47679561732,0.0,0.02248871041271301,0.0,0.1858191108048488,0.06122482783142756
568,529169.3603862107,181015.4176217896,0.0,0.022121354383571892,0.0,0.18524436264917554,0.05977965089236801
569,529190.325882469,181055.5051007452,0.0,0.022079601971017247,0.0,0.18192517160675808,0.05934430296769518
570,529193.891134134,181049.87999782123,0.0,0.02255226748720737,0.0,0.184917590707686,0.059953150289832176
571,529201.7043677383,181040.0398650676,0.0,0.021888179801599204,0.0,0.18151032728010752,0.05924900248603295
572,529205.1720643955,181034.3194495164,0.0,0.022489757846359155,0.0,0.18632690757910694,0.06311513299174669
573,529208.3770556869,181031.0125971007,0.0,0.022462360679077004,0.0,0.18507083867837687,0.062490502765351355
574,529210.2104097735,181026.2187288665,0.0555555555555555,0.022608454714281235,0.0,0.1837379775499032,0.06211457028789085
575,529216.1892743212,181020.72351558047,0.0,0.02216135441607132,0.0,0.18440265405146877,0.06127783461534442
576,529205.6703206475,181018.68123126304,0.0,0.022113095342320126,0.0,0.1861322144246986,0.060695310142519054
577,529198.7423978497,181013.98732153128,0.0,0.02205142914777986,0.0,0.18350695016236315,0.05924846143852103
578,529205.0968829637,181005.59735638904,0.0,0.0221345336375408,0.0,0.18375163426056504,0.06002195424008763
579,529209.7394749623,181009.10372539173,0.0,0.02208245193767242,0.0,0.1835241372717748,0.06003355335083854
580,529220.5993894173,181013.5749270993,0.0,0.021627140417853866,0.0,0.1810731113050774,0.05748581704775317
581,529222.3034504489,181009.9072206486,0.0,0.022972454411043723,0.0,0.18624899270464404,0.06288313284631958
582,529225.4570580468,181004.66287921809,0.0555555555555555,0.022377023509048827,0.0,0.18723907742505513,0.060689315805585384
583,529219.7712054912,181046.14643952547,0.0,0.022213182085764976,0.0,0.18399486545436247,0.06319864688406858
584,529221.8940947271,181041.84398516556,0.1111111111111111,0.021910299949031892,0.0,0.1860894993399607,0.06006298000655725
585,529224.394825536,181038.51923533692,0.0,0.02270189221586481,0.0,0.18860649893660328,0.06206300898844173
586,529226.6984402685,181035.0281249912,0.0,0.021676139534420245,0.0,0.17867059930835016,0.058567538256421234
587,529230.8581366811,181029.8093699786,0.0,0.02210958931096837,0.0,0.1830736398157587,0.05652456483646279
588,529233.7777197782,181025.84987773653,0.0,0.022130318956371853,0.0,0.1840918272736045,0.05908700273707008
589,529236.6973072841,181021.89038712505,0.1111111111111111,0.021577465766161787,0.0,0.1820391555223905,0.058922600122500765
590,529232.0187572849,181043.55358015627,0.0,0.021926006405152874,0.0,0.18357482166017136,0.06025554245514082
591,529237.2772535526,181046.5915905125,0.0,0.02185086744039835,0.0,0.18206737041976723,0.05842363166114874
592,529230.3806570461,181001.0770408808,0.0,0.021906536362947305,0.0,0.18336462752717256,0.061858973751391925
593,529233.111334714,180996.62869613635,0.0,0.022144507481416546,0.0,0.18261657784720195,0.06207744281891798
594,529237.1458536691,180992.37485814848,0.0,0.022230626700235834,0.0,0.18514620512910515,0.06056237970893439
595,529242.0539478941,181013.1523922697,0.0,0.02186717661566587,0.0,0.18403927040762164,0.059859010196023556
596,529245.3759895207,181009.20314089276,0.0,0.021931210829149905,0.0,0.18269363463958216,0.05952573188369165
597,529247.8130473734,181004.4246376952,0.0,0.022543944536923002,0.0,0.18561286212379607,0.06061950866340035
598,529251.2439109966,181000.15545855404,0.0,0.022039319492919145,0.0,0.18303725333573712,0.05871392586439496
599,529230.9941042921,180988.83008835104,0.0,0.021890126470953838,0.0,0.18181740779025723,0.05954559029908946
600,529227.5588348615,180985.354399544,0.0,0.022362048036473545,0.0,0.18506178904614348,0.062097798976581714
601,529223.7047178019,180982.51346064516,0.0,0.022245847098357384,0.0,0.1852352947924411,0.059276537736647
602,529240.0320620475,180973.89307661296,0.0555555555555555,0.022281362488169892,0.0,0.18357865752562175,0.059658391165453996
603,529236.9027210743,180970.2638121705,0.1111111111111111,0.02173345845222204,0.0,0.18256209054847147,0.06046180602146728
604,529230.8351541065,180967.3665819448,0.0,0.021797629867503082,0.0,0.1815212723272153,0.060650761527178694
605,529226.5833779131,180964.11529669823,0.4444444444444444,0.021956346665955168,0.0,0.18024738070817173,0.05994276879080582
606,529222.5441806032,180959.83390275456,0.0,0.022187798108534308,0.0,0.1831779721309538,0.05986927985905058
607,529217.4100629636,180956.6643158572,0.1111111111111111,0.022448213753148635,0.0,0.18441196306547142,0.06155368934586158
608,529213.6537798648,180955.23922901627,0.0,0.022315283973851737,0.0,0.1834711812853271,0.0599218474657163
609,529219.8145622008,180979.75611041253,0.1111111111111111,0.022139076039181776,0.0,0.18508249744054941,0.060157803989546524
610,529214.3482008916,180975.2130135124,0.0,0.02236278661087435,0.0,0.1852858615309372,0.060436881750674416
611,529210.3811235438,180972.4972109797,0.0,0.02218774729933145,0.0,0.18342052288363875,0.05880199602923155
612,529206.8221595827,180970.6175581978,0.0,0.022267645000561883,0.0,0.1835650569619357,0.05830606162558557
613,529215.5203794275,180986.52835175363,0.0,0.022377215131449156,0.0,0.18325956442748595,0.05956522971402777
614,529212.4703190587,180990.63989033407,0.0,0.022103275390642774,0.0,0.18524306214308725,0.05885406310300467
615,529209.4296196268,180994.34053108108,0.0,0.02242879514593972,0.0,0.18491321705460914,0.061293197034188375
616,529202.4041404065,180988.6524099468,0.0555555555555555,0.02236529683275009,0.0,0.18302490301296714,0.06089704298388311
617,529205.4448376745,180984.9517650508,0.0,0.0220293303102013,0.0,0.184071059620834,0.05871869597416852
618,529258.4077941318,180991.8080491557,0.0555555555555555,0.022452682345028653,0.0,0.18427861614635138,0.06428763678061379
619,529262.5482655079,180987.34833531483,0.0,0.021641955585516383,0.0,0.18044816717933823,0.06106684570273123
620,529264.8317603265,180982.5265627488,0.0,0.02231504009248962,0.0,0.1834559987352256,0.06105318337454062
621,529268.2891450817,180977.8920642353,0.0,0.02211464993560305,0.0,0.18502252344964054,0.05971196683266322
622,529271.6443771382,180973.4123840756,0.0,0.022238189236752248,0.0,0.1856933944790694,0.05949047381053226
623,529274.5949805378,180969.3946572831,0.0,0.0228096973162669,0.0,0.1881378088444009,0.061629395328059514
624,529277.2231045804,180966.47063135792,0.0,0.022346121772758458,0.0,0.18386459490414178,0.058988024839209674
625,529280.0094146491,180961.18941124287,0.0,0.022743689337588146,0.0,0.18728967258769233,0.06150392213079291
626,529282.4412305445,180958.26039410327,0.0555555555555555,0.022564000173574184,0.0,0.18563135010102813,0.060893088162961795
627,529245.4766523577,180978.88601008605,0.0,0.021954399862164926,0.0,0.18252300066973337,0.05969091194991419
628,529247.7001231486,180976.42392271524,0.0,0.022384684936191702,0.0,0.1861223977237877,0.06091700935542803
629,529250.4583915332,180972.2438767801,0.0,0.022508299149486734,0.0,0.1819089525182919,0.059832971325321505
630,529253.9037664426,180968.0813071592,0.0,0.02239201646379222,0.0,0.18447952589241715,0.06251462513289889
631,529256.9423799033,180960.6026878817,0.0555555555555555,0.022026894886794258,0.0,0.18359289486372746,0.058456254534811014
632,529260.7443883695,180957.86592418188,0.0,0.02213974566573398,0.0,0.18389237715905313,0.059383185049596963
633,529264.0694881561,180950.70942432145,0.0,0.021932942240591037,0.0,0.18314438180221543,0.05944548216383498
634,529269.3057377768,180945.64792708337,0.0,0.022757519127020166,0.0,0.18464629703856555,0.0617795923228716
635,529274.3736922129,180939.48025172547,0.0,0.021705796370841662,0.0,0.1797203632908292,0.058770871691561075
636,529278.8807212568,180932.1964101652,0.0,0.02208336718307441,0.0,0.1812743629684002,0.059723058242151024
637,529282.8049310953,180928.5182825066,0.0,0.02238122096505049,0.0,0.18388695997143922,0.062169787153991
638,529286.2503606078,180924.35573419044,0.0,0.02226636892146934,0.0,0.18809636536727042,0.05985246988897033
639,529289.1729882282,180921.43920524564,0.0,0.0218127031015985,0.0,0.1831904471793726,0.05974645738753622
640,529286.3192910108,180952.5347055748,0.0,0.022021055587501268,0.0,0.18020055956775438,0.060217007923612974
641,529290.2995197729,180946.65420420188,0.0,0.022324393528584032,0.0,0.18360178996817156,0.060699692385561915
642,529292.6371923211,180943.56538186767,0.0,0.0225005746835049,0.0,0.183500623809421,0.06049536753357776
643,529295.0610192049,180940.95099623763,0.0,0.02232898645772394,0.0,0.18235559174905683,0.060966452129957875
644,529298.6646430846,180934.43126113896,0.0,0.022725485171383827,0.0,0.1861559428453224,0.06304932201170452
645,529301.7915937377,180931.2051082989,0.0,0.022272100798572537,0.0,0.18206465817426332,0.06042559008406065
646,529291.1780667579,180915.98070159252,0.0555555555555555,0.022452974585028467,0.0,0.18250345041508992,0.061808977497332586
647,529295.5770818412,180912.94432042923,0.0,0.02206161853613888,0.0,0.1834921345683652,0.059216326506959675
648,529298.6419040408,180908.29985303665,0.0555555555555555,0.02193626835646502,0.0,0.1837379418500883,0.06161713288075528
649,529305.2410400899,180926.88525981252,0.0,0.021850625497673266,0.0,0.1830601788634222,0.059188895890764905
650,529308.0193937825,180921.91868017803,0.0,0.022092293814833984,0.0,0.1822656907819313,0.06082459018806974
651,529312.9452307076,180917.47898589005,0.0555555555555555,0.02165474453026611,0.0,0.1830224473228625,0.05768933192539297
652,529314.4936588865,180914.52750585525,0.0555555555555555,0.022418653975448892,0.0,0.18323787875873906,0.063204553723541
653,529316.9535352867,180910.49731509807,0.2222222222222222,0.021958086857121067,0.0,0.18191074869603077,0.05963290443904293
654,529319.6459355336,180912.7696284008,0.0555555555555555,0.022027282437967758,0.0,0.183181451017519,0.06010412360825503
655,529323.4861275726,180912.39510053687,0.0,0.02184418478265341,0.0,0.1851249054150827,0.058725227564994174
656,529325.7458593771,180916.230554256,0.0,0.021895649811421565,0.0,0.18229024522380452,0.05988960015652778
657,529329.6902932017,180919.47922127656,0.0555555555555555,0.021745979714033466,0.0,0.18223669918459992,0.06038644919916619
658,529335.6339193734,180921.3620354605,0.1666666666666666,0.02257352057532387,0.0,0.18433827370479525,0.06068481609472825
659,529340.4257361371,180926.04900817983,0.1111111111111111,0.022429895522869486,0.0,0.18516887019822278,0.06134377073574322
660,529344.9470913849,180929.7846142744,0.1111111111111111,0.02137150271801389,0.0,0.18237571194100372,0.05907892012700382
661,529343.6631653728,180937.78008759132,0.0,0.022217287474511474,0.0,0.182887683359847,0.060116786518990946
662,529277.7654037655,180883.3695117811,0.0,0.021739187325582107,0.0,0.17990765071923032,0.05838525588351464
663,529282.6133333212,180885.8540488604,0.0,0.022300479062871338,0.0,0.18374376425110664,0.06292634877213064
664,529290.063528302,180890.2937651384,0.0,0.022518418238657786,0.0,0.18570683248613287,0.06087793606532244
665,529293.0464260286,180892.7308680096,0.0,0.022203780419516914,0.0,0.18324595090126505,0.05891778011031882
666,529297.1050663593,180895.35275489063,0.0,0.022248614533740014,0.0,0.1856993269529262,0.06187630024138956
667,529300.9433712998,180898.9135273355,0.0,0.022136510316515097,0.0,0.18278975605301317,0.059961373342412076
668,529306.4503693188,180902.51675850103,0.0,0.021907256758438794,0.0,0.18432242649022723,0.05874605296854274
669,529306.8464116681,180879.229468399,0.0555555555555555,0.022246625484226967,0.0,0.18290488090962803,0.05976947290078051
670,529290.064967153,180870.9318042336,0.0,0.02212104012088806,0.0,0.1848080792834196,0.06034338868606594
671,529293.3101178217,180866.92157897487,0.0,0.022563671135626632,0.0,0.18460424902462225,0.0596588184748806
672,529296.3549524061,180863.06367412003,0.0555555555555555,0.022029765816152454,0.0,0.1812023368219265,0.05936997772159676
673,529300.0989150513,180858.75131351012,0.0,0.02238815102279234,0.0,0.18394375832931814,0.06151841331384983
674,529303.6945921112,180852.54620731092,0.0,0.022155344328511923,0.0,0.18161949910455064,0.061128055234725316
675,529306.3187870062,180849.7795084926,0.0,0.022025496559135282,0.0,0.18445434401394367,0.059014745184236356
676,529310.7538888038,180845.3273245128,0.0,0.021881919382457794,0.0,0.18198319080451164,0.05731652434263327
677,529308.7213439388,180875.02697644537,0.0,0.021554593620950326,0.0,0.18088948707626565,0.05916635194249558
678,529312.5474583092,180871.3463735728,0.0,0.02165363878135506,0.0,0.18215724900169714,0.05837212142483974
679,529316.0209674379,180866.0826551765,0.0,0.022590984331289813,0.0,0.18443180913152907,0.0638471799156586
680,529321.7140363766,180858.51419592195,0.0555555555555555,0.022140290898071926,0.0,0.18219436015195062,0.06157318105033329
681,529314.9156651535,180886.36102094664,0.0,0.021717179670388186,0.0,0.18202940916396154,0.05753660769608968
682,529318.1308970893,180887.38731859403,0.0,0.0215578630011217,0.0,0.18267461451716718,0.05728838072479118
683,529320.4888041712,180891.2252672329,0.0,0.022115841814256635,0.0,0.18502655271359011,0.058459394484651234
684,529324.3711296321,180893.05561672268,0.0555555555555555,0.0219750954858282,0.0,0.18210854050215503,0.06065704388379331
685,529328.4257514678,180895.83484170027,0.0,0.02237642516979589,0.0,0.18501535258523288,0.061895744594562846
686,529334.7841374193,180900.71908685192,0.0,0.021783402537441935,0.0,0.185955244538839,0.05867163644178138
687,529339.4898273811,180904.9316218605,0.0,0.022254026434550586,0.0,0.1815108529772359,0.059607974901727645
688,529357.7008754043,180880.2087567224,0.0,0.021500609505787225,0.0,0.18301314544402875,0.057285011582145794
689,529353.0653078613,180877.0998929423,0.0,0.021922586193642058,0.0,0.1809331819525387,0.060415703147987256
690,529349.1408721604,180873.0646443012,0.0,0.021688478904545883,0.0,0.18192404316003957,0.0605188023904391
691,529342.2676447848,180869.11176795448,0.0,0.02223013844335174,0.0,0.18344694626517905,0.06100913077809769
692,529335.5125828407,180864.3748350999,0.0,0.022298423871697004,0.0,0.18500541673162285,0.05938746260195549
693,529329.1501466742,180859.64790279348,0.0,0.022251434793727543,0.0,0.18346325623515367,0.060283162695434496
694,529314.609949273,180836.6102160261,0.0,0.022730461899336363,0.0,0.18587171652235798,0.062103945768877546
695,529317.8951670822,180831.02687808263,0.0,0.02188237655821465,0.0,0.182797390699265,0.058157885169475405
696,529322.2441429753,180826.10026784788,0.0,0.02308517543477852,0.0,0.1855091248863187,0.06311212023485438
697,529326.8294774299,180819.6055289397,0.0,0.022346842568067043,0.0,0.1842638516875804,0.061946668187941686
698,529331.0923201529,180814.20448993097,0.0,0.022012522845120626,0.0,0.18059484845757734,0.06139526734436925
699,529335.6736727161,180807.8670715485,0.0,0.022259057407664564,0.0,0.18383480499055568,0.0603465984789192
700,529340.3612037603,180801.21752965343,0.0,0.02130496068619347,0.0,0.17985061399753258,0.057468929972820125
701,529344.8123900574,180796.13612345257,0.0,0.02222454754195738,0.0,0.18600077500995157,0.058646932758087036
702,529347.8693145072,180791.80631023995,0.0,0.021907571035947714,0.0,0.18398427136612047,0.05843091436943256
703,529352.9535231594,180785.00945956967,0.0,0.021755297361308993,0.0,0.1842832283316058,0.05809553314036673
704,529358.0257333614,180778.6845521365,0.0,0.0226203331866553,0.0,0.18754531322353257,0.06267692910255002
705,529357.8211368537,180763.56753643352,0.0,0.022257032461701822,0.0,0.18164627905206987,0.0609203142182384
706,529363.9249760242,180751.4445476704,0.0,0.02148142128360012,0.0,0.18431926274569438,0.05905322918250541
707,529361.5453295857,180767.75510581143,0.0,0.02248427599578811,0.0,0.18630577261028086,0.06164176598836576
708,529368.5005944036,180756.9131104796,0.0,0.02195380099901579,0.0,0.18343695800467838,0.060333652981070324
709,529362.9917865392,180772.6717766872,0.0,0.02214023085094846,0.0,0.1830964408103755,0.05943687821989796
710,529367.6153170792,180768.53926343945,0.0,0.021725752340793512,0.0,0.18251497427840807,0.06018882015320805
711,529372.6635352931,180763.15824679888,0.0,0.022191915749681334,0.0,0.18578352978820428,0.05891579706526516
712,529375.4260174785,180758.82095374487,0.0,0.02267125747607349,0.0,0.18744071836740847,0.06043297479889715
713,529378.6913257507,180754.02421766368,0.0,0.022462969982157237,0.0,0.18461611731871294,0.06072553076008184
714,529380.8728564688,180749.3573094264,0.0,0.02176070177430477,0.0,0.18164498459540634,0.0605158187807504
715,529384.7231417155,180744.7328827008,0.0,0.02204419752828373,0.0,0.18446828209085228,0.06063688108772973
716,529400.5918205124,180804.3248087552,0.0,0.021760251211130094,0.0,0.18457667305481607,0.05760446185722735
717,529396.3688736395,180800.43933950123,0.0,0.02193880243584823,0.0,0.18367209510129762,0.05951737432829352
718,529390.9920200699,180795.58000903245,0.0,0.021005576952253305,0.0,0.18153174671764566,0.05605254313357422
719,529385.5550848927,180793.0803758817,0.0,0.02196012097889304,0.0,0.1830694454580902,0.06077760838285745
720,529381.5604760044,180787.94141507425,0.0,0.022145704593827028,0.0,0.1832767582310579,0.05956102417140814
721,529377.8283060417,180784.06845593144,0.0,0.021935837071685442,0.0,0.17952060266450237,0.05998620351682577
722,529384.1265393451,180775.88580606825,0.0,0.021915983710052635,0.0,0.1825365194399061,0.06044440830886285
723,529387.1093765888,180770.6096404387,0.0,0.022192014766781534,0.0,0.18329506673853016,0.06382843982695195
724,529390.8775110333,180765.35346844676,0.0,0.021985588519069524,0.0,0.18266943436203525,0.05995099335857032
725,529395.8556314181,180758.86878614555,0.0,0.021740423089330236,0.0,0.18131403686689626,0.05886919821576837
726,529390.0496904567,180724.56198528816,0.0,0.022699088173074568,0.0,0.1830561125743012,0.06310793324187236
727,529394.8096171789,180730.50750784983,0.0,0.021876255751208922,0.0,0.18294329020557895,0.05952101120822392
728,529393.567425952,180717.56787791816,0.0,0.021502165421443467,0.0,0.1845437354751716,0.05715388254892481
729,529399.5312980162,180718.6641992086,0.0,0.021560403147225408,0.0,0.1838249385525166,0.05824642387365725
730,529367.1799608581,180727.75778096617,0.0,0.021975758038859212,0.0,0.18284338022094826,0.059846432612921545
731,529364.4573832514,180722.8086289896,0.0,0.02207669720888154,0.0,0.1830495077545419,0.06233555598326165
732,529370.4053557027,180732.24748920783,0.0,0.022505097672858618,0.0,0.18623531421995693,0.0633327794940636
733,529374.2016409449,180733.6034378632,0.0,0.0219098375647997,0.0,0.183645589113653,0.05911550530685653
734,529378.5028025575,180738.27794967973,0.0,0.02192800890667739,0.0,0.1840103365142967,0.05846326691999616
735,529381.0690793003,180741.6489845017,0.0,0.022406907843459493,0.0,0.18673567593510343,0.05829874128830558
736,529406.2946448437,180738.5132345748,0.0,0.022230008817484367,0.0,0.1840641430537686,0.06094125157480895
737,529410.3994499373,180743.182775392,0.0,0.02209622284716583,0.0,0.18184324354819956,0.05990273464514998
738,529413.8531651343,180746.4190088605,0.0,0.021685428448819134,0.0,0.18405722344646047,0.0589396491850051
739,529418.8334004958,180751.4256772912,0.0,0.021827714276157734,0.0,0.18036702410736274,0.0587634016953347
740,529423.7234760976,180756.1152256772,0.0,0.021931462432764157,0.0,0.18259785903624237,0.05870792288823031
741,529426.4700131965,180760.12053439737,0.0,0.02187848127746182,0.0,0.18334549491392785,0.05909972927186125
742,529429.7694597556,180765.55665786783,0.0,0.021950798995678096,0.0,0.18151860986279367,0.0603847381557132
743,529434.3069282123,180768.66309044475,0.0,0.022640894771448167,0.0,0.1834230068567635,0.0632557367311274
744,529480.4272674089,180685.62090425787,0.0,0.02171280214269752,0.0,0.18533140132891257,0.057261556362713836
745,529531.2354771455,180696.2029778328,0.0,0.02201886570649086,0.0,0.1850615464197393,0.06039748693438226
746,529527.4151461998,180695.7907878616,0.0,0.02191780255753413,0.0,0.1848170623995179,0.05770034733303805
747,529522.6431986581,180698.0304028733,0.0,0.02220459397073466,0.0,0.18553487522755052,0.05991112888416177
748,529519.1593969858,180699.8306030215,0.0,0.02235181146638859,0.0,0.18300150957519576,0.060299647160518464
749,529513.9667460978,180703.16140916184,0.0,0.021790073244694345,0.0,0.18334759303704753,0.05935865458606419
750,529510.1523868137,180706.3699256572,0.0,0.021880219843342368,0.0,0.18234412627972346,0.060414363218339116
751,529507.27556505,180711.3338970056,0.0,0.021682931978600134,0.0,0.1816616839121143,0.05897045631929355
752,529503.6835536894,180717.38155069447,0.0,0.022010405734124956,0.0,0.18266400243551625,0.05925484997820313
753,529500.045494884,180721.38164046223,0.0,0.022776787326946598,0.0,0.18573480507178264,0.062219587832678565
754,529485.3891137168,180741.4721556592,0.0,0.022041967904098805,0.0,0.18512584174929975,0.0602059361322243
755,529481.3303849034,180746.56344423976,0.0,0.022531015104003727,0.0,0.18620960387941082,0.06142184237455491
756,529477.610232129,180749.93179798903,0.0,0.021998914040482542,0.0,0.1821907657301175,0.05879468741456434
757,529401.1002818985,180761.20611854777,0.0,0.021767403319792343,0.0,0.18057696615972585,0.05605359881810499
758,529404.7302860668,180765.2339081646,0.0,0.021774433144434956,0.0,0.18302813444079208,0.05908391752563117
759,529408.4664565806,180768.94957432928,0.0,0.022509599461433896,0.0,0.18633368672293957,0.06120846410839258
760,529412.1986160171,180772.82255609665,0.0,0.02239864461341039,0.0,0.18563169485472622,0.0613290559701062
761,529415.668331367,180775.42954026573,0.0,0.021880409302281245,0.0,0.18072947702192751,0.05781805009119313
762,529419.466595328,180780.563529078,0.0,0.022181432788675445,0.0,0.18295564918991383,0.06123741217423076
763,529424.0240853353,180782.8833888892,0.0,0.021652003398662974,0.0,0.181071941865875,0.05842285262595775
764,529448.9149329914,180781.3134819648,0.0,0.022053107115813517,0.0,0.18504016144146695,0.0607512952185516
765,529452.8433752534,180785.1914945657,0.0,0.022589975300231144,0.0,0.18551122270574774,0.0604158308193023
766,529457.773456111,180788.30794953523,0.0,0.022033874508841762,0.0,0.18251103700883378,0.05930399969165601
767,529462.549270172,180793.6242873572,0.0,0.021676818100088476,0.0,0.18154647003947494,0.058795832878743376
768,529467.7457683297,180797.84944266544,0.0,0.021706212454306716,0.0,0.1812312293618912,0.05796183628699233
769,529473.4130240631,180802.87367016528,0.0,0.021697285875589067,0.0,0.1814437024345898,0.05954055710655522
770,529453.4703558945,180810.70866177196,0.0,0.02214390722914256,0.0,0.18650516395181252,0.059683534311968524
771,529449.6120484655,180807.9343375992,0.0,0.02279650912405479,0.0,0.18763679748095738,0.062491669114662717
772,529444.4355798184,180802.922637122,0.0,0.02181230150947699,0.0,0.18257271391572819,0.0583482072633614
773,529440.3028115581,180799.35425636685,0.0,0.02227581963320274,0.0,0.1836322497396595,0.05944917434166893
774,529436.8170999083,180797.3765058124,0.0,0.02184859807746845,0.0,0.1832501056150696,0.05942468143961871
775,529435.0361899484,180801.7387647768,0.0,0.021719200125028405,0.0,0.17941450580745838,0.05986922804144604
776,529432.3878619376,180805.4492749224,0.0,0.022257286681528418,0.0,0.18212053527636501,0.061073946794046784
777,529428.938228574,180809.76903935312,0.0,0.021227857849623676,0.0,0.18018786167760542,0.05574737486851284
778,529424.8956320325,180814.23112073605,0.0,0.021742296388277987,0.0,0.1840656767043961,0.05840966553894927
779,529415.7946636991,180797.47082194773,0.0,0.021985011687577157,0.0,0.18206629079297526,0.05912438066337698
780,529412.0585689605,180801.4684736748,0.0,0.022219289413497028,0.0,0.18714173686888544,0.05866411040129907
781,529409.2720424072,180806.7496237429,0.0,0.021562998819793545,0.0,0.1796379142068794,0.05852725403204591
782,529406.0267620217,180810.75977664263,0.0,0.022266606927024615,0.0,0.1818113168257354,0.060759466008597385
783,529422.3174364787,180819.0453249353,0.0,0.022523548604036627,0.0,0.18421227240942614,0.06277806371328867
784,529418.7856833711,180822.733345408,0.0,0.021996211604293915,0.0,0.18220683111982494,0.05787105536992292
785,529416.8505555978,180829.2954895833,0.0,0.022010592950217497,0.0,0.18435023502923667,0.06040765144429526
786,529413.871722778,180834.4143253656,0.0,0.022401554351449516,0.0,0.1846796350752126,0.061161830006523525
787,529409.6949480567,180840.2897338695,0.0,0.02213064656800616,0.0,0.18299570805374862,0.060438255583484965
788,529404.5986952735,180847.5584669053,0.0,0.021698929427922495,0.0,0.18038057839718283,0.05831946861068707
789,529400.4179360651,180853.5911955696,0.0,0.02212166441033596,0.0,0.1845559712253854,0.0607679721450207
790,529395.4599199833,180859.2893090128,0.0,0.02250698041773188,0.0,0.1852961657592844,0.05949960923062775
791,529391.5776641075,180865.1722293236,0.0,0.021872249887157733,0.0,0.18178279523496108,0.05972404753983808
792,529387.0904410653,180871.66940982096,0.0,0.02244255309598788,0.0,0.18773632842489305,0.06166570076277121
793,529382.402905871,180878.31890919263,0.0,0.02214236209492616,0.0,0.182985601689338,0.060056129173945504
794,529378.3283649802,180884.0395287909,0.0,0.021825186564880066,0.0,0.18287054275302778,0.05888409715608443
795,529366.6776240963,180894.1323253344,0.0,0.021872741191826042,0.0,0.18429312095021572,0.059305072278960445
796,529362.7633928342,180901.27376930785,0.0555555555555555,0.021684104729269373,0.0,0.18239361094014547,0.059365034705965596
797,529356.4192300553,180907.40887936976,0.0555555555555555,0.022394827349064124,0.0,0.18604126538804933,0.06106796293088324
798,529353.5847661751,180914.57781246587,0.0555555555555555,0.022337549876935068,0.0,0.18392096620805098,0.060844431544463846
799,529351.7253077233,180887.29774311127,0.0,0.022144985074269787,0.0,0.18488214356506305,0.05978955996236142
800,529348.652416876,180892.2568048996,0.0,0.022274198986099374,0.0,0.1841229849822067,0.060377603588803744
801,529344.2794450719,180898.1272692665,0.0,0.02153515112369535,0.0,0.1823228027816107,0.05911168322714464
802,529342.0278692817,180901.69050496147,0.0555555555555555,0.021896146357682743,0.0,0.18153446708858095,0.06007358888414236
803,529358.250735564,180943.50346543267,0.0555555555555555,0.0228026426367302,0.0,0.18591969460723948,0.0619677775467654
804,529354.5849172977,180948.6048458597,0.1111111111111111,0.02249472340032575,0.0,0.18548747148433312,0.061420662135270705
805,529352.1210227984,180952.7923315948,0.1111111111111111,0.022083587630864654,0.0,0.18392428920452691,0.05820928701097055
806,529297.0232607818,180960.20454677407,0.0555555555555555,0.021751776069938205,0.0,0.18151608486292134,0.0611011842223425
807,529293.1622829075,180964.98928696144,0.0555555555555555,0.02209478606443298,0.0,0.18305695733095614,0.06158938806087284
808,529291.662592891,180969.5011714042,0.0,0.022123062098120067,0.0,0.1843784578591897,0.0609133388187875
809,529289.0528770728,180974.09579383896,0.0555555555555555,0.022297729307666526,0.0,0.18489229519942568,0.06020199254319051
810,529286.0336062261,180978.45804567487,0.1666666666666666,0.0221569755920182,0.0,0.1834589501402918,0.060081743908246964
811,529282.0483573553,180982.68474955947,0.0,0.02239426842600571,0.0,0.18514357659254865,0.05998017416331284
812,529280.2493108573,180988.07683377777,0.1111111111111111,0.02197963181522272,0.0,0.1834268241303773,0.058501564419114964
813,529277.1523916672,180992.7700446227,0.0555555555555555,0.022079116116301905,0.0,0.18452157163667646,0.061451765945262644
814,529273.0387185066,180999.32399465467,0.1111111111111111,0.02204667814528747,0.0,0.1834583891556282,0.06069883108400942
815,529266.7215898505,180994.50229825647,0.0555555555555555,0.022671523001111093,0.0,0.18667694587064151,0.06195677226522681
816,529269.4190710398,180997.345323246,0.0,0.02200033809320002,0.0,0.18376364517784224,0.06033172270639549
817,529261.9586027679,181010.25079002476,0.0,0.021975770422512683,0.0,0.18390759646865024,0.05823736194783802
818,529265.5951688507,181011.56402777229,0.0,0.021622893138055925,0.0,0.18211761316259595,0.0583295883491634
819,529257.4478221821,181007.91653187887,0.0,0.02183179364206919,0.0,0.1831708415263175,0.06028534773648022
820,529246.4467327141,181015.73802750395,0.0,0.021769118509198628,0.0,0.1834571309700605,0.058628385686225755
821,529250.6807114956,181018.0652362206,0.0555555555555555,0.02201469752353097,0.0,0.18457422079524527,0.060578002261300626
822,529254.4190052757,181020.82374766585,0.1111111111111111,0.022467577937559338,0.0,0.1851326506907783,0.062114126842255334
823,529257.7859095396,181024.57160455297,0.0,0.022168875435932798,0.0,0.18296382474484268,0.0603236754968085
824,529251.2955186177,181032.6517177996,0.0,0.022211862508182467,0.0,0.1842007058140292,0.06096399476800943
825,529249.1329616577,181036.1350666289,0.0,0.022279387917165747,0.0,0.18710897557407355,0.060423950104581715
826,529246.4969455226,181039.82082063577,0.0555555555555555,0.022303021307081363,0.0,0.180804891465773,0.06219811027474556
827,529242.0463042365,181046.46266245176,0.0555555555555555,0.02200113409428791,0.0,0.18389946211297645,0.06031199894874088
828,529239.4471822071,181051.3288073488,0.0555555555555555,0.02185838853163561,0.0,0.18351168223228279,0.05778698881687844
829,529235.8479106979,181056.06229690835,0.0555555555555555,0.022392918105514945,0.0,0.18391998108566984,0.059822252588663215
830,529278.7583963905,181134.2952103728,0.0,0.02206851396849898,0.0,0.1848016652210088,0.06149840735565197
831,529283.5084630534,181139.05815811933,0.0,0.02214954658691897,0.0,0.18427280409378854,0.060756308987482924
832,529288.3604499404,181139.81460978452,0.0,0.02238395049066016,0.0,0.18504096701573053,0.05979176853042776
833,529293.0003924427,181143.73074556296,0.0,0.02264070915305202,0.0,0.1852911627249015,0.0615665724696659
834,529298.8459142019,181146.83353957013,0.0,0.022445447881117634,0.0,0.18467388437911494,0.060023792997896425
835,529304.6914289801,181149.93634043232,0.0,0.02198179240480388,0.0,0.1835068701451449,0.05889049081390077
836,529309.5837573315,181154.2809240676,0.0,0.02193080951003557,0.0,0.1808299608723777,0.05899961641400745
837,529312.583024264,181155.41226700047,0.0,0.022258931434559676,0.0,0.18515050933993304,0.05939261760709147
838,529266.3621094668,181160.98850397,0.0,0.021856588956623128,0.0,0.18423298273941371,0.05914167907465142
839,529274.4228437685,181164.9916382986,0.0,0.02230808986919692,0.0,0.18659090980032092,0.05942460357744752
840,529282.5614895975,181171.10681744548,0.0,0.022243242656765326,0.0,0.18567216287046795,0.060848270360092334
841,529290.3697876688,181174.6815464084,0.0,0.02257199799427666,0.0,0.18530047725811163,0.06075919444111462
842,529296.5885199192,181178.63785437704,0.0,0.022719490923238543,0.0,0.18602592899111742,0.06255996103482184
843,529303.0220914484,181184.49868162224,0.0,0.02272402245986784,0.0,0.18495603813138908,0.06179818187659308
844,529316.4442503084,181158.88660057908,0.0,0.021817982694119296,0.0,0.18478750627243493,0.05858377133642869
845,529323.0684235609,181162.43124799844,0.0,0.021921203855359058,0.0,0.18449189310556374,0.057961294370723775
846,529310.8196238236,181188.4951795929,0.1666666666666666,0.022214861733345456,0.0,0.18436749593304005,0.05858038196072153
847,529317.4705906996,181190.98547807263,0.0,0.022182397285412735,0.0,0.18394285776851077,0.062324267146807534
848,529322.62063721,181195.5476398688,0.1666666666666666,0.022145945762297413,0.0,0.1822254968829153,0.059207190423822734
849,529329.2978805368,181165.9658592044,0.0,0.022330338734823,0.0,0.18432112814845658,0.059321988824781256
850,529333.9699676854,181168.6168227308,0.0,0.022277662507278986,0.0,0.18304791747182336,0.06000050125122756
851,529339.9255381428,181172.56648724768,0.0,0.022204079745122375,0.0,0.1843638025178134,0.059912198426096346
852,529327.5343701581,181199.048768164,0.0,0.021858012470136554,0.0,0.18221185147454907,0.05915930180466441
853,529332.4749295446,181201.49555905347,0.0,0.02173654990273956,0.0,0.18078270504671284,0.05917136939931402
854,529337.3779163942,181205.4184340273,0.0,0.02254405362110494,0.0,0.1827590970138798,0.06035464973594368
855,529346.6705123032,181176.53625157927,0.0,0.022628689834317997,0.0,0.18498371281217377,0.06028586997102178
856,529352.1051563906,181180.26166715453,0.0,0.022139194146262683,0.0,0.1822028414948855,0.059715555414564296
857,529341.8808247555,181209.542136289,0.0555555555555555,0.022496628390620062,0.0,0.18466845015065803,0.05873507118652977
858,529285.3832807825,181267.18586355745,0.0,0.021881970867348423,0.0,0.18296271383577867,0.06035533344946632
859,529290.7345845242,181269.0100510445,0.0,0.021729139324377117,0.0,0.18032117797990985,0.05707142861447234
860,529296.1906247186,181271.89193420857,0.0,0.022184100778618633,0.0,0.18428135775969845,0.06092507251009949
861,529301.4103537161,181273.71278557795,0.0,0.02225773408898079,0.0,0.18503835953262948,0.0615826486234792
862,529309.776937007,181276.0357272996,0.0555555555555555,0.021991669008693544,0.0,0.18397724119962267,0.05885748046217609
863,529314.5025887836,181276.57798987464,0.0,0.02224172454164266,0.0,0.18663486077064448,0.059062544499267323
864,529316.5054984163,181270.2988076241,0.0,0.022048580517551576,0.0,0.18133979098172412,0.06057819265793745
865,529318.5970496944,181265.70992208,0.0,0.022096984686526253,0.0,0.18020634043948852,0.06034964278532848
866,529320.5463054115,181261.53942617791,0.0,0.022108227767955756,0.0,0.182014818675746,0.05953708335265883
867,529320.8334931368,181255.4275884725,0.0,0.022603233565343862,0.0,0.1871765983819631,0.05994421490914628
868,529321.8671523201,181251.02278761123,0.0,0.0220868401702865,0.0,0.1823020984430678,0.059935742418913765
869,529323.4324473237,181246.42051131785,0.0,0.021842391650903455,0.0,0.18299340489263236,0.05953343292851768
870,529325.376347004,181242.46088567493,0.0,0.021964496343472723,0.0,0.1810732260019968,0.057317745056244346
871,529330.4750936569,181233.51742958144,0.0,0.021899059044859052,0.0,0.1823925399592804,0.05850736891957991
872,529332.8834725227,181226.8265618356,0.0,0.021877038366521915,0.0,0.1799271360748411,0.058358609168686654
873,529334.5910847485,181221.80590038167,0.0,0.022018975003258636,0.0,0.18300545630876222,0.05942875875467128
874,529337.203573814,181217.44128468813,0.0,0.021893401318031386,0.0,0.18274132504038074,0.06211021377422277
875,529366.7129874873,181289.09014002664,0.0,0.021852827374263636,0.0,0.18214856114906894,0.05710270029355076
876,529362.3605766181,181289.4013501696,0.0,0.022862108522633148,0.0,0.1869422530736575,0.06212993929433976
877,529352.8260454785,181286.41557455697,0.0,0.022022150293671983,0.0,0.18408410241163253,0.05794698423707113
878,529346.6800165927,181284.78209637268,0.0,0.021893739341462652,0.0,0.18749970366050595,0.06084990101456253
879,529340.5017813724,181284.41383655448,0.0,0.02194724586741228,0.0,0.1828476597566781,0.05853647392194293
880,529334.5087801684,181281.9402479893,0.0,0.022365704388276553,0.0,0.18606174377954923,0.060802477106424065
881,529329.3723365804,181282.02052696043,0.0,0.021883335487557467,0.0,0.18135927817846834,0.05829945998309363
882,529331.3269626716,181277.6391665789,0.0,0.022056982912025246,0.0,0.1837088295734345,0.05878885574036007
883,529333.3084258635,181272.20346453696,0.0,0.022393215401347553,0.0,0.1868136784326998,0.06090701821311762
884,529334.846891898,181268.65553394376,0.0,0.022655161604845733,0.0,0.1837473538351492,0.062184522125017724
885,529336.0067610648,181264.46495272132,0.0,0.022355594983841272,0.0,0.18504083261546408,0.059219886271043694
886,529337.9936004832,181258.81838397525,0.0,0.021707962453975757,0.0,0.1807914891588465,0.05909367614171604
887,529339.38977247,181255.6888430576,0.0,0.021881081773868546,0.0,0.18368542210901842,0.05923765129572051
888,529341.5081853778,181250.04562426967,0.0,0.022098840853504262,0.0,0.1828422261600969,0.05945026413054631
889,529343.1996985192,181245.6575709338,0.0,0.02232109064979961,0.0,0.18607999612254236,0.06089683441945936
890,529344.7972176985,181239.7900901346,0.0,0.022036326710516523,0.0,0.18263238315273242,0.061253742360645375
891,529347.0203729792,181235.2045646521,0.0,0.021895381675315476,0.0,0.18193818753508084,0.05845149347358562
892,529348.727997103,181230.183907712,0.0,0.02201503462106946,0.0,0.1803649907527449,0.06029968401177991
893,529350.8142246379,181225.80590342777,0.0,0.022151393064262028,0.0,0.18426698628184512,0.059164149598818175
894,529352.889720515,181221.8496368804,0.0,0.022240611784870353,0.0,0.1818974391079895,0.06234478154461648
895,529357.8623347644,181212.6919900276,0.0555555555555555,0.02220655064536065,0.0,0.18053328299815713,0.058792640856446296
896,529354.8658572438,181216.6248114191,0.0,0.02224175485646093,0.0,0.18169669075331846,0.06052954807328046
897,529359.4223045076,181208.3005928164,0.0,0.021542764926900194,0.0,0.1828195459161755,0.05639511412761104
898,529362.0670287603,181202.67077885327,0.0,0.02229189787970266,0.0,0.18397761634129964,0.05808702591237384
899,529365.6488405266,181196.43180581345,0.0,0.022077597833147333,0.0,0.18437913043199247,0.06000540868578924
900,529367.6733113583,181189.3091691755,0.0,0.022372889460753612,0.0,0.18300254336612007,0.059823772169073176
901,529378.1565695913,181294.6566079154,0.0,0.021910517274108397,0.0,0.18130067562618085,0.05876215311684744
902,529370.6966547256,181184.32201289124,0.1111111111111111,0.02198928228467141,0.0,0.18345970986075502,0.05976601905263299
903,529373.6152765248,181178.27716668852,0.0,0.02232142336651096,0.0,0.18462660107281523,0.06250920185143208
904,529376.3029773788,181170.96041240508,0.0,0.022396387494732724,0.0,0.1837210713158381,0.05872689885714598
905,529379.7478890817,181164.92896783532,0.2222222222222222,0.022122599143419085,0.0,0.18408490721774387,0.060015749492060885
906,529355.7084397739,181173.17921346883,0.0,0.022053014351318265,0.0,0.18589243628647192,0.05760550153912068
907,529358.9599667266,181164.39976744683,0.0,0.021484686799564574,0.0,0.18232647147171555,0.058719218932665324
908,529361.6637554653,181156.45040047093,0.1666666666666666,0.022379461736421653,0.0,0.18459434597370172,0.05977418071735367
909,529364.4024997271,181152.3000158649,0.0,0.021931147547895744,0.0,0.1815646330245255,0.05851332677526118
910,529366.9264208964,181146.24511823247,0.0,0.022017458598236075,0.0,0.18109774894976524,0.062418293139252595
911,529341.2994579652,181118.58416709228,0.2777777777777778,0.021715163312490304,0.0,0.1830686564737793,0.05829284130253635
912,529389.8194688424,181136.4886956464,0.0555555555555555,0.022263903323487395,0.0,0.18430623590137576,0.059207874287879485
913,529376.5469256934,181125.17851743023,0.1666666666666666,0.022430822920047017,0.0,0.18516882498201648,0.060944399491206606
914,529379.3340134877,181119.1303248296,0.0,0.021885649699985292,0.0,0.18265858410826238,0.059781717787264585
915,529391.3955924129,181131.46470266543,0.0,0.02217576897602457,0.0,0.18408751609343085,0.0589486987089801
916,529393.9356621064,181124.777212714,0.0,0.0226327913513641,0.0,0.1848745763407761,0.06073969674786773
917,529381.8687036088,181112.65369752856,0.0,0.02180135208659221,0.0,0.18363338654032024,0.05872829594366368
918,529384.5457075926,181105.75868436525,0.0,0.021752264506127633,0.0,0.18386922484045426,0.058562644254209255
919,529396.9134022736,181116.4128268976,0.2222222222222222,0.022065870477332775,0.0,0.18456295152553556,0.05921993707665088
920,529400.2590167765,181109.11283522096,0.0,0.02213499116193606,0.0,0.1839048371028521,0.05926303435247444
921,529402.493011021,181104.10559634856,0.0,0.022404290449471242,0.0,0.18472211660069798,0.05943481213054471
922,529405.1431997871,181098.26493561896,0.0,0.022069373775473203,0.0,0.18317332861658608,0.05788127293778736
923,529407.9840305938,181090.1080742019,0.0,0.022286856325914598,0.0,0.18294834902034945,0.061267905493796904
924,529394.9369575005,181080.2806293196,0.0,0.021738525928549624,0.0,0.18278709006191884,0.05702473427102588
925,529391.7658568935,181085.89702709016,0.0555555555555555,0.021961084155214795,0.0,0.1848894819132685,0.05955706406530425
926,529388.8632738042,181091.30925805308,0.0555555555555555,0.021847895567859116,0.0,0.1824184230199619,0.05857292555655548
927,529386.3124597524,181098.41848720115,0.0555555555555555,0.0221774916291219,0.0,0.18253943991113303,0.06080886300866698
928,529397.3454814602,181073.5897910776,0.1111111111111111,0.021651481204623527,0.0,0.18233202184440644,0.05918080687189983
929,529398.9538428403,181067.30059009284,0.0,0.022163402959235717,0.0,0.18385723470860516,0.06150486265797093
930,529410.3892214119,181082.37360887547,0.0555555555555555,0.021568741801794657,0.0,0.18351554587107177,0.058506202902854174
931,529417.7500460817,181066.3202561012,0.0,0.021887932281442,0.0,0.18369289087379145,0.05986102838912676
932,529401.2811800763,181060.6131886193,0.0,0.022334485779695438,0.0,0.18336662106684617,0.061127154658899674
933,529408.7285038913,181041.16278942168,0.0,0.02204191026200072,0.0,0.18338891483280476,0.05998813889445312
934,529425.3656495579,181049.5180150404,0.0,0.022795413791656626,0.0,0.1870383223166522,0.06167386327733133
935,529422.4001477065,181054.91904103343,0.0,0.021941550398927093,0.0,0.18365820161986468,0.05878880189720951
936,529340.9284040561,181070.78528718115,0.1666666666666666,0.02228547257960959,0.0,0.18280690242157366,0.06078376470128435
937,529346.4941638502,181074.326177748,0.0,0.02216358111249845,0.0,0.18505018558307462,0.05991756812325018
938,529351.7162598302,181077.480634714,0.0555555555555555,0.02145450427802124,0.0,0.18122118543985172,0.05775230083616865
939,529402.3432644174,181037.4121180699,0.0555555555555555,0.022666534773040516,0.0,0.186067579239014,0.06014886957331567
940,529397.1355704601,181033.69143709727,0.3333333333333333,0.021160292779530333,0.0,0.17957219596350182,0.057300078503749595
941,529392.2571105418,181030.92337642613,0.1111111111111111,0.02192047393865344,0.0,0.18002181067200354,0.059316352999662106
942,529386.657697378,181028.70350485644,0.1666666666666666,0.022944766431830393,0.0,0.18816628426627682,0.06370011875435402
943,529381.1808397523,181026.2979133044,0.1111111111111111,0.02195552691100272,0.0,0.1840727465364468,0.05966810573631644
944,529376.047635405,181024.2787691528,0.0,0.022320145960176667,0.0,0.18223242990387623,0.06240094875563466
945,529370.9048187275,181022.63707846432,0.0,0.021671475519429554,0.0,0.18236097576894972,0.05867737237559911
946,529379.4949089312,180996.28058249093,0.2777777777777778,0.021711525493641713,0.0,0.1798528440530587,0.059836767006498315
947,529385.1847125805,180998.09688317927,1.0,0.022274772958959778,0.0,0.18371132891684344,0.06138347641440025
948,529389.5208422288,181003.3410114213,0.1666666666666666,0.0225539977854939,0.0,0.18653624773238797,0.05949344779573569
949,529394.7852248674,181004.3107681516,0.2777777777777778,0.022179893742514722,0.0,0.18160459375086915,0.060638749501840304
950,529400.4780525003,181006.00777441065,0.0555555555555555,0.022440325078946926,0.0,0.1856209887203732,0.06212916677988789
951,529405.1437986427,181001.2316196776,0.0,0.02180043587158275,0.0,0.18324156213410378,0.05929948455878188
952,529406.4564526035,180996.489477054,0.0,0.02281768858345732,0.0,0.18790343945965207,0.05908478478551119
953,529417.2556931511,181011.2105605431,0.0,0.022165152491881647,0.0,0.1828091947531804,0.060524574759868
954,529409.198771478,180991.1867929924,0.3333333333333333,0.02284037286018072,0.0,0.18682209825986132,0.06300720481225046
955,529412.5485991101,180986.3443666672,0.1111111111111111,0.022296702028558848,0.0,0.187046124696733,0.05872112374085058
956,529423.2495285533,181003.62872927496,0.1111111111111111,0.02267065772307924,0.0,0.18586559166720198,0.0632637089357359
957,529426.2016112035,180997.9395591876,0.0,0.02179981184150607,0.0,0.18373672857678083,0.059409973558120804
958,529428.6026429945,180993.22051405383,0.0,0.02274640826943618,0.0,0.18632179749604053,0.06157192155166974
959,529431.9501387617,180989.22854387067,0.0555555555555555,0.022730679758783054,0.0,0.1860329965583407,0.061331633736912756
960,529434.088174435,180984.50280304183,0.2222222222222222,0.02233128802897136,0.0,0.18613414131432815,0.06030746873211975
961,529437.321176864,180978.117823672,0.0,0.022556315787642018,0.0,0.18438583194040836,0.06086968487038381
962,529429.9802741865,180959.7942512648,0.0,0.02213631415963174,0.0,0.18492499509736557,0.059680487953071834
963,529426.7168443569,180957.03985745224,0.0,0.022281744250677003,0.0,0.1844172071946302,0.05997451415698024
964,529422.3137153204,180954.25644240083,0.0,0.022430257246812964,0.0,0.18538002618766597,0.06063026291916487
965,529414.8635341604,180981.1414263165,0.0,0.02175920964293713,0.0,0.18124905605252967,0.058974539637448746
966,529417.5472933261,180976.64688287608,0.0555555555555555,0.021766610835111336,0.0,0.18037806806589182,0.05866306376876984
967,529420.6559285668,180971.8292907756,0.1111111111111111,0.022098234725004127,0.0,0.18310973798865063,0.05887854252874602
968,529417.4368077337,180970.077966744,0.0,0.021596889997664796,0.0,0.1776733715524708,0.05786779931076332
969,529412.5323597579,180969.0627584805,0.0555555555555555,0.02158353546918209,0.0,0.18196868911641786,0.05634245722701833
970,529408.0924283301,180966.1674553466,0.1111111111111111,0.022392716967076204,0.0,0.1867780141399818,0.06120737918946474
971,529403.2998485825,180963.48575683808,0.0555555555555555,0.02181352115005542,0.0,0.18260694617004086,0.05789744781145893
972,529398.7905111897,180960.5886950513,0.0555555555555555,0.02197602636723811,0.0,0.18172467167811607,0.058028265753544354
973,529394.5332679009,180958.6996645557,0.0,0.022173904463982704,0.0,0.18335290395076811,0.060268917709020514
974,529418.4267039787,180950.29357711933,0.0,0.02195814675998575,0.0,0.1842315215172744,0.06110691440959572
975,529422.9657617946,180943.84306371835,0.0,0.02183345700038132,0.0,0.1829782222173457,0.060055288456353884
976,529426.410072272,180939.47918213127,0.0,0.022065283769222118,0.0,0.18375023757412925,0.059793962595125434
977,529429.1717548694,180934.65275861905,0.0555555555555555,0.022824292288245115,0.0,0.18543737505348876,0.06208476766133628
978,529360.4834975624,180938.14784184104,0.0555555555555555,0.021958851594984955,0.0,0.18221641552427245,0.06046291150935427
979,529364.3097225488,180941.73320817776,0.1111111111111111,0.02215239379043433,0.0,0.186480875906143,0.05809422993386606
980,529368.3553246713,180944.02862863263,0.0,0.022682707647895543,0.0,0.18698580412659518,0.06065950890663647
981,529372.8207058528,180946.93267680347,0.0555555555555555,0.02216743593422176,0.0,0.18537843928574158,0.06030757805815264
982,529376.7369456344,180949.4241240559,0.0555555555555555,0.022317076101474737,0.0,0.18476228228493644,0.05963003988927351
983,529382.5250454685,180951.66425863383,0.0555555555555555,0.02255402569519284,0.0,0.18537553108455246,0.06210683859399449
984,529387.2440506388,180954.37546404047,0.0,0.021473285252334523,0.0,0.1839530443983649,0.05914219229010934
985,529389.445661134,180955.8267050608,0.0555555555555555,0.02199904572605261,0.0,0.18492280071461267,0.05756746354281755
986,529383.9934401971,180933.0658910405,0.0,0.02201491659646175,0.0,0.18355850698178755,0.05934735633362979
987,529388.9686376025,180935.4846501954,0.0,0.02211208738405046,0.0,0.18441121894196047,0.05961879847198076
988,529393.8842239225,180937.8022402943,0.0,0.022059077809943633,0.0,0.18424770441524926,0.059998582029908085
989,529397.303324858,180940.28104630264,0.0,0.02188192466397867,0.0,0.18240417100134962,0.05871440861047922
990,529389.8410762385,180925.64087613625,0.0555555555555555,0.021928359066233742,0.0,0.18342239894463708,0.061400694048807124
991,529391.811837242,180921.50548080832,0.0,0.02202535415133484,0.0,0.1831290208770723,0.06010419747272865
992,529381.9158963488,180912.0851544984,0.1111111111111111,0.02256424834263256,0.0,0.1822118039991279,0.06308417809955348
993,529394.7946281222,180916.69825745904,0.0,0.022377713562635133,0.0,0.18659885432843065,0.0596454928696736
994,529385.9817508563,180908.7006881857,0.0,0.02263755204942753,0.0,0.18703865136748934,0.06071898611724734
995,529388.8313605104,180901.79728609405,0.0,0.022042754714259472,0.0,0.18578495405659734,0.06074730012210981
996,529391.6454797933,180896.2881716244,0.0,0.022175508109803704,0.0,0.18646865244566813,0.05998017472089556
997,529395.3333853063,180888.210238154,0.0,0.021880304575712523,0.0,0.18400353394931096,0.05801362484115609
998,529398.0564221863,180910.7022621892,0.0,0.021865641658930044,0.0,0.18131542148247665,0.05817184441887185
999,529401.9447200779,180904.52290752687,0.0555555555555555,0.02259567795542924,0.0,0.1864936099876102,0.06130991767323366
1000,529404.194497823,180899.19874343483,0.0,0.022265295963438656,0.0,0.18594380565837204,0.06010853083315552
1001,529408.2616315775,180893.3229158189,0.0555555555555555,0.022342988521279444,0.0,0.1818964482957118,0.061354018736709696
1002,529409.3573491238,180889.36455851543,0.0,0.02225124080354439,0.0,0.1857324108612308,0.06277437181050623
1003,529399.3637304676,180881.33690275843,0.0,0.022345221763747227,0.0,0.18351488018210577,0.06162429488437418
1004,529403.301514152,180875.65709050416,0.0,0.02239240763296427,0.0,0.18490630465216343,0.06239894670598832
1005,529412.5607235408,180861.24335668352,0.0,0.02213366682248421,0.0,0.18340341493103843,0.0608739336906813
1006,529417.065432415,180855.2790204409,0.0,0.02181946324905707,0.0,0.18201727917760824,0.05796139673492457
1007,529420.8041447485,180850.0924333708,0.0,0.02177584876008332,0.0,0.18203740835996332,0.05909890606993484
1008,529430.8497940028,180858.52008049705,0.0,0.021915777857119238,0.0,0.18611420581836421,0.05889416312436058
1009,529435.5929543286,180852.96045805165,0.0,0.02167640975297114,0.0,0.18691081596369685,0.058805152682612896
1010,529439.4838748833,180846.68153935,0.0,0.02214673908590857,0.0,0.18623582648426423,0.059398698489979154
1011,529444.2067629548,180841.9186595006,0.0,0.02235620561087749,0.0,0.18498053421207777,0.06124413728561269
1012,529424.8687975506,180844.3162103751,0.0,0.02189723863602114,0.0,0.18362494004154964,0.05934617670110518
1013,529429.5320663467,180839.4521427276,0.0,0.02235150679790844,0.0,0.18481238694735866,0.060320592088305265
1014,529432.7482924055,180835.2488222223,0.0,0.02262352787129891,0.0,0.18942628850783225,0.06171423441286541
1015,529437.1477848248,180830.9759820815,0.0,0.022442168700229297,0.0,0.18632595387178955,0.060083037989775746
1016,529439.4318702971,180826.7489260006,0.0,0.021825127902822573,0.0,0.18293214806281596,0.05755022963402518
1017,529442.4667545239,180822.341679744,0.0,0.022622890194473586,0.0,0.18454749730744208,0.06065831469756384
1018,529445.8668956577,180818.2427072904,0.0,0.022097639119823216,0.0,0.18575755861190926,0.05819875194529715
1019,529451.3101363605,180834.02740893097,0.0,0.022219849847703265,0.0,0.18364036030734057,0.05899397678266384
1020,529455.4395166186,180828.1532007536,0.0,0.02219969771775996,0.0,0.1844888318665808,0.06011780729698437
1021,529449.473765846,180813.35175071127,0.0,0.021858395700247533,0.0,0.18181829361202448,0.058316660302289366
1022,529461.7502808648,180819.6438360076,0.0,0.021834288732295547,0.0,0.18156091821863227,0.0607362956597152
1023,529464.6963755798,180823.60548321207,0.0,0.0221225730953608,0.0,0.1832129083337845,0.06003757252773074
1024,529469.2658065455,180827.30951557844,0.0,0.022176058904480433,0.0,0.18209204024705894,0.06068212698910735
1025,529473.1072693863,180830.29741215945,0.0,0.022414748748888984,0.0,0.1838864021919002,0.060760010433763764
1026,529477.0831631481,180832.8901106573,0.0,0.022279957609865366,0.0,0.18421308585459656,0.06276177875156444
1027,529479.9470142992,180808.34792059017,0.0,0.021785629924053,0.0,0.18184719472142422,0.059253699622086486
1028,529484.1461245468,180811.94287537123,0.0,0.022573608437020713,0.0,0.1865006373208628,0.06268011866249573
1029,529488.1664100908,180815.23430841288,0.0,0.02163754569424237,0.0,0.18227544765719608,0.059704122465718434
1030,529492.2830656345,180819.6244215548,0.0,0.02175142667538056,0.0,0.18362892315004062,0.05829231801038224
1031,529495.9304786364,180822.90636102587,0.0,0.022265500259919687,0.0,0.1846825943010236,0.06054079992586837
1032,529501.3546715851,180827.2301408765,0.0,0.022054870839203267,0.0,0.18507594171024586,0.06100006668347871
1033,529507.0375799721,180831.1618933819,0.0,0.021929786605957607,0.0,0.18179393309192307,0.05887405311510232
1034,529491.8795131829,180845.2258566327,0.0,0.02168144628866165,0.0,0.183318500321791,0.05910638806507794
1035,529485.6562424392,180852.74084940183,0.0,0.022332569091471615,0.0,0.18597396859571635,0.059030284523561814
1036,529482.6809418891,180857.24924540392,0.0,0.022258713684057563,0.0,0.18687481516188656,0.05948514241959879
1037,529480.1888553853,180859.87648036616,0.0,0.022405858468063835,0.0,0.18213037776051305,0.060258026850374374
1038,529478.1685436113,180863.51230019864,0.1111111111111111,0.02237038748649657,0.0,0.18771596281363215,0.05970062833911029
1039,529473.540958618,180837.6830392247,0.0,0.02217878211036933,0.0,0.18826269277901114,0.05998073492427592
1040,529469.7260995401,180840.9741773032,0.0,0.02256749895387064,0.0,0.18744581090030915,0.06323815659286335
1041,529465.5574010087,180845.95046448207,0.0,0.02204977883732712,0.0,0.18414145780004126,0.06038304274040054
1042,529462.1572604778,180850.0494238725,0.0,0.02249629660123337,0.0,0.1850302165426568,0.06033297202039837
1043,529457.8275151035,180854.02504991152,0.0,0.022527060718720755,0.0,0.18671503352565721,0.06124034360711087
1044,529472.4272672182,180866.75435850056,0.0555555555555555,0.02209335404657751,0.0,0.18626218192563657,0.059465183895267906
1045,529467.5191990964,180873.90425056047,0.0555555555555555,0.021931189428281032,0.0,0.18445484360856337,0.05896658802284965
1046,529454.1382259016,180859.71115241235,0.2222222222222222,0.021841347194856763,0.0,0.18237834866490774,0.0602363446354851
1047,529449.8401979648,180864.88347009607,0.0,0.022141402264984362,0.0,0.18522599451717858,0.05959179836299863
1048,529445.0602544656,180869.44557815263,0.0,0.022916802600650793,0.0,0.18539737316640525,0.06192563979596027
1049,529439.8820974646,180874.99411293032,0.0,0.02239349290308279,0.0,0.18533941270748147,0.06005143234652468
1050,529452.1419464299,180894.14144072548,0.0555555555555555,0.022071906917979375,0.0,0.1845287262570247,0.06025189580117038
1051,529449.0271929839,180899.2442412548,0.0,0.02268870958931867,0.0,0.18645808442317585,0.061491938328019406
1052,529435.4851772741,180884.05052461528,0.0,0.021886164106632786,0.0,0.18220271935967,0.058314522067591364
1053,529445.9872710921,180903.8506671364,0.1111111111111111,0.02183913379549593,0.0,0.18201856656881296,0.059100289327045565
1054,529442.2980278793,180909.53677784908,0.0555555555555555,0.022162221843921387,0.0,0.18658045902903356,0.06067177485338829
1055,529440.5060386957,180913.97567793727,0.0555555555555555,0.02184793972071144,0.0,0.18209635064825017,0.05891172306167139
1056,529437.100887944,180918.27383715488,0.0,0.02239723535486681,0.0,0.18570226661699168,0.06087010129074697
1057,529434.6151951419,180923.09369737632,0.0,0.022026565224756003,0.0,0.18437430628644977,0.06120813963015907
1058,529431.7642624978,180927.60528755185,0.0,0.022302363522246727,0.0,0.1854676321835071,0.059138972061061765
1059,529432.4972571995,180889.0569084736,0.0,0.02187938387385349,0.0,0.18400197565945026,0.05990518026374209
1060,529429.7388874737,180892.37498020445,0.0,0.021742454600931327,0.0,0.1838511141161422,0.0560518780858899
1061,529427.0046203921,180897.18851377448,0.0,0.02151789220289963,0.0,0.18260368300587193,0.05786168629562259
1062,529423.944428474,180902.59168738697,0.0555555555555555,0.022839921252482874,0.0,0.18646325813712922,0.0642891816792712
1063,529420.583674878,180907.58858301345,0.0,0.021895047766544468,0.0,0.1838588601920129,0.058369428980442166
1064,529419.1721671681,180911.73820954852,0.0555555555555555,0.022015137887546665,0.0,0.18213198367967595,0.06069928090635865
1065,529415.5945644432,180917.9254633457,0.0555555555555555,0.021680891714650048,0.0,0.18175320445085763,0.05705849028056598
1066,529412.0740403641,180924.31348566545,0.0,0.02207560886639413,0.0,0.18322427876345543,0.060780602958485
1067,529409.6251573715,180930.13085872243,0.0,0.02199321997788248,0.0,0.18435403448652185,0.058305015024688676
1068,529406.3722221977,180933.3366922264,0.1111111111111111,0.022017306841280126,0.0,0.18173725168317675,0.05955977583122405
1069,529441.9669354652,180968.9235978896,0.1111111111111111,0.022250015477896647,0.0,0.18163632342439345,0.05987994525632238
1070,529434.5124695479,180953.98458319888,0.2222222222222222,0.02230959988228791,0.0,0.18444793675519483,0.06143853751222255
1071,529439.609382743,180946.73981665808,0.1111111111111111,0.022477992420039707,0.0,0.18673971860248365,0.06344238088811603
1072,529441.8858151074,180942.81153736968,0.1111111111111111,0.021959391207433086,0.0,0.18247154020140627,0.06106128590068316
1073,529444.4678880731,180939.0903565875,0.2222222222222222,0.02174773986435674,0.0,0.180906404104454,0.05971830354872781
1074,529447.9021978816,180936.08847925515,0.0555555555555555,0.021890764587074403,0.0,0.18436795688828306,0.059517908780216164
1075,529445.0613505425,180964.6175282201,0.0,0.02224623097038136,0.0,0.18442553735767667,0.060167195297430184
1076,529448.1608440911,180960.11227665312,0.0555555555555555,0.022528108950132138,0.0,0.18318076814803608,0.06109327376968616
1077,529452.5957640067,180954.4451645966,0.0,0.022035412325885014,0.0,0.18140546730593446,0.059408596115086636
1078,529455.9539852277,180949.54788166995,0.0,0.021592901872548954,0.0,0.18368781630255376,0.056492945255859864
1079,529458.4713867954,180945.92471681524,0.0,0.022263529898187924,0.0,0.18403948751385144,0.061611735130795035
1080,529461.4161753763,180942.61140951017,0.0,0.02181459487097031,0.0,0.18225377774194712,0.06103054922022311
1081,529463.8942748605,180938.0903375857,0.0,0.022650763344607312,0.0,0.18593324653267632,0.06204668740154048
1082,529450.9966362418,180931.78241300065,0.0,0.022070347831005036,0.0,0.1843682601862409,0.060382349859099384
1083,529454.9788286001,180926.80136594805,0.0555555555555555,0.022399024606357783,0.0,0.1870481419787826,0.059425440310058766
1084,529457.8690933493,180923.18769808207,0.0,0.02206684244394724,0.0,0.18479223541566495,0.06052313614518766
1085,529460.8316520905,180919.17724736,0.0555555555555555,0.02236569629813341,0.0,0.1865359717493252,0.06289120228681333
1086,529464.1797545672,180914.67833702912,0.0555555555555555,0.02214807206519617,0.0,0.186204967656811,0.05864516155637323
1087,529467.7320494289,180909.4870350081,0.0,0.021696709804895735,0.0,0.1811213836513478,0.05702858018920632
1088,529470.7567659477,180905.4781729404,0.0,0.02118443295416825,0.0,0.1794324333493499,0.058018463389697156
1089,529474.1923998459,180899.984933594,0.0555555555555555,0.021897804969532423,0.0,0.1816702295883562,0.05864060312879592
1090,529478.2139459965,180895.90181397845,0.0555555555555555,0.021527508485660755,0.0,0.18011168185808069,0.0584006388797905
1091,529467.289288651,180934.1905634729,0.1111111111111111,0.02155274223132597,0.0,0.1800812223202878,0.059698069157624274
1092,529470.4966293919,180927.894254787,0.0,0.02210420968780106,0.0,0.18410362256280577,0.059628534385129515
1093,529474.1795314924,180924.8987272232,0.0,0.02215144890026657,0.0,0.1831748805858169,0.059091512940954806
1094,529476.8706982315,180921.77827983967,0.0,0.02184589714668558,0.0,0.18188778148061216,0.05990998865543435
1095,529480.5016153149,180918.38280619707,0.1666666666666666,0.021833860221458397,0.0,0.18094856923277972,0.05950843873541701
1096,529482.1275100957,180913.1424352149,0.0,0.022289569940422062,0.0,0.18554685385620556,0.05930317707342608
1097,529484.0628287194,180910.4013603604,0.0,0.022289024616590145,0.0,0.18174299170583064,0.06167381061978578
1098,529488.2811486379,180886.3919630708,0.0,0.02247024864609275,0.0,0.18439527735967462,0.0620791321544018
1099,529497.6901930829,180875.86879578067,0.0,0.022441071790691144,0.0,0.18517693057809065,0.06148606766722088
1100,529501.8905923747,180872.08922017185,0.0,0.022096650297060646,0.0,0.18339926431570103,0.06133809047536544
1101,529508.3570952005,180884.31243342304,0.0,0.02185296202196536,0.0,0.18451151720997452,0.06003287346580399
1102,529512.8644392388,180878.24858864263,0.0,0.022853552559032812,0.0,0.1847926971362206,0.06063178540273785
1103,529515.873981632,180874.83730378468,0.0,0.022456383059039662,0.0,0.1855609755942809,0.05936895919903676
1104,529495.6283555296,180849.40728949744,0.0,0.02223645243963657,0.0,0.18178957348154226,0.06167103417320732
1105,529500.844548654,180852.1312665004,0.0,0.02186503529234031,0.0,0.1851398566432877,0.06086964141996831
1106,529504.3055022815,180855.40846229464,0.0,0.022504946387240425,0.0,0.18443838388117098,0.062383346190161636
1107,529508.0150237536,180858.69199462252,0.0,0.022244436084027784,0.0,0.18490693843295633,0.06140802489029024
1108,529510.8393106486,180862.55091086007,0.2222222222222222,0.021578077049684976,0.0,0.1840445843057794,0.05914407760726245
1109,529512.0115239938,180836.07215143327,0.0,0.021775681288007262,0.0,0.18468684293704224,0.058056698768260966
1110,529515.3748081792,180840.74205674225,0.0,0.022312211807877777,0.0,0.1862307379845224,0.059486334636898744
1111,529519.695614839,180844.43980096345,0.0,0.021636232148957366,0.0,0.18213443995933656,0.05829180086435426
1112,529523.2681584718,180848.21813625167,0.0,0.02297537615047853,0.0,0.18691440013820007,0.06266654862728376
1113,529526.5249045533,180852.1877390656,0.0,0.022015457996859267,0.0,0.1832502774173905,0.05971680599179218
1114,529540.1133337384,180855.44528987852,0.0,0.021788365156163,0.0,0.18174546809778389,0.05980446429894149
1115,529544.4010975092,180850.8873651657,0.0,0.022327720712462747,0.0,0.18454017300267903,0.06020097128290089
1116,529547.505782262,180846.4254283836,0.0,0.02197839610645964,0.0,0.18292470531690033,0.0577912761017008
1117,529551.5865046683,180840.7269635432,0.0,0.021747837565216633,0.0,0.1803138244411719,0.05843638210927011
1118,529547.8369981315,180821.0795470292,0.0555555555555555,0.021995889907903986,0.0,0.18179546744055233,0.05817452080275196
1119,529549.9214275894,180859.7317994876,0.0555555555555555,0.02185526607841317,0.0,0.18194915453743998,0.05904393134405581
1120,529553.5283804431,180863.3556885352,0.0,0.022204720079365064,0.0,0.1850858127689499,0.060310115783181364
1121,529557.5174423482,180864.34036140857,0.0,0.021967606056275416,0.0,0.1824285782287562,0.06080749547412074
1122,529562.3737191112,180849.83180997905,0.0,0.022106467117027805,0.0,0.18466041520218873,0.061739415488147674
1123,529558.5340008319,180846.07584034925,0.0,0.02200728949704863,0.0,0.18228034203531424,0.06034378364835425
1124,529555.0877067938,180836.14899739012,0.0,0.02201320460400753,0.0,0.18309765290829252,0.061239149854729134
1125,529558.5760612431,180832.0752696173,0.0555555555555555,0.021898831335210492,0.0,0.18223746647434472,0.060739923828419126
1126,529562.764387322,180825.2442875292,0.0,0.021839604620770312,0.0,0.18160801371370494,0.05921846654074889
1127,529571.4445367948,180808.94111028776,0.0,0.022615532005365282,0.0,0.18372113751548796,0.059530767550038215
1128,529572.8059186095,180804.93930760276,0.1111111111111111,0.022582070035354333,0.0,0.18667582243918956,0.06262187594563416
1129,529573.8125732341,180799.41477044352,0.0,0.02167306503811206,0.0,0.18155554015257946,0.05794116305044574
1130,529563.5137193449,180771.1489337684,0.0,0.02213580120350165,0.0,0.18366291102285093,0.060456775772775674
1131,529571.819477896,180772.62208114448,0.0,0.02266406251616058,0.0,0.18340124223451476,0.06167605473039266
1132,529573.611200696,180764.0901761662,0.0,0.022562492840400444,0.0,0.18504863321564122,0.06235052600226176
1133,529575.9985392692,180753.80748358247,0.0,0.022217113011139992,0.0,0.18397556187973713,0.05953798234121396
1134,529591.1395895383,180758.8607334432,0.0,0.021902915799192832,0.0,0.18345296212072604,0.058352059870788904
1135,529592.523497304,180753.97652293532,0.0,0.02202711701948289,0.0,0.18360186703119027,0.058434800276892226
1136,529592.74036812,180748.55799209516,0.0,0.022274930889649602,0.0,0.18564833710399498,0.062015170726901214
1137,529595.0313230872,180742.05707755795,0.0,0.02246097741133749,0.0,0.18639619600374388,0.061130881916718234
1138,529576.3168614528,180735.14674219297,0.0,0.022485285833891422,0.0,0.1864158473512167,0.06099657252891935
1139,529572.3902910639,180734.79435656985,0.0,0.022618810258526398,0.0,0.18818257167816713,0.0600627455314795
1140,529565.9466013974,180734.37780624628,0.0,0.021920884866513494,0.0,0.18344420746854287,0.05865904061749001
1141,529561.5079712877,180732.49868465247,0.0,0.02201471412022888,0.0,0.18438571131184436,0.05840737453336161
1142,529556.3003453012,180732.99664215933,0.0,0.021572225908179497,0.0,0.1815244810524183,0.05670042769293835
1143,529550.8985116638,180731.8498230872,0.0,0.020960819326888695,0.0,0.17708498473572634,0.05543912295860225
1144,529545.6572088697,180730.5809606156,0.0,0.02244807198486708,0.0,0.18691385969406765,0.06119039350003323
1145,529569.0861295054,180753.25283760947,0.0,0.02199265290597354,0.0,0.1858277576531561,0.06024167229331608
1146,529539.9375176805,180729.55219266005,0.0,0.022037485274301716,0.0,0.1857811899952057,0.06028788325556032
1147,529534.2113989537,180728.77554917856,0.0,0.02166322961891376,0.0,0.1798182033829392,0.0580011025443194
1148,529526.3518196475,180728.3229643302,0.0,0.021888386150991486,0.0,0.18395864809730134,0.05938094713377293
1149,529517.4857203619,180727.21403844608,0.0,0.02240689258948094,0.0,0.18287028361452118,0.06068984866781497
1150,529512.8704742579,180726.08730482147,0.0,0.022110401986873755,0.0,0.18246031885798789,0.06035763561759123
1151,529508.0031855524,180725.5848574669,0.0,0.022484587956844788,0.0,0.18544331899357594,0.0611617842124477
1152,529621.6791308977,180653.93337879088,0.0,0.021669725402329292,0.0,0.18076754070953097,0.05865504564381254
1153,529615.6496397147,180649.61696349445,0.0,0.022045683203295353,0.0,0.18316261867367895,0.061746639062245305
1154,529611.2574657237,180649.0003951488,0.0,0.021621153516461745,0.0,0.18200571515303987,0.05872262940035136
1155,529607.6118162876,180646.88917557496,0.0,0.02202192565688475,0.0,0.18187271398658544,0.06020616375592212
1156,529598.6997005724,180678.4494407142,0.0,0.022190909651106688,0.0,0.18300621753899715,0.0604082874481639
1157,529602.2795266389,180680.05441262064,0.0,0.022486318987065115,0.0,0.18508279429158242,0.06056879726523191
1158,529605.8128343808,180680.39679153,0.0,0.02204594525804099,0.0,0.18354237204060592,0.061038712369144474
1159,529619.7051548461,180685.03985296388,0.0,0.022105036219807393,0.0,0.1836968309960915,0.06050273779827263
1160,529624.8035304258,180688.8279645744,0.0,0.022803278577468052,0.0,0.18501895786710235,0.06384284106117989
1161,529601.6997891652,180687.3558042934,0.0,0.021575270598571627,0.0,0.1817483127689061,0.058269473610371124
1162,529598.7008602154,180693.838664324,0.0,0.02200586116004792,0.0,0.1804848151889462,0.06139212019578392
1163,529596.3922931773,180697.9424509121,0.0,0.021959298720484292,0.0,0.18287471541079048,0.06024878240477833
1164,529594.3823005515,180702.6845560228,0.0,0.022212945205867154,0.0,0.18361530636570134,0.05773597287274032
1165,529592.5825792479,180708.4411506267,0.0,0.022304983235701424,0.0,0.18417336349143348,0.061256867914523255
1166,529579.2934022233,180723.3653811147,0.0,0.02237850332251101,0.0,0.1841817572770216,0.06029188425315636
1167,529575.0521822227,180723.0049718852,0.0,0.022305557823282775,0.0,0.18273634492870408,0.062126147308455074
1168,529570.3887383491,180723.76907064265,0.0555555555555555,0.021801085629916565,0.0,0.18291271098495954,0.059135265994913096
1169,529565.5407318587,180722.51021418328,0.0,0.02139907432298195,0.0,0.17929470511522635,0.05650004870843163
1170,529585.5236231561,180722.89351868856,0.0,0.02176686449227314,0.0,0.1830392253097095,0.059582766827215576
1171,529584.926316458,180727.7977860028,0.0,0.02204312187759534,0.0,0.18472408313135255,0.060538074695937555
1172,529583.0142883501,180731.78554705484,0.0,0.0218062431700787,0.0,0.1831086628068916,0.05842807000681185
1173,529679.353831164,180762.75057184795,0.0,0.022383270438419804,0.0,0.18809528948042037,0.060552257934944786
1174,529676.5636191873,180767.22045794327,0.0,0.021984354004943328,0.0,0.18356273806200116,0.059722634661301725
1175,529674.3208115478,180771.83045284,0.0,0.021782152321327963,0.0,0.18521280990168598,0.057767503717087526
1176,529672.0490618495,180777.5749794538,0.0,0.0220853560665345,0.0,0.18605963777363338,0.060973474266840154
1177,529654.1857363735,180768.1632426,0.0,0.02206708865985574,0.0,0.18337651006009192,0.059261290145022516
1178,529650.2525145896,180774.24381720508,0.0,0.02198747206645567,0.0,0.18352373506811592,0.05960482199806673
1179,529647.6500782685,180780.6106230409,0.0,0.02172615686291207,0.0,0.18348912530635392,0.05910320422176723
1180,529667.7818910824,180784.40386712368,0.0,0.022212345460666038,0.0,0.18396160877406117,0.060657333697831946
1181,529666.1426426289,180790.03839185048,0.0555555555555555,0.021863801126417916,0.0,0.18342656134755952,0.05948113455335088
1182,529645.9079583929,180830.3918828636,0.0,0.022191457662834767,0.0,0.1829968557890182,0.06015297098910779
1183,529653.0416345857,180834.61037226688,0.0,0.022648755433078215,0.0,0.1874439899676583,0.05948348677756944
1184,529647.1622757689,180855.27365996287,0.0,0.02216876896260829,0.0,0.18209535348467526,0.05933804237382833
1185,529625.4426151979,180821.16614889272,0.0,0.022083929140006304,0.0,0.18308438242220879,0.06108846909984531
1186,529620.9410642976,180831.01647821628,0.0,0.021926232502112956,0.0,0.1822546015457448,0.0596708890506506
1187,529619.3243846425,180835.7686043868,0.0,0.02211177084611409,0.0,0.18399498826783908,0.0603575001056973
1188,529612.5754184539,180847.32759719767,0.0555555555555555,0.022658193296969144,0.0,0.18667158878630466,0.061484887397129075
1189,529611.0935637617,180852.966150838,0.0,0.022368608624732826,0.0,0.18592213794268095,0.060851622004343346
1190,529602.0552226084,180874.05348693367,0.0,0.022532481524769592,0.0,0.18396130128029192,0.06144197640154907
1191,529599.6149294348,180883.32569110667,0.0,0.022607501348675015,0.0,0.18872946998370818,0.062314502571519194
1192,529598.3000557082,180888.5900829108,0.0,0.022493384155248243,0.0,0.18616258438462102,0.061146011488823926
1193,529613.9445555732,180898.57575628883,0.0,0.0221156023114376,0.0,0.18264290134312838,0.05939579364740032
1194,529608.4880512387,180905.7527790948,0.0,0.02240296161560351,0.0,0.18424333391139255,0.05941051555358329
1195,529600.1651382294,180895.70153769257,0.0,0.022314850345996534,0.0,0.1838234599733595,0.06025787520109425
1196,529595.4004952043,180903.52692151823,0.0,0.022258663511036367,0.0,0.18403245557873144,0.05981951618460523
1197,529591.9091296368,180901.54578009687,0.0,0.022034874801924176,0.0,0.18379932542965785,0.060985740095597915
1198,529595.4330240216,180889.9045253719,0.0,0.0222226254994056,0.0,0.18050199522191887,0.06154142320679584
1199,529589.1578208806,180898.32210154785,0.0,0.022140942256264107,0.0,0.18461938749310175,0.06162560531924752
1200,529585.7082338105,180894.70219735225,0.0,0.022207267138757168,0.0,0.18509659974602743,0.06224273218997682
1201,529582.0162409436,180891.32839708476,0.0,0.021676219521967185,0.0,0.18260223160880337,0.05824671148834703
1202,529578.4397762778,180889.5973776896,0.0555555555555555,0.021409230803397485,0.0,0.18085983724146357,0.058093055106674195
1203,529576.123521608,180884.74496661543,0.0,0.02231828200578825,0.0,0.18673714776884842,0.05897050024144539
1204,529572.8938195597,180881.7613828044,0.0,0.022102657892907343,0.0,0.18251425156241355,0.05919398060800708
1205,529571.46359998,180879.20210075847,0.0,0.022028570198914812,0.0,0.18164456534188977,0.06028997904210444
1206,529575.7579684724,180868.21118179528,0.0,0.02180289220982778,0.0,0.18101026244947457,0.05958300486273509
1207,529578.5654629221,180872.31927108337,0.0,0.021984901746643026,0.0,0.18635413444441593,0.06105525114712719
1208,529581.382594864,180876.04918498683,0.0,0.021912400452052953,0.0,0.18080023612726123,0.05793560870892282
1209,529585.1757567428,180878.5425770144,0.0555555555555555,0.021936758277261163,0.0,0.18247536864477806,0.05762888291870026
1210,529588.2914397465,180882.91081221783,0.0,0.021809740957721018,0.0,0.18289099152773078,0.05915224383673543
1211,529591.1310585901,180885.75831870307,0.0,0.021596418175993996,0.0,0.18184826289384318,0.057162487079756845
1212,529535.2556940431,180860.74553875384,0.0,0.02212954511528985,0.0,0.1848879733613647,0.06188382460633975
1213,529538.6892753018,180864.99570266675,0.0,0.021914088887691134,0.0,0.18212707588990368,0.06032234175028179
1214,529542.0474058888,180869.1178051124,0.0,0.022424322180310673,0.0,0.18649577849787136,0.05965079656659517
1215,529544.0218216648,180871.9432309884,0.0,0.02211472890951783,0.0,0.1833763713222782,0.06035377749386308
1216,529547.39922242,180875.30898302607,0.0,0.021683351459911283,0.0,0.18000007232414234,0.0607480513275564
1217,529550.48448083,180877.784304178,0.0,0.02164611604393258,0.0,0.1810083916855909,0.058569270650916355
1218,529552.8489634854,180880.74581777985,0.0555555555555555,0.021695803563647562,0.0,0.1835560696060136,0.05739125735150829
1219,529556.38688114,180883.98952711865,0.0,0.021843044145475433,0.0,0.1852657525788422,0.05831937146482787
1220,529559.5076260746,180878.8973025232,0.0,0.022715081880012773,0.0,0.18869744022805787,0.061165276971453804
1221,529561.9444837167,180875.93204144697,0.0,0.021737169748262043,0.0,0.1836626013533439,0.05942982073851354
1222,529565.461741671,180870.72378736947,0.0,0.02190456921642591,0.0,0.1842659352919184,0.05725034419915388
1223,529566.9322158444,180868.61687881427,0.0,0.022036935896393006,0.0,0.18529336086105663,0.05936908735350486
1224,529522.9767598056,180876.20020908304,0.0,0.022415326239389292,0.0,0.18430507562054974,0.06114415663544955
1225,529525.8950754119,180879.0496830193,0.0,0.02235028136515735,0.0,0.18353972858564613,0.06179606798880606
1226,529528.5469483668,180880.00025459315,0.0,0.02194491348242319,0.0,0.18288527405552948,0.05854407578612051
1227,529535.1283737335,180887.35802589485,0.0,0.022130528574252538,0.0,0.18312868052957304,0.05910543436018465
1228,529539.1543076618,180889.983456748,0.0,0.02176951164895574,0.0,0.1820287663883464,0.060133191655963335
1229,529542.2074294107,180893.71936325828,0.0,0.022230994294205598,0.0,0.18524166707167034,0.058844251158457456
1230,529548.0425795445,180897.76560309285,0.0555555555555555,0.022404525840066143,0.0,0.18577600934229618,0.06022171839308338
1231,529552.3645000649,180901.41351171857,0.0,0.021404127943027183,0.0,0.17955359135556412,0.05938630345802692
1232,529556.6689708048,180905.74570348984,0.0,0.021965981004891673,0.0,0.18530133189822956,0.06000371010216943
1233,529559.8160154135,180907.99422128333,0.0,0.0221824421944256,0.0,0.1840962951537576,0.06225271369123551
1234,529567.0721861336,180885.92567238116,0.0,0.02270337672349395,0.0,0.18422349913182579,0.06332779845161488
1235,529564.4289412069,180889.053665678,0.0,0.020992207602976317,0.0,0.1805164900225214,0.05749164391500167
1236,529561.9991856283,180892.18710266656,0.0,0.022076879201637267,0.0,0.1837581559901616,0.06078129889042923
1237,529565.1375144935,180894.77776328992,0.0,0.021863857986555473,0.0,0.18314526288792404,0.06112497233638256
1238,529568.5633956124,180897.26163620173,0.1111111111111111,0.0220497609222912,0.0,0.18252849810814267,0.06053248589926145
1239,529571.4141626076,180899.95909053236,0.0,0.02234305796077251,0.0,0.18422982895409584,0.060776400645645094
1240,529574.1792263853,180903.2249649928,0.0,0.021955721213248226,0.0,0.18415811860510398,0.05928766180646363
1241,529565.9357905553,180913.74214664352,0.0,0.022621295235160297,0.0,0.1838050775351573,0.06343029620555612
1242,529556.0413992588,180913.60403175035,0.0,0.021592819043454517,0.0,0.1808432613578519,0.05823896783818244
1243,529561.9723296628,180921.1730693341,0.0,0.02268617578008927,0.0,0.18596622851327307,0.061950661238064524
1244,529558.9950337962,180926.2326002673,0.0,0.02190537548494686,0.0,0.1844277027519707,0.058576827145849775
1245,529553.2384080123,180917.41268192424,0.0,0.02208569239816885,0.0,0.18245667368441898,0.0618130933065791
1246,529551.1499444529,180921.12542673465,0.1111111111111111,0.02268654592115294,0.0,0.1851055417667525,0.062070107572089236
1247,529548.6287000274,180925.0553818383,0.0,0.02271089801485902,0.0,0.18716012419609585,0.06202012934563041
1248,529556.4375112059,180928.79217877268,0.0,0.02181445082207604,0.0,0.1829459465033422,0.058930534183487406
1249,529554.5305542229,180933.7648765492,0.0555555555555555,0.021930971180994963,0.0,0.1827108039980689,0.05871872454030854
1250,529546.2947805118,180930.01719894988,0.1111111111111111,0.02238850322191007,0.0,0.18557887123892053,0.060791712371139214
1251,529548.4351900985,180941.02734257944,0.0,0.022183693839145494,0.0,0.18354998564149363,0.05984005094188325
1252,529540.4422659717,180934.13289398915,0.6666666666666666,0.022132702900949364,0.0,0.18510068969517002,0.060716184438986534
1253,529539.0648250834,180921.9185657125,0.0555555555555555,0.02209768084424243,0.0,0.18304971125648992,0.05990406484462077
1254,529536.0027520547,180929.41869937605,0.0555555555555555,0.021893140189285974,0.0,0.18039050295073744,0.06019318218809542
1255,529532.2502996173,180927.56383785792,0.0555555555555555,0.022173702895910433,0.0,0.1834386563041138,0.0580458489602509
1256,529526.7671480832,180924.04097439395,0.0555555555555555,0.022050305226332348,0.0,0.1844340188011717,0.06023728579466694
1257,529521.5973982675,180921.47337668075,0.0555555555555555,0.02154509031327743,0.0,0.18175629460693787,0.05851262153486334
1258,529517.2645880248,180919.19776239124,0.0555555555555555,0.02253575705640162,0.0,0.1856643662250236,0.06261010877828091
1259,529535.6595845409,180952.82111804164,0.0555555555555555,0.022374718431200324,0.0,0.1840943740709813,0.06129071541592066
1260,529524.36103079,180942.24847882456,0.0,0.021876636527008025,0.0,0.1801782569614247,0.05828058291547094
1261,529520.6826280793,180940.80148671623,0.0,0.021882086277231264,0.0,0.18163905152492577,0.061192670146910565
1262,529517.352096274,180938.95738872784,0.1111111111111111,0.022023437841910607,0.0,0.18287569553229915,0.06009630709398646
1263,529528.7240240666,180893.64280404503,0.0,0.021983717810168887,0.0,0.18564415592200764,0.0616556186949523
1264,529527.2033270862,180896.98716325505,0.0555555555555555,0.022282583722709273,0.0,0.182326612581371,0.059814219708279014
1265,529516.8517552976,180889.00985021912,0.0555555555555555,0.02217170882001674,0.0,0.18438568943720698,0.05984639101801495
1266,529486.5728905308,180930.7302395824,0.0,0.021999069209470683,0.0,0.18247330344569515,0.061618111581050156
1267,529525.9260394248,180963.6696587969,0.0555555555555555,0.02222443873418354,0.0,0.18323960128759534,0.06222418042160077
1268,529521.2539550482,180964.76850865383,0.0555555555555555,0.02235029284440987,0.0,0.18568322740853932,0.06261273268894052
1269,529514.6756351104,180957.83463011807,0.1111111111111111,0.022235302058133632,0.0,0.18235552178109143,0.060734627820494325
1270,529507.7752235256,180953.5990457117,0.0,0.022574744746750103,0.0,0.1846444321936615,0.06321687535524463
1271,529504.1485163724,180950.12351339275,0.2777777777777778,0.021455267718400693,0.0,0.17954337687502794,0.05790766814650538
1272,529516.9846663749,180976.56827445043,0.0555555555555555,0.022002412131161667,0.0,0.18358923011132244,0.059460541865011825
1273,529513.8436015089,180973.91705839147,0.0555555555555555,0.022151865988870346,0.0,0.1827412373197816,0.058714166931138984
1274,529508.0229586327,180970.3856127065,0.0555555555555555,0.02143611948220171,0.0,0.1816572447644031,0.05846270749736952
1275,529503.3165165134,180966.20594270312,0.0555555555555555,0.02249794453520572,0.0,0.18416070801185067,0.06175716580864031
1276,529500.3975730597,180964.77831722045,0.0555555555555555,0.02231433509646719,0.0,0.18410411039945734,0.06036597545895183
1277,529498.083092802,180962.82479718467,0.0555555555555555,0.02172868739726693,0.0,0.18193677292332464,0.06016040415628056
1278,529496.8449148838,180961.7106506345,0.0555555555555555,0.022071586959195207,0.0,0.183334185902463,0.05969141884601476
1279,529487.6575725905,180954.43968092956,0.1111111111111111,0.021945092040285046,0.0,0.1851171725998884,0.05819151324856843
1280,529481.5853681758,180960.78055357467,0.1111111111111111,0.022424058112013198,0.0,0.18624614004523152,0.06139894502325045
1281,529477.2817749052,180967.30181565217,0.0,0.022150684665047063,0.0,0.18208110461876234,0.060003705848032635
1282,529474.5659895868,180971.15704024848,0.0,0.022154368894413787,0.0,0.18259929709082418,0.05963345928992696
1283,529472.2101074159,180977.4572776412,0.0555555555555555,0.021693784802493035,0.0,0.1815029762627725,0.05836170812283173
1284,529468.447286841,180982.63907708417,0.1666666666666666,0.022007347974257872,0.0,0.18350767696457534,0.0588939938154272
1285,529462.4354869658,180976.66697219567,0.1666666666666666,0.02147364215253539,0.0,0.18037087644336008,0.059536926609828685
1286,529457.004161434,180976.0776605928,0.2777777777777778,0.022471449748838246,0.0,0.18481684858383227,0.06162549207995146
1287,529453.2041474902,180973.03727553,0.1111111111111111,0.022355970120012055,0.0,0.183282965555086,0.06217511031014651
1288,529445.165092176,180984.4465451745,0.2222222222222222,0.02184838246688248,0.0,0.18217972602678925,0.05914397826089277
1289,529449.3928452882,180986.3762951066,0.1111111111111111,0.0216333977689384,0.0,0.17926444526379282,0.059941719813971554
1290,529452.6445341288,180988.36795122703,0.0555555555555555,0.021836470965532002,0.0,0.18452643091759027,0.05945975319155488
1291,529456.27714944,180990.28254778625,0.0,0.022436107460828515,0.0,0.18403368893978148,0.0604396409714784
1292,529462.5635081579,180993.6095953525,0.1666666666666666,0.022619023210259808,0.0,0.1882111397508564,0.06230420537079017
1293,529460.6187064139,180997.57061837384,0.0555555555555555,0.022325160540991502,0.0,0.18405335056234465,0.05878117389649289
1294,529457.8103075144,181001.82626691784,0.1666666666666666,0.022535497954392764,0.0,0.18550908239736225,0.0640507767807859
1295,529456.4000579633,181005.4842846052,0.0555555555555555,0.02210980627474733,0.0,0.18297127400556223,0.05995177946778829
1296,529447.187714438,181025.064623388,0.2777777777777778,0.0219497310909978,0.0,0.18351778064334764,0.05942428752128308
1297,529442.2369660209,181023.8497926002,0.1111111111111111,0.021804185883334486,0.0,0.18592626964449435,0.057884221675213926
1298,529438.3222447081,181020.48389131203,0.1666666666666666,0.022242887161593485,0.0,0.1849160970634262,0.059887137638165264
1299,529431.4533804453,181017.52663643623,0.1111111111111111,0.022337722701739164,0.0,0.18667842465449888,0.05877196150245935
1300,529425.3511371512,181014.10503410976,0.3333333333333333,0.02205897732487547,0.0,0.18322712231608426,0.061420436266533374
1301,529429.9370441651,181050.39189364103,0.2777777777777778,0.021842652660208364,0.0,0.18045512730121402,0.0614001791426751
1302,529435.0586391028,181053.78852726024,0.0555555555555555,0.021960901302704977,0.0,0.18417306162055183,0.060370223256933184
1303,529439.8369439006,181055.845751108,0.1666666666666666,0.021747260428207973,0.0,0.18366488280130558,0.05936428460189001
1304,529446.1782795168,181058.86460116296,0.3888888888888889,0.022550071026132927,0.0,0.18360221853043132,0.06156803882053906
1305,529451.1012659294,181062.4090185915,0.0,0.022186199125365666,0.0,0.18431918038661782,0.06205664641709963
1306,529454.5710674269,181064.377864808,0.0555555555555555,0.02248328699899309,0.0,0.1841280138106835,0.06073822730922181
1307,529460.5556506484,181068.12028516544,0.0555555555555555,0.021670219357824105,0.0,0.18405488742397166,0.05812149492838213
1308,529466.6337643671,181072.3779487432,0.2222222222222222,0.022616892108684977,0.0,0.18546475733091516,0.061094670523362204
1309,529472.5204385489,181075.7759876559,0.1111111111111111,0.021862190157150165,0.0,0.1850605704210809,0.05984128101971245
1310,529477.7936461425,181078.13269773085,0.2777777777777778,0.02210731481024323,0.0,0.18547812917768358,0.06129499028485114
1311,529483.4540565964,181082.03783835995,0.0,0.021960080353964434,0.0,0.18009724348225015,0.05930822783926505
1312,529488.94479723,181084.2291519682,0.0,0.022395046273849382,0.0,0.1857171794414158,0.05984796906882024
1313,529506.365839928,181094.8178471158,0.1111111111111111,0.021992086992612885,0.0,0.18748358642799737,0.05921184945214365
1314,529486.2125718802,181089.6599976476,0.0,0.022162580043666735,0.0,0.18558063000115751,0.058338385630544595
1315,529483.6042150753,181093.4637997832,0.2777777777777778,0.021699437022355668,0.0,0.18082559755583177,0.05746091218942985
1316,529496.9923054809,181106.34458039672,0.0555555555555555,0.022237044368866664,0.0,0.18591749242503616,0.06044912825410102
1317,529495.0458117953,181114.4999352495,0.1111111111111111,0.022059510536139137,0.0,0.1845884970151016,0.06000940222658522
1318,529480.9367352545,181099.5882533892,0.0,0.021707156746915438,0.0,0.18375646511306998,0.05918202583732125
1319,529479.5990558396,181102.80519071367,0.1666666666666666,0.02197895506283034,0.0,0.18340716204057397,0.06041391057418187
1320,529475.73379909,181110.44723388925,0.0,0.02150155052850386,0.0,0.1808296800573845,0.058435441462091
1321,529490.9658476241,181119.19509776763,0.0,0.0226071874049059,0.0,0.18518962560024685,0.06183416395098607
1322,529488.8283273207,181123.4753255856,0.0555555555555555,0.02278134171505766,0.0,0.1873885595951061,0.06255806427337077
1323,529485.1069038227,181129.26330128475,0.0,0.021763240146055997,0.0,0.1826096173325393,0.06027508445044448
1324,529471.7483735005,181119.0150807115,0.0555555555555555,0.02212941436931712,0.0,0.18215695461099632,0.05958155945651329
1325,529468.0190841904,181125.1124886723,0.0,0.021950283094463303,0.0,0.18396194353468154,0.05789356236378247
1326,529482.7566221243,181134.31216254592,0.0,0.022647271466693836,0.0,0.18385493533184583,0.0629279361157087
1327,529480.3216400328,181138.89443532427,0.0,0.022343806693120038,0.0,0.18404555073283957,0.06029359885749961
1328,529465.3792269736,181130.15398001336,0.0,0.022656242503215882,0.0,0.1868032600238237,0.06292966759182521
1329,529435.6460161374,181080.16688872027,0.1111111111111111,0.02202596439902425,0.0,0.1844919765390421,0.05942852073850066
1330,529441.9894999616,181081.4121305683,0.4444444444444444,0.021982497463309686,0.0,0.1831017251009345,0.06187791646601444
1331,529444.7278125904,181087.6742938457,0.0555555555555555,0.021948455520144013,0.0,0.18284345114857686,0.05851851419858864
1332,529451.0673443109,181089.07425725504,0.2222222222222222,0.022334742235713422,0.0,0.18255235512270926,0.060157054106160505
1333,529455.6949052665,181093.2172058994,0.0,0.022266381367405882,0.0,0.18419001780352062,0.06188526958904877
1334,529460.1688080969,181095.8081405835,0.1666666666666666,0.022125174973004157,0.0,0.18265018285597184,0.060301898347228516
1335,529465.101713594,181099.33963520423,0.0,0.021743629322392908,0.0,0.1797371345721147,0.05869318884717997
1336,529425.8864951696,181099.2696246232,0.0,0.022128436279067496,0.0,0.186065582919385,0.06044059213849421
1337,529428.9321438178,181101.0501053636,0.0,0.022269749291844547,0.0,0.18488267980609094,0.06011263876935791
1338,529433.8493029792,181105.20040951413,0.0555555555555555,0.022111366895753062,0.0,0.18635451353966795,0.059646469408139384
1339,529439.7908700078,181107.05465498503,0.0,0.022693055048426006,0.0,0.18325032416340223,0.06149339117523761
1340,529445.1552019172,181112.60965408027,0.0555555555555555,0.022184671832601296,0.0,0.1829508425942312,0.06195770488233588
1341,529451.1243428064,181113.38094283867,0.0555555555555555,0.02167654201031474,0.0,0.1833153492033061,0.05832847349501701
1342,529456.7447740394,181116.4655119204,0.1111111111111111,0.02235152001841044,0.0,0.18461044017035885,0.06068959030659365
1343,529419.3854442205,181119.38422012425,0.0,0.02173733926240403,0.0,0.18092793435507973,0.0586944281279086
1344,529415.1538681305,181126.24292455672,0.0,0.02244887258686539,0.0,0.18429113714378223,0.06102255304693272
1345,529413.4675491863,181131.7731545208,0.0,0.022727147183454217,0.0,0.18530515758553384,0.06424373257594843
1346,529421.572157318,181139.7200679788,0.1111111111111111,0.021366552834192934,0.0,0.17960232822743388,0.0563656571870032
1347,529425.2087835884,181141.0511669872,0.0555555555555555,0.02234974244559472,0.0,0.1843585647089945,0.06117092192313183
1348,529427.9766367187,181142.36014228224,0.0555555555555555,0.022475661023439508,0.0,0.18636839560071672,0.06205878958473258
1349,529436.1875982082,181146.12990870568,0.0555555555555555,0.021816813516143303,0.0,0.18506250098153212,0.05833996662469177
1350,529475.9166423723,181144.9746213353,0.0555555555555555,0.022321142413935183,0.0,0.18482781930273987,0.061013020515287904
1351,529474.1297897019,181150.65708289263,0.0555555555555555,0.02183986179069128,0.0,0.18390138609378015,0.058974808301525364
1352,529470.8024038562,181156.14548610456,0.0,0.021874907440391965,0.0,0.18162385220898028,0.05855390761000137
1353,529468.9466207636,181160.74251994083,0.0555555555555555,0.02176820300632479,0.0,0.17980909662948524,0.059396299103444995
1354,529466.5116624432,181165.32479911097,0.0,0.022116852806029215,0.0,0.1809335615419457,0.0587991317443524
1355,529461.6972477025,181134.39487219576,0.1111111111111111,0.022664491634384422,0.0,0.18858225102576562,0.06343589080524133
1356,529460.3241174689,181139.00420463568,0.0555555555555555,0.022159735002091282,0.0,0.18377172914830564,0.061799564088497086
1357,529457.4715084393,181144.8143319024,0.1111111111111111,0.022418378553139585,0.0,0.18319640367123916,0.06321633145400576
1358,529455.0050255391,181150.63429666404,0.0,0.022670918534665456,0.0,0.1852368089735183,0.06096499403599293
1359,529452.485368892,181154.74999328968,0.0,0.022148729002155983,0.0,0.1830411868905608,0.06181718910801369
1360,529450.8955460148,181160.2826704927,0.0,0.022263456812326814,0.0,0.18414406593556934,0.05875865226310021
1361,529447.6568394699,181166.08296742776,0.0,0.022228155592274517,0.0,0.18124800945106817,0.06252273826148204
1362,529437.3458235351,181184.0879583326,0.0,0.022050122183878515,0.0,0.1824096259038285,0.05920950531719526
1363,529432.8877523099,181180.87820220616,0.0,0.02212014661241609,0.0,0.18394552860767907,0.06109902213595015
1364,529442.5506343717,181161.7730208769,0.0555555555555555,0.022304812531946952,0.0,0.18370647682508784,0.06170415222601287
1365,529437.4010746942,181159.1648900261,0.0555555555555555,0.022008462423292324,0.0,0.18343135160042828,0.05958633987172618
1366,529432.7144572985,181157.3426075065,0.0555555555555555,0.02218669014062642,0.0,0.18347898490246722,0.0607135960468244
1367,529426.6842644524,181177.93361758007,0.0,0.021564682544546653,0.0,0.18202378323979604,0.06021768278452264
1368,529422.5689581842,181176.43551503864,0.0,0.022488583363485772,0.0,0.18641451997822478,0.062069097978254245
1369,529417.5967037366,181174.45116107585,0.1111111111111111,0.021285968662473773,0.0,0.18249934340455484,0.05553885548795401
1370,529427.7185458037,181156.28650413064,0.0,0.021558345962889393,0.0,0.1811716200641294,0.058257758909485126
1371,529423.7884014441,181155.10273794644,0.0,0.02203737687365003,0.0,0.182876788418588,0.0593481899182903
1372,529417.9867559025,181151.54915810248,0.0,0.02185400660480414,0.0,0.18367057674495232,0.05910955975091
1373,529411.9113056145,181170.1264958684,0.0,0.022433143537567715,0.0,0.18451916452880524,0.06155166035089821
1374,529406.6415729348,181168.44419837795,0.0,0.02194088966912685,0.0,0.18169575692813145,0.057774569162860924
1375,529400.1327088256,181166.1111126772,0.0,0.022021705605984276,0.0,0.1853127202179334,0.06078311864349807
1376,529408.2313105505,181147.740091302,0.0,0.02219658310303544,0.0,0.1861941642283551,0.0597015453385716
1377,529404.6262014057,181145.17132408416,0.0,0.0222690628317434,0.0,0.18436773626186975,0.059767469414658124
1378,529401.560875191,181144.16440773968,0.0,0.021715781262646644,0.0,0.18225935252175263,0.060516679586635536
1379,529396.608277356,181141.4065248423,0.0,0.021830898571405,0.0,0.18154053880123563,0.059207503004469274
1380,529383.4763469418,181156.39839588097,0.0,0.0220933440003312,0.0,0.18242882117999562,0.05916337543293234
1381,529373.5768844284,181131.68633652973,0.0,0.02214877325233531,0.0,0.18534810486469036,0.06144752744559773
1382,529374.6314378448,181200.29415784124,0.1666666666666666,0.021911039384027404,0.0,0.18186424446680863,0.05907371546466135
1383,529373.6011918602,181206.6151532477,0.1666666666666666,0.02190060688127952,0.0,0.1829624588950498,0.05776318099863297
1384,529376.2843669428,181215.04322141304,0.0,0.02223983996649118,0.0,0.1853099880562066,0.059889888919682624
1385,529379.3378373382,181216.51425340047,0.0,0.02262916618558995,0.0,0.1845258931750369,0.06391610482280999
1386,529384.0204768685,181218.4911974457,0.0,0.022422123482221508,0.0,0.1861824707077605,0.06131353102663569
1387,529391.01586127,181220.68184251856,0.0,0.02255614327879712,0.0,0.18494717072645706,0.062438115098320125
1388,529395.026731816,181222.48688226024,0.0,0.022363022988406357,0.0,0.18431084684223467,0.05949309410379458
1389,529400.5544803969,181225.4142230766,0.0,0.022230600277756012,0.0,0.18429002363719874,0.061827616557169215
1390,529405.796576896,181228.1794857196,0.0,0.021858322082465614,0.0,0.1807649194174952,0.05930725503573141
1391,529385.2298885534,181193.75233358887,0.0,0.022250201660180213,0.0,0.18633367274611803,0.06010272744915317
1392,529389.9283041185,181195.11044247524,0.0,0.022056878507160146,0.0,0.18212870485140245,0.05973199780416523
1393,529393.8879854024,181198.926711708,0.0,0.022021812453492003,0.0,0.18156274284561813,0.06093807161973012
1394,529398.9843285135,181199.8305303093,0.0,0.022334172928576698,0.0,0.18300712180710998,0.060743312996859346
1395,529402.8908053457,181201.94253816624,0.0555555555555555,0.021821290673023384,0.0,0.18364884794970854,0.05968037681954393
1396,529406.9863972663,181204.21417532745,0.0,0.02203089721674672,0.0,0.18386204068928577,0.060902595571929674
1397,529412.8037468051,181207.14890349293,0.0,0.022164512531170407,0.0,0.18186033648227243,0.06037280427695434
1398,529434.7139050525,181188.8200449769,0.0,0.02166359463890928,0.0,0.1813391820957248,0.05839757416683632
1399,529431.9007541145,181193.08308566947,0.0555555555555555,0.022134600159725813,0.0,0.1858094078432971,0.0617336729359479
1400,529430.9984877944,181198.16884872748,0.0,0.02213023656811781,0.0,0.183854424163753,0.06058305551991607
1401,529428.8413460769,181203.2226511679,0.0,0.02203135469003245,0.0,0.183921731855365,0.05936433061822487
1402,529426.1089752428,181208.106993651,0.0,0.02274694150207008,0.0,0.1851709826536321,0.06220213027728669
1403,529422.6043789828,181212.97167033987,0.0555555555555555,0.021884132233451453,0.0,0.18342821789855387,0.060459865647302734
1404,529454.200993076,181189.78085325667,0.0,0.022189206297002124,0.0,0.1831067486719247,0.06072126236047385
1405,529452.1324719886,181195.1465252365,0.0,0.022688100675253793,0.0,0.18616406497542934,0.05993184683966832
1406,529449.2306620157,181199.0976775135,0.0,0.02234749744964652,0.0,0.1838929656301962,0.06042806414283177
1407,529447.166090276,181204.30864140036,0.0,0.022214028330958303,0.0,0.18296136077053712,0.060822874864760214
1408,529445.0207568937,181208.89830710035,0.0,0.0223784505590672,0.0,0.1848355382938286,0.06101690203507816
1409,529442.0953152537,181213.7777235823,0.0,0.021809335619407528,0.0,0.18385996416776737,0.05838581613887364
1410,529430.7383293194,181238.7225504825,0.0,0.02215555255026343,0.0,0.18480331515060347,0.05994600099484083
1411,529427.704567689,181244.06364657503,0.0,0.022089665132706757,0.0,0.1845218977503216,0.06058656585723445
1412,529425.5671471483,181248.34390008543,0.0,0.02244565711329551,0.0,0.1851178979691365,0.06210517070175363
1413,529423.2937996825,181254.16879664484,0.0,0.021836732659160845,0.0,0.184310196534947,0.059251052763491366
1414,529421.1563866064,181258.44905194608,0.0555555555555555,0.022374554318175945,0.0,0.1861606394605009,0.061826810860253045
1415,529413.5287081945,181231.78221746747,0.0,0.02209312913868098,0.0,0.18107288082583353,0.059337929959293684
1416,529411.3715961574,181236.83602706503,0.0,0.022093497044443775,0.0,0.18558076931090284,0.06117111145277277
1417,529408.036450385,181242.633890204,0.0,0.021785619121777372,0.0,0.18271786564053485,0.05942209353156281
1418,529406.3265311331,181249.0923830852,0.0,0.022034484425179614,0.0,0.1831154085232725,0.05991531999067379
1419,529418.6210452127,181263.18360495663,0.0,0.022149074447106863,0.0,0.18305126580265893,0.059795860966860695
1420,529402.1699213479,181253.011606384,0.0,0.02159291960807668,0.0,0.18289654185958837,0.05900878875892598
1421,529398.82297722,181259.27360556804,0.0,0.022875125042815237,0.0,0.18538942404701098,0.06390803350613126
1422,529395.9212431733,181263.22478741745,0.0,0.02218387580273621,0.0,0.1821344403909697,0.0606492774329899
1423,529394.1620892216,181267.8243054764,0.0,0.02121244594577467,0.0,0.1803056894577455,0.058246979614646054
1424,529391.746941002,181271.6330689324,0.0,0.02241535842318323,0.0,0.18484543879657683,0.06019212022243295
1425,529387.8701127536,181279.7393068604,0.0,0.02217386326551575,0.0,0.18174582753362908,0.06182024433981552
1426,529384.8935552164,181286.6299862432,0.0,0.022127868499254348,0.0,0.18451030143028035,0.05873258906574169
1427,529416.0699481944,181268.5369994488,0.0,0.02196866153112569,0.0,0.18415781369039314,0.05882336387150711
1428,529414.1984896862,181273.7528928388,0.0,0.022010498939345396,0.0,0.1849993168034432,0.06076527693128743
1429,529410.2841967946,181279.53600497276,0.0,0.02243380337636179,0.0,0.18483697696566284,0.06267337735891515
1430,529408.1468041218,181283.81626555807,0.0,0.02213547501318544,0.0,0.18354196122897876,0.06021676202359842
1431,529398.2580377011,181294.61325047904,0.0,0.02155528312942247,0.0,0.17946499633578683,0.05776855208118767
1432,529400.4541898819,181298.6906098725,0.0,0.022070814498491253,0.0,0.18531291281203566,0.059852378383597866
1433,529405.117972502,181298.9210786865,0.0,0.021948630187764134,0.0,0.18298711187820094,0.06002926769336396
1434,529410.673004882,181299.7327814748,0.0,0.02228882468772055,0.0,0.1831626114854951,0.060677615846328185
1435,529416.8492095635,181300.7837232856,0.0,0.02191022696801697,0.0,0.18496368798578758,0.05774274529501124
1436,529422.8306746454,181301.27117998595,0.0,0.022292414301328053,0.0,0.18433887090678922,0.061262086598170035
1437,529427.8782417405,181302.8519234629,0.0,0.021990430505118015,0.0,0.18183786166088967,0.05962898838295333
1438,529433.8597038591,181303.33939320972,0.0,0.02291864181109975,0.0,0.18628508390404916,0.061483037892448494
1439,529439.667740308,181305.1629317727,0.0,0.022567219499773368,0.0,0.18208531996363275,0.06330841963091023
1440,529461.4130863168,181305.1583449797,0.0,0.021922562799962766,0.0,0.18350712424333782,0.06068818842331849
1441,529444.0102945333,181301.5872295736,0.0,0.022689741791825913,0.0,0.18604756273337011,0.06374516490386378
1442,529446.9157741705,181296.9695638892,0.0,0.022350223577696917,0.0,0.1857035744531506,0.0580021698475597
1443,529449.234210421,181290.7730528341,0.0,0.022385142979004766,0.0,0.18548857271815392,0.06205274935945744
1444,529451.9307465161,181286.15006706287,0.0,0.02261118379827997,0.0,0.186563975781779,0.0601821693094858
1445,529453.94783665,181280.8395341382,0.0,0.02235452051404069,0.0,0.1851662491085748,0.06246984377698444
1446,529455.4873004534,181277.8626732164,0.0,0.022318692727381424,0.0,0.18504767432330427,0.05980069437017659
1447,529458.1397923375,181272.23320876856,0.0,0.02132172902621655,0.0,0.17950578016372695,0.058561499061202386
1448,529460.7112622147,181267.04850786543,0.0,0.02277282325282769,0.0,0.1860488837241161,0.06285339595109705
1449,529462.9287907507,181262.0782041899,0.0,0.021986040914793566,0.0,0.1836820008254406,0.060615158676808716
1450,529465.7987855106,181256.1191645249,0.0,0.022008758400411332,0.0,0.18536314467866413,0.05998467355983688
1451,529467.0506472688,181297.25909556297,0.0,0.02219238608773915,0.0,0.18229405894206682,0.0608624226776976
1452,529468.8857845227,181293.61953173304,0.0,0.02218072617173507,0.0,0.18459921941710625,0.06006136571935532
1453,529470.4906709401,181288.0750894383,0.0,0.022436273317940004,0.0,0.1842867887718917,0.06035381320681384
1454,529472.9583641549,181284.22822993965,0.0,0.02223199914772509,0.0,0.1842934345344405,0.06027238561897296
1455,529475.1645212668,181279.7044680637,0.0,0.022681025367338944,0.0,0.18709245200688607,0.060188487053546284
1456,529477.7160950344,181275.30121463205,0.0,0.022762663924149048,0.0,0.1831803502495311,0.06113417217338809
1457,529479.2172113532,181271.0946102423,0.0,0.02263242126927531,0.0,0.18449977887441546,0.06282448428200149
1458,529481.7972370022,181265.5750171932,0.0,0.02186749617260687,0.0,0.18280747597361816,0.058490335613289784
1459,529484.0759052655,181260.9413996247,0.0,0.022418265880154054,0.0,0.18406370576541417,0.06042131549015624
1460,529442.6305362389,181221.6818655892,0.0,0.02193190830860624,0.0,0.18350595357653016,0.059156057854489616
1461,529446.6717682608,181224.46576373908,0.0,0.0224434430346672,0.0,0.18473850010956572,0.06259381108474868
1462,529450.8665187801,181226.69504298124,0.0,0.021940207976009436,0.0,0.18105717396725288,0.06169579070726733
1463,529453.5844353558,181218.49799057265,0.0555555555555555,0.021806816929285426,0.0,0.18294084940056543,0.05760637533282948
1464,529457.5460812885,181218.93403142836,0.0,0.021959469536358668,0.0,0.18414407345869302,0.057892630201947314
1465,529460.9746579056,181221.14380082427,0.0,0.02213346435814772,0.0,0.18465802433920547,0.05953529007501426
1466,529456.2538828711,181228.61958741955,0.0,0.02161711210414008,0.0,0.18134638151616891,0.05936584559224089
1467,529461.145146669,181230.86661903275,0.0,0.02242762919077156,0.0,0.18433179883814232,0.0602229339260001
1468,529464.495529278,181233.4095190336,0.0,0.021622271531438877,0.0,0.17949485141462343,0.05795389367451688
1469,529439.5245154905,181242.380175624,0.0,0.021783125822358296,0.0,0.1825194590389475,0.0590814828292544
1470,529443.0255783922,181244.48007308025,0.0,0.022447053436887302,0.0,0.18514526467157733,0.0619779051971068
1471,529447.4548618984,181245.70996490368,0.0,0.021763039991251173,0.0,0.1810345615345476,0.05828656636296107
1472,529451.8031164724,181247.38462295948,0.0,0.022048377895340615,0.0,0.18345401658065558,0.061749447223432334
1473,529456.5408404411,181250.1862726504,0.0,0.022133586540257228,0.0,0.1843794624029853,0.05978430013920418
1474,529461.8414613929,181252.7788541125,0.0,0.02242259450606651,0.0,0.18453348066638642,0.06154561183587083
1475,529473.6341033165,181238.5574366216,0.0,0.02254854983788145,0.0,0.18401120016621794,0.06118339753789898
1476,529476.7685089579,181233.16367216327,0.0,0.02186474081668035,0.0,0.1813734399332635,0.06069018308560136
1477,529479.1083041246,181228.86672953007,0.0555555555555555,0.021684553660334224,0.0,0.18220646073722455,0.05978405243569048
1478,529482.0366088792,181223.35601001504,0.0,0.021482709762810963,0.0,0.18075681220899303,0.0579583738579116
1479,529484.0594403484,181217.8222203185,0.0,0.021676819423800422,0.0,0.17853618298237547,0.05853183525154129
1480,529486.1234832417,181213.4065476661,0.0,0.022142152183266425,0.0,0.18166784476492148,0.0603273611989828
1481,529490.3817012451,181248.70264121436,0.0,0.02241707741403727,0.0,0.18519721457205518,0.060208319897659436
1482,529492.3149691955,181243.94851885905,0.0,0.022270333061095528,0.0,0.1842893670504934,0.06003981628522481
1483,529495.9398007289,181238.4555558646,0.0555555555555555,0.02195670319977223,0.0,0.18156352524094768,0.05963954343396195
1484,529497.4082710191,181232.79593778067,0.0,0.02157660790489815,0.0,0.17988890387222528,0.058901115533230027
1485,529500.0238478,181228.61773839893,0.0,0.021806161581525974,0.0,0.18169155863301392,0.06078522870004587
1486,529502.6821017036,181222.76502811268,0.0,0.022895111343209297,0.0,0.18598490418969446,0.061487880178582054
1487,529505.3787194688,181218.1420698097,0.0,0.021820111099172354,0.0,0.18105146198281927,0.05991147456535693
1488,529507.8948346745,181212.39744622196,0.0,0.022492920157741653,0.0,0.18697997271585276,0.061547815831879606
1489,529488.215974846,181207.87453434456,0.0,0.022363270488035356,0.0,0.18094178470371594,0.06024454057702454
1490,529511.0150666134,181207.56187298425,0.0,0.021895429677012034,0.0,0.18371125045531397,0.06085447766685039
1491,529459.863300894,181193.6356640494,0.0,0.02187814169935658,0.0,0.18347591224436802,0.060492230988619666
1492,529465.1412290419,181197.12132106628,0.1111111111111111,0.022276129235508424,0.0,0.18399508735464878,0.06041967427865063
1493,529468.7816195289,181199.224784786,0.0,0.02175361436634038,0.0,0.1829188742305031,0.05924829276035842
1494,529472.686396025,181201.8935202713,0.0555555555555555,0.02219098697765588,0.0,0.18466093670647277,0.06057340116338024
1495,529477.962917887,181202.69819668328,0.0,0.021929712496244865,0.0,0.17989315049318796,0.060000562733107284
1496,529481.5720110494,181206.02964539648,0.0,0.021941268176190964,0.0,0.18369354860145495,0.060849961070297484
1497,529467.5878144356,181174.95403682225,0.0,0.022279737144674527,0.0,0.18448097413445172,0.06067640726935709
1498,529472.3113796978,181178.3138707446,0.0,0.022136621791227107,0.0,0.18640979450403583,0.06022332553986469
1499,529477.0193270015,181179.5508857552,0.1111111111111111,0.02171538444762589,0.0,0.18245025635987666,0.05842187149443497
1500,529482.06270181,181184.03594365093,0.0,0.022646237846056592,0.0,0.1875569938636257,0.061485694659152136
1501,529486.666855254,181186.6108027962,0.0,0.022086327634550484,0.0,0.185065380241185,0.05921930839590967
1502,529491.7983969925,181187.6352120864,0.0,0.02235981668101214,0.0,0.18281456843376023,0.06114139294409712
1503,529497.0066585125,181191.11912759213,0.0,0.02207589180084932,0.0,0.18493997418220345,0.05865615010128423
1504,529500.5235162919,181184.3946421769,0.0,0.021528381718766268,0.0,0.17998769260543104,0.05678845847097102
1505,529503.2372190763,181179.10187784315,0.0,0.02224017454103181,0.0,0.18417782774681782,0.06093667282808975
1506,529505.9395476256,181174.25565146544,0.0,0.022024117664718217,0.0,0.18265625318629533,0.05987953131853494
1507,529508.4940403912,181169.7407787424,0.0,0.02159261893084624,0.0,0.1834561551875346,0.05742480411070785
1508,529510.9206114899,181164.7758204997,0.0,0.02182732545566738,0.0,0.17991632453523845,0.058623846615728344
1509,529513.472267931,181160.372584332,0.0,0.02233794130601737,0.0,0.18362331686650918,0.06238470291746704
1510,529515.7978986962,181156.63382869423,0.0,0.02222414740310166,0.0,0.18348509941128624,0.05839927932237879
1511,529518.8357657506,181149.562026945,0.0555555555555555,0.021833115543942093,0.0,0.18187338244180118,0.05718052402719056
1512,529519.965919016,181146.2396312368,0.0,0.022730241731462094,0.0,0.1859578414079713,0.06178684108770948
1513,529524.6441794,181140.43841396796,0.0,0.02208047015531572,0.0,0.18396669339059324,0.059702946696502814
1514,529527.342336,181133.02283830545,0.0,0.02256891581127188,0.0,0.1842946729688884,0.0621635760103134
1515,529520.0219536049,181187.79593322217,0.0,0.022020058552956356,0.0,0.18413719145921742,0.05833328549832421
1516,529523.0256676325,181182.06374352967,0.0,0.022093973079422,0.0,0.1859414853334505,0.05983926487209538
1517,529529.0245787257,181170.93427169483,0.0,0.02224205886952119,0.0,0.18379961957296043,0.05801878168466882
1518,529534.05826944,181162.1260428881,0.0,0.022146161850207353,0.0,0.1824755115172431,0.06182513784799351
1519,529535.6845386745,181158.48117608565,0.0,0.02224824463527492,0.0,0.1858299624807097,0.06047740161875143
1520,529537.6733035977,181154.28701647365,0.0,0.022075023867723503,0.0,0.1822531603912276,0.0595737594259277
1521,529540.9158291182,181150.12481670248,0.0555555555555555,0.02235485751753127,0.0,0.18457754689854222,0.06041385625661466
1522,529542.8051342068,181144.3642302073,0.0,0.02191726097376245,0.0,0.18268030972628702,0.058825774417206725
1523,529545.7747479876,181139.97166303132,0.0,0.02256975297765538,0.0,0.18476557685345643,0.06083658531384925
1524,529548.9462811326,181133.12669804087,0.0,0.02208027100617807,0.0,0.18215838496485007,0.0598380291890585
1525,529531.2984724747,181128.2085809365,0.0,0.023140958170886496,0.0,0.1828663944488889,0.0634980501677124
1526,529532.7655237505,181125.34160137072,0.0,0.021937623483073564,0.0,0.18303730386011957,0.05829341157952832
1527,529535.2447179665,181121.04823450043,0.0555555555555555,0.021822145254987418,0.0,0.18139328563040497,0.05773953542358577
1528,529539.4354418885,181115.23460244105,0.0,0.02216909351702768,0.0,0.18348257117433972,0.06006220553531724
1529,529518.8451376304,181105.43814246712,0.1111111111111111,0.021546485348981792,0.0,0.18274768527650959,0.0584369450674862
1530,529515.6240917405,181100.5526664859,0.0,0.02206024496536281,0.0,0.18591881791442535,0.058209610718358944
1531,529511.7803740589,181098.220576733,0.0,0.02218308169470965,0.0,0.1815087915058857,0.061109220206475925
1532,529481.812739032,181166.4916358787,0.0,0.022087554363925357,0.0,0.18357196208471716,0.058823779104429666
1533,529486.5620486806,181157.8995307652,0.0,0.02202793502482692,0.0,0.18310407154057315,0.05839275376759483
1534,529489.7974551675,181151.2795731668,0.0,0.02201848448443339,0.0,0.18397010643074546,0.05970933346843072
1535,529492.5168510447,181145.76353497,0.0,0.021886699450405202,0.0,0.17994618984949878,0.05870330196641527
1536,529518.0649138689,181004.7850424992,0.4444444444444444,0.022124598392346154,0.0,0.18350667272455376,0.05975009803526022
1537,529513.5233457098,181009.10808942612,0.1111111111111111,0.022893681164120754,0.0,0.18644261339814208,0.06402130295035885
1538,529509.9807651675,181014.59800016665,0.1666666666666666,0.021623816576993922,0.0,0.18139733144007583,0.0590166014157237
1539,529497.8069852778,181029.63330304183,0.0,0.021866023444276135,0.0,0.182144615135681,0.059362038394298475
1540,529502.2564331258,181032.02948736725,0.1666666666666666,0.02186093938533938,0.0,0.1815925830934206,0.059282147346529875
1541,529507.8888515376,181034.58264413767,0.0,0.022149207334623906,0.0,0.18468101015332797,0.0592483533270732
1542,529515.4433616285,181039.34077367367,0.0,0.021737465827559144,0.0,0.18249366810098658,0.06010459186171272
1543,529520.0236669731,181033.49684650835,0.0,0.021305000424476393,0.0,0.18200214319269506,0.0571913988780547
1544,529523.1643845885,181028.25034568465,0.1666666666666666,0.022453442538023158,0.0,0.1856651909693595,0.058571403718665316
1545,529526.6875899201,181023.5208850272,0.0555555555555555,0.021065376285815927,0.0,0.17898476640135935,0.05516449243429778
1546,529529.6378560718,181019.53775882543,0.0,0.022104369210015247,0.0,0.18295002269081895,0.059794936515357625
1547,529532.2879560664,181014.91287098627,0.0,0.02219445103221329,0.0,0.182746853625411,0.059939307298453724
1548,529492.88935118,181039.40015070536,0.1111111111111111,0.02152950571237241,0.0,0.1796735250497323,0.05734081292814062
1549,529498.1067508972,181042.5595332537,0.0,0.021810997386710922,0.0,0.18191503009052865,0.06008054585468079
1550,529502.4918402322,181045.44550893857,0.1111111111111111,0.021929065584004183,0.0,0.1826730001267935,0.05967091862717803
1551,529506.0467621644,181047.9740623864,0.0555555555555555,0.021666911243329874,0.0,0.18299833956622816,0.05906870729445767
1552,529510.7624559337,181048.1783026586,0.1111111111111111,0.021724340858398333,0.0,0.18346726540018704,0.056193109964398025
1553,529508.9405217918,181051.74678573507,0.0,0.022201563250495708,0.0,0.18392748580452808,0.05997025728886568
1554,529487.0609249073,181049.9282446401,0.0555555555555555,0.022398851236228708,0.0,0.18591155484591101,0.06106303966990941
1555,529492.7393962509,181053.51970853008,0.1111111111111111,0.022245903940732475,0.0,0.18469437973104594,0.060236650573790185
1556,529497.4111702542,181057.50586559527,0.1111111111111111,0.021888641907564912,0.0,0.18131077114301233,0.05854001525544213
1557,529500.5574277957,181059.60366346184,0.0,0.021113489809519756,0.0,0.18037180490307617,0.05606708188720537
1558,529504.3701596707,181062.3069211981,0.1111111111111111,0.022009367687588877,0.0,0.18168243727506037,0.060191129131873085
1559,529506.2060355638,181056.13269200167,0.0,0.022101212566960363,0.0,0.18412259661687416,0.05940066901188802
1560,529550.446798285,181101.02373687224,0.0,0.02184691621129243,0.0,0.18252933523884524,0.06003398724641002
1561,529546.2481263853,181097.47970791516,0.0555555555555555,0.021906164159655038,0.0,0.1809217733988025,0.058224684271289205
1562,529540.022939954,181094.91512523853,0.0,0.02170538793636702,0.0,0.1854258979315095,0.059424568189176574
1563,529535.0267725169,181091.80904414423,0.0,0.02170469719331393,0.0,0.18257390523870223,0.05796286486114692
1564,529539.9400844881,181084.1437563057,0.0,0.021613061704107893,0.0,0.18115516669428694,0.057862131973928914
1565,529524.8494999873,181086.0275368541,0.0,0.021872319536325322,0.0,0.18122586883374142,0.05908880075543154
1566,529520.1020893764,181081.24750200656,0.0555555555555555,0.02247863644264466,0.0,0.1852454047532765,0.061455073371388204
1567,529527.5576178252,181079.57390400127,0.0,0.022128139046031347,0.0,0.18450042523367619,0.059134340263405645
1568,529529.8551322882,181074.9734228084,0.0555555555555555,0.021836969889630638,0.0,0.1824130957418051,0.060136590767463416
1569,529532.5365597376,181069.5673958967,0.0,0.0214619717987899,0.0,0.18058925043055504,0.05722640878670495
1570,529534.8000242922,181063.45186082192,0.0,0.021930731769969392,0.0,0.18250167543698131,0.0609277792063856
1571,529537.524421032,181059.2116913873,0.0555555555555555,0.02247876082985358,0.0,0.18763888609395793,0.061169725063557875
1572,529540.3184835297,181055.0897750261,0.0,0.022194158628625473,0.0,0.18288811970876948,0.06121970968457942
1573,529548.7244349169,181041.7928319417,0.0555555555555555,0.02225313138306489,0.0,0.1827354436166869,0.05981838297912795
1574,529559.1532806222,181043.2234488764,0.0,0.02233431916940545,0.0,0.18392708824533546,0.061394050149724086
1575,529561.9561206687,181044.4596639833,0.0,0.022110105622797215,0.0,0.1846790328271098,0.058812250830416676
1576,529564.9309247814,181044.65198066656,0.0,0.021607919630675,0.0,0.18076835025720622,0.05826927197698527
1577,529568.7297888577,181046.7289251469,0.0,0.021824161611747567,0.0,0.1804173855252419,0.06119178683105639
1578,529515.5429905481,181071.92970795467,0.0,0.022170659060343358,0.0,0.1855941149281863,0.06003056801707236
1579,529517.6863408501,181067.6747206876,0.0,0.02208208934774206,0.0,0.18259487315262082,0.058524009695906
1580,529521.1518368796,181062.8710505504,0.0,0.022342247827533628,0.0,0.18192343065643587,0.059863223953802
1581,529524.0303789288,181058.2853749625,0.0,0.021898384069106398,0.0,0.1824409951926876,0.06021677751232919
1582,529527.6263101207,181054.0674130944,0.0555555555555555,0.02177435275825078,0.0,0.18479946879532555,0.06000499555240484
1583,529529.6511213006,181048.761125138,0.0,0.021922899593860463,0.0,0.18253143738126806,0.05945236389119072
1584,529532.5785721712,181045.1085083469,0.0555555555555555,0.02205447811253895,0.0,0.18170929193213048,0.05942017030407518
1585,529535.550530744,181039.70988766244,0.0,0.022710385970030375,0.0,0.1835664609962791,0.05944304667694565
1586,529538.2779064766,181035.353318191,0.1111111111111111,0.02168177806140796,0.0,0.18427201121861794,0.05837902463850226
1587,529541.438092254,181031.12425828236,0.0555555555555555,0.02179785919454302,0.0,0.18332280864833841,0.058896326624834135
1588,529544.0261537929,181026.53118846985,0.0,0.022116916018234296,0.0,0.18358804652182523,0.06171215862275336
1589,529547.026255937,181022.8804310849,0.0555555555555555,0.022104731076772254,0.0,0.1828433599383536,0.06055228200352658
1590,529550.4162120083,181018.1913292763,0.1111111111111111,0.021672103983535928,0.0,0.18320337646791482,0.05951691095121445
1591,529553.179218522,181012.43796320423,0.0,0.02215978302233991,0.0,0.18182201369535472,0.06173448192363143
1592,529557.4896260411,181008.70413796787,0.1111111111111111,0.022153231657552588,0.0,0.18317297003825475,0.060925426774484995
1593,529560.3341766369,181002.60342610243,0.0555555555555555,0.02165739282505905,0.0,0.18362380769474215,0.058498960465732
1594,529564.0902713473,180997.807190608,0.4444444444444444,0.02240700698410864,0.0,0.18162980423636763,0.060032467392385984
1595,529566.6457254224,180994.4945358582,0.1111111111111111,0.022647262883641092,0.0,0.18927737443192136,0.0622333227016402
1596,529566.92593249,180992.0556833734,0.0,0.0222447225774081,0.0,0.18287758758890246,0.06078587981281572
1597,529569.8801497131,180987.3554842325,0.0555555555555555,0.02243759774479657,0.0,0.18422055956611733,0.061717418910536365
1598,529573.1130191833,180983.12829511607,0.0,0.02284148805804391,0.0,0.18618255653678056,0.062477480676082185
1599,529566.2079307612,181014.51724881155,0.0,0.0227619606280423,0.0,0.18941117007952016,0.06178636990542787
1600,529570.1491079753,181016.7142975758,0.0,0.02262451717845744,0.0,0.1855361428368271,0.06150765667412756
1601,529574.7928290196,181019.861070009,0.0555555555555555,0.022301032490436017,0.0,0.18360917983779876,0.06020127891536338
1602,529579.8293678502,181021.85310244892,0.0,0.021706554244025816,0.0,0.18153816668771997,0.058061976262548554
1603,529543.7189033648,180957.04285416327,0.0,0.022139205187851976,0.0,0.18662225019461495,0.06039402089884002
1604,529548.6891448377,180960.72020887432,0.0,0.021774770019812956,0.0,0.18093845427388502,0.05939342430747292
1605,529553.4286205334,180964.13806741004,0.0,0.021984451451914123,0.0,0.18589634756750087,0.05883814496511699
1606,529557.5451964841,180967.15962318968,0.0,0.02200975101120348,0.0,0.18456656463647023,0.059103489699235415
1607,529556.9463038145,180975.13334641204,0.0,0.02166182481048611,0.0,0.18224252908284966,0.05850334832065702
1608,529555.1227029961,180978.3839022852,0.0,0.022408264753059407,0.0,0.18398002976585287,0.05968496033824845
1609,529553.3975603536,180980.8761123893,0.0,0.02224586601952834,0.0,0.18377982663278722,0.06042063852113768
1610,529550.0586570841,180984.59527974736,0.0,0.02157088992224473,0.0,0.1805076165824247,0.059651585130138345
1611,529552.6012481896,180943.8274780335,0.0,0.022106919171283886,0.0,0.1859929806528163,0.0625379816846208
1612,529556.0981762386,180946.32599871137,0.0,0.022235447393312686,0.0,0.18527928134538632,0.05947815181917183
1613,529560.0033906134,180948.32769284083,0.0,0.02223509123098484,0.0,0.1812008428528686,0.059555520206832004
1614,529562.9306445648,180951.44574277836,0.0,0.021783298000233514,0.0,0.18078722699883915,0.061459118921301716
1615,529568.0202552321,180956.64787240908,0.0,0.022035184413325668,0.0,0.1868192867591929,0.06031980708162038
1616,529571.2075041803,180952.6712305077,0.0,0.02251242676460498,0.0,0.18432901390401102,0.06087419293417253
1617,529572.9488192382,180949.5453912117,0.0,0.022614776131118616,0.0,0.18466884215918747,0.062217797486046784
1618,529575.2065803704,180944.78419762937,0.0,0.02210194295963769,0.0,0.18430416131559213,0.06060733669025357
1619,529577.0398980863,180941.15346769884,0.0,0.022510695271290886,0.0,0.18350084393818197,0.06267515561876463
1620,529579.3541222131,180937.28138102224,0.0,0.022104426324280443,0.0,0.18269955495316428,0.05944582067952669
1621,529580.7920768855,180933.64057187407,0.0,0.02208067045680383,0.0,0.18221863105927794,0.060018929275219735
1622,529579.2243438794,180960.9914282136,0.0,0.02182948074041454,0.0,0.18211551158237158,0.060278212299833454
1623,529580.7025922585,180958.87335926355,0.0,0.0217818295874333,0.0,0.1806639655860109,0.05913782148239581
1624,529582.3083831376,180954.85640175623,0.0,0.022046021988459535,0.0,0.18275428923314926,0.059871096655965114
1625,529584.5532261815,180950.60212022392,0.0,0.02238313448745455,0.0,0.18390376027697997,0.061354062289490106
1626,529586.94329453,180946.85878013048,0.0,0.02272598939136865,0.0,0.18581562517878145,0.06332520416395407
1627,529588.849230988,180943.4835245713,0.0555555555555555,0.02211540713317068,0.0,0.18353848160371972,0.059492509975991134
1628,529592.0640676758,180935.32288801196,0.0555555555555555,0.022797802196878936,0.0,0.18631265485756177,0.06309889166495872
1629,529577.8219388169,180963.2382406842,0.0,0.0216575970710263,0.0,0.18427423479713922,0.05746687552215709
1630,529570.5347383292,180918.2952234581,0.0,0.022307041943975214,0.0,0.18366331986041884,0.06212327168565695
1631,529581.0006800697,180927.685939698,0.0,0.021990466944425514,0.0,0.1852371652954557,0.05889711996048218
1632,529579.1271302898,180906.51440673292,0.0555555555555555,0.022179926724005847,0.0,0.18536487873644944,0.06133539205183208
1633,529581.4580565963,180909.74736045196,0.0,0.022010695552480662,0.0,0.18606498830941537,0.058933395010866994
1634,529584.9046385379,180912.90958906824,0.0,0.022341872422603836,0.0,0.1835757308261404,0.060877308090487546
1635,529589.0806680392,180916.5862828967,0.0,0.022141573800952493,0.0,0.18559605328840154,0.058684381762870164
1636,529593.6142117826,180908.6689012952,0.0,0.02245725102228595,0.0,0.18519756507727636,0.060430363988621574
1637,529604.5700461047,180912.78932275396,0.0,0.02186791884053182,0.0,0.18345764540585327,0.05946408601220583
1638,529601.9489694968,180916.90980613307,0.0,0.02216568193887686,0.0,0.1849813604275812,0.05886090813540622
1639,529599.1068192878,180922.11025569303,0.0,0.02175873992882284,0.0,0.18112629191287116,0.059967044254082245
1640,529598.7608805153,180939.4710732741,0.0,0.02196456332237755,0.0,0.1859320621548794,0.05902988961466419
1641,529603.5289836996,180942.22912743327,0.0,0.022243176825049164,0.0,0.1844335389005934,0.0601920028056151
1642,529609.3943104789,180947.49654549407,0.0,0.02201036186650888,0.0,0.1830720358059483,0.05997992760178665
1643,529605.2939123103,180926.1451842973,0.0,0.02220266449746965,0.0,0.18423614284049564,0.05979238248917022
1644,529609.9534615636,180929.36573397488,0.0555555555555555,0.02202300409289872,0.0,0.1807537801692124,0.05913523538829757
1645,529614.3919243399,180933.6662523034,0.0,0.02226583961569956,0.0,0.18525558118871058,0.05918096250286467
1646,529619.2606840496,180936.27180231587,0.0,0.022519585363524094,0.0,0.18534836610706565,0.06363243813304435
1647,529696.1695033883,180863.7669690767,0.0,0.02187188687051866,0.0,0.18200182925615965,0.059908390482110975
1648,529687.8189586371,180878.6109759413,0.0,0.022765615126256473,0.0,0.18537184917847366,0.06118436236217681
1649,529686.1735318529,180883.5880215889,0.0,0.022217033997409343,0.0,0.1827641627162346,0.06039075181619956
1650,529670.7132126227,180872.09083456156,0.0,0.022638425741940825,0.0,0.185272300927413,0.06185966564799447
1651,529644.8624039714,180921.9258348922,0.0,0.02255020789389337,0.0,0.18595184458666658,0.06181883389898844
1652,529641.6008908668,180927.0137597244,0.0,0.022000346839790345,0.0,0.1860226918830019,0.06002284345546083
1653,529639.156251461,180929.8411457001,0.0,0.022203091876265575,0.0,0.18544418125790896,0.05928484318715206
1654,529636.1560032923,180935.8482891681,0.0,0.02192502664708567,0.0,0.18463416916787212,0.06008528724813659
1655,529633.5816398105,180940.04119519447,0.0,0.022228706531462132,0.0,0.18388958377261802,0.059808238388578024
1656,529649.5956591909,180944.7082669431,0.0,0.022213356033070137,0.0,0.18748808617588758,0.061010644887341814
1657,529645.4051550695,180949.01203085604,0.0,0.022056637254395668,0.0,0.18300474358847627,0.05826724669119737
1658,529642.2384954394,180954.10237450968,0.0,0.022175601399541986,0.0,0.18602794565990136,0.058978998040399896
1659,529629.1453982093,180942.817785572,0.0,0.021385126292803102,0.0,0.1815735269135193,0.05884884399425566
1660,529620.1566334583,180952.93076656444,0.0,0.022043640395991722,0.0,0.1804823867231739,0.060635223114691286
1661,529618.654451689,180959.73658636963,0.0,0.022075122564762746,0.0,0.18461942888134675,0.0604118925684562
1662,529616.8871409079,180965.7751854632,0.0,0.022559504379551235,0.0,0.18713946770700565,0.06206202140855813
1663,529615.309510164,180971.81862264857,0.0,0.02241939532480701,0.0,0.18705760913818345,0.06129317116962523
1664,529614.1499987784,180976.3518055353,0.0,0.021926981378267853,0.0,0.18457177433627128,0.05847974801751554
1665,529611.983964372,180983.14069623657,0.0,0.021769625921335405,0.0,0.18434299334442422,0.05734444382063205
1666,529639.9987497231,180963.779119954,0.0,0.021972841927773396,0.0,0.1841257446496676,0.05924355220314385
1667,529638.1869784985,180967.83938439636,0.0,0.02169932237574354,0.0,0.1807600450560025,0.056272934692914583
1668,529635.8234784347,180974.92741299057,0.0,0.022704618477221813,0.0,0.1872295714403117,0.06181884712050855
1669,529633.5974690819,180980.34593914967,0.0,0.021991258858044847,0.0,0.1802869059092486,0.059817902360264436
1670,529630.9959894589,180985.60279709,0.0,0.022184016501631793,0.0,0.18380916174329265,0.060457491767939665
1671,529629.0061870762,180989.20224771276,0.0,0.022107123972572917,0.0,0.18192235509474722,0.06324945580884955
1672,529585.651846542,180984.9026749713,0.0,0.022037054838373045,0.0,0.18414316706397513,0.05980242180085938
1673,529590.5059031057,180988.0682831749,0.0,0.021867011004670533,0.0,0.18229365819423743,0.06035740980976514
1674,529594.6844617366,180991.6729464319,0.0,0.02251253671003387,0.0,0.18665826572009794,0.06287956423203149
1675,529600.6998149349,180993.9556272929,0.0,0.021890284334194647,0.0,0.18372128925837145,0.05872794110422441
1676,529588.081385846,180967.77825135813,0.0,0.02231304721293867,0.0,0.1849960660744756,0.061435835269028835
1677,529593.1212586169,180971.1006912044,0.0,0.021906433314093195,0.0,0.18062194667734538,0.058048889027731004
1678,529597.8649828689,180974.8718598124,0.0,0.022169198267260985,0.0,0.1830014456905094,0.06179150540990809
1679,529604.2480790665,180977.6201971585,0.0555555555555555,0.021949267645929707,0.0,0.18319449035970814,0.059798639616668293
1680,529625.5201625916,180995.65328108065,0.0,0.02198509404652213,0.0,0.18238971036005566,0.059450334288720555
1681,529606.9725426037,180997.30952197887,0.0,0.022211928615563637,0.0,0.18216383906123512,0.060059073252611596
1682,529620.522420481,181005.56387205207,0.0,0.021652621241183417,0.0,0.18159070604765878,0.059061874446019944
1683,529617.1816490536,181010.04142117823,0.0,0.021838584943661175,0.0,0.18187950332110928,0.05959922775151428
1684,529615.3233926531,181015.92560916927,0.0,0.022220153596269204,0.0,0.1828777691979188,0.059986800692091356
1685,529613.1400611049,181019.6722212456,0.0,0.022216071645087317,0.0,0.1822872307700865,0.05899208142843107
1686,529611.6611607855,181025.5660854345,0.0,0.022335519163704423,0.0,0.18251638656764801,0.05961745083860974
1687,529606.4332281168,181033.34153201504,0.0,0.022510660203564497,0.0,0.18564697178693715,0.06097347531025168
1688,529604.4202028498,181037.85294982087,0.0,0.022453679640561018,0.0,0.18183181832955342,0.06240690415033503
1689,529601.242006359,181043.3992970768,0.0,0.022733097296736608,0.0,0.18621690246275732,0.062355553079573516
1690,529598.2806219354,181047.88653225312,0.0,0.02228770531866399,0.0,0.18539793550644035,0.060345742489986726
1691,529596.6353275817,181052.86360581973,0.0555555555555555,0.02167800803770557,0.0,0.18389479779305987,0.057001220788985084
1692,529593.4881550695,181057.1940138604,0.0,0.022447994098472538,0.0,0.18375998046088576,0.060660901283703834
1693,529592.1351289123,181061.8743579576,0.0555555555555555,0.022414504930061557,0.0,0.18737308693978338,0.061471712326162734
1694,529604.2995177732,181001.65201669847,0.0,0.021508427697804384,0.0,0.17818692945375986,0.05737043749027522
1695,529603.4245338255,181006.1924576254,0.0,0.021901304890161868,0.0,0.18225420282136315,0.06011129970999226
1696,529600.5695934749,181010.2261312173,0.0,0.021857190456729087,0.0,0.1809426571567574,0.05838688846045242
1697,529598.4617283965,181014.7351328164,0.0,0.022298530197109718,0.0,0.18632472924572585,0.060631324898072124
1698,529595.7132613844,181018.31524855876,0.0,0.022146614336876178,0.0,0.1840969119067566,0.06073628955420685
1699,529593.9227387529,181025.2658132713,0.0,0.021949176457962707,0.0,0.18301107804074307,0.06075630653467736
1700,529591.1820317718,181028.5419454137,0.0,0.02249839928895511,0.0,0.18719168149631776,0.060615003741743764
1701,529589.9432176054,181032.4647433834,0.0,0.022161692327887964,0.0,0.1807034050123255,0.06071128997914896
1702,529587.6456961735,181036.9689127315,0.0,0.021443116115812573,0.0,0.18051430475006258,0.05826505477924673
1703,529584.8817455885,181041.15700608076,0.0,0.022621651959255095,0.0,0.18538575371266944,0.0624164476919282
1704,529581.1992719885,181048.37319806567,0.1666666666666666,0.021593138473269696,0.0,0.1804963424854768,0.059989280019069745
1705,529578.5413574906,181052.20834688644,0.0,0.02198618851722841,0.0,0.18407098872160035,0.059785618822227576
1706,529575.6477936184,181057.93891082524,0.0555555555555555,0.022668441246879275,0.0,0.1846464559134972,0.06328199979557168
1707,529572.8026836864,181061.7692894317,0.0,0.02221458737186498,0.0,0.18390981627577546,0.05750137463313909
1708,529588.4028814051,181067.0707294247,0.0,0.022457149503627875,0.0,0.1855909455516276,0.0616889427430966
1709,529569.8620287606,181066.8982065208,0.0555555555555555,0.022174900547700525,0.0,0.18183840545016536,0.05987425233021155
1710,529567.5351932475,181072.4430740185,0.0555555555555555,0.02235428824442999,0.0,0.1844828356230131,0.06017288305773928
1711,529565.2440589003,181076.58780476407,0.0555555555555555,0.02158754226289513,0.0,0.18104223333535444,0.05735100463109655
1712,529564.2722097584,181082.86774294896,0.0555555555555555,0.022101544926611632,0.0,0.18425830346459215,0.06013716060512502
1713,529586.5828861805,181072.3282886413,0.0,0.022000988010280838,0.0,0.18453992868600771,0.0604300121718418
1714,529583.951678436,181077.565163514,0.0555555555555555,0.022179750033748565,0.0,0.18270192721474013,0.05998896199311955
1715,529580.68881402,181083.086158104,0.0,0.021836590733425885,0.0,0.1833389571421735,0.059457536442886594
1716,529577.870285036,181087.7894248427,0.0,0.022046752422422523,0.0,0.18440387042103273,0.05935246733764196
1717,529576.9090116215,181092.777832386,0.2222222222222222,0.021716858186670414,0.0,0.1853261083925072,0.058779711831156725
1718,529573.8426855193,181095.8187986548,0.0,0.021892507143545233,0.0,0.1857949271802384,0.058853942162932577
1719,529572.123017365,181100.56507399748,0.0,0.022249462651852972,0.0,0.1836557325854902,0.0604546349821587
1720,529558.7229119162,181089.08362058265,0.0,0.0220900651768585,0.0,0.18570023347663395,0.05980515788817689
1721,529567.1428445335,181107.79037809523,0.0,0.022153478008526715,0.0,0.18426242878011664,0.05952539783510236
1722,529564.6322238843,181110.8455174648,0.0555555555555555,0.02195798489826355,0.0,0.18351967084048898,0.05801120349746261
1723,529561.6297005177,181114.11091341497,0.0,0.022019383728612226,0.0,0.1820401097430093,0.05956631008763563
1724,529559.4876051247,181119.0692191776,0.1111111111111111,0.02217853195804055,0.0,0.1852760466465923,0.06011852856833673
1725,529556.2681917942,181122.6632830393,0.1111111111111111,0.0215678810212448,0.0,0.18042704536261367,0.05698393671889429
1726,529552.7556148395,181126.03414940703,0.0,0.021944055066145406,0.0,0.1813066187618013,0.05978831411822555
1727,529544.1826939012,181319.85232281376,0.0,0.022514919540828075,0.0,0.187538015947646,0.0606207946447035
1728,529546.302900083,181315.81114302893,0.1111111111111111,0.022067630808656737,0.0,0.18182573974047106,0.05852914305975539
1729,529510.4914070176,181273.77617639376,0.0555555555555555,0.022265226719376138,0.0,0.18449416507372235,0.06023745400854442
1730,529525.8764678821,181190.85659718243,0.0555555555555555,0.022080763346508787,0.0,0.18257711307251,0.06074027451083259
1731,529555.3975295785,181138.89564569504,0.0,0.02247167033415395,0.0,0.1844506597475184,0.05888603405487782
1732,529559.4048414689,181142.75802248367,0.0555555555555555,0.022464096383198816,0.0,0.18619349848961697,0.06208064339662443
1733,529565.2065493099,181145.2560708733,0.0,0.022052895684312117,0.0,0.18538945661798378,0.05974039982901215
1734,529570.1987628549,181148.8302161715,0.1111111111111111,0.021945017399434535,0.0,0.1831430043269347,0.05800118698199185
1735,529575.7193567017,181150.8510827567,0.1666666666666666,0.021882025269392865,0.0,0.18356946676836403,0.061175527035156975
1736,529564.6119703482,181160.9084739983,0.1111111111111111,0.022152853390869857,0.0,0.1838679488263053,0.05999601205667431
1737,529582.3284195665,181156.18989876285,0.0,0.021982965034894688,0.0,0.18285458139151056,0.05957845571536448
1738,529585.1274508184,181161.43156839808,0.1111111111111111,0.0220769562993311,0.0,0.18385220585022338,0.06134245296180685
1739,529590.0538835998,181163.7506518936,0.3333333333333333,0.02211703263761701,0.0,0.1832884541835506,0.059430359394575555
1740,529595.2095038911,181168.58239563537,0.1111111111111111,0.022080357791194445,0.0,0.1821684988669148,0.059219714173160146
1741,529600.2096596599,181171.84342357132,0.1666666666666666,0.02183605317969944,0.0,0.18203537101986872,0.0594399783933508
1742,529606.23065968,181173.40705955893,0.0555555555555555,0.022814811966895603,0.0,0.18506451408695843,0.06259329181448647
1743,529611.1810320345,181174.7867208824,0.0,0.02227800442147845,0.0,0.18551863547666497,0.058695195834540144
1744,529614.6101056186,181178.3210451288,0.0555555555555555,0.02240767406218105,0.0,0.1876312088023399,0.06160639761926286
1745,529620.8105041963,181180.51597736607,0.0,0.02228775122833957,0.0,0.18317768073490312,0.06297010320707418
1746,529627.9804660646,181167.6947810388,0.0555555555555555,0.022250504859159095,0.0,0.18556561812711983,0.061109721231528066
1747,529622.4021538448,181164.105626818,0.1666666666666666,0.02176597183789241,0.0,0.18440251759220547,0.058576463550714684
1748,529616.4868266099,181162.231315836,0.0,0.022245636378577287,0.0,0.18235741845520034,0.06038133082381149
1749,529612.8543701938,181159.00515490436,0.0,0.021960754723332424,0.0,0.18206195641212702,0.0612920619809804
1750,529608.6237720195,181156.23376868424,0.0555555555555555,0.0221782210924403,0.0,0.18319152667066377,0.061309746753722576
1751,529604.2417080008,181151.73509091497,0.1111111111111111,0.022013329978977186,0.0,0.18175978948668256,0.06260304780108475
1752,529598.7091462738,181150.1839146347,0.0555555555555555,0.02178174702041333,0.0,0.18363629962159314,0.057836321417966075
1753,529595.7706357474,181142.7452211376,0.1666666666666666,0.02208458715397505,0.0,0.18321317528892925,0.05998303839984563
1754,529590.7265276219,181141.20651040145,0.1111111111111111,0.021786061811253775,0.0,0.18270070562327873,0.0585873229502583
1755,529585.8360055962,181137.47826214216,0.1111111111111111,0.02204564806972453,0.0,0.18292064366561414,0.05973290244123096
1756,529580.3931317643,181136.2427449799,0.0555555555555555,0.02217619593871145,0.0,0.18301111765468286,0.0613523063138954
1757,529575.8614328721,181133.77706133452,0.0555555555555555,0.02156419030953456,0.0,0.18123284857808028,0.05902775913258796
1758,529569.6750427843,181127.19562701933,0.0555555555555555,0.02274639639720416,0.0,0.18685923928219506,0.0632980503592517
1759,529566.1599666368,181130.8662218112,0.0,0.022404013050767693,0.0,0.18089561120235745,0.06295492878526097
1760,529561.1397894521,181128.38809778972,0.0,0.021998288102169226,0.0,0.18422298678074528,0.060904113623966236
1761,529667.3677567992,181018.60427118247,0.0555555555555555,0.02298894479028987,0.0,0.18666070301985935,0.062610935672377
1762,529643.5177386977,181026.14293956367,0.0555555555555555,0.022525997640338535,0.0,0.1824199815309659,0.062341969746670924
1763,529630.9472894756,181016.89177033032,0.0555555555555555,0.02262864171040659,0.0,0.18625671427419963,0.061583784736854476
1764,529644.4575603255,181008.46256185876,0.1111111111111111,0.022462712828465913,0.0,0.18429812713986385,0.061750607833303044
1765,529675.7063938089,181005.969625448,0.0555555555555555,0.021959213773513262,0.0,0.18452369744623395,0.06037054476464678
1766,529398.6718069755,180693.3220909856,0.0,0.022153333454396837,0.0,0.1854878353173458,0.060611147255629716
1767,529404.6764034692,180692.0028186692,0.0,0.02228676337989049,0.0,0.1872950649046157,0.06028762173783895
1768,529410.8870971894,180691.6088927663,0.0,0.02177347916742934,0.0,0.181574783078244,0.0594077316356095
1769,529371.4378489349,180888.8403750814,0.0,0.02234338981272253,0.0,0.18437559644815837,0.05959319059408796
1770,529455.4277206813,180889.24073606555,0.0,0.022352468714302798,0.0,0.1845129446681127,0.062406715935908665
1771,529460.4865830252,180882.93152622573,0.0,0.02232881571321976,0.0,0.18581892460802824,0.060243353849681595
1772,529272.4864332535,180896.84955620248,0.0555555555555555,0.021227759452303423,0.0,0.1841172864691209,0.05674853594498806
1773,529024.1636770646,181128.3239278916,0.0,0.021607648849373395,0.0,0.1812647261392061,0.05946334853183215
1774,529290.1391487041,180681.3686551728,0.0,0.022559735138704056,0.0,0.18620017909509892,0.06195477428736528
1775,529292.5602320988,180776.7198477168,0.0,0.02183180230416592,0.0,0.1825168256628204,0.05872748229425691
1776,529315.0684138708,180784.11241292968,0.0,0.021726002532533498,0.0,0.18378410976696172,0.059426092073803574
1777,529273.1367889454,180880.41918283032,0.0,0.022749005921038064,0.0,0.18757685785344722,0.061595026594407624
1778,529267.8982557395,180886.53754383017,0.0,0.02249183755204399,0.0,0.18448933027739786,0.06327216018882469
1779,529196.9593245238,180943.44649689592,0.0,0.022103299316023124,0.0,0.18471287589534646,0.06061137665425831
1780,529209.6541331308,180928.15573136497,0.0,0.021738752474004416,0.0,0.18194966337021526,0.059526622828918394
1781,529215.3813868151,180916.0922893333,0.0,0.022560857598507053,0.0,0.18418668554977027,0.0637916570120538
1782,529133.7659636801,181075.20079077923,0.0,0.02188371368635586,0.0,0.1822635077867425,0.05980529985785865
1783,529126.2305494758,181071.95705963188,0.0,0.021827362529028102,0.0,0.18292375108136033,0.058841717719612247
1784,529140.5912338524,181068.91751671035,0.0,0.022479313514847603,0.0,0.1827508907127396,0.06290932693883364
1785,529139.2424711944,181072.99205767704,0.0,0.022532092120148495,0.0,0.18443552867302174,0.06010945907513566
1786,529108.664285411,181229.32555896236,0.0,0.0226502297505318,0.0,0.18751112732341776,0.062194866292290464
1787,529155.499904329,181185.20801154664,0.0,0.0222510200892764,0.0,0.1820623325891758,0.05981033934109675
1788,529161.8145180749,181188.9063820872,0.0,0.0219796807153339,0.0,0.18359224356170567,0.06072760927864699
1789,529149.2268655831,181171.46769388748,0.0,0.021867891479012098,0.0,0.1819865071654736,0.059535845695347124
1790,529164.7193999093,181167.068185786,0.0,0.022311979917606806,0.0,0.1858039950978044,0.06105156880370359
1791,529171.6004202564,181170.89508917413,0.0,0.022622725538208013,0.0,0.18509890488488753,0.06125374596764716
1792,529171.9918565481,181217.12572877848,0.0,0.02186382221571475,0.0,0.18448963877682656,0.05913101436600511
1793,529185.0176685544,181197.71318908813,0.0,0.021841783484349363,0.0,0.18387925038719244,0.059223995242381
1794,529178.9210437692,181196.6452086087,0.0,0.022380343944669267,0.0,0.18371851675461634,0.06249006979285607
1795,529196.3233954483,181229.15678153167,0.0,0.022267461420267767,0.0,0.1839703778119593,0.060431990760608824
1796,529206.1802842126,181205.5552222272,0.0,0.022011461499684148,0.0,0.18187631709317292,0.061186563817093184
1797,529201.0136079883,181181.9140719116,0.0,0.021926338570159392,0.0,0.18018382571098376,0.05862395341456005
1798,529206.0849969573,181184.0972633797,0.0,0.02240786446310142,0.0,0.188273391977791,0.058617100454315216
1799,529210.1572300612,181186.36918071556,0.0,0.021448142403732166,0.0,0.18093415102886698,0.05918826255099114
1800,529213.0174859983,181169.09487653733,0.0,0.0220925595409105,0.0,0.18575665070229153,0.06060443211335967
1801,529221.9741720153,181183.7023960016,0.0,0.021649886704921465,0.0,0.1790336227648034,0.05753284555887165
1802,529224.8174945131,181178.29668756857,0.0,0.02259198728208986,0.0,0.1897867013866249,0.06061206367524299
1803,529226.9550128586,181172.6447820745,0.0,0.02191048139085507,0.0,0.18518933614234298,0.058728682259196995
1804,529218.7489506637,181190.1255218468,0.0,0.0219833260645387,0.0,0.18298414592585666,0.059237334993055564
1805,529241.1272784448,181203.3624997644,0.0,0.02267235511604574,0.0,0.18683142486937446,0.06033753641108871
1806,529247.9602399486,181206.27528704645,0.0,0.022532783477815115,0.0,0.187837828695105,0.060250795666039934
1807,529243.6148087297,181197.9477527284,0.0,0.022275878976384677,0.0,0.18561288694447833,0.058835371420398595
1808,529246.7746984552,181191.2947294256,0.0,0.022230771699051733,0.0,0.18306033825454107,0.060665358124594934
1809,529250.3963703859,181183.28394992492,0.0,0.022211838591514745,0.0,0.18518959003501423,0.058453463059680535
1810,529254.1411456155,181209.62799986743,0.0,0.02130337827909814,0.0,0.17956629249527326,0.06064689565840629
1811,529259.8950804211,181212.9698601337,0.0,0.022431351516440556,0.0,0.1838694294267098,0.06236461361552631
1812,529250.6782112033,181230.99546691804,0.0,0.02181397002070431,0.0,0.1832058701916526,0.058939929491256114
1813,529253.2705272257,181232.65915469,0.0,0.021881745613469443,0.0,0.1814579659325962,0.05950078130729899
1814,529243.219346132,181227.49612973825,0.0,0.022324013669454985,0.0,0.18461990440192835,0.06339833187269603
1815,529276.5076929484,181223.32134275528,0.0,0.021852265935898167,0.0,0.1846347968846788,0.05777804657109496
1816,529274.5458993731,181230.46132798464,0.0,0.02215713227800038,0.0,0.1819186748827073,0.06112908009391998
1817,529177.6693035889,181115.0743246808,0.0,0.022852401103920183,0.0,0.18810377265689188,0.061753891024018626
1818,529189.3551335059,181005.4519994896,0.0,0.022100140876026443,0.0,0.18313995225379134,0.06047148527270459
1819,529193.6292184676,181009.87459652903,0.0,0.022136722139319543,0.0,0.1852311441713948,0.05873247672548775
1820,529420.5543461101,180791.2331337292,0.0,0.022604563726894834,0.0,0.18406685235679865,0.06023796187649074
1821,529496.3131351793,180726.70818550745,0.0,0.022215754380453635,0.0,0.18311640125171508,0.0602106845445824
1822,529502.7674815266,180683.2711744517,0.0,0.022028734125275784,0.0,0.1816255117079877,0.0591117349932426
1823,529580.2140215554,180791.84319075887,0.0,0.022067017885798387,0.0,0.18179945257737992,0.05960094733371671
1824,529494.3767402696,180916.8514609498,0.0,0.021769571462084143,0.0,0.182517079683237,0.05921218874594746
1825,529508.165990033,180924.26927242504,0.0,0.02161593984067078,0.0,0.18172700326370367,0.05898051604340848
1826,529510.9059378718,180919.82859568665,0.0,0.022077683811565246,0.0,0.1830516200112464,0.060061261393243005
1827,529503.0346121676,180912.1105207176,0.0,0.022403732493022285,0.0,0.18151969375091753,0.06309480672908671
1828,529499.2443329465,180909.9090417864,0.0,0.0218589203935572,0.0,0.18327935418482805,0.0594842943255018
1829,529507.4082044535,180931.91780889285,0.0,0.022048344917539844,0.0,0.18332536390514806,0.059542089844030435
1830,529512.9376466961,180935.81746384304,0.0,0.022633914510749042,0.0,0.19048027020779995,0.060887341995261926
1831,529404.1315597844,181053.0250305896,0.0,0.021945311997911457,0.0,0.1828116136307062,0.061033333862820345
1832,529361.9869467489,181056.24769462613,0.0,0.022019116636279038,0.0,0.1852414837644563,0.0605539281275266
1833,529364.8694472573,181038.82403005383,0.0,0.02197347055923005,0.0,0.18167001825975135,0.05730477542794282
1834,529336.8858759427,181061.37911355568,0.0,0.022130587834067867,0.0,0.18298259638712402,0.06289116783696769
1835,529429.7200099888,181119.21194876416,0.0,0.0228408931641697,0.0,0.1870976727111301,0.06169421639053064
1836,529446.4261723497,181142.71867800545,0.0,0.02207509146092083,0.0,0.18135277854651471,0.060252889844879955
1837,529448.0819005881,181136.9905482912,0.0,0.022129546727737138,0.0,0.1829733574555782,0.06048221589373093
1838,529450.531132706,181132.02718720707,0.0,0.021108596714996857,0.0,0.17882304106160085,0.05758620367353354
1839,529500.9061459065,181101.29473358643,0.0,0.02154228280216938,0.0,0.18093679315730535,0.05776980180047961
1840,529532.8761486068,180995.26574336068,0.0,0.022217820207903215,0.0,0.1826540936218341,0.05972347243007612
1841,529560.6857473318,180970.47358715872,0.0,0.0218898583722552,0.0,0.1821034005721275,0.05972926054327789
1842,529573.30696995,181035.75787333003,0.0,0.022223740325054774,0.0,0.18402496930411105,0.05920215777790178
1843,529573.5605770751,181030.36630770977,0.0,0.021967280440439302,0.0,0.1828867042097016,0.059646656512683555
1844,529559.9712256425,181030.39212688664,0.0,0.021910083523800115,0.0,0.18419184788414356,0.05915143185859767
1845,529567.0016546895,181027.96541612217,0.0,0.02208049795363136,0.0,0.1847777187628114,0.06075586425199648
1846,529581.0468830027,180991.8402681781,0.0,0.022172036726864124,0.0,0.18170397405653632,0.061929381162703266
1847,529586.0685033953,180995.3188113036,0.0,0.022251219198339424,0.0,0.1864030386859376,0.05989334041471659
1848,529566.8385762435,180925.02639495995,0.0,0.022944084264085115,0.0,0.18618083227976845,0.062244925554956795
1849,529605.5674768153,180868.31080017835,0.0,0.022375550971970946,0.0,0.18651236361954757,0.06128643426673264
1850,529616.0195533154,180841.0287750605,0.0,0.022195377494626523,0.0,0.1866972984505044,0.05934233893824753
1851,529638.1344822156,180848.29382688453,0.0,0.021634739122496496,0.0,0.18238513136800216,0.05695657124078201
