,simulation,model,scale1_post_mean,scale1_rhat,scale1_ess_bulk,scale1_bias,scale1_abs_bias,scale1_relative_error,scale1_covered,scale1_converged,exponent1_post_mean,exponent1_rhat,exponent1_ess_bulk,exponent1_bias,exponent1_abs_bias,exponent1_relative_error,exponent1_covered,exponent1_converged,q_param_post_mean,q_param_rhat,q_param_ess_bulk,q_param_bias,q_param_abs_bias,q_param_relative_error,q_param_covered,q_param_converged,pi0_post_mean,pi0_rhat,pi0_ess_bulk,pi0_bias,pi0_abs_bias,pi0_relative_error,pi0_covered,pi0_converged,phi_post_mean,phi_rhat,phi_ess_bulk,phi_bias,phi_abs_bias,phi_relative_error,phi_covered,phi_converged,n_fx1,fx1_post_mean_avg,fx1_post_mean_sd,fx1_post_mean_min,fx1_post_mean_max,fx1_bias_mean,fx1_bias_sd,fx1_rmse,fx1_mae,fx1_coverage_rate,fx1_n_covered,fx1_n_rhat_nan,fx1_rhat_mean,fx1_rhat_max,fx1_n_rhat_above_1.01,fx1_ess_bulk_min,fx1_ess_bulk_mean,fx1_n_ess_below_400,n_fx2,fx2_post_mean_avg,fx2_post_mean_sd,fx2_post_mean_min,fx2_post_mean_max,fx2_bias_mean,fx2_bias_sd,fx2_rmse,fx2_mae,fx2_coverage_rate,fx2_n_covered,fx2_n_rhat_nan,fx2_rhat_mean,fx2_rhat_max,fx2_n_rhat_above_1.01,fx2_ess_bulk_min,fx2_ess_bulk_mean,fx2_n_ess_below_400,n_fy1,fy1_post_mean_avg,fy1_post_mean_sd,fy1_post_mean_min,fy1_post_mean_max,fy1_bias_mean,fy1_bias_sd,fy1_rmse,fy1_mae,fy1_coverage_rate,fy1_n_covered,fy1_n_rhat_nan,fy1_rhat_mean,fy1_rhat_max,fy1_n_rhat_above_1.01,fy1_ess_bulk_min,fy1_ess_bulk_mean,fy1_n_ess_below_400,n_fy2,fy2_post_mean_avg,fy2_post_mean_sd,fy2_post_mean_min,fy2_post_mean_max,fy2_bias_mean,fy2_bias_sd,fy2_rmse,fy2_mae,fy2_coverage_rate,fy2_n_covered,fy2_n_rhat_nan,fy2_rhat_mean,fy2_rhat_max,fy2_n_rhat_above_1.01,fy2_ess_bulk_min,fy2_ess_bulk_mean,fy2_n_ess_below_400,n_fz1,fz1_post_mean_avg,fz1_post_mean_sd,fz1_post_mean_min,fz1_post_mean_max,fz1_bias_mean,fz1_bias_sd,fz1_rmse,fz1_mae,fz1_coverage_rate,fz1_n_covered,fz1_n_rhat_nan,fz1_rhat_mean,fz1_rhat_max,fz1_n_rhat_above_1.01,fz1_ess_bulk_min,fz1_ess_bulk_mean,fz1_n_ess_below_400,n_fz2,fz2_post_mean_avg,fz2_post_mean_sd,fz2_post_mean_min,fz2_post_mean_max,fz2_bias_mean,fz2_bias_sd,fz2_rmse,fz2_mae,fz2_coverage_rate,fz2_n_covered,fz2_n_rhat_nan,fz2_rhat_mean,fz2_rhat_max,fz2_n_rhat_above_1.01,fz2_ess_bulk_min,fz2_ess_bulk_mean,fz2_n_ess_below_400
0,0,power_law,0.19,1.01,1261.0,-4.81,4.81,96.2,0,1,0.437,1.27,11.0,-1.563,1.563,78.14999999999999,0,0,0.012,1.0,8870.0,0.002,0.002,20.0,1,1,0.294,1.0,3550.0,-0.006000000000000005,0.006000000000000005,2.0000000000000018,1,1,7.032,1.29,10.0,-10.968,10.968,60.93333333333333,0,0,4,0.1935,0.07520804478245662,0.101,0.286,0.1935,0.07520804478245662,0.2076017822659526,0.1935,1.0,4,0,1.085,1.23,2,110.0,4482.0,1,4,0.1935,0.07520804478245662,0.101,0.286,0.1935,0.07520804478245662,0.2076017822659526,0.1935,1.0,4,0,1.085,1.23,2,110.0,4482.0,1,4,25.42175,20.08503462002244,-0.225,50.819,25.42175,20.08503462002244,32.398672638705435,25.53425,0.75,3,0,1.2650000000000001,1.53,2,7.0,5440.25,2,4,25.42175,20.08503462002244,-0.225,50.819,-24.57825,20.08503462002244,31.74112456656191,24.987750000000002,0.75,3,0,1.2650000000000001,1.53,2,7.0,5440.25,2,4,0.59975,0.007395099728874527,0.592,0.609,-0.0002500000000000002,0.007395099728874527,0.007399324293474377,0.0072500000000000064,1.0,4,0,1.0875000000000001,1.09,4,28.0,28.75,4,4,0.59975,0.007395099728874527,0.592,0.609,-0.20025000000000007,0.007395099728874527,0.2003865015413963,0.20025000000000007,1.0,4,0,1.0875000000000001,1.09,4,28.0,28.75,4
1,1,power_law,0.14,1.0,5743.0,-4.86,4.86,97.2,0,1,0.4,1.11,22.0,-1.6,1.6,80.0,0,0,0.014,1.0,19813.0,0.004,0.004,40.0,1,1,0.312,1.0,24233.0,0.01200000000000001,0.01200000000000001,4.0000000000000036,1,1,7.204,1.06,43.0,-10.796,10.796,59.977777777777774,0,0,4,0.10124999999999999,0.049585154028196785,0.065,0.186,0.10124999999999999,0.049585154028196785,0.11273974454468132,0.10124999999999999,1.0,4,0,1.0175,1.03,2,6194.0,10973.25,0,4,0.10124999999999999,0.049585154028196785,0.065,0.186,0.10124999999999999,0.049585154028196785,0.11273974454468132,0.10124999999999999,1.0,4,0,1.0175,1.03,2,6194.0,10973.25,0,4,21.98175,16.459693562988953,-0.359,38.04,21.98175,16.459693562988953,27.461224394589546,22.16125,1.0,4,0,1.3975,1.53,3,7.0,1792.25,3,4,21.98175,16.459693562988953,-0.359,38.04,-28.018250000000002,16.459693562988953,32.49528958556917,28.018250000000002,0.75,3,0,1.3975,1.53,3,7.0,1792.25,3,4,0.5812499999999999,0.002487468592766552,0.578,0.585,-0.018750000000000017,0.002487468592766552,0.018914280319377755,0.018750000000000017,1.0,4,0,1.0225,1.03,4,115.0,131.75,4,4,0.5812499999999999,0.002487468592766552,0.578,0.585,-0.21875000000000008,0.002487468592766552,0.21876414239998299,0.21875000000000008,1.0,4,0,1.0225,1.03,4,115.0,131.75,4
2,2,power_law,0.184,1.0,4448.0,-4.816,4.816,96.32,0,1,0.389,1.16,17.0,-1.611,1.611,80.55,0,0,0.011,1.0,4564.0,0.0009999999999999992,0.0009999999999999992,9.999999999999991,1,1,0.292,1.0,17054.0,-0.008000000000000007,0.008000000000000007,2.666666666666669,1,1,6.449,1.07,34.0,-11.551,11.551,64.17222222222222,0,0,4,0.23199999999999998,0.11896007733689484,0.105,0.418,0.23199999999999998,0.11896007733689484,0.2607211153704279,0.23199999999999998,1.0,4,0,1.02,1.08,1,10137.0,12042.25,0,4,0.23199999999999998,0.11896007733689484,0.105,0.418,0.23199999999999998,0.11896007733689484,0.2607211153704279,0.23199999999999998,1.0,4,0,1.02,1.08,1,10137.0,12042.25,0,4,31.4175,21.015710141463217,-0.319,50.691,31.4175,21.015710141463217,37.79840445045267,31.577,0.5,2,0,1.1825,1.73,1,6.0,7205.75,1,4,31.4175,21.015710141463217,-0.319,50.691,-18.5825,21.01571014146322,28.052974512518276,18.9805,0.75,3,0,1.1825,1.73,1,6.0,7205.75,1,4,0.5042500000000001,0.0037666297933298446,0.498,0.508,-0.09574999999999997,0.003766629793329844,0.09582405752210661,0.09574999999999997,1.0,4,0,1.0625,1.07,4,35.0,38.75,4,4,0.5042500000000001,0.0037666297933298446,0.498,0.508,-0.29575000000000007,0.003766629793329844,0.2957739846572041,0.29575000000000007,1.0,4,0,1.0625,1.07,4,35.0,38.75,4
3,3,power_law,0.15,1.01,905.0,-4.85,4.85,97.0,0,1,0.421,1.22,12.0,-1.579,1.579,78.95,0,0,0.008,1.0,29916.0,-0.002,0.002,20.0,1,1,0.303,1.0,34355.0,0.0030000000000000027,0.0030000000000000027,1.0000000000000009,1,1,6.827,1.14,18.0,-11.173,11.173,62.072222222222216,0,0,4,0.12975000000000003,0.04244628959049307,0.069,0.171,0.12975000000000003,0.04244628959049307,0.13651648252134246,0.12975000000000003,1.0,4,0,1.0625,1.13,2,759.0,10764.75,0,4,0.12975000000000003,0.04244628959049307,0.069,0.171,0.12975000000000003,0.04244628959049307,0.13651648252134246,0.12975000000000003,1.0,4,0,1.0625,1.13,2,759.0,10764.75,0,4,12.40725,0.3355565339849608,11.841,12.719,12.40725,0.3355565339849608,12.411786767021097,12.40725,1.0,4,0,1.53,1.53,4,7.0,7.0,4,4,12.40725,0.3355565339849608,11.841,12.719,-37.59275,0.33555653398495994,37.594247575260766,37.59275,1.0,4,0,1.53,1.53,4,7.0,7.0,4,4,0.60725,0.011583932838203106,0.593,0.625,0.0072500000000000064,0.011583932838203106,0.013665650368716462,0.01075000000000001,1.0,4,0,1.0350000000000001,1.04,4,64.0,84.0,4,4,0.60725,0.011583932838203106,0.593,0.625,-0.19275000000000006,0.011583932838203106,0.19309777316168103,0.19275000000000006,1.0,4,0,1.0350000000000001,1.04,4,64.0,84.0,4
4,4,power_law,0.141,1.0,7204.0,-4.859,4.859,97.18,0,1,0.416,1.31,10.0,-1.584,1.584,79.2,0,0,0.02,1.0,29466.0,0.01,0.01,100.0,0,1,0.287,1.0,29287.0,-0.013000000000000012,0.013000000000000012,4.3333333333333375,1,1,7.209,1.24,12.0,-10.791,10.791,59.95,0,0,4,0.119,0.034576003239240934,0.064,0.149,0.119,0.034576003239240934,0.1239213460223863,0.119,1.0,4,0,1.0474999999999999,1.15,2,1114.0,12221.5,0,4,0.119,0.034576003239240934,0.064,0.149,0.119,0.034576003239240934,0.1239213460223863,0.119,1.0,4,0,1.0474999999999999,1.15,2,1114.0,12221.5,0,4,18.6525,19.035082157689782,-0.835,50.221,18.6525,19.035082157689782,26.65051798746133,19.07,0.75,3,0,1.2650000000000001,1.53,2,7.0,8770.0,2,4,18.6525,19.035082157689782,-0.835,50.221,-31.347499999999997,19.035082157689782,36.674243127841095,31.458,0.75,3,0,1.2650000000000001,1.53,2,7.0,8770.0,2,4,0.61025,0.005804093383121955,0.605,0.619,0.010250000000000009,0.005804093383121955,0.011779218989389757,0.010250000000000009,1.0,4,0,1.0675000000000001,1.07,4,37.0,39.25,4,4,0.61025,0.005804093383121955,0.605,0.619,-0.18975000000000006,0.005804093383121955,0.1898387473620705,0.18975000000000006,1.0,4,0,1.0675000000000001,1.07,4,37.0,39.25,4
5,5,power_law,0.192,1.0,7548.0,-4.808,4.808,96.16,0,1,0.447,1.0,13455.0,-1.553,1.553,77.64999999999999,0,1,0.007,1.0,27201.0,-0.003,0.003,30.0,1,1,0.33,1.0,31060.0,0.030000000000000027,0.030000000000000027,10.000000000000009,1,1,6.81,1.0,13841.0,-11.190000000000001,11.190000000000001,62.16666666666667,0,1,4,0.13525,0.07112445078874072,0.058,0.251,0.13525,0.07112445078874072,0.15281115796956712,0.13525,1.0,4,0,1.0075,1.03,1,11699.0,15018.25,0,4,0.13525,0.07112445078874072,0.058,0.251,0.13525,0.07112445078874072,0.15281115796956712,0.13525,1.0,4,0,1.0075,1.03,1,11699.0,15018.25,0,4,9.341750000000001,16.404684915825115,-0.494,37.752,9.341750000000001,16.404684915825115,18.878082006655234,9.651250000000001,1.0,4,0,1.1325,1.53,1,7.0,13431.0,1,4,9.341750000000001,16.404684915825115,-0.494,37.752,-40.658249999999995,16.404684915825115,43.84298096902171,40.658249999999995,0.25,1,0,1.1325,1.53,1,7.0,13431.0,1,4,0.59625,0.010377258790258638,0.586,0.611,-0.0037500000000000033,0.010377258790258638,0.011034038245356965,0.009750000000000009,1.0,4,0,1.0,1.0,0,5020.0,5439.5,0,4,0.59625,0.010377258790258638,0.586,0.611,-0.20375000000000007,0.010377258790258638,0.2040140926504834,0.20375000000000007,1.0,4,0,1.0,1.0,0,5020.0,5439.5,0
6,6,power_law,0.159,1.0,7681.0,-4.841,4.841,96.82000000000001,0,1,0.412,1.06,39.0,-1.588,1.588,79.4,0,0,0.016,1.0,28027.0,0.006,0.006,60.0,1,1,0.282,1.0,27579.0,-0.018000000000000016,0.018000000000000016,6.000000000000005,1,1,6.355,1.06,39.0,-11.645,11.645,64.69444444444444,0,0,4,0.26899999999999996,0.18303551567933476,0.031,0.529,0.26899999999999996,0.18303551567933476,0.32536594781875994,0.26899999999999996,1.0,4,0,1.0175,1.07,1,11316.0,15260.75,0,4,0.26899999999999996,0.18303551567933476,0.031,0.529,0.26899999999999996,0.18303551567933476,0.32536594781875994,0.26899999999999996,1.0,4,0,1.0175,1.07,1,11316.0,15260.75,0,4,25.375249999999998,20.21865578339717,-0.016,50.849,25.375249999999998,20.21865578339717,32.445297875809366,25.38325,0.75,3,0,1.2650000000000001,1.53,2,7.0,8717.25,2,4,25.375249999999998,20.21865578339717,-0.016,50.849,-24.62475,20.218655783397175,31.861769477698502,25.04925,0.75,3,0,1.2650000000000001,1.53,2,7.0,8717.25,2,4,0.5895,0.01769887002042783,0.562,0.609,-0.010499999999999982,0.01769887002042783,0.020579115627256644,0.014999999999999986,1.0,4,0,1.01,1.01,0,2352.0,3890.75,0,4,0.5895,0.01769887002042783,0.562,0.609,-0.21050000000000005,0.01769887002042783,0.2112427513549282,0.21050000000000005,1.0,4,0,1.01,1.01,0,2352.0,3890.75,0
7,7,power_law,0.145,1.0,8522.0,-4.855,4.855,97.10000000000001,0,1,0.413,1.01,869.0,-1.587,1.587,79.35,0,1,0.015,1.0,24600.0,0.004999999999999999,0.004999999999999999,49.999999999999986,1,1,0.315,1.0,14605.0,0.015000000000000013,0.015000000000000013,5.000000000000004,1,1,6.867,1.0,12005.0,-11.133,11.133,61.849999999999994,0,1,4,0.20075,0.19670965278806224,0.034,0.533,0.20075,0.19670965278806224,0.28106093645328944,0.20075,1.0,4,0,1.0,1.0,0,11484.0,12644.25,0,4,0.20075,0.19670965278806224,0.034,0.533,0.20075,0.19670965278806224,0.28106093645328944,0.20075,1.0,4,0,1.0,1.0,0,11484.0,12644.25,0,4,22.13225,22.7047039440619,-0.256,51.083,22.13225,22.7047039440619,31.70709812092554,22.26025,0.75,3,0,1.1325,1.53,1,7.0,11532.0,1,4,22.13225,22.7047039440619,-0.256,51.083,-27.86775,22.7047039440619,35.94600215948917,28.40925,0.5,2,0,1.1325,1.53,1,7.0,11532.0,1,4,0.60625,0.011344051304538437,0.593,0.618,0.0062500000000000056,0.011344051304538437,0.01295183384698863,0.01125000000000001,1.0,4,0,1.0,1.0,0,6551.0,7285.75,0,4,0.60625,0.011344051304538437,0.593,0.618,-0.19375000000000006,0.011344051304538437,0.19408181264611074,0.19375000000000006,1.0,4,0,1.0,1.0,0,6551.0,7285.75,0
8,8,power_law,0.147,1.0,905.0,-4.853,4.853,97.05999999999999,0,1,0.419,1.04,73.0,-1.581,1.581,79.05,0,0,0.008,1.0,9011.0,-0.002,0.002,20.0,1,1,0.303,1.0,2153.0,0.0030000000000000027,0.0030000000000000027,1.0000000000000009,1,1,6.817,1.03,97.0,-11.183,11.183,62.12777777777778,0,0,4,0.11000000000000001,0.05273044661293891,0.024,0.165,0.11000000000000001,0.05273044661293891,0.12198565489433584,0.11000000000000001,1.0,4,0,1.0025,1.01,0,5359.0,5793.75,0,4,0.11000000000000001,0.05273044661293891,0.024,0.165,0.11000000000000001,0.05273044661293891,0.12198565489433584,0.11000000000000001,1.0,4,0,1.0025,1.01,0,5359.0,5793.75,0,4,28.56675,22.400796786889074,0.391,50.568,28.56675,22.400796786889074,36.30227130979548,28.56675,0.5,2,0,1.135,1.53,1,7.0,2885.75,1,4,28.56675,22.400796786889074,0.391,50.568,-21.43325,22.400796786889074,31.002901513406773,21.96625,0.75,3,0,1.135,1.53,1,7.0,2885.75,1,4,0.5967499999999999,0.010059199769365363,0.587,0.613,-0.003250000000000003,0.010059199769365363,0.010571187255932996,0.009750000000000009,1.0,4,0,1.0075,1.01,0,755.0,803.25,0,4,0.5967499999999999,0.010059199769365363,0.587,0.613,-0.20325000000000007,0.010059199769365363,0.2034987714950634,0.20325000000000007,1.0,4,0,1.0075,1.01,0,755.0,803.25,0
9,9,power_law,0.135,1.01,2771.0,-4.865,4.865,97.30000000000001,0,1,0.381,1.04,66.0,-1.619,1.619,80.95,0,0,0.014,1.0,30665.0,0.004,0.004,40.0,1,1,0.308,1.0,30040.0,0.008000000000000007,0.008000000000000007,2.666666666666669,1,1,7.141,1.04,66.0,-10.859,10.859,60.32777777777778,0,0,4,0.1125,0.05096322203314858,0.074,0.2,0.1125,0.05096322203314858,0.12350506062506103,0.1125,1.0,4,0,1.02,1.03,2,13459.0,17799.5,0,4,0.1125,0.05096322203314858,0.074,0.2,0.1125,0.05096322203314858,0.12350506062506103,0.1125,1.0,4,0,1.02,1.03,2,13459.0,17799.5,0,4,24.938750000000002,8.856078826856725,12.393,37.441,24.938750000000002,8.856078826856725,26.464530673148165,24.938750000000002,1.0,4,0,1.63,1.73,4,6.0,6.5,4,4,24.938750000000002,8.856078826856725,12.393,37.441,-25.061249999999998,8.856078826856725,26.579999694319035,25.061249999999998,1.0,4,0,1.63,1.73,4,6.0,6.5,4,4,0.542,0.007582875444051558,0.531,0.55,-0.05799999999999994,0.007582875444051558,0.05849358939234276,0.05799999999999994,1.0,4,0,1.03,1.03,4,91.0,97.25,4,4,0.542,0.007582875444051558,0.531,0.55,-0.258,0.007582875444051558,0.2581114100538758,0.258,1.0,4,0,1.03,1.03,4,91.0,97.25,4
10,10,power_law,0.143,1.01,7730.0,-4.857,4.857,97.14,0,1,0.398,1.13,20.0,-1.6019999999999999,1.6019999999999999,80.1,0,0,0.012,1.0,36934.0,0.002,0.002,20.0,1,1,0.3,1.0,28548.0,0.0,0.0,0.0,1,1,7.303,1.07,33.0,-10.697,10.697,59.42777777777777,0,0,4,0.113,0.06319414529843725,0.05,0.205,0.113,0.06319414529843725,0.1294700737622405,0.113,1.0,4,0,1.0125,1.03,1,16159.0,17663.0,0,4,0.113,0.06319414529843725,0.05,0.205,0.113,0.06319414529843725,0.1294700737622405,0.113,1.0,4,0,1.0125,1.03,1,16159.0,17663.0,0,4,18.8425,14.146055024281505,-0.044,37.946,18.8425,14.146055024281505,23.561635745423107,18.8645,1.0,4,0,1.4475,1.73,3,6.0,5088.25,3,4,18.8425,14.146055024281505,-0.044,37.946,-31.1575,14.146055024281502,34.21842601581785,31.1575,0.75,3,0,1.4475,1.73,3,6.0,5088.25,3,4,0.54725,0.01196609794377429,0.534,0.565,-0.052749999999999964,0.01196609794377429,0.05409020243999828,0.052749999999999964,1.0,4,0,1.01,1.01,0,6245.0,6699.0,0,4,0.54725,0.01196609794377429,0.534,0.565,-0.25275000000000003,0.01196609794377429,0.2530331006014826,0.25275000000000003,1.0,4,0,1.01,1.01,0,6245.0,6699.0,0
11,11,power_law,0.146,1.0,6673.0,-4.854,4.854,97.08,0,1,0.399,1.11,23.0,-1.601,1.601,80.05,0,0,0.01,1.0,28011.0,0.0,0.0,0.0,1,1,0.315,1.0,32717.0,0.015000000000000013,0.015000000000000013,5.000000000000004,1,1,6.79,1.09,28.0,-11.21,11.21,62.277777777777786,0,0,4,0.11599999999999999,0.02201136070305514,0.087,0.149,0.11599999999999999,0.02201136070305514,0.118069894554031,0.11599999999999999,1.0,4,0,1.025,1.08,2,10201.0,15023.5,0,4,0.11599999999999999,0.02201136070305514,0.087,0.149,0.11599999999999999,0.02201136070305514,0.118069894554031,0.11599999999999999,1.0,4,0,1.025,1.08,2,10201.0,15023.5,0,4,21.87775,16.429324839673114,-0.518,37.815,21.87775,16.429324839673114,27.3598000678002,22.13675,1.0,4,0,1.3975000000000002,1.53,3,7.0,4016.5,3,4,21.87775,16.429324839673114,-0.518,37.815,-28.12225,16.429324839673114,32.56967392759712,28.12225,0.75,3,0,1.3975000000000002,1.53,3,7.0,4016.5,3,4,0.57575,0.010084022015049316,0.559,0.586,-0.024249999999999994,0.010084022015049316,0.026263091973337774,0.024249999999999994,1.0,4,0,1.03,1.03,4,88.0,94.75,4,4,0.57575,0.010084022015049316,0.559,0.586,-0.22425000000000006,0.010084022015049316,0.22447661348122663,0.22425000000000006,1.0,4,0,1.03,1.03,4,88.0,94.75,4
12,12,power_law,0.152,1.0,8592.0,-4.848,4.848,96.96000000000001,0,1,0.443,1.0,23247.0,-1.557,1.557,77.85,0,1,0.013,1.0,32411.0,0.002999999999999999,0.002999999999999999,29.999999999999993,1,1,0.295,1.0,32107.0,-0.0050000000000000044,0.0050000000000000044,1.6666666666666683,1,1,6.865,1.0,28111.0,-11.135,11.135,61.861111111111114,0,1,4,0.08125,0.034513584282134475,0.043,0.12,0.08125,0.034513584282134475,0.08827655407864538,0.08125,1.0,4,0,1.0,1.0,0,11710.0,15467.0,0,4,0.08125,0.034513584282134475,0.043,0.12,0.08125,0.034513584282134475,0.08827655407864538,0.08125,1.0,4,0,1.0,1.0,0,11710.0,15467.0,0,4,-0.30975,0.13497847050548467,-0.478,-0.123,-0.30975,0.13497847050548467,0.3378820060316915,0.30975,1.0,4,0,1.0,1.0,0,16441.0,21300.25,0,4,-0.30975,0.13497847050548467,-0.478,-0.123,-50.30975,0.13497847050548575,50.309931069819605,50.30975,0.0,0,0,1.0,1.0,0,16441.0,21300.25,0,4,0.63175,0.01087140745257946,0.614,0.642,0.03175000000000003,0.01087140745257946,0.0335596483890997,0.03175000000000003,1.0,4,0,1.0,1.0,0,6174.0,6726.75,0,4,0.63175,0.01087140745257946,0.614,0.642,-0.16825000000000004,0.01087140745257946,0.16860086002153138,0.16825000000000004,1.0,4,0,1.0,1.0,0,6174.0,6726.75,0
13,13,power_law,0.132,1.0,6137.0,-4.868,4.868,97.36,0,1,0.418,1.11,22.0,-1.582,1.582,79.10000000000001,0,0,0.005,1.0,16082.0,-0.005,0.005,50.0,1,1,0.3,1.0,19848.0,0.0,0.0,0.0,1,1,7.113,1.07,35.0,-10.887,10.887,60.483333333333334,0,0,4,0.10949999999999999,0.07685213074469699,0.038,0.239,0.10949999999999999,0.07685213074469699,0.13377780084901977,0.10949999999999999,1.0,4,0,1.0125,1.04,1,2337.0,9901.0,0,4,0.10949999999999999,0.07685213074469699,0.038,0.239,0.10949999999999999,0.07685213074469699,0.13377780084901977,0.10949999999999999,1.0,4,0,1.0125,1.04,1,2337.0,9901.0,0,4,9.27975,10.732018225268723,-0.563,25.446,9.27975,10.732018225268723,14.187669831582634,9.71325,1.0,4,0,1.315,1.73,2,6.0,4354.75,2,4,9.27975,10.732018225268723,-0.563,25.446,-40.72025000000001,10.732018225268723,42.11074655298811,40.72025000000001,0.5,2,0,1.315,1.73,2,6.0,4354.75,2,4,0.62425,0.010685855136581265,0.614,0.641,0.02425000000000002,0.010685855136581265,0.026500000000000024,0.02425000000000002,1.0,4,0,1.04,1.04,4,71.0,76.25,4,4,0.62425,0.010685855136581265,0.614,0.641,-0.17575000000000005,0.010685855136581265,0.17607455807128983,0.17575000000000005,1.0,4,0,1.04,1.04,4,71.0,76.25,4
14,14,power_law,0.145,1.0,8819.0,-4.855,4.855,97.10000000000001,0,1,0.426,1.06,42.0,-1.574,1.574,78.7,0,0,0.012,1.0,33450.0,0.002,0.002,20.0,1,1,0.312,1.0,31899.0,0.01200000000000001,0.01200000000000001,4.0000000000000036,1,1,7.077,1.06,43.0,-10.923,10.923,60.68333333333334,0,0,4,0.1005,0.05537373023374893,0.037,0.169,0.1005,0.05537373023374893,0.11474537027697458,0.1005,1.0,4,0,1.0175,1.07,1,10433.0,14847.75,0,4,0.1005,0.05537373023374893,0.037,0.169,0.1005,0.05537373023374893,0.11474537027697458,0.1005,1.0,4,0,1.0175,1.07,1,10433.0,14847.75,0,4,12.503,12.273980751980996,0.078,24.802,12.503,12.273980751980996,17.520719520042547,12.503,1.0,4,0,1.365,1.73,2,6.0,10282.5,2,4,12.503,12.273980751980996,0.078,24.802,-37.497,12.273980751980996,39.45472864562625,37.497,0.5,2,0,1.365,1.73,2,6.0,10282.5,2,4,0.625,0.009513148795220232,0.615,0.64,0.025000000000000022,0.009513148795220232,0.026748831750190535,0.025000000000000022,1.0,4,0,1.01,1.01,0,300.0,795.75,1,4,0.625,0.009513148795220232,0.615,0.64,-0.17500000000000004,0.009513148795220232,0.1752583806840632,0.17500000000000004,1.0,4,0,1.01,1.01,0,300.0,795.75,1
15,15,power_law,0.138,1.03,89.0,-4.862,4.862,97.24000000000001,0,0,0.405,1.03,85.0,-1.595,1.595,79.75,0,0,0.008,1.0,32873.0,-0.002,0.002,20.0,1,1,0.287,1.0,36431.0,-0.013000000000000012,0.013000000000000012,4.3333333333333375,1,1,6.692,1.02,228.0,-11.308,11.308,62.82222222222222,0,0,4,0.08750000000000001,0.014186260959111106,0.066,0.103,0.08750000000000001,0.014186260959111106,0.08864254057730972,0.08750000000000001,1.0,4,0,1.035,1.12,1,15885.0,17480.5,0,4,0.08750000000000001,0.014186260959111106,0.066,0.103,0.08750000000000001,0.014186260959111106,0.08864254057730972,0.08750000000000001,1.0,4,0,1.035,1.12,1,15885.0,17480.5,0,4,15.508,10.515951098212657,-0.313,25.204,15.508,10.515951098212657,18.73721674902652,15.6645,1.0,4,0,1.5,1.74,3,6.0,4988.5,3,4,15.508,10.515951098212657,-0.313,25.204,-34.492000000000004,10.515951098212659,36.05944108690538,34.492000000000004,0.75,3,0,1.5,1.74,3,6.0,4988.5,3,4,0.58525,0.007395099728874527,0.577,0.596,-0.014750000000000013,0.007395099728874526,0.016500000000000015,0.014750000000000013,1.0,4,0,1.01,1.01,0,644.0,1996.75,0,4,0.58525,0.007395099728874527,0.577,0.596,-0.21475000000000008,0.007395099728874526,0.21487729056370763,0.21475000000000008,1.0,4,0,1.01,1.01,0,644.0,1996.75,0
16,16,power_law,0.126,1.0,7498.0,-4.874,4.874,97.47999999999999,0,1,0.422,1.11,23.0,-1.578,1.578,78.9,0,0,0.014,1.0,30488.0,0.004,0.004,40.0,1,1,0.33,1.0,30128.0,0.030000000000000027,0.030000000000000027,10.000000000000009,1,1,7.182,1.09,26.0,-10.818,10.818,60.099999999999994,0,0,4,0.127,0.07408441131574173,0.068,0.254,0.127,0.07408441131574173,0.1470289087220605,0.127,1.0,4,0,1.1175,1.27,4,202.0,11667.0,1,4,0.127,0.07408441131574173,0.068,0.254,0.127,0.07408441131574173,0.1470289087220605,0.127,1.0,4,0,1.1175,1.27,4,202.0,11667.0,1,4,12.74425,0.15508122871579283,12.568,12.978,12.74425,0.15508122871579283,12.745193535211616,12.74425,1.0,4,0,1.53,1.53,4,7.0,7.0,4,4,12.74425,0.15508122871579283,12.568,12.978,-37.255750000000006,0.15508122871579352,37.25607277008676,37.255750000000006,1.0,4,0,1.53,1.53,4,7.0,7.0,4,4,0.62475,0.008584142356694706,0.61,0.631,0.024750000000000022,0.008584142356694706,0.026196373794859493,0.024750000000000022,1.0,4,0,1.0125,1.02,1,287.0,516.25,2,4,0.62475,0.008584142356694706,0.61,0.631,-0.17525000000000004,0.008584142356694706,0.17546010942661586,0.17525000000000004,1.0,4,0,1.0125,1.02,1,287.0,516.25,2
17,17,power_law,0.173,1.01,5604.0,-4.827,4.827,96.54,0,1,0.43,1.19,14.0,-1.57,1.57,78.5,0,0,0.015,1.0,27621.0,0.004999999999999999,0.004999999999999999,49.999999999999986,1,1,0.31,1.0,25192.0,0.010000000000000009,0.010000000000000009,3.3333333333333366,1,1,7.93,1.35,9.0,-10.07,10.07,55.94444444444444,0,0,4,0.32825000000000004,0.3856970151556789,0.054,0.99,0.32825000000000004,0.3856970151556789,0.5064684096762601,0.32825000000000004,1.0,4,0,1.105,1.42,1,43.0,11137.75,1,4,0.32825000000000004,0.3856970151556789,0.054,0.99,0.32825000000000004,0.3856970151556789,0.5064684096762601,0.32825000000000004,1.0,4,0,1.105,1.42,1,43.0,11137.75,1,4,19.25025,21.018577287425998,-0.426,50.125,19.25025,21.018577287425998,28.501801982506297,19.46325,0.75,3,0,1.1825,1.73,1,6.0,11911.75,1,4,19.25025,21.018577287425998,-0.426,50.125,-30.749750000000002,21.018577287425998,37.24684840694579,30.812250000000002,0.5,2,0,1.1825,1.73,1,6.0,11911.75,1,4,0.5835,0.03516034698349831,0.529,0.62,-0.016499999999999987,0.03516034698349832,0.03883941297187689,0.0305,1.0,4,0,1.065,1.08,4,33.0,55.75,4,4,0.5835,0.03516034698349831,0.529,0.62,-0.21650000000000005,0.03516034698349832,0.2193364994705624,0.21650000000000005,1.0,4,0,1.065,1.08,4,33.0,55.75,4
18,18,power_law,0.156,1.01,3135.0,-4.844,4.844,96.88000000000001,0,1,0.394,1.11,25.0,-1.6059999999999999,1.6059999999999999,80.3,0,0,0.017,1.02,207.0,0.007000000000000001,0.007000000000000001,70.0,1,0,0.325,1.01,25877.0,0.025000000000000022,0.025000000000000022,8.333333333333341,1,1,6.408,1.09,34.0,-11.591999999999999,11.591999999999999,64.39999999999999,0,0,4,0.1265,0.0465537323960174,0.076,0.185,0.1265,0.0465537323960174,0.13479428771279592,0.1265,1.0,4,0,1.03,1.07,3,773.0,10082.25,0,4,0.1265,0.0465537323960174,0.076,0.185,0.1265,0.0465537323960174,0.13479428771279592,0.1265,1.0,4,0,1.03,1.07,3,773.0,10082.25,0,4,31.543750000000003,18.73488064246741,12.664,50.775,31.543750000000003,18.73488064246741,36.68792603500503,31.543750000000003,0.5,2,0,1.31,1.59,4,7.0,5100.75,3,4,31.543750000000003,18.73488064246741,12.664,50.775,-18.456249999999997,18.73488064246741,26.298838695843585,18.84375,1.0,4,0,1.31,1.59,4,7.0,5100.75,3,4,0.5634999999999999,0.0044999999999999546,0.558,0.57,-0.03649999999999998,0.0044999999999999546,0.036776351096866555,0.03649999999999998,1.0,4,0,1.0475,1.05,4,65.0,66.0,4,4,0.5634999999999999,0.0044999999999999546,0.558,0.57,-0.23650000000000004,0.0044999999999999546,0.23654280796507007,0.23650000000000004,1.0,4,0,1.0475,1.05,4,65.0,66.0,4
19,19,power_law,0.177,1.0,7596.0,-4.823,4.823,96.46000000000001,0,1,0.414,1.03,79.0,-1.586,1.586,79.3,0,0,0.01,1.0,35634.0,0.0,0.0,0.0,1,1,0.308,1.0,37487.0,0.008000000000000007,0.008000000000000007,2.666666666666669,1,1,6.191,1.03,93.0,-11.809000000000001,11.809000000000001,65.60555555555555,0,0,4,0.12275,0.03814036575598089,0.079,0.184,0.12275,0.03814036575598089,0.12853890461646234,0.12275,1.0,4,0,1.01,1.04,1,14020.0,18290.0,0,4,0.12275,0.03814036575598089,0.079,0.184,0.12275,0.03814036575598089,0.12853890461646234,0.12275,1.0,4,0,1.01,1.04,1,14020.0,18290.0,0,4,18.6675,18.962559301159747,-0.318,50.264,18.6675,18.962559301159747,26.60928806826669,18.826500000000003,0.75,3,0,1.2650000000000001,1.53,2,7.0,9084.25,2,4,18.6675,18.962559301159747,-0.318,50.264,-31.332500000000003,18.962559301159747,36.62382027451533,31.4645,0.75,3,0,1.2650000000000001,1.53,2,7.0,9084.25,2,4,0.586,0.010700467279516358,0.574,0.602,-0.014000000000000012,0.010700467279516358,0.017621010186706112,0.015000000000000013,1.0,4,0,1.01,1.01,0,1508.0,2801.0,0,4,0.586,0.010700467279516358,0.574,0.602,-0.21400000000000008,0.010700467279516358,0.21426735635649224,0.21400000000000008,1.0,4,0,1.01,1.01,0,1508.0,2801.0,0
20,20,power_law,0.17,1.01,3639.0,-4.83,4.83,96.6,0,1,0.405,1.03,88.0,-1.595,1.595,79.75,0,0,0.013,1.0,28626.0,0.002999999999999999,0.002999999999999999,29.999999999999993,1,1,0.289,1.0,30954.0,-0.01100000000000001,0.01100000000000001,3.66666666666667,1,1,7.497,1.05,47.0,-10.503,10.503,58.35,0,0,4,0.16175,0.03384800584968042,0.12,0.205,0.16175,0.03384800584968042,0.1652535930017862,0.16175,1.0,4,0,1.0525,1.12,3,1023.0,12521.5,0,4,0.16175,0.03384800584968042,0.12,0.205,0.16175,0.03384800584968042,0.1652535930017862,0.16175,1.0,4,0,1.0525,1.12,3,1023.0,12521.5,0,4,12.5505,8.960317809653851,-0.007,25.334,12.5505,8.960317809653851,15.420841270825662,12.553999999999998,1.0,4,0,1.4475,1.73,3,6.0,4919.0,3,4,12.5505,8.960317809653851,-0.007,25.334,-37.4495,8.96031780965385,38.506523414870884,37.4495,0.75,3,0,1.4475,1.73,3,6.0,4919.0,3,4,0.53,0.00509901951359279,0.524,0.538,-0.06999999999999995,0.00509901951359279,0.07018546858146629,0.06999999999999995,1.0,4,0,1.02,1.02,4,161.0,194.5,4,4,0.53,0.00509901951359279,0.524,0.538,-0.27,0.00509901951359279,0.27004814385586884,0.27,1.0,4,0,1.02,1.02,4,161.0,194.5,4
21,21,power_law,0.163,1.02,235.0,-4.837,4.837,96.74,0,0,0.4,1.04,60.0,-1.6,1.6,80.0,0,0,0.007,1.0,34259.0,-0.003,0.003,30.0,1,1,0.295,1.0,31731.0,-0.0050000000000000044,0.0050000000000000044,1.6666666666666683,1,1,6.694,1.0,19855.0,-11.306000000000001,11.306000000000001,62.81111111111112,0,1,4,0.14875000000000002,0.08088069918095417,0.05,0.272,0.14875000000000002,0.08088069918095417,0.16931701036812574,0.14875000000000002,1.0,4,0,1.015,1.05,1,14751.0,17612.25,0,4,0.14875000000000002,0.08088069918095417,0.05,0.272,0.14875000000000002,0.08088069918095417,0.16931701036812574,0.14875000000000002,1.0,4,0,1.015,1.05,1,14751.0,17612.25,0,4,22.04875,16.45398622484837,0.094,38.085,22.04875,16.45398622484837,27.51147104845541,22.04875,1.0,4,0,1.3975,1.53,3,7.0,4496.75,3,4,22.04875,16.45398622484837,0.094,38.085,-27.951249999999998,16.45398622484837,32.43464257934716,27.951249999999998,0.75,3,0,1.3975,1.53,3,7.0,4496.75,3,4,0.571,0.004358898943540678,0.566,0.578,-0.029000000000000026,0.004358898943540678,0.029325756597230385,0.029000000000000026,1.0,4,0,1.0,1.0,0,5883.0,6338.0,0,4,0.571,0.004358898943540678,0.566,0.578,-0.2290000000000001,0.004358898943540678,0.22904148095923596,0.2290000000000001,1.0,4,0,1.0,1.0,0,5883.0,6338.0,0
22,22,power_law,0.167,1.02,8845.0,-4.833,4.833,96.66,0,0,0.408,1.47,8.0,-1.592,1.592,79.60000000000001,0,0,0.013,1.0,16806.0,0.002999999999999999,0.002999999999999999,29.999999999999993,1,1,0.329,1.0,29346.0,0.029000000000000026,0.029000000000000026,9.666666666666677,1,1,7.766,1.39,8.0,-10.234,10.234,56.85555555555556,0,0,4,0.17975,0.046964747417611,0.099,0.215,0.17975,0.046964747417611,0.18578414894710474,0.17975,1.0,4,0,1.045,1.11,2,314.0,6833.0,1,4,0.17975,0.046964747417611,0.099,0.215,0.17975,0.046964747417611,0.18578414894710474,0.17975,1.0,4,0,1.045,1.11,2,314.0,6833.0,1,4,21.89325,16.257812804541086,-0.277,37.831,21.89325,16.257812804541086,27.26959612370524,22.03175,1.0,4,0,1.4,1.53,3,7.0,3096.0,3,4,21.89325,16.257812804541086,-0.277,37.831,-28.106749999999998,16.257812804541086,32.47007657444004,28.106749999999998,0.75,3,0,1.4,1.53,3,7.0,3096.0,3,4,0.554,0.017790446874657157,0.536,0.576,-0.045999999999999985,0.017790446874657157,0.04932038118263075,0.045999999999999985,1.0,4,0,1.21,1.22,4,13.0,13.25,4,4,0.554,0.017790446874657157,0.536,0.576,-0.24600000000000005,0.017790446874657157,0.24664245376658095,0.24600000000000005,1.0,4,0,1.21,1.22,4,13.0,13.25,4
23,23,power_law,0.146,1.0,6981.0,-4.854,4.854,97.08,0,1,0.422,1.01,436.0,-1.578,1.578,78.9,0,1,0.011,1.0,27568.0,0.0009999999999999992,0.0009999999999999992,9.999999999999991,1,1,0.318,1.0,26382.0,0.018000000000000016,0.018000000000000016,6.000000000000005,1,1,7.69,1.0,19386.0,-10.309999999999999,10.309999999999999,57.27777777777777,0,1,4,0.125,0.08063187955145285,0.029,0.214,0.125,0.08063187955145285,0.14874978991581803,0.125,1.0,4,0,1.0,1.0,0,11422.0,15107.25,0,4,0.125,0.08063187955145285,0.029,0.214,0.125,0.08063187955145285,0.14874978991581803,0.125,1.0,4,0,1.0,1.0,0,11422.0,15107.25,0,4,21.98675,22.59659961559482,-0.214,50.439,21.98675,22.59659961559482,31.528138063482277,22.15325,0.75,3,0,1.1325,1.53,1,7.0,13186.25,1,4,21.98675,22.59659961559482,-0.214,50.439,-28.01325,22.59659961559482,35.99095010902046,28.23275,0.5,2,0,1.1325,1.53,1,7.0,13186.25,1,4,0.5994999999999999,0.0049244289008980565,0.593,0.606,-0.0005000000000000004,0.0049244289008980565,0.004949747468305837,0.004500000000000004,1.0,4,0,1.0,1.0,0,5634.0,5907.5,0,4,0.5994999999999999,0.0049244289008980565,0.593,0.606,-0.20050000000000007,0.0049244289008980565,0.20056046469830496,0.20050000000000007,1.0,4,0,1.0,1.0,0,5634.0,5907.5,0
24,24,power_law,0.142,1.01,6024.0,-4.858,4.858,97.16,0,1,0.39,1.04,58.0,-1.6099999999999999,1.6099999999999999,80.5,0,0,0.009,1.0,33508.0,-0.0010000000000000009,0.0010000000000000009,10.000000000000009,1,1,0.268,1.0,34872.0,-0.03199999999999997,0.03199999999999997,10.666666666666657,0,1,7.204,1.04,56.0,-10.796,10.796,59.977777777777774,0,0,4,0.10525,0.03006971067369954,0.057,0.137,0.10525,0.03006971067369954,0.10946118033348626,0.10525,1.0,4,0,1.0225,1.08,1,11645.0,17511.5,0,4,0.10525,0.03006971067369954,0.057,0.137,0.10525,0.03006971067369954,0.10946118033348626,0.10525,1.0,4,0,1.0225,1.08,1,11645.0,17511.5,0,4,9.13625,10.483385602347171,-0.454,24.961,9.13625,10.483385602347171,13.905841856931927,9.47175,1.0,4,0,1.315,1.73,2,6.0,10054.25,2,4,9.13625,10.483385602347171,-0.454,24.961,-40.86375,10.483385602347171,42.187052963557434,40.86375,0.5,2,0,1.315,1.73,2,6.0,10054.25,2,4,0.55475,0.012813567028739457,0.541,0.569,-0.045249999999999985,0.012813567028739457,0.04702924621977262,0.045249999999999985,1.0,4,0,1.0275,1.03,4,122.0,130.75,4,4,0.55475,0.012813567028739457,0.541,0.569,-0.24525000000000005,0.012813567028739457,0.24558450684031358,0.24525000000000005,1.0,4,0,1.0275,1.03,4,122.0,130.75,4
25,25,power_law,0.182,1.01,3392.0,-4.818,4.818,96.35999999999999,0,1,0.429,1.0,19569.0,-1.571,1.571,78.55,0,1,0.009,1.0,32233.0,-0.0010000000000000009,0.0010000000000000009,10.000000000000009,1,1,0.295,1.0,22466.0,-0.0050000000000000044,0.0050000000000000044,1.6666666666666683,1,1,7.035,1.03,100.0,-10.965,10.965,60.916666666666664,0,0,4,0.13949999999999999,0.051349294055517455,0.072,0.216,0.13949999999999999,0.051349294055517455,0.14865059703882794,0.13949999999999999,1.0,4,0,1.02,1.08,1,10703.0,15784.0,0,4,0.13949999999999999,0.051349294055517455,0.072,0.216,0.13949999999999999,0.051349294055517455,0.14865059703882794,0.13949999999999999,1.0,4,0,1.02,1.08,1,10703.0,15784.0,0,4,9.247750000000002,10.691447525358763,-0.596,25.178,9.247750000000002,10.691447525358763,14.136050730313611,9.76075,1.0,4,0,1.315,1.73,2,6.0,10895.0,2,4,9.247750000000002,10.691447525358763,-0.596,25.178,-40.752250000000004,10.691447525358761,42.13137702769754,40.752250000000004,0.5,2,0,1.315,1.73,2,6.0,10895.0,2,4,0.57475,0.004264680527307999,0.569,0.581,-0.025250000000000022,0.004264680527307999,0.02560761605460378,0.025250000000000022,1.0,4,0,1.01,1.01,0,3000.0,3298.0,0,4,0.57475,0.004264680527307999,0.569,0.581,-0.2252500000000001,0.004264680527307999,0.22529036819180717,0.2252500000000001,1.0,4,0,1.01,1.01,0,3000.0,3298.0,0
26,26,power_law,0.173,1.01,5311.0,-4.827,4.827,96.54,0,1,0.42,1.02,114.0,-1.58,1.58,79.0,0,0,0.015,1.0,35632.0,0.004999999999999999,0.004999999999999999,49.999999999999986,1,1,0.304,1.0,29779.0,0.0040000000000000036,0.0040000000000000036,1.3333333333333346,1,1,7.064,1.0,15668.0,-10.936,10.936,60.75555555555555,0,1,4,0.14300000000000002,0.1049809506529637,0.07,0.324,0.14300000000000002,0.1049809506529637,0.17739785793520732,0.14300000000000002,1.0,4,0,1.005,1.01,0,13551.0,16198.75,0,4,0.14300000000000002,0.1049809506529637,0.07,0.324,0.14300000000000002,0.1049809506529637,0.17739785793520732,0.14300000000000002,1.0,4,0,1.005,1.01,0,13551.0,16198.75,0,4,12.555000000000001,15.617084827201268,-0.266,38.076,12.555000000000001,15.617084827201268,20.0379979913164,12.7325,1.0,4,0,1.2650000000000001,1.53,2,7.0,10771.75,2,4,12.555000000000001,15.617084827201268,-0.266,38.076,-37.445,15.617084827201266,40.57118883518204,37.445,0.5,2,0,1.2650000000000001,1.53,2,7.0,10771.75,2,4,0.58375,0.009781998773256934,0.573,0.599,-0.016250000000000014,0.009781998773256934,0.018967076738390674,0.016250000000000014,1.0,4,0,1.0,1.0,0,5873.0,6376.25,0,4,0.58375,0.009781998773256934,0.573,0.599,-0.21625000000000008,0.009781998773256934,0.21647112971479598,0.21625000000000008,1.0,4,0,1.0,1.0,0,5873.0,6376.25,0
27,27,power_law,0.144,1.0,7944.0,-4.856,4.856,97.11999999999999,0,1,0.425,1.01,9380.0,-1.575,1.575,78.75,0,1,0.012,1.0,31096.0,0.002,0.002,20.0,1,1,0.306,1.0,29580.0,0.006000000000000005,0.006000000000000005,2.0000000000000018,1,1,6.874,1.02,119.0,-11.126000000000001,11.126000000000001,61.81111111111112,0,0,4,0.10175000000000001,0.03416412592179112,0.062,0.156,0.10175000000000001,0.03416412592179112,0.10733242753240979,0.10175000000000001,1.0,4,0,1.0375,1.1,2,7920.0,12861.0,0,4,0.10175000000000001,0.03416412592179112,0.062,0.156,0.10175000000000001,0.03416412592179112,0.10733242753240979,0.10175000000000001,1.0,4,0,1.0375,1.1,2,7920.0,12861.0,0,4,18.889,14.076335123177481,0.029,37.694,18.889,14.076335123177481,23.557112121395527,18.889,1.0,4,0,1.4475000000000002,1.73,3,6.0,4993.25,3,4,18.889,14.076335123177481,0.029,37.694,-31.111,14.076335123177481,34.14729171544941,31.111,0.75,3,0,1.4475000000000002,1.73,3,6.0,4993.25,3,4,0.6065,0.004272001872658769,0.601,0.612,0.006500000000000006,0.004272001872658769,0.00777817459305203,0.006500000000000006,1.0,4,0,1.0,1.0,0,6689.0,6920.75,0,4,0.6065,0.004272001872658769,0.601,0.612,-0.19350000000000006,0.004272001872658769,0.19354715187777893,0.19350000000000006,1.0,4,0,1.0,1.0,0,6689.0,6920.75,0
28,28,power_law,0.167,1.0,7680.0,-4.833,4.833,96.66,0,1,0.445,1.0,19932.0,-1.555,1.555,77.75,0,1,0.014,1.0,24868.0,0.004,0.004,40.0,1,1,0.331,1.0,26807.0,0.031000000000000028,0.031000000000000028,10.333333333333343,0,1,7.529,1.0,22826.0,-10.471,10.471,58.172222222222224,0,1,4,0.081,0.02585536694769579,0.038,0.107,0.081,0.02585536694769579,0.08502646646780049,0.081,1.0,4,0,1.0,1.0,0,11638.0,14510.5,0,4,0.081,0.02585536694769579,0.038,0.107,0.081,0.02585536694769579,0.08502646646780049,0.081,1.0,4,0,1.0,1.0,0,11638.0,14510.5,0,4,-0.12825,0.3072632218473275,-0.659,0.081,-0.12825,0.3072632218473275,0.3329545764815375,0.20125,1.0,4,0,1.0,1.0,0,14282.0,19874.5,0,4,-0.12825,0.3072632218473275,-0.659,0.081,-50.12825,0.3072632218473282,50.12919168259149,50.12825,0.0,0,0,1.0,1.0,0,14282.0,19874.5,0,4,0.6285,0.0072284161474004864,0.619,0.636,0.028500000000000025,0.0072284161474004864,0.02940238085597834,0.028500000000000025,1.0,4,0,1.0,1.0,0,5910.0,6221.75,0,4,0.6285,0.0072284161474004864,0.619,0.636,-0.17150000000000004,0.0072284161474004864,0.1716522647680479,0.17150000000000004,1.0,4,0,1.0,1.0,0,5910.0,6221.75,0
29,29,power_law,0.142,1.01,1071.0,-4.858,4.858,97.16,0,1,0.44,1.05,46.0,-1.56,1.56,78.0,0,0,0.004,1.0,1574.0,-0.006,0.006,60.0,0,1,0.313,1.0,31175.0,0.013000000000000012,0.013000000000000012,4.3333333333333375,1,1,6.619,1.04,54.0,-11.381,11.381,63.22777777777778,0,0,4,0.11424999999999999,0.09608427290665211,0.015,0.254,0.11424999999999999,0.09608427290665211,0.14928245040861302,0.11424999999999999,1.0,4,0,1.02,1.07,1,811.0,7234.75,0,4,0.11424999999999999,0.09608427290665211,0.015,0.254,0.11424999999999999,0.09608427290665211,0.14928245040861302,0.11424999999999999,1.0,4,0,1.02,1.07,1,811.0,7234.75,0,4,15.6385,20.61881066526389,-0.224,50.269,15.6385,20.61881066526389,25.87852460052543,15.750499999999999,0.75,3,0,1.135,1.53,1,7.0,7852.5,1,4,15.6385,20.61881066526389,-0.224,50.269,-34.3615,20.61881066526389,40.07303376960621,34.495999999999995,0.5,2,0,1.135,1.53,1,7.0,7852.5,1,4,0.65,0.01002496882788172,0.634,0.661,0.050000000000000044,0.01002496882788172,0.050995097803612506,0.050000000000000044,1.0,4,0,1.02,1.02,4,179.0,206.75,4,4,0.65,0.01002496882788172,0.634,0.661,-0.15000000000000002,0.01002496882788172,0.15033462674979442,0.15000000000000002,1.0,4,0,1.02,1.02,4,179.0,206.75,4
30,30,power_law,0.159,1.01,6499.0,-4.841,4.841,96.82000000000001,0,1,0.414,1.14,18.0,-1.586,1.586,79.3,0,0,0.008,1.0,29088.0,-0.002,0.002,20.0,1,1,0.307,1.0,28937.0,0.007000000000000006,0.007000000000000006,2.3333333333333357,1,1,7.138,1.16,16.0,-10.862,10.862,60.34444444444445,0,0,4,0.14775,0.07447272990833625,0.072,0.271,0.14775,0.07447272990833625,0.16545769852140457,0.14775,1.0,4,0,1.035,1.08,2,12779.0,16731.0,0,4,0.14775,0.07447272990833625,0.072,0.271,0.14775,0.07447272990833625,0.16545769852140457,0.14775,1.0,4,0,1.035,1.08,2,12779.0,16731.0,0,4,18.9405,14.205615236588665,-0.196,37.999,18.9405,14.205615236588665,23.67576914273325,19.0385,1.0,4,0,1.4475,1.73,3,6.0,5372.75,3,4,18.9405,14.205615236588665,-0.196,37.999,-31.0595,14.205615236588665,34.15394625076288,31.0595,0.75,3,0,1.4475,1.73,3,6.0,5372.75,3,4,0.578,0.013656500283747637,0.559,0.596,-0.021999999999999992,0.013656500283747635,0.025894014752448083,0.021999999999999992,1.0,4,0,1.025,1.03,4,97.0,145.0,4,4,0.578,0.013656500283747637,0.559,0.596,-0.22200000000000006,0.013656500283747635,0.22241964841263467,0.22200000000000006,1.0,4,0,1.025,1.03,4,97.0,145.0,4
31,31,power_law,0.145,1.01,2890.0,-4.855,4.855,97.10000000000001,0,1,0.408,1.12,21.0,-1.592,1.592,79.60000000000001,0,0,0.011,1.0,34898.0,0.0009999999999999992,0.0009999999999999992,9.999999999999991,1,1,0.307,1.0,32043.0,0.007000000000000006,0.007000000000000006,2.3333333333333357,1,1,6.223,1.07,32.0,-11.777000000000001,11.777000000000001,65.42777777777779,0,0,4,0.12925,0.08648229587609248,0.061,0.275,0.12925,0.08648229587609248,0.15551446878023925,0.12925,1.0,4,0,1.0225,1.04,2,15348.0,16397.75,0,4,0.12925,0.08648229587609248,0.061,0.275,0.12925,0.08648229587609248,0.15551446878023925,0.12925,1.0,4,0,1.0225,1.04,2,15348.0,16397.75,0,4,25.158,8.74213866854101,13.066,37.781,25.158,8.74213866854101,26.63362447170869,25.158,1.0,4,0,1.63,1.73,4,6.0,6.5,4,4,25.158,8.74213866854101,13.066,37.781,-24.842,8.74213866854101,26.33533657464814,24.842,1.0,4,0,1.63,1.73,4,6.0,6.5,4,4,0.58825,0.015270478054075418,0.562,0.6,-0.011749999999999983,0.015270478054075418,0.019267848867997657,0.011749999999999983,1.0,4,0,1.0675000000000001,1.07,4,37.0,39.5,4,4,0.58825,0.015270478054075418,0.562,0.6,-0.21175000000000005,0.015270478054075418,0.21229990579366734,0.21175000000000005,1.0,4,0,1.0675000000000001,1.07,4,37.0,39.5,4
32,32,power_law,0.186,1.0,6900.0,-4.814,4.814,96.28,0,1,0.42,1.01,1437.0,-1.58,1.58,79.0,0,1,0.009,1.0,28006.0,-0.0010000000000000009,0.0010000000000000009,10.000000000000009,1,1,0.343,1.0,28574.0,0.04300000000000004,0.04300000000000004,14.333333333333348,0,1,6.704,1.0,5438.0,-11.296,11.296,62.75555555555555,0,1,4,0.15949999999999998,0.09186266924055711,0.061,0.285,0.15949999999999998,0.09186266924055711,0.18406248938879427,0.15949999999999998,1.0,4,0,1.0025,1.01,0,5211.0,12315.25,0,4,0.15949999999999998,0.09186266924055711,0.061,0.285,0.15949999999999998,0.09186266924055711,0.18406248938879427,0.15949999999999998,1.0,4,0,1.0025,1.01,0,5211.0,12315.25,0,4,34.293749999999996,20.598850919104688,-0.27,50.138,34.293749999999996,20.598850919104688,40.0046740800372,34.42875,0.5,2,0,1.1325,1.53,1,7.0,10486.75,1,4,34.293749999999996,20.598850919104688,-0.27,50.138,-15.70625,20.598850919104684,25.903647392790074,15.77525,0.75,3,0,1.1325,1.53,1,7.0,10486.75,1,4,0.565,0.006284902544988224,0.557,0.574,-0.034999999999999976,0.006284902544988224,0.03555980877338906,0.034999999999999976,1.0,4,0,1.01,1.01,0,1479.0,1690.5,0,4,0.565,0.006284902544988224,0.557,0.574,-0.23500000000000004,0.006284902544988224,0.23508402753058324,0.23500000000000004,1.0,4,0,1.01,1.01,0,1479.0,1690.5,0
33,33,power_law,0.148,1.0,6276.0,-4.852,4.852,97.04,0,1,0.419,1.02,125.0,-1.581,1.581,79.05,0,0,0.012,1.0,14193.0,0.002,0.002,20.0,1,1,0.317,1.0,15516.0,0.017000000000000015,0.017000000000000015,5.666666666666672,1,1,6.404,1.02,181.0,-11.596,11.596,64.42222222222223,0,0,4,0.08850000000000001,0.013518505834595775,0.074,0.108,0.08850000000000001,0.013518505834595775,0.08952653238007155,0.08850000000000001,1.0,4,0,1.0025,1.01,0,12931.0,13529.75,0,4,0.08850000000000001,0.013518505834595775,0.074,0.108,0.08850000000000001,0.013518505834595775,0.08952653238007155,0.08850000000000001,1.0,4,0,1.0025,1.01,0,12931.0,13529.75,0,4,2.8834999999999997,5.4144809769727695,-0.335,12.261,2.8834999999999997,5.4144809769727695,6.134425523225463,3.247,1.0,4,0,1.1325,1.53,1,7.0,12046.75,1,4,2.8834999999999997,5.4144809769727695,-0.335,12.261,-47.1165,5.414480976972769,47.42658723226879,47.1165,0.25,1,0,1.1325,1.53,1,7.0,12046.75,1,4,0.6147499999999999,0.005018714974971187,0.607,0.621,0.014750000000000013,0.005018714974971187,0.015580436450882897,0.014750000000000013,1.0,4,0,1.01,1.01,0,4343.0,4551.0,0,4,0.6147499999999999,0.005018714974971187,0.607,0.621,-0.18525000000000005,0.005018714974971187,0.18531796998672315,0.18525000000000005,1.0,4,0,1.01,1.01,0,4343.0,4551.0,0
34,34,power_law,0.159,1.0,7934.0,-4.841,4.841,96.82000000000001,0,1,0.422,1.0,19211.0,-1.578,1.578,78.9,0,1,0.017,1.0,38569.0,0.007000000000000001,0.007000000000000001,70.0,1,1,0.317,1.0,36818.0,0.017000000000000015,0.017000000000000015,5.666666666666672,1,1,7.014,1.0,31576.0,-10.986,10.986,61.03333333333334,0,1,4,0.1115,0.07544037380607282,0.033,0.235,0.1115,0.07544037380607282,0.13462354920295336,0.1115,1.0,4,0,1.0,1.0,0,12200.0,15171.25,0,4,0.1115,0.07544037380607282,0.033,0.235,0.1115,0.07544037380607282,0.13462354920295336,0.1115,1.0,4,0,1.0,1.0,0,12200.0,15171.25,0,4,25.304,25.15407616073387,0.105,50.852,25.304,25.15407616073387,35.67940531314949,25.304,0.5,2,0,1.0,1.0,0,19556.0,21819.75,0,4,25.304,25.15407616073387,0.105,50.852,-24.696,25.15407616073387,35.250815075683,25.1525,0.5,2,0,1.0,1.0,0,19556.0,21819.75,0,4,0.5980000000000001,0.00777817459305203,0.585,0.604,-0.0020000000000000018,0.00777817459305203,0.008031189202104513,0.006000000000000005,1.0,4,0,1.0,1.0,0,6021.0,6425.5,0,4,0.5980000000000001,0.00777817459305203,0.585,0.604,-0.20200000000000007,0.00777817459305203,0.20214969700694588,0.20200000000000007,1.0,4,0,1.0,1.0,0,6021.0,6425.5,0
35,35,power_law,0.194,1.0,7432.0,-4.806,4.806,96.12,0,1,0.4,1.01,235.0,-1.6,1.6,80.0,0,1,0.015,1.0,34778.0,0.004999999999999999,0.004999999999999999,49.999999999999986,1,1,0.296,1.0,30682.0,-0.0040000000000000036,0.0040000000000000036,1.3333333333333346,1,1,6.509,1.01,503.0,-11.491,11.491,63.83888888888889,0,1,4,0.18000000000000002,0.05852777118599342,0.131,0.28,0.18000000000000002,0.05852777118599342,0.18927625313282173,0.18000000000000002,1.0,4,0,1.0025,1.01,0,11825.0,15435.25,0,4,0.18000000000000002,0.05852777118599342,0.131,0.28,0.18000000000000002,0.05852777118599342,0.18927625313282173,0.18000000000000002,1.0,4,0,1.0025,1.01,0,11825.0,15435.25,0,4,22.08,18.85579151083295,-0.22,50.867,22.08,18.85579151083295,29.035620770012823,22.189999999999998,0.75,3,0,1.315,1.73,2,6.0,5301.0,2,4,22.08,18.85579151083295,-0.22,50.867,-27.92,18.85579151083295,33.6907594675454,28.353499999999997,0.75,3,0,1.315,1.73,2,6.0,5301.0,2,4,0.51775,0.012070107704573322,0.499,0.531,-0.08224999999999996,0.012070107704573322,0.08313092084176618,0.08224999999999996,1.0,4,0,1.0,1.0,0,5929.0,6166.75,0,4,0.51775,0.012070107704573322,0.499,0.531,-0.28225,0.012070107704573322,0.282507964489499,0.28225,1.0,4,0,1.0,1.0,0,5929.0,6166.75,0
36,36,power_law,0.162,1.03,121.0,-4.838,4.838,96.76,0,0,0.378,1.18,15.0,-1.6219999999999999,1.6219999999999999,81.1,0,0,0.007,1.0,27310.0,-0.003,0.003,30.0,1,1,0.323,1.0,28885.0,0.02300000000000002,0.02300000000000002,7.666666666666674,1,1,6.688,1.15,17.0,-11.312000000000001,11.312000000000001,62.84444444444445,0,0,4,0.34275,0.37588520521563495,0.061,0.988,0.34275,0.37588520521563495,0.5086917042767652,0.34275,1.0,4,0,1.045,1.09,3,158.0,12511.75,1,4,0.34275,0.37588520521563495,0.061,0.988,0.34275,0.37588520521563495,0.5086917042767652,0.34275,1.0,4,0,1.045,1.09,3,158.0,12511.75,1,4,24.783,15.689706498210858,11.237,50.249,24.783,15.689706498210858,29.33196173119009,24.783,0.75,3,0,1.4500000000000002,1.73,3,6.0,2900.0,3,4,24.783,15.689706498210858,11.237,50.249,-25.217,15.689706498210857,29.699561932796247,25.3415,1.0,4,0,1.4500000000000002,1.73,3,6.0,2900.0,3,4,0.52175,0.003418698582794339,0.516,0.525,-0.07824999999999996,0.003418698582794339,0.07832464490822792,0.07824999999999996,1.0,4,0,1.0875000000000001,1.09,4,28.0,29.75,4,4,0.52175,0.003418698582794339,0.516,0.525,-0.27825,0.003418698582794339,0.2782710010044166,0.27825,1.0,4,0,1.0875000000000001,1.09,4,28.0,29.75,4
37,37,power_law,0.157,1.03,97.0,-4.843,4.843,96.86,0,0,0.429,1.33,9.0,-1.571,1.571,78.55,0,0,0.008,1.0,16037.0,-0.002,0.002,20.0,1,1,0.311,1.0,30004.0,0.01100000000000001,0.01100000000000001,3.66666666666667,1,1,6.743,1.24,12.0,-11.257,11.257,62.53888888888889,0,0,4,0.1345,0.0319491783931919,0.11,0.188,0.1345,0.0319491783931919,0.13824254048591555,0.1345,1.0,4,0,1.0625,1.2,2,644.0,9095.0,0,4,0.1345,0.0319491783931919,0.11,0.188,0.1345,0.0319491783931919,0.13824254048591555,0.1345,1.0,4,0,1.0625,1.2,2,644.0,9095.0,0,4,15.783,10.462365745853086,0.056,25.33,15.783,10.462365745853086,18.93579113742016,15.783,1.0,4,0,1.4975,1.73,3,6.0,5248.75,3,4,15.783,10.462365745853086,0.056,25.33,-34.217,10.462365745853086,35.780779561099564,34.217,0.75,3,0,1.4975,1.73,3,6.0,5248.75,3,4,0.62225,0.010449282272003192,0.606,0.634,0.02225000000000002,0.010449282272003192,0.02458149710656373,0.02225000000000002,1.0,4,0,1.04,1.04,4,62.0,70.0,4,4,0.62225,0.010449282272003192,0.606,0.634,-0.17775000000000005,0.010449282272003192,0.1780568729367109,0.17775000000000005,1.0,4,0,1.04,1.04,4,62.0,70.0,4
38,38,power_law,0.147,1.0,9539.0,-4.853,4.853,97.05999999999999,0,1,0.444,1.07,35.0,-1.556,1.556,77.8,0,0,0.012,1.0,33860.0,0.002,0.002,20.0,1,1,0.315,1.0,24403.0,0.015000000000000013,0.015000000000000013,5.000000000000004,1,1,6.951,1.08,29.0,-11.049,11.049,61.38333333333333,0,0,4,0.096,0.06501153743759641,0.047,0.206,0.096,0.06501153743759641,0.115941795742519,0.096,1.0,4,0,1.0275,1.11,1,10127.0,15679.25,0,4,0.096,0.06501153743759641,0.047,0.206,0.096,0.06501153743759641,0.115941795742519,0.096,1.0,4,0,1.0275,1.11,1,10127.0,15679.25,0,4,15.523750000000001,20.912209870970116,-0.617,50.538,15.523750000000001,20.912209870970116,26.044334043127307,16.04175,0.75,3,0,1.1325,1.53,1,7.0,15392.0,1,4,15.523750000000001,20.912209870970116,-0.617,50.538,-34.47624999999999,20.912209870970113,40.322851284972394,34.74525,0.5,2,0,1.1325,1.53,1,7.0,15392.0,1,4,0.65725,0.0069776428684764375,0.646,0.665,0.05725000000000005,0.0069776428684764375,0.057673650829473296,0.05725000000000005,1.0,4,0,1.0325000000000002,1.04,4,75.0,85.75,4,4,0.65725,0.0069776428684764375,0.646,0.665,-0.14275000000000002,0.0069776428684764375,0.14292043240908558,0.14275000000000002,1.0,4,0,1.0325000000000002,1.04,4,75.0,85.75,4
39,39,power_law,0.159,1.0,3668.0,-4.841,4.841,96.82000000000001,0,1,0.436,1.13,20.0,-1.564,1.564,78.2,0,0,0.018,1.0,10390.0,0.007999999999999998,0.007999999999999998,79.99999999999999,1,1,0.307,1.0,6019.0,0.007000000000000006,0.007000000000000006,2.3333333333333357,1,1,6.813,1.17,16.0,-11.187000000000001,11.187000000000001,62.150000000000006,0,0,4,0.1275,0.05905294234837075,0.033,0.195,0.1275,0.05905294234837075,0.14051156536029338,0.1275,1.0,4,0,1.0325,1.08,2,4627.0,8273.5,0,4,0.1275,0.05905294234837075,0.033,0.195,0.1275,0.05905294234837075,0.14051156536029338,0.1275,1.0,4,0,1.0325,1.08,2,4627.0,8273.5,0,4,15.910500000000003,16.67653575386687,-0.19,38.194,15.910500000000003,16.67653575386687,23.048879690778897,16.0915,1.0,4,0,1.315,1.73,2,6.0,9635.5,2,4,15.910500000000003,16.67653575386687,-0.19,38.194,-34.0895,16.67653575386687,37.94997832673953,34.0895,0.5,2,0,1.315,1.73,2,6.0,9635.5,2,4,0.622,0.005700877125495695,0.614,0.63,0.02200000000000002,0.005700877125495695,0.022726636354727044,0.02200000000000002,1.0,4,0,1.0225,1.03,4,121.0,151.25,4,4,0.622,0.005700877125495695,0.614,0.63,-0.17800000000000005,0.005700877125495695,0.17809126873600517,0.17800000000000005,1.0,4,0,1.0225,1.03,4,121.0,151.25,4
40,40,power_law,0.158,1.01,4835.0,-4.842,4.842,96.83999999999999,0,1,0.39,1.04,70.0,-1.6099999999999999,1.6099999999999999,80.5,0,0,0.012,1.0,29671.0,0.002,0.002,20.0,1,1,0.293,1.0,29171.0,-0.007000000000000006,0.007000000000000006,2.3333333333333357,1,1,7.772,1.01,404.0,-10.228,10.228,56.822222222222216,0,1,4,0.1075,0.028004463929880888,0.073,0.144,0.1075,0.028004463929880888,0.11108780311087262,0.1075,1.0,4,0,1.0,1.0,0,15984.0,18050.5,0,4,0.1075,0.028004463929880888,0.073,0.144,0.1075,0.028004463929880888,0.11108780311087262,0.1075,1.0,4,0,1.0,1.0,0,15984.0,18050.5,0,4,18.89025,20.819263151886524,0.012,50.323,18.89025,20.819263151886524,28.11197722057273,18.89025,0.75,3,0,1.1825,1.73,1,6.0,13169.25,1,4,18.89025,20.819263151886524,0.012,50.323,-31.10975,20.819263151886524,37.43338434138703,31.271250000000002,0.5,2,0,1.1825,1.73,1,6.0,13169.25,1,4,0.51525,0.003031088913245538,0.511,0.519,-0.08474999999999996,0.003031088913245538,0.08480418621742675,0.08474999999999996,1.0,4,0,1.0,1.0,0,5308.0,5460.0,0,4,0.51525,0.003031088913245538,0.511,0.519,-0.28475000000000006,0.003031088913245538,0.2847661321154607,0.28475000000000006,1.0,4,0,1.0,1.0,0,5308.0,5460.0,0
41,41,power_law,0.148,1.08,35.0,-4.852,4.852,97.04,0,0,0.41,1.21,13.0,-1.59,1.59,79.5,0,0,0.011,1.06,45.0,0.0009999999999999992,0.0009999999999999992,9.999999999999991,1,0,0.287,1.05,21905.0,-0.013000000000000012,0.013000000000000012,4.3333333333333375,1,0,6.832,1.15,17.0,-11.168,11.168,62.04444444444444,0,0,4,0.136,0.10226680790950697,0.039,0.301,0.136,0.10226680790950697,0.17016021861763106,0.136,1.0,4,0,1.0575,1.12,4,54.0,1907.5,3,4,0.136,0.10226680790950697,0.039,0.301,0.136,0.10226680790950697,0.17016021861763106,0.136,1.0,4,0,1.0575,1.12,4,54.0,1907.5,3,4,19.014750000000003,19.143130796384902,0.159,51.012,19.014750000000003,19.143130796384902,26.98184897759974,19.014750000000003,0.75,3,0,1.3199999999999998,1.69,4,7.0,664.75,3,4,19.014750000000003,19.143130796384902,0.159,51.012,-30.98525,19.1431307963849,36.42176786277679,31.49125,0.75,3,0,1.3199999999999998,1.69,4,7.0,664.75,3,4,0.61125,0.04845810045802457,0.553,0.683,0.011250000000000038,0.04845810045802457,0.04974685919734031,0.04225000000000001,1.0,4,0,1.16,1.2,4,14.0,18.0,4,4,0.61125,0.04845810045802457,0.553,0.683,-0.18875000000000003,0.04845810045802457,0.19487111125048787,0.18875000000000003,1.0,4,0,1.16,1.2,4,14.0,18.0,4
42,42,power_law,0.14,1.02,203.0,-4.86,4.86,97.2,0,0,0.422,1.05,47.0,-1.578,1.578,78.9,0,0,0.01,1.0,10382.0,0.0,0.0,0.0,1,1,0.308,1.0,29063.0,0.008000000000000007,0.008000000000000007,2.666666666666669,1,1,6.217,1.04,60.0,-11.783000000000001,11.783000000000001,65.46111111111111,0,0,4,0.0905,0.04159627387158614,0.035,0.146,0.0905,0.04159627387158614,0.09960170681268468,0.0905,1.0,4,0,1.0275,1.1,1,7291.0,11077.25,0,4,0.0905,0.04159627387158614,0.035,0.146,0.0905,0.04159627387158614,0.09960170681268468,0.0905,1.0,4,0,1.0275,1.1,1,7291.0,11077.25,0,4,6.17825,6.2190197127441245,-0.148,12.483,6.17825,6.2190197127441245,8.76624088478066,6.25225,1.0,4,0,1.2650000000000001,1.53,2,7.0,9058.5,2,4,6.17825,6.2190197127441245,-0.148,12.483,-43.821749999999994,6.219019712744126,44.26084024563926,43.821749999999994,0.5,2,0,1.2650000000000001,1.53,2,7.0,9058.5,2,4,0.633,0.0073484692283495405,0.621,0.639,0.03300000000000003,0.0073484692283495405,0.033808283008753964,0.03300000000000003,1.0,4,0,1.02,1.02,4,232.0,251.75,4,4,0.633,0.0073484692283495405,0.621,0.639,-0.16700000000000004,0.0073484692283495405,0.16716159846089057,0.16700000000000004,1.0,4,0,1.02,1.02,4,232.0,251.75,4
43,43,power_law,0.164,1.0,7089.0,-4.836,4.836,96.72,0,1,0.459,1.16,16.0,-1.541,1.541,77.05,0,0,0.011,1.0,32889.0,0.0009999999999999992,0.0009999999999999992,9.999999999999991,1,1,0.314,1.0,18353.0,0.014000000000000012,0.014000000000000012,4.666666666666671,1,1,7.643,1.15,17.0,-10.357,10.357,57.538888888888884,0,0,4,0.1005,0.03618355980276126,0.06,0.159,0.1005,0.03618355980276126,0.10681526108192593,0.1005,1.0,4,0,1.0475,1.11,2,6900.0,10210.25,0,4,0.1005,0.03618355980276126,0.06,0.159,0.1005,0.03618355980276126,0.10681526108192593,0.1005,1.0,4,0,1.0475,1.11,2,6900.0,10210.25,0,4,18.77675,18.739334291470975,-0.076,49.97,18.77675,18.739334291470975,26.52789079911933,18.814749999999997,0.75,3,0,1.2650000000000001,1.53,2,7.0,9215.75,2,4,18.77675,18.739334291470975,-0.076,49.97,-31.22325,18.739334291470975,36.41502423794333,31.22325,0.75,3,0,1.2650000000000001,1.53,2,7.0,9215.75,2,4,0.6325000000000001,0.019098429254784298,0.608,0.654,0.03250000000000003,0.019098429254784294,0.03769615364994156,0.03250000000000003,1.0,4,0,1.0225,1.03,4,165.0,243.25,4,4,0.6325000000000001,0.019098429254784298,0.608,0.654,-0.16750000000000004,0.019098429254784294,0.16858528998699743,0.16750000000000004,1.0,4,0,1.0225,1.03,4,165.0,243.25,4
44,44,power_law,0.152,1.0,8322.0,-4.848,4.848,96.96000000000001,0,1,0.408,1.04,59.0,-1.592,1.592,79.60000000000001,0,0,0.011,1.0,30335.0,0.0009999999999999992,0.0009999999999999992,9.999999999999991,1,1,0.298,1.0,33973.0,-0.0020000000000000018,0.0020000000000000018,0.6666666666666673,1,1,7.133,1.03,79.0,-10.867,10.867,60.37222222222223,0,0,4,0.1255,0.061133051616944496,0.034,0.2,0.1255,0.061133051616944496,0.13959763608313716,0.1255,1.0,4,0,1.0075,1.03,1,12968.0,16329.75,0,4,0.1255,0.061133051616944496,0.034,0.2,0.1255,0.061133051616944496,0.13959763608313716,0.1255,1.0,4,0,1.0075,1.03,1,12968.0,16329.75,0,4,5.9815000000000005,6.223206749739237,-0.43,12.339,5.9815000000000005,6.223206749739237,8.631723147784573,6.221,1.0,4,0,1.2650000000000001,1.53,2,7.0,9329.5,2,4,5.9815000000000005,6.223206749739237,-0.43,12.339,-44.0185,6.223206749739237,44.456232909458265,44.0185,0.5,2,0,1.2650000000000001,1.53,2,7.0,9329.5,2,4,0.5832499999999999,0.01402453207775572,0.562,0.599,-0.016749999999999987,0.01402453207775572,0.021846052274953447,0.016749999999999987,1.0,4,0,1.01,1.01,0,1223.0,5635.5,0,4,0.5832499999999999,0.01402453207775572,0.562,0.599,-0.21675000000000005,0.01402453207775572,0.21720324583210082,0.21675000000000005,1.0,4,0,1.01,1.01,0,1223.0,5635.5,0
45,45,power_law,0.126,1.0,7071.0,-4.874,4.874,97.47999999999999,0,1,0.4,1.15,18.0,-1.6,1.6,80.0,0,0,0.008,1.0,33310.0,-0.002,0.002,20.0,1,1,0.317,1.0,29659.0,0.017000000000000015,0.017000000000000015,5.666666666666672,1,1,7.41,1.14,18.0,-10.59,10.59,58.833333333333336,0,0,4,0.0845,0.022787057730211682,0.064,0.123,0.0845,0.022787057730211682,0.08751856945814414,0.0845,1.0,4,0,1.0425,1.15,2,13010.0,17051.25,0,4,0.0845,0.022787057730211682,0.064,0.123,0.0845,0.022787057730211682,0.08751856945814414,0.0845,1.0,4,0,1.0425,1.15,2,13010.0,17051.25,0,4,15.62025,13.886508117143777,-0.101,38.019,15.62025,13.886508117143777,20.900414296132983,15.67075,1.0,4,0,1.3975000000000002,1.53,3,7.0,2528.5,3,4,15.62025,13.886508117143777,-0.101,38.019,-34.37975,13.886508117143777,37.0783267927505,34.37975,0.75,3,0,1.3975000000000002,1.53,3,7.0,2528.5,3,4,0.6,0.006782329983125275,0.592,0.61,0.0,0.006782329983125275,0.006782329983125275,0.006000000000000005,1.0,4,0,1.0474999999999999,1.05,4,56.0,58.5,4,4,0.6,0.006782329983125275,0.592,0.61,-0.20000000000000007,0.006782329983125275,0.20011496695649736,0.20000000000000007,1.0,4,0,1.0474999999999999,1.05,4,56.0,58.5,4
46,46,power_law,0.141,1.0,7025.0,-4.859,4.859,97.18,0,1,0.388,1.18,15.0,-1.612,1.612,80.60000000000001,0,0,0.014,1.0,22317.0,0.004,0.004,40.0,1,1,0.306,1.0,26142.0,0.006000000000000005,0.006000000000000005,2.0000000000000018,1,1,7.001,1.09,27.0,-10.998999999999999,10.998999999999999,61.10555555555555,0,0,4,0.15125,0.07208805379534115,0.04,0.218,0.15125,0.07208805379534115,0.16755073858386899,0.15125,1.0,4,0,1.0075,1.02,1,3294.0,9003.0,0,4,0.15125,0.07208805379534115,0.04,0.218,0.15125,0.07208805379534115,0.16755073858386899,0.15125,1.0,4,0,1.0075,1.02,1,3294.0,9003.0,0,4,25.24225,15.520618405446994,12.321,50.592,25.24225,15.520618405446994,29.632090387787358,25.24225,0.75,3,0,1.4500000000000002,1.74,3,6.0,1713.25,3,4,25.24225,15.520618405446994,12.321,50.592,-24.75775,15.520618405446996,29.22046852379339,25.05375,1.0,4,0,1.4500000000000002,1.74,3,6.0,1713.25,3,4,0.53925,0.0016393596310755017,0.538,0.542,-0.06074999999999994,0.0016393596310755017,0.060772115316154604,0.06074999999999994,1.0,4,0,1.03,1.03,4,101.0,110.25,4,4,0.53925,0.0016393596310755017,0.538,0.542,-0.26075000000000004,0.0016393596310755017,0.260755153352719,0.26075000000000004,1.0,4,0,1.03,1.03,4,101.0,110.25,4
47,47,power_law,0.108,1.0,6719.0,-4.892,4.892,97.84,0,1,0.405,1.03,94.0,-1.595,1.595,79.75,0,0,0.004,1.0,28491.0,-0.006,0.006,60.0,0,1,0.314,1.0,19321.0,0.014000000000000012,0.014000000000000012,4.666666666666671,1,1,7.063,1.01,608.0,-10.937000000000001,10.937000000000001,60.76111111111112,0,1,4,0.05675000000000001,0.025557533136044256,0.041,0.101,0.05675000000000001,0.025557533136044256,0.062239456938504856,0.05675000000000001,1.0,4,0,1.005,1.02,1,10471.0,15840.0,0,4,0.05675000000000001,0.025557533136044256,0.041,0.101,0.05675000000000001,0.025557533136044256,0.062239456938504856,0.05675000000000001,1.0,4,0,1.005,1.02,1,10471.0,15840.0,0,4,15.644,16.37775068499945,-0.145,37.743,15.644,16.37775068499945,22.648740660354605,15.7505,1.0,4,0,1.315,1.73,2,6.0,6810.5,2,4,15.644,16.37775068499945,-0.145,37.743,-34.356,16.37775068499945,38.0600243497032,34.356,0.5,2,0,1.315,1.73,2,6.0,6810.5,2,4,0.6332500000000001,0.006179603547154143,0.626,0.643,0.03325000000000003,0.006179603547154143,0.033819373146171734,0.03325000000000003,1.0,4,0,1.0025,1.01,0,3100.0,3248.5,0,4,0.6332500000000001,0.006179603547154143,0.626,0.643,-0.16675000000000004,0.006179603547154143,0.16686446595965246,0.16675000000000004,1.0,4,0,1.0025,1.01,0,3100.0,3248.5,0
48,48,power_law,0.15,1.01,4515.0,-4.85,4.85,97.0,0,1,0.434,1.43,8.0,-1.566,1.566,78.3,0,0,0.012,1.0,31085.0,0.002,0.002,20.0,1,1,0.3,1.0,24853.0,0.0,0.0,0.0,1,1,7.068,1.36,9.0,-10.932,10.932,60.73333333333334,0,0,4,0.13525,0.0713980917111935,0.058,0.209,0.13525,0.0713980917111935,0.15293871321545763,0.13525,1.0,4,0,1.06,1.13,3,1005.0,10811.25,0,4,0.13525,0.0713980917111935,0.058,0.209,0.13525,0.0713980917111935,0.15293871321545763,0.13525,1.0,4,0,1.06,1.13,3,1005.0,10811.25,0,4,12.712250000000001,8.935337217335448,-0.098,25.159,12.712250000000001,8.935337217335448,15.538389596415712,12.76125,1.0,4,0,1.4525000000000001,1.74,3,6.0,4071.25,3,4,12.712250000000001,8.935337217335448,-0.098,25.159,-37.28775,8.935337217335448,38.343402969089745,37.28775,0.75,3,0,1.4525000000000001,1.74,3,6.0,4071.25,3,4,0.62425,0.014532291629333633,0.602,0.642,0.02425000000000002,0.014532291629333633,0.028271009886454382,0.02425000000000002,1.0,4,0,1.085,1.11,4,25.0,32.0,4,4,0.62425,0.014532291629333633,0.602,0.642,-0.17575000000000005,0.014532291629333633,0.17634979444274954,0.17575000000000005,1.0,4,0,1.085,1.11,4,25.0,32.0,4
49,49,power_law,0.191,1.0,9608.0,-4.809,4.809,96.17999999999999,0,1,0.434,1.04,72.0,-1.566,1.566,78.3,0,0,0.016,1.0,29822.0,0.006,0.006,60.0,1,1,0.299,1.0,31618.0,-0.0010000000000000009,0.0010000000000000009,0.33333333333333365,1,1,6.703,1.02,122.0,-11.297,11.297,62.76111111111111,0,0,4,0.16475,0.10674355952468513,0.081,0.348,0.16475,0.10674355952468513,0.19630779403783233,0.16475,1.0,4,0,1.005,1.02,1,6954.0,13349.0,0,4,0.16475,0.10674355952468513,0.081,0.348,0.16475,0.10674355952468513,0.19630779403783233,0.16475,1.0,4,0,1.005,1.02,1,6954.0,13349.0,0,4,18.770000000000003,21.12315435724504,-0.522,50.636,18.770000000000003,21.12315435724504,28.257752033734036,19.095,0.75,3,0,1.1825,1.73,1,6.0,14438.5,1,4,18.770000000000003,21.12315435724504,-0.522,50.636,-31.229999999999997,21.12315435724504,37.70279233690788,31.547999999999995,0.5,2,0,1.1825,1.73,1,6.0,14438.5,1,4,0.5814999999999999,0.0049244289008980565,0.575,0.588,-0.018500000000000016,0.004924428900898057,0.019144189719076665,0.018500000000000016,1.0,4,0,1.01,1.01,0,691.0,994.5,0,4,0.5814999999999999,0.0049244289008980565,0.575,0.588,-0.21850000000000008,0.004924428900898057,0.21855548494604302,0.21850000000000008,1.0,4,0,1.01,1.01,0,691.0,994.5,0
50,50,power_law,0.165,1.01,4723.0,-4.835,4.835,96.7,0,1,0.4,1.01,1579.0,-1.6,1.6,80.0,0,1,0.019,1.0,30040.0,0.009,0.009,89.99999999999999,1,1,0.307,1.0,28492.0,0.007000000000000006,0.007000000000000006,2.3333333333333357,1,1,6.719,1.03,100.0,-11.280999999999999,11.280999999999999,62.67222222222222,0,0,4,0.1255,0.03083423422107317,0.095,0.175,0.1255,0.03083423422107317,0.12923234889144436,0.1255,1.0,4,0,1.01,1.02,2,14571.0,17803.0,0,4,0.1255,0.03083423422107317,0.095,0.175,0.1255,0.03083423422107317,0.12923234889144436,0.1255,1.0,4,0,1.01,1.02,2,14571.0,17803.0,0,4,12.318,8.93678314607667,-0.333,24.941,12.318,8.93678314607667,15.21838417835481,12.484499999999999,1.0,4,0,1.4475,1.73,3,6.0,4968.0,3,4,12.318,8.93678314607667,-0.333,24.941,-37.682,8.936783146076667,38.727241277942845,37.682,0.75,3,0,1.4475,1.73,3,6.0,4968.0,3,4,0.547,0.007810249675906661,0.536,0.558,-0.052999999999999936,0.007810249675906661,0.05357238094391543,0.052999999999999936,1.0,4,0,1.01,1.01,0,2824.0,3345.5,0,4,0.547,0.007810249675906661,0.536,0.558,-0.253,0.007810249675906661,0.2531205246517951,0.253,1.0,4,0,1.01,1.01,0,2824.0,3345.5,0
51,51,power_law,0.158,1.01,4046.0,-4.842,4.842,96.83999999999999,0,1,0.392,1.01,845.0,-1.608,1.608,80.4,0,1,0.014,1.0,26716.0,0.004,0.004,40.0,1,1,0.276,1.0,25953.0,-0.023999999999999966,0.023999999999999966,7.999999999999989,1,1,6.789,1.01,725.0,-11.211,11.211,62.28333333333333,0,1,4,0.186,0.07634788798650556,0.091,0.295,0.186,0.07634788798650556,0.201059692628831,0.186,1.0,4,0,1.0375,1.12,2,10979.0,14945.75,0,4,0.186,0.07634788798650556,0.091,0.295,0.186,0.07634788798650556,0.201059692628831,0.186,1.0,4,0,1.0375,1.12,2,10979.0,14945.75,0,4,15.713,14.078815788268557,-0.365,38.357,15.713,14.078815788268557,21.097663922813823,15.8955,1.0,4,0,1.3975,1.53,3,7.0,2668.5,3,4,15.713,14.078815788268557,-0.365,38.357,-34.287,14.078815788268559,37.06496220151857,34.287,0.75,3,0,1.3975,1.53,3,7.0,2668.5,3,4,0.5427500000000001,0.007495832175282481,0.535,0.555,-0.05724999999999994,0.007495832175282481,0.057738635245388276,0.05724999999999994,1.0,4,0,1.01,1.01,0,3074.0,3333.25,0,4,0.5427500000000001,0.007495832175282481,0.535,0.555,-0.25725,0.007495832175282481,0.2573591847982115,0.25725,1.0,4,0,1.01,1.01,0,3074.0,3333.25,0
52,52,power_law,0.151,1.01,4523.0,-4.849,4.849,96.98,0,1,0.408,1.29,10.0,-1.592,1.592,79.60000000000001,0,0,0.019,1.0,30263.0,0.009,0.009,89.99999999999999,1,1,0.295,1.0,19219.0,-0.0050000000000000044,0.0050000000000000044,1.6666666666666683,1,1,6.86,1.24,12.0,-11.14,11.14,61.88888888888889,0,0,4,0.10525,0.020216020874544032,0.076,0.133,0.10525,0.020216020874544032,0.10717392406737751,0.10525,1.0,4,0,1.04,1.07,3,8586.0,13164.25,0,4,0.10525,0.020216020874544032,0.076,0.133,0.10525,0.020216020874544032,0.10717392406737751,0.10525,1.0,4,0,1.04,1.07,3,8586.0,13164.25,0,4,15.58025,13.923147226381685,-0.533,37.865,15.58025,13.923147226381685,20.894932848659742,15.84675,1.0,4,0,1.3975000000000002,1.53,3,7.0,5842.0,3,4,15.58025,13.923147226381685,-0.533,37.865,-34.41975,13.923147226381685,37.1291424456585,34.41975,0.75,3,0,1.3975000000000002,1.53,3,7.0,5842.0,3,4,0.5862499999999999,0.018267115262131536,0.556,0.605,-0.013749999999999984,0.018267115262131536,0.022863726730347318,0.016249999999999987,1.0,4,0,1.1075,1.11,4,23.0,23.75,4,4,0.5862499999999999,0.018267115262131536,0.556,0.605,-0.21375000000000005,0.018267115262131536,0.21452913555039563,0.21375000000000005,1.0,4,0,1.1075,1.11,4,23.0,23.75,4
53,53,power_law,0.163,1.01,5631.0,-4.837,4.837,96.74,0,1,0.398,1.22,13.0,-1.6019999999999999,1.6019999999999999,80.1,0,0,0.019,1.0,29166.0,0.009,0.009,89.99999999999999,1,1,0.313,1.0,28638.0,0.013000000000000012,0.013000000000000012,4.3333333333333375,1,1,7.253,1.18,15.0,-10.747,10.747,59.705555555555556,0,0,4,0.1545,0.04583393938993244,0.103,0.205,0.1545,0.04583393938993244,0.16115520469410846,0.1545,1.0,4,0,1.025,1.07,2,12409.0,14920.0,0,4,0.1545,0.04583393938993244,0.103,0.205,0.1545,0.04583393938993244,0.16115520469410846,0.1545,1.0,4,0,1.025,1.07,2,12409.0,14920.0,0,4,9.40225,10.480919648938256,-0.187,25.05,9.40225,10.480919648938256,14.080198214158777,9.554249999999998,1.0,4,0,1.315,1.73,2,6.0,9063.25,2,4,9.40225,10.480919648938256,-0.187,25.05,-40.597750000000005,10.480919648938254,41.928832344223466,40.597750000000005,0.5,2,0,1.315,1.73,2,6.0,9063.25,2,4,0.53325,0.00944391338376206,0.519,0.545,-0.06674999999999995,0.00944391338376206,0.06741476099490373,0.06674999999999995,1.0,4,0,1.0775000000000001,1.08,4,32.0,33.75,4,4,0.53325,0.00944391338376206,0.519,0.545,-0.26675000000000004,0.00944391338376206,0.2669171219685991,0.26675000000000004,1.0,4,0,1.0775000000000001,1.08,4,32.0,33.75,4
54,54,power_law,0.141,1.01,4438.0,-4.859,4.859,97.18,0,1,0.42,1.01,1634.0,-1.58,1.58,79.0,0,1,0.015,1.0,36250.0,0.004999999999999999,0.004999999999999999,49.999999999999986,1,1,0.316,1.0,35132.0,0.016000000000000014,0.016000000000000014,5.333333333333338,1,1,6.993,1.04,57.0,-11.007,11.007,61.14999999999999,0,0,4,0.09025,0.02881297450802329,0.044,0.123,0.09025,0.02881297450802329,0.09473779604782877,0.09025,1.0,4,0,1.03,1.12,1,8586.0,17732.25,0,4,0.09025,0.02881297450802329,0.044,0.123,0.09025,0.02881297450802329,0.09473779604782877,0.09025,1.0,4,0,1.03,1.12,1,8586.0,17732.25,0,4,15.699,20.710683450818323,-0.324,50.332,15.699,20.710683450818323,25.988286015049166,15.95,0.75,3,0,1.1325,1.53,1,7.0,15491.75,1,4,15.699,20.710683450818323,-0.324,50.332,-34.301,20.710683450818323,40.06857883678931,34.467,0.5,2,0,1.1325,1.53,1,7.0,15491.75,1,4,0.5887499999999999,0.013122023472010722,0.577,0.611,-0.01125000000000001,0.013122023472010722,0.01728438601744362,0.016750000000000015,1.0,4,0,1.01,1.01,0,466.0,1476.25,0,4,0.5887499999999999,0.013122023472010722,0.577,0.611,-0.21125000000000008,0.013122023472010722,0.2116571520171242,0.21125000000000008,1.0,4,0,1.01,1.01,0,466.0,1476.25,0
55,55,power_law,0.126,1.0,6937.0,-4.874,4.874,97.47999999999999,0,1,0.411,1.15,17.0,-1.589,1.589,79.45,0,0,0.011,1.0,28805.0,0.0009999999999999992,0.0009999999999999992,9.999999999999991,1,1,0.288,1.0,26769.0,-0.01200000000000001,0.01200000000000001,4.0000000000000036,1,1,6.745,1.1,25.0,-11.254999999999999,11.254999999999999,62.52777777777777,0,0,4,0.07825,0.02664934333149693,0.052,0.118,0.07825,0.02664934333149693,0.08266347440072912,0.07825,1.0,4,0,1.03,1.09,2,12683.0,16080.75,0,4,0.07825,0.02664934333149693,0.052,0.118,0.07825,0.02664934333149693,0.08266347440072912,0.07825,1.0,4,0,1.03,1.09,2,12683.0,16080.75,0,4,18.93575,13.878815428108407,0.297,37.467,18.93575,13.878815428108407,23.477311297292967,18.93575,1.0,4,0,1.4500000000000002,1.74,3,6.0,4574.5,3,4,18.93575,13.878815428108407,0.297,37.467,-31.06425,13.87881542810841,34.02365567880677,31.06425,0.75,3,0,1.4500000000000002,1.74,3,6.0,4574.5,3,4,0.6385000000000001,0.02127792283095323,0.603,0.659,0.038500000000000034,0.02127792283095323,0.043988634895845584,0.038500000000000034,1.0,4,0,1.0275,1.03,4,94.0,117.75,4,4,0.6385000000000001,0.02127792283095323,0.603,0.659,-0.16150000000000003,0.02127792283095323,0.16289567213403802,0.16150000000000003,1.0,4,0,1.0275,1.03,4,94.0,117.75,4
56,56,power_law,0.148,1.01,980.0,-4.852,4.852,97.04,0,1,0.379,1.2,14.0,-1.621,1.621,81.05,0,0,0.014,1.0,22473.0,0.004,0.004,40.0,1,1,0.317,1.0,19631.0,0.017000000000000015,0.017000000000000015,5.666666666666672,1,1,6.647,1.13,20.0,-11.353,11.353,63.072222222222216,0,0,4,0.1825,0.08076044824045989,0.105,0.318,0.1825,0.08076044824045989,0.1995707894457503,0.1825,1.0,4,0,1.0225,1.08,1,13226.0,14405.0,0,4,0.1825,0.08076044824045989,0.105,0.318,0.1825,0.08076044824045989,0.1995707894457503,0.1825,1.0,4,0,1.0225,1.08,1,13226.0,14405.0,0,4,18.791999999999998,14.190611878985345,-0.489,37.586,18.791999999999998,14.190611878985345,23.548093967453077,19.0365,1.0,4,0,1.4475,1.73,3,6.0,3663.75,3,4,18.791999999999998,14.190611878985345,-0.489,37.586,-31.208,14.190611878985344,34.28283432710895,31.208,0.75,3,0,1.4475,1.73,3,6.0,3663.75,3,4,0.5425,0.009656603957913991,0.528,0.555,-0.05749999999999994,0.009656603957913991,0.05830523132618542,0.05749999999999994,1.0,4,0,1.09,1.09,4,28.0,28.75,4,4,0.5425,0.009656603957913991,0.528,0.555,-0.2575,0.009656603957913991,0.25768100434451896,0.2575,1.0,4,0,1.09,1.09,4,28.0,28.75,4
57,57,power_law,0.174,1.0,8228.0,-4.826,4.826,96.52,0,1,0.402,1.07,34.0,-1.5979999999999999,1.5979999999999999,79.89999999999999,0,0,0.012,1.0,23981.0,0.002,0.002,20.0,1,1,0.281,1.0,29995.0,-0.01899999999999996,0.01899999999999996,6.3333333333333215,1,1,6.827,1.04,65.0,-11.173,11.173,62.072222222222216,0,0,4,0.22775,0.22892616167664193,0.058,0.622,0.22775,0.22892616167664193,0.32291988170442526,0.22775,1.0,4,0,1.0,1.0,0,13236.0,16937.75,0,4,0.22775,0.22892616167664193,0.058,0.622,0.22775,0.22892616167664193,0.32291988170442526,0.22775,1.0,4,0,1.0,1.0,0,13236.0,16937.75,0,4,5.94225,6.602589051841709,-1.133,12.574,5.94225,6.602589051841709,8.882821468992834,6.59375,1.0,4,0,1.2650000000000001,1.53,2,7.0,8368.5,2,4,5.94225,6.602589051841709,-1.133,12.574,-44.05775,6.602589051841709,44.54974205593115,44.05775,0.5,2,0,1.2650000000000001,1.53,2,7.0,8368.5,2,4,0.528,0.006041522986797291,0.518,0.534,-0.07199999999999995,0.006041522986797291,0.07225302761822507,0.07199999999999995,1.0,4,0,1.01,1.01,0,3932.0,4277.75,0,4,0.528,0.006041522986797291,0.518,0.534,-0.272,0.006041522986797291,0.2720670873148754,0.272,1.0,4,0,1.01,1.01,0,3932.0,4277.75,0
58,58,power_law,0.131,1.0,6120.0,-4.869,4.869,97.38,0,1,0.391,1.09,26.0,-1.609,1.609,80.45,0,0,0.009,1.0,29834.0,-0.0010000000000000009,0.0010000000000000009,10.000000000000009,1,1,0.302,1.0,29822.0,0.0020000000000000018,0.0020000000000000018,0.6666666666666673,1,1,6.845,1.05,54.0,-11.155000000000001,11.155000000000001,61.97222222222223,0,0,4,0.1175,0.07164321321660552,0.05,0.238,0.1175,0.07164321321660552,0.1376190393804578,0.1175,1.0,4,0,1.0275,1.05,3,11121.0,16082.5,0,4,0.1175,0.07164321321660552,0.05,0.238,0.1175,0.07164321321660552,0.1376190393804578,0.1175,1.0,4,0,1.0275,1.05,3,11121.0,16082.5,0,4,18.8095,6.2589750958124135,12.472,25.202,18.8095,6.2589750958124135,19.82352288318098,18.8095,1.0,4,0,1.63,1.73,4,6.0,6.5,4,4,18.8095,6.2589750958124135,12.472,25.202,-31.1905,6.258975095812413,31.81229415650497,31.1905,1.0,4,0,1.63,1.73,4,6.0,6.5,4,4,0.58,0.0015811388300841912,0.578,0.582,-0.020000000000000018,0.0015811388300841912,0.020062402647738897,0.020000000000000018,1.0,4,0,1.01,1.01,0,1290.0,1933.75,0,4,0.58,0.0015811388300841912,0.578,0.582,-0.22000000000000008,0.0015811388300841912,0.22000568174481322,0.22000000000000008,1.0,4,0,1.01,1.01,0,1290.0,1933.75,0
59,59,power_law,0.151,1.0,4148.0,-4.849,4.849,96.98,0,1,0.434,1.12,21.0,-1.566,1.566,78.3,0,0,0.011,1.0,16000.0,0.0009999999999999992,0.0009999999999999992,9.999999999999991,1,1,0.305,1.0,11514.0,0.0050000000000000044,0.0050000000000000044,1.6666666666666683,1,1,7.253,1.12,21.0,-10.747,10.747,59.705555555555556,0,0,4,0.092,0.031804087787578504,0.043,0.132,0.092,0.031804087787578504,0.09734217996326157,0.092,1.0,4,0,1.0125,1.05,1,3601.0,10957.5,0,4,0.092,0.031804087787578504,0.043,0.132,0.092,0.031804087787578504,0.09734217996326157,0.092,1.0,4,0,1.0125,1.05,1,3601.0,10957.5,0,4,3.2169999999999996,5.655599216705512,-0.335,13.008,3.2169999999999996,5.655599216705512,6.506526838490716,3.3845,1.0,4,0,1.1325,1.53,1,7.0,11411.0,1,4,3.2169999999999996,5.655599216705512,-0.335,13.008,-46.783,5.65559921670551,47.12361288674713,46.783,0.25,1,0,1.1325,1.53,1,7.0,11411.0,1,4,0.6375,0.004500000000000004,0.634,0.645,0.03750000000000003,0.004500000000000004,0.03776903493604255,0.03750000000000003,1.0,4,0,1.01,1.01,0,491.0,668.0,0,4,0.6375,0.004500000000000004,0.634,0.645,-0.16250000000000003,0.004500000000000004,0.16256229575150571,0.16250000000000003,1.0,4,0,1.01,1.01,0,491.0,668.0,0
60,60,power_law,0.123,1.01,4837.0,-4.877,4.877,97.53999999999999,0,1,0.394,1.22,13.0,-1.6059999999999999,1.6059999999999999,80.3,0,0,0.011,1.0,33332.0,0.0009999999999999992,0.0009999999999999992,9.999999999999991,1,1,0.286,1.0,32296.0,-0.014000000000000012,0.014000000000000012,4.666666666666671,1,1,6.87,1.14,18.0,-11.129999999999999,11.129999999999999,61.83333333333333,0,0,4,0.10275000000000001,0.047483549783056446,0.026,0.155,0.10275000000000001,0.047483549783056446,0.11319120990607001,0.10275000000000001,1.0,4,0,1.0150000000000001,1.06,1,12961.0,16208.25,0,4,0.10275000000000001,0.047483549783056446,0.026,0.155,0.10275000000000001,0.047483549783056446,0.11319120990607001,0.10275000000000001,1.0,4,0,1.0150000000000001,1.06,1,12961.0,16208.25,0,4,9.29675,10.515517708962312,-0.436,24.968,9.29675,10.515517708962312,14.035870947326353,9.59825,1.0,4,0,1.315,1.73,2,6.0,10697.0,2,4,9.29675,10.515517708962312,-0.436,24.968,-40.70325,10.515517708962312,42.03963217310542,40.70325,0.5,2,0,1.315,1.73,2,6.0,10697.0,2,4,0.59675,0.00571729831301464,0.588,0.604,-0.003250000000000003,0.00571729831301464,0.006576473218982959,0.005250000000000005,1.0,4,0,1.0275,1.03,4,124.0,156.25,4,4,0.59675,0.00571729831301464,0.588,0.604,-0.20325000000000007,0.00571729831301464,0.20333039615364948,0.20325000000000007,1.0,4,0,1.0275,1.03,4,124.0,156.25,4
61,61,power_law,0.149,1.0,7310.0,-4.851,4.851,97.02,0,1,0.399,1.01,302.0,-1.601,1.601,80.05,0,1,0.011,1.0,36493.0,0.0009999999999999992,0.0009999999999999992,9.999999999999991,1,1,0.307,1.0,33851.0,0.007000000000000006,0.007000000000000006,2.3333333333333357,1,1,6.841,1.01,339.0,-11.158999999999999,11.158999999999999,61.99444444444444,0,1,4,0.10575,0.037465817754321076,0.043,0.14,0.10575,0.037465817754321076,0.11219068588791138,0.10575,1.0,4,0,1.0025,1.01,0,13991.0,18017.5,0,4,0.10575,0.037465817754321076,0.043,0.14,0.10575,0.037465817754321076,0.11219068588791138,0.10575,1.0,4,0,1.0025,1.01,0,13991.0,18017.5,0,4,31.23075,18.957818260219188,12.205,50.212,31.23075,18.957818260219188,36.53434847852087,31.23075,0.5,2,0,1.2650000000000001,1.53,2,7.0,10183.0,2,4,31.23075,18.957818260219188,12.205,50.212,-18.769250000000003,18.957818260219188,26.67739902520484,18.95775,1.0,4,0,1.2650000000000001,1.53,2,7.0,10183.0,2,4,0.57175,0.006057020719792864,0.564,0.581,-0.028250000000000025,0.006057020719792864,0.02889204042638736,0.028250000000000025,1.0,4,0,1.0025,1.01,0,5121.0,5301.25,0,4,0.57175,0.006057020719792864,0.564,0.581,-0.2282500000000001,0.006057020719792864,0.22833035277860025,0.2282500000000001,1.0,4,0,1.0025,1.01,0,5121.0,5301.25,0
62,62,power_law,0.178,1.0,8139.0,-4.822,4.822,96.44,0,1,0.437,1.06,39.0,-1.563,1.563,78.14999999999999,0,0,0.003,1.0,26422.0,-0.007,0.007,70.0,0,1,0.292,1.0,28906.0,-0.008000000000000007,0.008000000000000007,2.666666666666669,1,1,7.386,1.1,23.0,-10.614,10.614,58.96666666666667,0,0,4,0.21499999999999997,0.2328024913956034,0.068,0.618,0.21499999999999997,0.2328024913956034,0.31689430414571984,0.21499999999999997,1.0,4,0,1.0325,1.12,1,464.0,12377.5,0,4,0.21499999999999997,0.2328024913956034,0.068,0.618,0.21499999999999997,0.2328024913956034,0.31689430414571984,0.21499999999999997,1.0,4,0,1.0325,1.12,1,464.0,12377.5,0,4,12.62575,15.84074541135928,-0.368,38.642,12.62575,15.84074541135928,20.256820536550155,12.809750000000001,1.0,4,0,1.2650000000000001,1.53,2,7.0,13374.0,2,4,12.62575,15.84074541135928,-0.368,38.642,-37.37425,15.840745411359277,40.59265670352213,37.37425,0.5,2,0,1.2650000000000001,1.53,2,7.0,13374.0,2,4,0.613,0.006284902544988273,0.604,0.621,0.013000000000000012,0.006284902544988273,0.014439529078193665,0.013000000000000012,1.0,4,0,1.02,1.03,3,122.0,228.75,3,4,0.613,0.006284902544988273,0.604,0.621,-0.18700000000000006,0.006284902544988273,0.18710558516516823,0.18700000000000006,1.0,4,0,1.02,1.03,3,122.0,228.75,3
63,63,power_law,0.136,1.0,6542.0,-4.864,4.864,97.28,0,1,0.387,1.01,961.0,-1.613,1.613,80.65,0,1,0.007,1.0,25914.0,-0.003,0.003,30.0,1,1,0.288,1.0,28281.0,-0.01200000000000001,0.01200000000000001,4.0000000000000036,1,1,7.545,1.02,174.0,-10.455,10.455,58.08333333333333,0,0,4,0.15275,0.128781549532532,0.046,0.372,0.15275,0.128781549532532,0.19979301789602158,0.15275,1.0,4,0,1.0274999999999999,1.06,2,12246.0,15265.25,0,4,0.15275,0.128781549532532,0.046,0.372,0.15275,0.128781549532532,0.19979301789602158,0.15275,1.0,4,0,1.0274999999999999,1.06,2,12246.0,15265.25,0,4,19.043,6.444014315626557,12.533,25.868,19.043,6.444014315626557,20.10376008362615,19.043,1.0,4,0,1.6300000000000001,1.73,4,6.0,6.5,4,4,19.043,6.444014315626557,12.533,25.868,-30.957,6.444014315626556,31.620581422548195,30.957,1.0,4,0,1.6300000000000001,1.73,4,6.0,6.5,4,4,0.54025,0.006722164829874382,0.534,0.55,-0.05974999999999994,0.006722164829874382,0.06012694903285874,0.05974999999999994,1.0,4,0,1.0025,1.01,0,4692.0,4839.75,0,4,0.54025,0.006722164829874382,0.534,0.55,-0.25975000000000004,0.006722164829874382,0.25983696811654805,0.25975000000000004,1.0,4,0,1.0025,1.01,0,4692.0,4839.75,0
64,64,power_law,0.116,1.01,1638.0,-4.884,4.884,97.68,0,1,0.418,1.07,34.0,-1.582,1.582,79.10000000000001,0,0,0.012,1.0,34925.0,0.002,0.002,20.0,1,1,0.294,1.0,35053.0,-0.006000000000000005,0.006000000000000005,2.0000000000000018,1,1,6.766,1.05,52.0,-11.234,11.234,62.411111111111104,0,0,4,0.12125,0.08462379984377918,0.031,0.26,0.12125,0.08462379984377918,0.1478605762196266,0.12125,1.0,4,0,1.1099999999999999,1.26,3,6721.0,12012.5,0,4,0.12125,0.08462379984377918,0.031,0.26,0.12125,0.08462379984377918,0.1478605762196266,0.12125,1.0,4,0,1.1099999999999999,1.26,3,6721.0,12012.5,0,4,22.05125,10.431187525277263,12.426,37.577,22.05125,10.431187525277263,24.394001306673736,22.05125,1.0,4,0,1.58,1.73,4,6.0,6.75,4,4,22.05125,10.431187525277263,12.426,37.577,-27.94875,10.431187525277261,29.83190070629091,27.94875,1.0,4,0,1.58,1.73,4,6.0,6.75,4,4,0.663,0.00845576726264389,0.655,0.677,0.06300000000000006,0.00845576726264389,0.06356492743644099,0.06300000000000006,1.0,4,0,1.02,1.02,4,139.0,143.0,4,4,0.663,0.00845576726264389,0.655,0.677,-0.137,0.00845576726264389,0.13726070085789305,0.137,1.0,4,0,1.02,1.02,4,139.0,143.0,4
65,65,power_law,0.165,1.0,5820.0,-4.835,4.835,96.7,0,1,0.395,1.0,17458.0,-1.605,1.605,80.25,0,1,0.014,1.0,24566.0,0.004,0.004,40.0,1,1,0.304,1.0,26232.0,0.0040000000000000036,0.0040000000000000036,1.3333333333333346,1,1,6.518,1.0,21329.0,-11.482,11.482,63.788888888888884,0,1,4,0.14725,0.09007878496072201,0.063,0.295,0.14725,0.09007878496072201,0.17261735138739673,0.14725,1.0,4,0,1.0,1.0,0,12843.0,15575.0,0,4,0.14725,0.09007878496072201,0.063,0.295,0.14725,0.09007878496072201,0.17261735138739673,0.14725,1.0,4,0,1.0,1.0,0,12843.0,15575.0,0,4,25.061749999999996,25.216977290855063,-0.24,50.535,25.061749999999996,25.216977290855063,35.55259845285574,25.216250000000002,0.5,2,0,1.0,1.0,0,8975.0,14527.0,0,4,25.061749999999996,25.216977290855063,-0.24,50.535,-24.93825,25.216977290855066,35.465648968403215,25.21625,0.5,2,0,1.0,1.0,0,8975.0,14527.0,0,4,0.5485,0.019345542122153066,0.522,0.567,-0.05149999999999999,0.019345542122153066,0.055013634673597024,0.05149999999999999,1.0,4,0,1.0,1.0,0,5303.0,5644.5,0,4,0.5485,0.019345542122153066,0.522,0.567,-0.25150000000000006,0.019345542122153066,0.25224293845418155,0.25150000000000006,1.0,4,0,1.0,1.0,0,5303.0,5644.5,0
66,66,power_law,0.201,1.03,87.0,-4.799,4.799,95.98,0,0,0.407,1.15,17.0,-1.593,1.593,79.65,0,0,0.017,1.0,2907.0,0.007000000000000001,0.007000000000000001,70.0,1,1,0.275,1.02,189.0,-0.024999999999999967,0.024999999999999967,8.333333333333323,1,0,6.362,1.08,29.0,-11.638,11.638,64.65555555555555,0,0,4,0.32725000000000004,0.338787082841126,0.063,0.908,0.32725000000000004,0.338787082841126,0.4710299884296116,0.32725000000000004,1.0,4,0,1.01,1.01,0,688.0,7793.5,0,4,0.32725000000000004,0.338787082841126,0.063,0.908,0.32725000000000004,0.338787082841126,0.4710299884296116,0.32725000000000004,1.0,4,0,1.01,1.01,0,688.0,7793.5,0,4,34.929500000000004,16.96017158669098,12.322,52.161,34.929500000000004,16.96017158669098,38.82933672495579,34.929500000000004,0.5,2,0,1.3225,1.74,2,6.0,1215.25,2,4,34.929500000000004,16.96017158669098,12.322,52.161,-15.0705,16.96017158669098,22.68848585736827,16.364,1.0,4,0,1.3225,1.74,2,6.0,1215.25,2,4,0.546,0.005522680508593635,0.541,0.555,-0.05399999999999994,0.005522680508593635,0.0542816727818883,0.05399999999999994,1.0,4,0,1.02,1.02,4,115.0,123.5,4,4,0.546,0.005522680508593635,0.541,0.555,-0.254,0.005522680508593635,0.2540600322758383,0.254,1.0,4,0,1.02,1.02,4,115.0,123.5,4
67,67,power_law,0.138,1.0,7305.0,-4.862,4.862,97.24000000000001,0,1,0.451,1.02,171.0,-1.549,1.549,77.45,0,0,0.019,1.0,30125.0,0.009,0.009,89.99999999999999,1,1,0.298,1.0,19392.0,-0.0020000000000000018,0.0020000000000000018,0.6666666666666673,1,1,7.714,1.02,188.0,-10.286,10.286,57.144444444444446,0,0,4,0.12350000000000001,0.1255079678745537,0.021,0.333,0.12350000000000001,0.1255079678745537,0.17608094729413515,0.12350000000000001,1.0,4,0,1.0025,1.01,0,6802.0,12280.5,0,4,0.12350000000000001,0.1255079678745537,0.021,0.333,0.12350000000000001,0.1255079678745537,0.17608094729413515,0.12350000000000001,1.0,4,0,1.0025,1.01,0,6802.0,12280.5,0,4,9.28425,10.534797847490953,-0.233,25.366,9.28425,10.534797847490953,14.042053402191575,9.424249999999999,1.0,4,0,1.315,1.73,2,6.0,9287.0,2,4,9.28425,10.534797847490953,-0.233,25.366,-40.71575,10.534797847490951,42.05656029384714,40.71575,0.5,2,0,1.315,1.73,2,6.0,9287.0,2,4,0.6837500000000001,0.003269174207655472,0.679,0.688,0.08375000000000005,0.003269174207655472,0.08381378168296671,0.08375000000000005,1.0,4,0,1.0,1.0,0,5876.0,6049.5,0,4,0.6837500000000001,0.003269174207655472,0.679,0.688,-0.11625000000000002,0.003269174207655472,0.11629595865721218,0.11625000000000002,1.0,4,0,1.0,1.0,0,5876.0,6049.5,0
68,68,power_law,0.128,1.0,5857.0,-4.872,4.872,97.44,0,1,0.412,1.05,52.0,-1.588,1.588,79.4,0,0,0.012,1.0,16078.0,0.002,0.002,20.0,1,1,0.293,1.0,21592.0,-0.007000000000000006,0.007000000000000006,2.3333333333333357,1,1,7.289,1.04,67.0,-10.711,10.711,59.50555555555555,0,0,4,0.07775000000000001,0.026280934153869038,0.033,0.098,0.07775000000000001,0.026280934153869038,0.08207161506879221,0.07775000000000001,1.0,4,0,1.025,1.05,2,12080.0,14461.0,0,4,0.07775000000000001,0.026280934153869038,0.033,0.098,0.07775000000000001,0.026280934153869038,0.08207161506879221,0.07775000000000001,1.0,4,0,1.025,1.05,2,12080.0,14461.0,0,4,12.3995,9.023236960758593,-0.405,25.112,12.3995,9.023236960758593,15.335136305230547,12.602,1.0,4,0,1.4475,1.73,3,6.0,4791.25,3,4,12.3995,9.023236960758593,-0.405,25.112,-37.600500000000004,9.023236960758593,38.66802820806874,37.600500000000004,0.75,3,0,1.4475,1.73,3,6.0,4791.25,3,4,0.61225,0.010059199769365364,0.595,0.62,0.012250000000000011,0.010059199769365363,0.015850867484147373,0.014750000000000013,1.0,4,0,1.01,1.01,0,360.0,400.0,2,4,0.61225,0.010059199769365364,0.595,0.62,-0.18775000000000006,0.010059199769365363,0.18801928092618592,0.18775000000000006,1.0,4,0,1.01,1.01,0,360.0,400.0,2
69,69,power_law,0.16,1.0,8663.0,-4.84,4.84,96.8,0,1,0.427,1.0,18327.0,-1.573,1.573,78.64999999999999,0,1,0.014,1.0,26534.0,0.004,0.004,40.0,1,1,0.315,1.0,29916.0,0.015000000000000013,0.015000000000000013,5.000000000000004,1,1,6.893,1.0,21467.0,-11.107,11.107,61.70555555555555,0,1,4,0.10625,0.055778019864459155,0.038,0.181,0.10625,0.055778019864459155,0.12000104166214558,0.10625,1.0,4,0,1.005,1.02,1,12987.0,16550.5,0,4,0.10625,0.055778019864459155,0.038,0.181,0.10625,0.055778019864459155,0.12000104166214558,0.10625,1.0,4,0,1.005,1.02,1,12987.0,16550.5,0,4,19.0715,21.12085912670221,-0.289,51.126,19.0715,21.12085912670221,28.457210026634723,19.216,0.75,3,0,1.1825,1.73,1,6.0,14886.75,1,4,19.0715,21.12085912670221,-0.289,51.126,-30.9285,21.120859126702207,37.45214015914178,31.491500000000002,0.5,2,0,1.1825,1.73,1,6.0,14886.75,1,4,0.59725,0.01298797520786055,0.582,0.616,-0.0027500000000000024,0.01298797520786055,0.013275918047351764,0.01175000000000001,1.0,4,0,1.0,1.0,0,6452.0,7247.75,0,4,0.59725,0.01298797520786055,0.582,0.616,-0.20275000000000007,0.01298797520786055,0.2031655728709961,0.20275000000000007,1.0,4,0,1.0,1.0,0,6452.0,7247.75,0
70,70,power_law,0.261,1.0,7086.0,-4.739,4.739,94.78,0,1,0.385,1.08,29.0,-1.615,1.615,80.75,0,0,0.011,1.0,25819.0,0.0009999999999999992,0.0009999999999999992,9.999999999999991,1,1,0.306,1.0,24880.0,0.006000000000000005,0.006000000000000005,2.0000000000000018,1,1,6.502,1.07,37.0,-11.498000000000001,11.498000000000001,63.87777777777779,0,0,4,0.35775,0.16578808009021637,0.187,0.617,0.35775,0.16578808009021637,0.39429779355203093,0.35775,1.0,4,0,1.0125,1.05,1,9450.0,16397.5,0,4,0.35775,0.16578808009021637,0.187,0.617,0.35775,0.16578808009021637,0.39429779355203093,0.35775,1.0,4,0,1.0125,1.05,1,9450.0,16397.5,0,4,34.47575,21.056763834632804,-1.012,50.686,34.47575,21.056763834632804,40.397582121334935,34.98175,0.5,2,0,1.1325,1.53,1,7.0,10787.0,1,4,34.47575,21.056763834632804,-1.012,50.686,-15.52425,21.056763834632804,26.160841753468105,15.86725,0.75,3,0,1.1325,1.53,1,7.0,10787.0,1,4,0.45949999999999996,0.012619429464123946,0.442,0.472,-0.14049999999999999,0.012619429464123947,0.14106558758251425,0.14049999999999999,1.0,4,0,1.04,1.04,4,62.0,65.0,4,4,0.45949999999999996,0.012619429464123946,0.442,0.472,-0.3405,0.012619429464123947,0.3407337670381379,0.3405,0.75,3,0,1.04,1.04,4,62.0,65.0,4
71,71,power_law,0.134,1.01,1223.0,-4.866,4.866,97.32,0,1,0.439,1.11,23.0,-1.561,1.561,78.05,0,0,0.016,1.0,29201.0,0.006,0.006,60.0,1,1,0.295,1.0,33572.0,-0.0050000000000000044,0.0050000000000000044,1.6666666666666683,1,1,7.761,1.06,41.0,-10.239,10.239,56.88333333333334,0,0,4,0.08725,0.06007235220964799,0.02,0.183,0.08725,0.06007235220964799,0.10593040167959338,0.08725,1.0,4,0,1.0125,1.04,1,9496.0,13530.25,0,4,0.08725,0.06007235220964799,0.02,0.183,0.08725,0.06007235220964799,0.10593040167959338,0.08725,1.0,4,0,1.0125,1.04,1,9496.0,13530.25,0,4,9.35275,10.522470868930927,-0.342,25.169,9.35275,10.522470868930927,14.078221682797867,9.54025,1.0,4,0,1.315,1.73,2,6.0,10454.25,2,4,9.35275,10.522470868930927,-0.342,25.169,-40.64725,10.52247086893093,41.98715667617897,40.64725,0.5,2,0,1.315,1.73,2,6.0,10454.25,2,4,0.6665,0.006873863542433766,0.66,0.678,0.06650000000000006,0.006873863542433766,0.06685431923219327,0.06650000000000006,1.0,4,0,1.01,1.01,0,2739.0,3651.5,0,4,0.6665,0.006873863542433766,0.66,0.678,-0.1335,0.006873863542433766,0.13367684915496775,0.1335,1.0,4,0,1.01,1.01,0,2739.0,3651.5,0
72,72,power_law,0.172,1.01,8135.0,-4.828,4.828,96.56,0,1,0.401,1.29,10.0,-1.599,1.599,79.95,0,0,0.007,1.0,22311.0,-0.003,0.003,30.0,1,1,0.311,1.0,30263.0,0.01100000000000001,0.01100000000000001,3.66666666666667,1,1,7.545,1.29,10.0,-10.455,10.455,58.08333333333333,0,0,4,0.193,0.11487166752511258,0.103,0.389,0.193,0.11487166752511258,0.22459853071647645,0.193,1.0,4,0,1.065,1.24,1,168.0,11135.25,1,4,0.193,0.11487166752511258,0.103,0.389,0.193,0.11487166752511258,0.22459853071647645,0.193,1.0,4,0,1.065,1.24,1,168.0,11135.25,1,4,22.14275,13.64704530979142,0.077,37.482,22.14275,13.64704530979142,26.0104445031222,22.14275,1.0,4,0,1.5,1.74,3,6.0,4382.0,3,4,22.14275,13.64704530979142,0.077,37.482,-27.85725,13.647045309791421,31.020448469517653,27.85725,0.75,3,0,1.5,1.74,3,6.0,4382.0,3,4,0.522,0.012369316876852993,0.507,0.541,-0.07799999999999996,0.012369316876852993,0.07897467948652906,0.07799999999999996,1.0,4,0,1.0725,1.08,4,32.0,34.5,4,4,0.522,0.012369316876852993,0.507,0.541,-0.278,0.012369316876852993,0.2782750437966007,0.278,1.0,4,0,1.0725,1.08,4,32.0,34.5,4
73,73,power_law,0.169,1.0,7170.0,-4.831,4.831,96.62,0,1,0.421,1.01,2489.0,-1.579,1.579,78.95,0,1,0.011,1.0,35003.0,0.0009999999999999992,0.0009999999999999992,9.999999999999991,1,1,0.322,1.0,30636.0,0.02200000000000002,0.02200000000000002,7.33333333333334,1,1,7.07,1.02,185.0,-10.93,10.93,60.72222222222222,0,0,4,0.114,0.015215124054702942,0.096,0.138,0.114,0.015215124054702942,0.11501086905158138,0.114,1.0,4,0,1.0075,1.03,1,6468.0,13416.75,0,4,0.114,0.015215124054702942,0.096,0.138,0.114,0.015215124054702942,0.11501086905158138,0.114,1.0,4,0,1.0075,1.03,1,6468.0,13416.75,0,4,9.299,16.52705347301811,-0.463,37.921,9.299,16.52705347301811,18.9635149036248,9.7575,1.0,4,0,1.1325,1.53,1,7.0,13133.5,1,4,9.299,16.52705347301811,-0.463,37.921,-40.701,16.52705347301811,43.92852031994704,40.701,0.25,1,0,1.1325,1.53,1,7.0,13133.5,1,4,0.5974999999999999,0.02606242505984432,0.569,0.63,-0.0025000000000000022,0.02606242505984432,0.026182054923172115,0.025500000000000023,1.0,4,0,1.01,1.01,0,2578.0,2877.0,0,4,0.5974999999999999,0.02606242505984432,0.569,0.63,-0.20250000000000007,0.02606242505984432,0.20417027207700936,0.20250000000000007,1.0,4,0,1.01,1.01,0,2578.0,2877.0,0
74,74,power_law,0.143,1.0,7882.0,-4.857,4.857,97.14,0,1,0.395,1.05,54.0,-1.605,1.605,80.25,0,0,0.015,1.0,33409.0,0.004999999999999999,0.004999999999999999,49.999999999999986,1,1,0.298,1.0,22786.0,-0.0020000000000000018,0.0020000000000000018,0.6666666666666673,1,1,7.246,1.03,72.0,-10.754,10.754,59.74444444444445,0,0,4,0.12275000000000001,0.06410294455015307,0.057,0.212,0.12275000000000001,0.06410294455015307,0.13848014298086206,0.12275000000000001,1.0,4,0,1.0475,1.15,2,8665.0,13108.25,0,4,0.12275000000000001,0.06410294455015307,0.057,0.212,0.12275000000000001,0.06410294455015307,0.13848014298086206,0.12275000000000001,1.0,4,0,1.0475,1.15,2,8665.0,13108.25,0,4,18.650000000000002,14.034103266685763,-0.235,37.568,18.650000000000002,14.034103266685763,23.340491736465193,18.767500000000002,1.0,4,0,1.4475,1.73,3,6.0,4780.25,3,4,18.650000000000002,14.034103266685763,-0.235,37.568,-31.35,14.034103266685763,34.347904659527636,31.35,0.75,3,0,1.4475,1.73,3,6.0,4780.25,3,4,0.56275,0.016269219403523914,0.536,0.58,-0.037250000000000005,0.016269219403523914,0.0406478781734053,0.037250000000000005,1.0,4,0,1.0225,1.03,4,96.0,147.5,4,4,0.56275,0.016269219403523914,0.536,0.58,-0.23725000000000007,0.016269219403523914,0.23780716978257832,0.23725000000000007,1.0,4,0,1.0225,1.03,4,96.0,147.5,4
75,75,power_law,0.194,1.02,270.0,-4.806,4.806,96.12,0,0,0.36,1.08,33.0,-1.6400000000000001,1.6400000000000001,82.0,0,0,0.013,1.0,27079.0,0.002999999999999999,0.002999999999999999,29.999999999999993,1,1,0.29,1.0,27118.0,-0.010000000000000009,0.010000000000000009,3.3333333333333366,1,1,6.768,1.08,32.0,-11.232,11.232,62.4,0,0,4,0.2135,0.046532246883209935,0.152,0.267,0.2135,0.046532246883209935,0.21851201339972134,0.2135,1.0,4,0,1.025,1.05,2,14970.0,17187.25,0,4,0.2135,0.046532246883209935,0.152,0.267,0.2135,0.046532246883209935,0.21851201339972134,0.2135,1.0,4,0,1.025,1.05,2,14970.0,17187.25,0,4,40.85425,10.417316698051376,25.112,50.316,40.85425,10.417316698051376,42.16147803682884,40.85425,0.5,2,0,1.315,1.73,2,6.0,7202.5,2,4,40.85425,10.417316698051376,25.112,50.316,-9.14575,10.417316698051376,13.862367411448885,9.403750000000002,1.0,4,0,1.315,1.73,2,6.0,7202.5,2,4,0.45075000000000004,0.00794905654779233,0.441,0.463,-0.14924999999999997,0.00794905654779233,0.1494615335128072,0.14924999999999997,1.0,4,0,1.05,1.05,4,49.0,49.75,4,4,0.45075000000000004,0.00794905654779233,0.441,0.463,-0.34925,0.00794905654779233,0.3493404499911226,0.34925,0.75,3,0,1.05,1.05,4,49.0,49.75,4
76,76,power_law,0.121,1.0,6584.0,-4.879,4.879,97.57999999999998,0,1,0.416,1.08,29.0,-1.584,1.584,79.2,0,0,0.003,1.0,9312.0,-0.007,0.007,70.0,0,1,0.314,1.0,5193.0,0.014000000000000012,0.014000000000000012,4.666666666666671,1,1,7.034,1.11,24.0,-10.966000000000001,10.966000000000001,60.92222222222223,0,0,4,0.087,0.03757658845611187,0.037,0.129,0.087,0.03757658845611187,0.09476813810558905,0.087,1.0,4,0,1.06,1.21,2,7396.0,11702.0,0,4,0.087,0.03757658845611187,0.037,0.129,0.087,0.03757658845611187,0.09476813810558905,0.087,1.0,4,0,1.06,1.21,2,7396.0,11702.0,0,4,9.408249999999999,10.555534007689994,-0.279,25.278,9.408249999999999,10.555534007689994,14.13981846594927,9.568750000000001,1.0,4,0,1.315,1.73,2,6.0,10190.5,2,4,9.408249999999999,10.555534007689994,-0.279,25.278,-40.591750000000005,10.555534007689994,41.94173895119276,40.591750000000005,0.5,2,0,1.315,1.73,2,6.0,10190.5,2,4,0.6467499999999999,0.002861380785564902,0.643,0.651,0.04675000000000004,0.002861380785564902,0.04683748498798803,0.04675000000000004,1.0,4,0,1.02,1.02,4,144.0,157.5,4,4,0.6467499999999999,0.002861380785564902,0.643,0.651,-0.15325000000000003,0.002861380785564902,0.15327671055969333,0.15325000000000003,1.0,4,0,1.02,1.02,4,144.0,157.5,4
77,77,power_law,0.181,1.05,50.0,-4.819,4.819,96.38,0,0,0.441,1.05,51.0,-1.559,1.559,77.95,0,0,0.016,1.07,17960.0,0.006,0.006,60.0,1,0,0.313,1.06,7157.0,0.013000000000000012,0.013000000000000012,4.3333333333333375,1,0,7.134,1.09,28.0,-10.866,10.866,60.36666666666667,0,0,4,0.15275,0.09477704099622439,0.038,0.298,0.15275,0.09477704099622439,0.179764429184419,0.15275,1.0,4,0,1.07,1.14,4,44.0,6420.25,2,4,0.15275,0.09477704099622439,0.038,0.298,0.15275,0.09477704099622439,0.179764429184419,0.15275,1.0,4,0,1.07,1.14,4,44.0,6420.25,2,4,12.402,15.479019946366112,-0.329,37.736,12.402,15.479019946366112,19.834557280161306,12.58,1.0,4,0,1.315,1.55,4,7.0,2738.25,3,4,12.402,15.479019946366112,-0.329,37.736,-37.598,15.479019946366112,40.65968104277258,37.598,0.5,2,0,1.315,1.55,4,7.0,2738.25,3,4,0.6045,0.012359207094308286,0.592,0.624,0.004500000000000004,0.012359207094308286,0.013152946437965917,0.01050000000000001,1.0,4,0,1.0225,1.03,4,89.0,185.75,4,4,0.6045,0.012359207094308286,0.592,0.624,-0.19550000000000006,0.012359207094308286,0.19589027540947512,0.19550000000000006,1.0,4,0,1.0225,1.03,4,89.0,185.75,4
78,78,power_law,0.163,1.0,5111.0,-4.837,4.837,96.74,0,1,0.395,1.0,18213.0,-1.605,1.605,80.25,0,1,0.012,1.0,31091.0,0.002,0.002,20.0,1,1,0.308,1.0,29693.0,0.008000000000000007,0.008000000000000007,2.666666666666669,1,1,6.039,1.0,17572.0,-11.961,11.961,66.45,0,1,4,0.129,0.042408725517280046,0.083,0.188,0.129,0.042408725517280046,0.13579212053723883,0.129,1.0,4,0,1.005,1.02,1,10775.0,14560.5,0,4,0.129,0.042408725517280046,0.083,0.188,0.129,0.042408725517280046,0.13579212053723883,0.129,1.0,4,0,1.005,1.02,1,10775.0,14560.5,0,4,31.380000000000003,21.02366365550971,-0.244,50.474,31.380000000000003,21.02366365550971,37.7716670733501,31.502000000000002,0.5,2,0,1.1825,1.73,1,6.0,11956.0,1,4,31.380000000000003,21.02366365550971,-0.244,50.474,-18.619999999999997,21.02366365550971,28.0837823930467,19.051499999999997,0.75,3,0,1.1825,1.73,1,6.0,11956.0,1,4,0.55475,0.01592757043619645,0.528,0.569,-0.045249999999999985,0.01592757043619645,0.04797134561381406,0.045249999999999985,1.0,4,0,1.0,1.0,0,4625.0,4921.5,0,4,0.55475,0.01592757043619645,0.528,0.569,-0.24525000000000005,0.01592757043619645,0.24576665762466646,0.24525000000000005,1.0,4,0,1.0,1.0,0,4625.0,4921.5,0
79,79,power_law,0.153,1.0,9854.0,-4.847,4.847,96.94,0,1,0.399,1.0,19079.0,-1.601,1.601,80.05,0,1,0.01,1.0,28613.0,0.0,0.0,0.0,1,1,0.331,1.0,24771.0,0.031000000000000028,0.031000000000000028,10.333333333333343,1,1,6.525,1.0,21062.0,-11.475,11.475,63.74999999999999,0,1,4,0.14100000000000001,0.07621351586168952,0.05,0.237,0.14100000000000001,0.07621351586168952,0.16027944347295445,0.14100000000000001,1.0,4,0,1.0,1.0,0,14762.0,17903.25,0,4,0.14100000000000001,0.07621351586168952,0.05,0.237,0.14100000000000001,0.07621351586168952,0.16027944347295445,0.14100000000000001,1.0,4,0,1.0,1.0,0,14762.0,17903.25,0,4,37.8935,21.932615080058284,-0.093,50.912,37.8935,21.932615080058284,43.78306689235006,37.940000000000005,0.25,1,0,1.0,1.0,0,11221.0,19528.5,0,4,37.8935,21.932615080058284,-0.093,50.912,-12.1065,21.932615080058287,25.052084673735237,12.940000000000001,0.75,3,0,1.0,1.0,0,11221.0,19528.5,0,4,0.5672499999999999,0.0022776083947860766,0.565,0.57,-0.03275000000000003,0.0022776083947860766,0.03282910294235896,0.03275000000000003,1.0,4,0,1.0,1.0,0,7830.0,8136.75,0,4,0.5672499999999999,0.0022776083947860766,0.565,0.57,-0.2327500000000001,0.0022776083947860766,0.23276114366448716,0.2327500000000001,1.0,4,0,1.0,1.0,0,7830.0,8136.75,0
80,80,power_law,0.158,1.0,7636.0,-4.842,4.842,96.83999999999999,0,1,0.424,1.08,31.0,-1.576,1.576,78.8,0,0,0.011,1.0,35446.0,0.0009999999999999992,0.0009999999999999992,9.999999999999991,1,1,0.337,1.0,26087.0,0.03700000000000003,0.03700000000000003,12.333333333333345,0,1,7.131,1.09,27.0,-10.869,10.869,60.38333333333333,0,0,4,0.2485,0.23378676181512076,0.077,0.649,0.2485,0.23378676181512076,0.3411868989278457,0.2485,1.0,4,0,1.0675,1.14,3,219.0,11494.75,1,4,0.2485,0.23378676181512076,0.077,0.649,0.2485,0.23378676181512076,0.3411868989278457,0.2485,1.0,4,0,1.0675,1.14,3,219.0,11494.75,1,4,19.060250000000003,14.451804219110498,-0.07,38.914,19.060250000000003,14.451804219110498,23.919610683495666,19.09525,1.0,4,0,1.4475,1.73,3,6.0,3379.75,3,4,19.060250000000003,14.451804219110498,-0.07,38.914,-30.939749999999997,14.451804219110498,34.14853986995637,30.939749999999997,0.75,3,0,1.4475,1.73,3,6.0,3379.75,3,4,0.5905,0.006800735254367728,0.579,0.596,-0.009500000000000008,0.006800735254367728,0.011683321445547934,0.009500000000000008,1.0,4,0,1.0175,1.02,3,196.0,248.75,4,4,0.5905,0.006800735254367728,0.579,0.596,-0.20950000000000008,0.006800735254367728,0.2096103527977567,0.20950000000000008,1.0,4,0,1.0175,1.02,3,196.0,248.75,4
81,81,power_law,0.15,1.01,1123.0,-4.85,4.85,97.0,0,1,0.392,1.15,17.0,-1.608,1.608,80.4,0,0,0.016,1.0,29122.0,0.006,0.006,60.0,1,1,0.291,1.0,26576.0,-0.009000000000000008,0.009000000000000008,3.0000000000000027,1,1,7.226,1.07,34.0,-10.774000000000001,10.774000000000001,59.85555555555556,0,0,4,0.13125,0.05109488721976006,0.048,0.184,0.13125,0.05109488721976006,0.14084477271095297,0.13125,1.0,4,0,1.0225,1.09,1,7381.0,14384.0,0,4,0.13125,0.05109488721976006,0.048,0.184,0.13125,0.05109488721976006,0.14084477271095297,0.13125,1.0,4,0,1.0225,1.09,1,7381.0,14384.0,0,4,18.668,20.951369227332137,-0.521,50.132,18.668,20.951369227332137,28.06161250712439,19.0105,0.75,3,0,1.1825,1.73,1,6.0,13068.5,1,4,18.668,20.951369227332137,-0.521,50.132,-31.332,20.951369227332137,37.69156532302685,31.398,0.5,2,0,1.1825,1.73,1,6.0,13068.5,1,4,0.545,0.005958187643906498,0.54,0.555,-0.05499999999999994,0.005958187643906498,0.05532178594369485,0.05499999999999994,1.0,4,0,1.0775000000000001,1.08,4,32.0,32.5,4,4,0.545,0.005958187643906498,0.54,0.555,-0.255,0.005958187643906498,0.25506959834523596,0.255,1.0,4,0,1.0775000000000001,1.08,4,32.0,32.5,4
82,82,power_law,0.192,1.0,8475.0,-4.808,4.808,96.16,0,1,0.411,1.12,21.0,-1.589,1.589,79.45,0,0,0.01,1.0,13960.0,0.0,0.0,0.0,1,1,0.318,1.0,2837.0,0.018000000000000016,0.018000000000000016,6.000000000000005,1,1,7.181,1.12,22.0,-10.818999999999999,10.818999999999999,60.10555555555555,0,0,4,0.1455,0.05629609222672565,0.078,0.233,0.1455,0.05629609222672565,0.156011217545406,0.1455,1.0,4,0,1.03,1.1,1,520.0,1060.75,0,4,0.1455,0.05629609222672565,0.078,0.233,0.1455,0.05629609222672565,0.156011217545406,0.1455,1.0,4,0,1.03,1.1,1,520.0,1060.75,0,4,15.78175,20.68725801520105,-0.652,50.436,15.78175,20.68725801520105,26.019728615994442,16.10775,0.75,3,0,1.1400000000000001,1.56,1,7.0,4732.25,1,4,15.78175,20.68725801520105,-0.652,50.436,-34.218250000000005,20.68725801520105,39.98563838742606,34.43625000000001,0.5,2,0,1.1400000000000001,1.56,1,7.0,4732.25,1,4,0.5597500000000001,0.008870597499605056,0.547,0.572,-0.04024999999999995,0.008870597499605056,0.0412158949921022,0.04024999999999995,1.0,4,0,1.02,1.02,4,165.0,194.0,4,4,0.5597500000000001,0.008870597499605056,0.547,0.572,-0.24025000000000002,0.008870597499605056,0.24041370593208702,0.24025000000000002,1.0,4,0,1.02,1.02,4,165.0,194.0,4
83,83,power_law,0.105,1.0,5843.0,-4.895,4.895,97.89999999999999,0,1,0.387,1.01,652.0,-1.613,1.613,80.65,0,1,0.011,1.0,34001.0,0.0009999999999999992,0.0009999999999999992,9.999999999999991,1,1,0.302,1.0,27814.0,0.0020000000000000018,0.0020000000000000018,0.6666666666666673,1,1,6.882,1.01,5762.0,-11.118,11.118,61.76666666666667,0,1,4,0.07749999999999999,0.03936051320803629,0.041,0.142,0.07749999999999999,0.03936051320803629,0.08692237916670252,0.07749999999999999,1.0,4,0,1.005,1.02,1,12702.0,16665.25,0,4,0.07749999999999999,0.03936051320803629,0.041,0.142,0.07749999999999999,0.03936051320803629,0.08692237916670252,0.07749999999999999,1.0,4,0,1.005,1.02,1,12702.0,16665.25,0,4,24.9465,19.688058595250066,-0.0,49.826,24.9465,19.688058595250066,31.779671387539548,24.9465,0.75,3,0,1.2650000000000001,1.53,2,7.0,8048.0,2,4,24.9465,19.688058595250066,-0.0,49.826,-25.0535,19.688058595250066,31.863733514765656,25.0535,0.75,3,0,1.2650000000000001,1.53,2,7.0,8048.0,2,4,0.6012500000000001,0.01219374839825721,0.589,0.62,0.0012500000000000011,0.01219374839825721,0.012257650672131274,0.01075000000000001,1.0,4,0,1.01,1.01,0,3579.0,3739.75,0,4,0.6012500000000001,0.01219374839825721,0.589,0.62,-0.19875000000000007,0.01219374839825721,0.1991237052688605,0.19875000000000007,1.0,4,0,1.01,1.01,0,3579.0,3739.75,0
84,84,power_law,0.142,1.0,4871.0,-4.858,4.858,97.16,0,1,0.389,1.03,109.0,-1.611,1.611,80.55,0,0,0.011,1.0,32921.0,0.0009999999999999992,0.0009999999999999992,9.999999999999991,1,1,0.288,1.0,30559.0,-0.01200000000000001,0.01200000000000001,4.0000000000000036,1,1,6.859,1.01,3809.0,-11.141,11.141,61.89444444444444,0,1,4,0.101,0.02630589287593181,0.071,0.143,0.101,0.02630589287593181,0.10436953578511309,0.101,1.0,4,0,1.0025,1.01,0,10503.0,14871.0,0,4,0.101,0.02630589287593181,0.071,0.143,0.101,0.02630589287593181,0.10436953578511309,0.101,1.0,4,0,1.0025,1.01,0,10503.0,14871.0,0,4,34.52725,20.380015792130777,0.338,50.138,34.52725,20.380015792130777,40.09334154507454,34.52725,0.5,2,0,1.1325,1.53,1,7.0,10401.25,1,4,34.52725,20.380015792130777,0.338,50.138,-15.472750000000001,20.38001579213078,25.588103412523562,15.54175,0.75,3,0,1.1325,1.53,1,7.0,10401.25,1,4,0.5555,0.0248042335096249,0.513,0.574,-0.04450000000000001,0.0248042335096249,0.05094604989594384,0.04450000000000001,1.0,4,0,1.0,1.0,0,4377.0,4864.5,0,4,0.5555,0.0248042335096249,0.513,0.574,-0.24450000000000008,0.0248042335096249,0.245754959258201,0.24450000000000008,1.0,4,0,1.0,1.0,0,4377.0,4864.5,0
85,85,power_law,0.192,1.0,9993.0,-4.808,4.808,96.16,0,1,0.439,1.04,61.0,-1.561,1.561,78.05,0,0,0.019,1.0,35707.0,0.009,0.009,89.99999999999999,1,1,0.303,1.0,30599.0,0.0030000000000000027,0.0030000000000000027,1.0000000000000009,1,1,6.611,1.06,43.0,-11.389,11.389,63.27222222222222,0,0,4,0.12775,0.03809445497706982,0.085,0.182,0.12775,0.03809445497706982,0.13330885191914302,0.12775,1.0,4,0,1.03,1.12,1,10445.0,13621.0,0,4,0.12775,0.03809445497706982,0.085,0.182,0.12775,0.03809445497706982,0.13330885191914302,0.12775,1.0,4,0,1.03,1.12,1,10445.0,13621.0,0,4,15.69525,20.681768642635472,-0.331,50.376,15.69525,20.681768642635472,25.962981853978174,15.86075,0.75,3,0,1.1325,1.53,1,7.0,16983.5,1,4,15.69525,20.681768642635472,-0.331,50.376,-34.30475,20.681768642635472,40.05685243188736,34.49275,0.5,2,0,1.1325,1.53,1,7.0,16983.5,1,4,0.61575,0.008407585860400127,0.608,0.629,0.015750000000000014,0.008407585860400127,0.01785357107135714,0.015750000000000014,1.0,4,0,1.02,1.02,4,168.0,179.5,4,4,0.61575,0.008407585860400127,0.608,0.629,-0.18425000000000005,0.008407585860400127,0.1844417252142259,0.18425000000000005,1.0,4,0,1.02,1.02,4,168.0,179.5,4
86,86,power_law,0.166,1.0,3177.0,-4.834,4.834,96.67999999999999,0,1,0.413,1.02,169.0,-1.587,1.587,79.35,0,0,0.005,1.0,11818.0,-0.005,0.005,50.0,1,1,0.312,1.0,7720.0,0.01200000000000001,0.01200000000000001,4.0000000000000036,1,1,6.866,1.01,858.0,-11.134,11.134,61.855555555555554,0,1,4,0.123,0.05353970489272424,0.048,0.186,0.123,0.05353970489272424,0.13414730709186823,0.123,1.0,4,0,1.0025,1.01,0,6128.0,13997.5,0,4,0.123,0.05353970489272424,0.048,0.186,0.123,0.05353970489272424,0.13414730709186823,0.123,1.0,4,0,1.0025,1.01,0,6128.0,13997.5,0,4,21.65475,22.628378304410152,-0.693,50.164,21.65475,22.628378304410152,31.3204677846612,22.18125,0.75,3,0,1.1325,1.53,1,7.0,14381.25,1,4,21.65475,22.628378304410152,-0.693,50.164,-28.34525,22.628378304410152,36.26977670526798,28.42725,0.5,2,0,1.1325,1.53,1,7.0,14381.25,1,4,0.5665,0.008958236433584416,0.557,0.58,-0.033499999999999974,0.008958236433584416,0.03467708176879937,0.033499999999999974,1.0,4,0,1.0,1.0,0,5738.0,6177.75,0,4,0.5665,0.008958236433584416,0.557,0.58,-0.23350000000000004,0.008958236433584416,0.2336717783558811,0.23350000000000004,1.0,4,0,1.0,1.0,0,5738.0,6177.75,0
87,87,power_law,0.145,1.0,6374.0,-4.855,4.855,97.10000000000001,0,1,0.391,1.03,86.0,-1.609,1.609,80.45,0,0,0.024,1.0,33410.0,0.014,0.014,140.0,0,1,0.289,1.0,26976.0,-0.01100000000000001,0.01100000000000001,3.66666666666667,1,1,6.699,1.02,141.0,-11.301,11.301,62.78333333333334,0,0,4,0.19175,0.18331308600315474,0.049,0.506,0.19175,0.18331308600315474,0.2652767422900093,0.19175,1.0,4,0,1.0,1.0,0,12075.0,17004.5,0,4,0.19175,0.18331308600315474,0.049,0.506,0.19175,0.18331308600315474,0.2652767422900093,0.19175,1.0,4,0,1.0,1.0,0,12075.0,17004.5,0,4,15.457250000000002,16.714464265644295,-0.94,37.999,15.457250000000002,16.714464265644295,22.766200676661008,16.07525,1.0,4,0,1.315,1.73,2,6.0,7134.75,2,4,15.457250000000002,16.714464265644295,-0.94,37.999,-34.54275,16.714464265644292,38.374143550703515,34.54275,0.5,2,0,1.315,1.73,2,6.0,7134.75,2,4,0.554,0.009354143466934828,0.542,0.565,-0.04599999999999996,0.00935414346693483,0.04694145289613431,0.04599999999999996,1.0,4,0,1.0075,1.01,0,4287.0,4570.75,0,4,0.554,0.009354143466934828,0.542,0.565,-0.24600000000000002,0.00935414346693483,0.24617778128823894,0.24600000000000002,1.0,4,0,1.0075,1.01,0,4287.0,4570.75,0
88,88,power_law,0.151,1.01,6865.0,-4.849,4.849,96.98,0,1,0.39,1.17,15.0,-1.6099999999999999,1.6099999999999999,80.5,0,0,0.01,1.0,30300.0,0.0,0.0,0.0,1,1,0.328,1.0,34510.0,0.028000000000000025,0.028000000000000025,9.333333333333343,1,1,6.518,1.12,20.0,-11.482,11.482,63.788888888888884,0,0,4,0.15075,0.06034639591558058,0.062,0.23,0.15075,0.06034639591558058,0.16237995565955793,0.15075,1.0,4,0,1.07,1.15,3,10575.0,14880.25,0,4,0.15075,0.06034639591558058,0.062,0.23,0.15075,0.06034639591558058,0.16237995565955793,0.15075,1.0,4,0,1.07,1.15,3,10575.0,14880.25,0,4,22.09575,5.597944684212234,12.401,25.469,22.09575,5.597944684212234,22.793840237002627,22.09575,1.0,4,0,1.68,1.73,4,6.0,6.25,4,4,22.09575,5.597944684212234,12.401,25.469,-27.90425,5.597944684212235,28.46022053235006,27.90425,1.0,4,0,1.68,1.73,4,6.0,6.25,4,4,0.58075,0.011233320969330496,0.568,0.597,-0.019250000000000017,0.011233320969330496,0.022287889088022688,0.019250000000000017,1.0,4,0,1.0575,1.06,4,41.0,45.75,4,4,0.58075,0.011233320969330496,0.568,0.597,-0.21925000000000008,0.011233320969330496,0.21953758220405006,0.21925000000000008,1.0,4,0,1.0575,1.06,4,41.0,45.75,4
89,89,power_law,0.117,1.02,179.0,-4.883,4.883,97.66,0,0,0.437,1.08,31.0,-1.563,1.563,78.14999999999999,0,0,0.019,1.0,6218.0,0.009,0.009,89.99999999999999,1,1,0.298,1.0,30084.0,-0.0020000000000000018,0.0020000000000000018,0.6666666666666673,1,1,7.092,1.03,87.0,-10.908000000000001,10.908000000000001,60.60000000000001,0,0,4,0.04675,0.026892145693491992,0.017,0.089,0.04675,0.026892145693491992,0.05393282859261138,0.04675,1.0,4,0,1.0025,1.01,0,1970.0,13816.0,0,4,0.04675,0.026892145693491992,0.017,0.089,0.04675,0.026892145693491992,0.05393282859261138,0.04675,1.0,4,0,1.0025,1.01,0,1970.0,13816.0,0,4,12.361999999999998,15.726581065190233,-0.526,38.046,12.361999999999998,15.726581065190233,20.00360957427434,12.838000000000001,1.0,4,0,1.2650000000000001,1.53,2,7.0,6066.0,2,4,12.361999999999998,15.726581065190233,-0.526,38.046,-37.638000000000005,15.726581065190235,40.79147455044988,37.638000000000005,0.5,2,0,1.2650000000000001,1.53,2,7.0,6066.0,2,4,0.6735,0.013499999999999967,0.659,0.695,0.07350000000000004,0.013499999999999969,0.07472951224248693,0.07350000000000004,1.0,4,0,1.0,1.0,0,5749.0,6634.0,0,4,0.6735,0.013499999999999967,0.659,0.695,-0.12650000000000003,0.013499999999999969,0.12721831629132657,0.12650000000000003,1.0,4,0,1.0,1.0,0,5749.0,6634.0,0
90,90,power_law,0.153,1.01,5736.0,-4.847,4.847,96.94,0,1,0.381,1.02,190.0,-1.619,1.619,80.95,0,0,0.005,1.0,28813.0,-0.005,0.005,50.0,1,1,0.308,1.0,21348.0,0.008000000000000007,0.008000000000000007,2.666666666666669,1,1,7.027,1.01,506.0,-10.972999999999999,10.972999999999999,60.96111111111111,0,1,4,0.10400000000000001,0.03623534186398688,0.071,0.165,0.10400000000000001,0.03623534186398688,0.11013173929435602,0.10400000000000001,1.0,4,0,1.0075,1.02,1,11474.0,15061.25,0,4,0.10400000000000001,0.03623534186398688,0.071,0.165,0.10400000000000001,0.03623534186398688,0.11013173929435602,0.10400000000000001,1.0,4,0,1.0075,1.02,1,11474.0,15061.25,0,4,9.174249999999999,5.359387575786995,-0.103,12.548,9.174249999999999,5.359387575786995,10.624965799944958,9.22575,1.0,4,0,1.4000000000000001,1.54,3,7.0,396.25,3,4,9.174249999999999,5.359387575786995,-0.103,12.548,-40.82575,5.359387575786996,41.176023341867285,40.82575,0.75,3,0,1.4000000000000001,1.54,3,7.0,396.25,3,4,0.5455000000000001,0.005408326913195989,0.538,0.553,-0.05449999999999994,0.005408326913195989,0.05476769120567338,0.05449999999999994,1.0,4,0,1.01,1.01,0,3870.0,4142.25,0,4,0.5455000000000001,0.005408326913195989,0.538,0.553,-0.2545,0.005408326913195989,0.254557459132511,0.2545,1.0,4,0,1.01,1.01,0,3870.0,4142.25,0
91,91,power_law,0.144,1.0,8574.0,-4.856,4.856,97.11999999999999,0,1,0.43,1.0,20206.0,-1.57,1.57,78.5,0,1,0.005,1.0,25529.0,-0.005,0.005,50.0,1,1,0.301,1.0,29542.0,0.0010000000000000009,0.0010000000000000009,0.33333333333333365,1,1,7.437,1.0,25262.0,-10.562999999999999,10.562999999999999,58.68333333333333,0,1,4,0.0755,0.03114883625434504,0.042,0.122,0.0755,0.03114883625434504,0.0816731289960168,0.0755,1.0,4,0,1.0,1.0,0,12219.0,17034.75,0,4,0.0755,0.03114883625434504,0.042,0.122,0.0755,0.03114883625434504,0.0816731289960168,0.0755,1.0,4,0,1.0,1.0,0,12219.0,17034.75,0,4,-0.2,0.06217314532818812,-0.255,-0.104,-0.2,0.06217314532818812,0.2094409224578616,0.2,1.0,4,0,1.0,1.0,0,17339.0,20695.75,0,4,-0.2,0.06217314532818812,-0.255,-0.104,-50.2,0.062173145328189565,50.20003850098125,50.2,0.0,0,0,1.0,1.0,0,17339.0,20695.75,0,4,0.61825,0.009807522622966525,0.604,0.631,0.018250000000000016,0.009807522622966525,0.02071834935510068,0.018250000000000016,1.0,4,0,1.0,1.0,0,6453.0,7112.25,0,4,0.61825,0.009807522622966525,0.604,0.631,-0.18175000000000005,0.009807522622966525,0.18201442250547076,0.18175000000000005,1.0,4,0,1.0,1.0,0,6453.0,7112.25,0
92,92,power_law,0.152,1.0,7466.0,-4.848,4.848,96.96000000000001,0,1,0.396,1.03,79.0,-1.604,1.604,80.2,0,0,0.005,1.0,21725.0,-0.005,0.005,50.0,1,1,0.31,1.0,29165.0,0.010000000000000009,0.010000000000000009,3.3333333333333366,1,1,6.98,1.03,72.0,-11.02,11.02,61.22222222222222,0,0,4,0.119,0.06363961030678927,0.059,0.219,0.119,0.06363961030678927,0.13494813818648999,0.119,1.0,4,0,1.0275,1.09,2,1570.0,13824.0,0,4,0.119,0.06363961030678927,0.059,0.219,0.119,0.06363961030678927,0.13494813818648999,0.119,1.0,4,0,1.0275,1.09,2,1570.0,13824.0,0,4,15.541000000000002,13.693671147650655,-0.114,37.558,15.541000000000002,13.693671147650655,20.713264119882215,15.598,1.0,4,0,1.3975,1.53,3,7.0,5754.5,3,4,15.541000000000002,13.693671147650655,-0.114,37.558,-34.459,13.693671147650653,37.080174089397154,34.459,0.75,3,0,1.3975,1.53,3,7.0,5754.5,3,4,0.5515,0.005123475382979804,0.546,0.558,-0.04849999999999993,0.005123475382979804,0.04876986774638612,0.04849999999999993,1.0,4,0,1.0,1.0,0,5815.0,6201.0,0,4,0.5515,0.005123475382979804,0.546,0.558,-0.2485,0.005123475382979804,0.2485528112896734,0.2485,1.0,4,0,1.0,1.0,0,5815.0,6201.0,0
93,93,power_law,0.175,1.01,5777.0,-4.825,4.825,96.50000000000001,0,1,0.406,1.02,125.0,-1.5939999999999999,1.5939999999999999,79.69999999999999,0,0,0.011,1.0,31307.0,0.0009999999999999992,0.0009999999999999992,9.999999999999991,1,1,0.283,1.0,30920.0,-0.017000000000000015,0.017000000000000015,5.666666666666672,1,1,7.039,1.03,97.0,-10.961,10.961,60.89444444444445,0,0,4,0.15399999999999997,0.05952730465929059,0.085,0.238,0.15399999999999997,0.05952730465929059,0.16510451235505344,0.15399999999999997,1.0,4,0,1.04,1.12,2,12041.0,15495.5,0,4,0.15399999999999997,0.05952730465929059,0.085,0.238,0.15399999999999997,0.05952730465929059,0.16510451235505344,0.15399999999999997,1.0,4,0,1.04,1.12,2,12041.0,15495.5,0,4,18.765750000000004,14.028584860473277,0.12,37.895,18.765750000000004,14.028584860473277,23.42977947506122,18.765750000000004,1.0,4,0,1.4475,1.73,3,6.0,5540.25,3,4,18.765750000000004,14.028584860473277,0.12,37.895,-31.234249999999996,14.028584860473277,34.240028712750814,31.234249999999996,0.75,3,0,1.4475,1.73,3,6.0,5540.25,3,4,0.5472500000000001,0.005018714974971187,0.541,0.555,-0.052749999999999936,0.005018714974971187,0.05298820623497264,0.052749999999999936,1.0,4,0,1.0225,1.03,4,135.0,143.75,4,4,0.5472500000000001,0.005018714974971187,0.541,0.555,-0.25275000000000003,0.005018714974971187,0.25279982199360823,0.25275000000000003,1.0,4,0,1.0225,1.03,4,135.0,143.75,4
94,94,power_law,0.134,1.04,72.0,-4.866,4.866,97.32,0,0,0.393,1.01,612.0,-1.607,1.607,80.35,0,1,0.005,1.0,28251.0,-0.005,0.005,50.0,1,1,0.283,1.0,12288.0,-0.017000000000000015,0.017000000000000015,5.666666666666672,1,1,6.81,1.04,57.0,-11.190000000000001,11.190000000000001,62.16666666666667,0,0,4,0.11699999999999999,0.045863929181874506,0.06,0.185,0.11699999999999999,0.045863929181874506,0.12566821396041244,0.11699999999999999,1.0,4,0,1.075,1.25,2,5881.0,11056.25,0,4,0.11699999999999999,0.045863929181874506,0.06,0.185,0.11699999999999999,0.045863929181874506,0.12566821396041244,0.11699999999999999,1.0,4,0,1.075,1.25,2,5881.0,11056.25,0,4,21.883499999999998,5.511369044983288,12.339,25.215,21.883499999999998,5.511369044983288,22.56685093228561,21.883499999999998,1.0,4,0,1.68,1.73,4,6.0,6.25,4,4,21.883499999999998,5.511369044983288,12.339,25.215,-28.116500000000002,5.511369044983288,28.65157519229964,28.116500000000002,1.0,4,0,1.68,1.73,4,6.0,6.25,4,4,0.57775,0.0246614577833509,0.548,0.612,-0.022249999999999964,0.0246614577833509,0.0332152073604847,0.02824999999999997,1.0,4,0,1.0525,1.06,4,46.0,52.75,4,4,0.57775,0.0246614577833509,0.548,0.612,-0.22225000000000003,0.0246614577833509,0.22361406485281737,0.22225000000000003,1.0,4,0,1.0525,1.06,4,46.0,52.75,4
95,95,power_law,0.125,1.0,7945.0,-4.875,4.875,97.5,0,1,0.401,1.18,15.0,-1.599,1.599,79.95,0,0,0.012,1.0,29213.0,0.002,0.002,20.0,1,1,0.289,1.0,30570.0,-0.01100000000000001,0.01100000000000001,3.66666666666667,1,1,6.931,1.11,22.0,-11.068999999999999,11.068999999999999,61.49444444444444,0,0,4,0.10075,0.06118568051431642,0.032,0.168,0.10075,0.06118568051431642,0.11787387327139123,0.10075,1.0,4,0,1.005,1.02,1,14002.0,17126.0,0,4,0.10075,0.06118568051431642,0.032,0.168,0.10075,0.06118568051431642,0.11787387327139123,0.10075,1.0,4,0,1.005,1.02,1,14002.0,17126.0,0,4,12.45225,15.243640089804666,-0.189,37.35,12.45225,15.243640089804666,19.683167764615533,12.54675,1.0,4,0,1.2650000000000001,1.53,2,7.0,7765.25,2,4,12.45225,15.243640089804666,-0.189,37.35,-37.54775,15.243640089804666,40.5240927504861,37.54775,0.5,2,0,1.2650000000000001,1.53,2,7.0,7765.25,2,4,0.5994999999999999,0.02458149710656369,0.562,0.622,-0.0004999999999999727,0.02458149710656369,0.024586581706288472,0.021999999999999992,1.0,4,0,1.0225,1.03,4,127.0,168.75,4,4,0.5994999999999999,0.02458149710656369,0.562,0.622,-0.20050000000000004,0.02458149710656369,0.20200123761997107,0.20050000000000004,1.0,4,0,1.0225,1.03,4,127.0,168.75,4
96,96,power_law,0.17,1.0,8105.0,-4.83,4.83,96.6,0,1,0.435,1.03,94.0,-1.565,1.565,78.25,0,0,0.01,1.0,29441.0,0.0,0.0,0.0,1,1,0.315,1.0,25753.0,0.015000000000000013,0.015000000000000013,5.000000000000004,1,1,7.256,1.01,8193.0,-10.744,10.744,59.68888888888889,0,1,4,0.08600000000000001,0.015700318468107585,0.075,0.113,0.08600000000000001,0.015700318468107585,0.08742139326274775,0.08600000000000001,1.0,4,0,1.0,1.0,0,13936.0,15324.75,0,4,0.08600000000000001,0.015700318468107585,0.075,0.113,0.08600000000000001,0.015700318468107585,0.08742139326274775,0.08600000000000001,1.0,4,0,1.0,1.0,0,13936.0,15324.75,0,4,18.758499999999998,20.992015178395807,-0.337,50.584,18.758499999999998,20.992015178395807,28.1521939375957,18.927,0.75,3,0,1.1825,1.73,1,6.0,16649.75,1,4,18.758499999999998,20.992015178395807,-0.337,50.584,-31.241500000000002,20.99201517839581,37.639022616162606,31.533500000000004,0.5,2,0,1.1825,1.73,1,6.0,16649.75,1,4,0.59675,0.01853881064146243,0.566,0.615,-0.003250000000000003,0.018538810641462428,0.01882153022471873,0.013750000000000012,1.0,4,0,1.0025,1.01,0,5693.0,6515.75,0,4,0.59675,0.01853881064146243,0.566,0.615,-0.20325000000000007,0.018538810641462428,0.20409372846807428,0.20325000000000007,1.0,4,0,1.0025,1.01,0,5693.0,6515.75,0
97,97,power_law,0.16,1.01,6300.0,-4.84,4.84,96.8,0,1,0.449,1.33,9.0,-1.551,1.551,77.55,0,0,0.013,1.0,32871.0,0.002999999999999999,0.002999999999999999,29.999999999999993,1,1,0.298,1.0,26852.0,-0.0020000000000000018,0.0020000000000000018,0.6666666666666673,1,1,6.986,1.29,10.0,-11.014,11.014,61.18888888888888,0,0,4,0.10924999999999999,0.05115356781300792,0.045,0.188,0.10924999999999999,0.05115356781300792,0.12063270700767681,0.10924999999999999,1.0,4,0,1.0474999999999999,1.17,1,7056.0,11929.25,0,4,0.10924999999999999,0.05115356781300792,0.045,0.188,0.10924999999999999,0.05115356781300792,0.12063270700767681,0.10924999999999999,1.0,4,0,1.0474999999999999,1.17,1,7056.0,11929.25,0,4,9.39125,10.609958986136563,-0.663,25.216,9.39125,10.609958986136563,14.169220382575746,9.72275,1.0,4,0,1.315,1.73,2,6.0,9502.25,2,4,9.39125,10.609958986136563,-0.663,25.216,-40.60875,10.609958986136563,41.97191687604939,40.60875,0.5,2,0,1.315,1.73,2,6.0,9502.25,2,4,0.6565,0.021615966321217307,0.623,0.677,0.05650000000000005,0.021615966321217307,0.060493801335343496,0.05650000000000005,1.0,4,0,1.055,1.06,4,48.0,51.0,4,4,0.6565,0.021615966321217307,0.623,0.677,-0.14350000000000002,0.021615966321217307,0.14511891675450173,0.14350000000000002,1.0,4,0,1.055,1.06,4,48.0,51.0,4
98,98,power_law,0.122,1.01,4597.0,-4.878,4.878,97.56,0,1,0.398,1.02,133.0,-1.6019999999999999,1.6019999999999999,80.1,0,0,0.015,1.0,30175.0,0.004999999999999999,0.004999999999999999,49.999999999999986,1,1,0.306,1.0,27170.0,0.006000000000000005,0.006000000000000005,2.0000000000000018,1,1,7.308,1.01,1656.0,-10.692,10.692,59.4,0,1,4,0.11075,0.06322726864257225,0.04,0.196,0.11075,0.06322726864257225,0.12752744802590538,0.11075,1.0,4,0,1.0,1.0,0,12263.0,14475.5,0,4,0.11075,0.06322726864257225,0.04,0.196,0.11075,0.06322726864257225,0.12752744802590538,0.11075,1.0,4,0,1.0,1.0,0,12263.0,14475.5,0,4,15.637,20.831779724737874,-0.334,50.547,15.637,20.831779724737874,26.04762590909198,15.936,0.75,3,0,1.1325,1.53,1,7.0,10461.0,1,4,15.637,20.831779724737874,-0.334,50.547,-34.363,20.831779724737874,40.184310563950206,34.6365,0.5,2,0,1.1325,1.53,1,7.0,10461.0,1,4,0.56525,0.011966097943774288,0.547,0.579,-0.03475,0.011966097943774286,0.036752550931874094,0.03475,1.0,4,0,1.0,1.0,0,5049.0,5381.75,0,4,0.56525,0.011966097943774288,0.547,0.579,-0.23475000000000007,0.011966097943774286,0.23505478084906087,0.23475000000000007,1.0,4,0,1.0,1.0,0,5049.0,5381.75,0
99,99,power_law,0.171,1.0,6458.0,-4.829,4.829,96.58,0,1,0.41,1.16,16.0,-1.59,1.59,79.5,0,0,0.005,1.0,3848.0,-0.005,0.005,50.0,1,1,0.281,1.0,8627.0,-0.01899999999999996,0.01899999999999996,6.3333333333333215,1,1,6.94,1.13,19.0,-11.059999999999999,11.059999999999999,61.444444444444436,0,0,4,0.22275,0.1279206296888817,0.034,0.388,0.22275,0.1279206296888817,0.2568681568431556,0.22275,1.0,4,0,1.0275,1.11,1,522.0,11096.5,0,4,0.22275,0.1279206296888817,0.034,0.388,0.22275,0.1279206296888817,0.2568681568431556,0.22275,1.0,4,0,1.0275,1.11,1,522.0,11096.5,0,4,15.983249999999998,21.23110727652941,-0.875,51.515,15.983249999999998,21.23110727652941,26.57487905428734,16.420749999999998,0.75,3,0,1.1325,1.53,1,7.0,9602.75,1,4,15.983249999999998,21.23110727652941,-0.875,51.515,-34.01675,21.23110727652941,40.098618389540555,34.77425,0.5,2,0,1.1325,1.53,1,7.0,9602.75,1,4,0.579,0.005244044240850763,0.572,0.585,-0.02100000000000002,0.005244044240850763,0.021644860821913383,0.02100000000000002,1.0,4,0,1.0325000000000002,1.04,4,81.0,93.75,4,4,0.579,0.005244044240850763,0.572,0.585,-0.22100000000000009,0.005244044240850763,0.22106220843916322,0.22100000000000009,1.0,4,0,1.0325000000000002,1.04,4,81.0,93.75,4
