,simulation,model,scale1_post_mean,scale1_rhat,scale1_ess_bulk,scale1_bias,scale1_abs_bias,scale1_relative_error,scale1_covered,scale1_converged,exponent1_post_mean,exponent1_rhat,exponent1_ess_bulk,exponent1_bias,exponent1_abs_bias,exponent1_relative_error,exponent1_covered,exponent1_converged,scale2_post_mean,scale2_rhat,scale2_ess_bulk,scale2_bias,scale2_abs_bias,scale2_relative_error,scale2_covered,scale2_converged,exponent2_post_mean,exponent2_rhat,exponent2_ess_bulk,exponent2_bias,exponent2_abs_bias,exponent2_relative_error,exponent2_covered,exponent2_converged,weight_post_mean,weight_rhat,weight_ess_bulk,weight_bias,weight_abs_bias,weight_relative_error,weight_covered,weight_converged,q_param_post_mean,q_param_rhat,q_param_ess_bulk,q_param_bias,q_param_abs_bias,q_param_relative_error,q_param_covered,q_param_converged,pi0_post_mean,pi0_rhat,pi0_ess_bulk,pi0_bias,pi0_abs_bias,pi0_relative_error,pi0_covered,pi0_converged,phi_post_mean,phi_rhat,phi_ess_bulk,phi_bias,phi_abs_bias,phi_relative_error,phi_covered,phi_converged,n_fx1,fx1_post_mean_avg,fx1_post_mean_sd,fx1_post_mean_min,fx1_post_mean_max,fx1_bias_mean,fx1_bias_sd,fx1_rmse,fx1_mae,fx1_coverage_rate,fx1_n_covered,fx1_n_rhat_nan,fx1_rhat_mean,fx1_rhat_max,fx1_n_rhat_above_1.01,fx1_ess_bulk_min,fx1_ess_bulk_mean,fx1_n_ess_below_400,n_fx2,fx2_post_mean_avg,fx2_post_mean_sd,fx2_post_mean_min,fx2_post_mean_max,fx2_bias_mean,fx2_bias_sd,fx2_rmse,fx2_mae,fx2_coverage_rate,fx2_n_covered,fx2_n_rhat_nan,fx2_rhat_mean,fx2_rhat_max,fx2_n_rhat_above_1.01,fx2_ess_bulk_min,fx2_ess_bulk_mean,fx2_n_ess_below_400,n_fy1,fy1_post_mean_avg,fy1_post_mean_sd,fy1_post_mean_min,fy1_post_mean_max,fy1_bias_mean,fy1_bias_sd,fy1_rmse,fy1_mae,fy1_coverage_rate,fy1_n_covered,fy1_n_rhat_nan,fy1_rhat_mean,fy1_rhat_max,fy1_n_rhat_above_1.01,fy1_ess_bulk_min,fy1_ess_bulk_mean,fy1_n_ess_below_400,n_fy2,fy2_post_mean_avg,fy2_post_mean_sd,fy2_post_mean_min,fy2_post_mean_max,fy2_bias_mean,fy2_bias_sd,fy2_rmse,fy2_mae,fy2_coverage_rate,fy2_n_covered,fy2_n_rhat_nan,fy2_rhat_mean,fy2_rhat_max,fy2_n_rhat_above_1.01,fy2_ess_bulk_min,fy2_ess_bulk_mean,fy2_n_ess_below_400,n_fz1,fz1_post_mean_avg,fz1_post_mean_sd,fz1_post_mean_min,fz1_post_mean_max,fz1_bias_mean,fz1_bias_sd,fz1_rmse,fz1_mae,fz1_coverage_rate,fz1_n_covered,fz1_n_rhat_nan,fz1_rhat_mean,fz1_rhat_max,fz1_n_rhat_above_1.01,fz1_ess_bulk_min,fz1_ess_bulk_mean,fz1_n_ess_below_400,n_fz2,fz2_post_mean_avg,fz2_post_mean_sd,fz2_post_mean_min,fz2_post_mean_max,fz2_bias_mean,fz2_bias_sd,fz2_rmse,fz2_mae,fz2_coverage_rate,fz2_n_covered,fz2_n_rhat_nan,fz2_rhat_mean,fz2_rhat_max,fz2_n_rhat_above_1.01,fz2_ess_bulk_min,fz2_ess_bulk_mean,fz2_n_ess_below_400
0,0,power_law,4.944,1.0,14084.0,-0.05600000000000005,0.05600000000000005,1.120000000000001,1,1,2.119,1.0,12608.0,0.11900000000000022,0.11900000000000022,5.950000000000011,1,1,2.977,1.0,18113.0,-2.023,2.023,40.46,1,1,2.468,1.0,18705.0,0.46799999999999997,0.46799999999999997,23.4,1,1,0.796,1.0,8759.0,-0.20399999999999996,0.20399999999999996,20.399999999999995,0,1,0.01,1.0,34676.0,0.0,0.0,0.0,1,1,0.313,1.0,43060.0,0.013000000000000012,0.013000000000000012,4.3333333333333375,1,1,18.451,1.0,31151.0,0.4510000000000005,0.4510000000000005,2.5055555555555586,1,1,4,0.0365,0.01628649747490233,0.023,0.064,0.0365,0.01628649747490233,0.039968737783422685,0.0365,1.0,4,0,1.0,1.0,0,16280.0,21998.0,0,4,5.460999999999999,0.30473102894191795,5.194,5.974,5.460999999999999,0.30473102894191795,5.469495589174563,5.460999999999999,1.0,4,0,1.0,1.0,0,17231.0,21382.0,0,4,-0.02975,0.12243850497290466,-0.188,0.15,-0.02975,0.12243850497290466,0.1260009920595866,0.10475,1.0,4,0,1.0,1.0,0,28591.0,30404.75,0,4,28.043,3.4633254972641545,22.566,31.041,28.043,3.4633254972641545,28.256051962367284,28.043,1.0,4,0,1.0,1.0,0,14062.0,15518.75,0,4,0.85975,0.011519006033508283,0.845,0.877,0.25975000000000004,0.011519006033508283,0.2600052884077553,0.25975000000000004,0.0,0,0,1.0,1.0,0,4625.0,6272.0,0,4,0.29975,0.0060156047077579876,0.294,0.308,-0.30025,0.0060156047077579876,0.30031025623511426,0.30025,1.0,4,0,1.0,1.0,0,15472.0,16393.25,0
1,1,power_law,3.56,1.0,13357.0,-1.44,1.44,28.799999999999997,0,1,1.79,1.0,12749.0,-0.20999999999999996,0.20999999999999996,10.499999999999998,1,1,2.895,1.0,16427.0,-2.105,2.105,42.1,1,1,2.538,1.0,16377.0,0.5379999999999998,0.5379999999999998,26.89999999999999,1,1,0.814,1.0,9206.0,-0.18600000000000005,0.18600000000000005,18.600000000000005,0,1,0.015,1.0,31082.0,0.004999999999999999,0.004999999999999999,49.999999999999986,1,1,0.285,1.0,34328.0,-0.015000000000000013,0.015000000000000013,5.000000000000004,1,1,17.409,1.0,16215.0,-0.5910000000000011,0.5910000000000011,3.2833333333333394,1,1,4,0.05075,0.02286235989568881,0.016,0.078,0.05075,0.02286235989568881,0.055661925945838416,0.05075,1.0,4,0,1.0,1.0,0,9027.0,13079.0,0,4,5.3847499999999995,0.16213169801121555,5.154,5.584,5.3847499999999995,0.16213169801121555,5.387190292722172,5.3847499999999995,1.0,4,0,1.0,1.0,0,14935.0,16952.5,0,4,0.011249999999999996,0.17105463308545607,-0.272,0.152,0.011249999999999996,0.17105463308545607,0.17142418149141037,0.14725,1.0,4,0,1.0,1.0,0,24602.0,28535.5,0,4,27.935,3.646378271655315,25.077,34.152,27.935,3.646378271655315,28.171977202532307,27.935,1.0,4,0,1.0,1.0,0,12358.0,15402.5,0,4,0.874,0.013341664064126346,0.852,0.888,0.274,0.013341664064126346,0.2743246252161844,0.274,0.0,0,0,1.0,1.0,0,4047.0,5673.0,0,4,0.31525,0.003269174207655508,0.31,0.318,-0.28474999999999995,0.003269174207655508,0.28476876584344707,0.28474999999999995,1.0,4,0,1.0,1.0,0,16720.0,17836.75,0
2,2,power_law,4.208,1.0,9702.0,-0.7919999999999998,0.7919999999999998,15.839999999999996,1,1,1.931,1.0,10689.0,-0.06899999999999995,0.06899999999999995,3.4499999999999975,1,1,2.778,1.0,16883.0,-2.222,2.222,44.440000000000005,1,1,2.611,1.0,18409.0,0.6110000000000002,0.6110000000000002,30.55000000000001,1,1,0.802,1.0,9987.0,-0.19799999999999995,0.19799999999999995,19.799999999999997,0,1,0.011,1.0,31711.0,0.0009999999999999992,0.0009999999999999992,9.999999999999991,1,1,0.313,1.0,33103.0,0.013000000000000012,0.013000000000000012,4.3333333333333375,1,1,19.145,1.0,26015.0,1.1449999999999996,1.1449999999999996,6.361111111111109,1,1,4,0.07075,0.04572950360544054,0.015,0.123,0.07075,0.04572950360544054,0.08424221032237936,0.07075,1.0,4,0,1.0,1.0,0,4860.0,11912.25,0,4,5.419499999999999,0.29466379146410226,4.961,5.753,5.419499999999999,0.29466379146410226,5.427504675262841,5.419499999999999,1.0,4,0,1.0,1.0,0,16923.0,19276.25,0,4,0.0305,0.07135299573248483,-0.051,0.112,0.0305,0.07135299573248483,0.07759832472418461,0.07050000000000001,1.0,4,0,1.0,1.0,0,17731.0,24784.0,0,4,27.63975,2.2101993546963126,25.27,31.141,27.63975,2.2101993546963126,27.727977950979405,27.63975,1.0,4,0,1.0,1.0,0,12753.0,14427.5,0,4,0.864,0.025524498036200462,0.822,0.885,0.264,0.025524498036200462,0.2652310313669952,0.264,0.0,0,0,1.0,1.0,0,5184.0,6941.0,0,4,0.307,0.006964194138592066,0.302,0.319,-0.293,0.006964194138592066,0.293082752819063,0.293,1.0,4,0,1.0,1.0,0,13804.0,14845.0,0
3,3,power_law,4.19,1.0,11314.0,-0.8099999999999996,0.8099999999999996,16.199999999999992,1,1,1.952,1.0,12421.0,-0.04800000000000004,0.04800000000000004,2.400000000000002,1,1,2.84,1.0,14729.0,-2.16,2.16,43.2,1,1,2.626,1.0,18278.0,0.6259999999999999,0.6259999999999999,31.299999999999994,1,1,0.821,1.0,10998.0,-0.17900000000000005,0.17900000000000005,17.900000000000006,0,1,0.012,1.0,26668.0,0.002,0.002,20.0,1,1,0.299,1.0,35676.0,-0.0010000000000000009,0.0010000000000000009,0.33333333333333365,1,1,18.267,1.0,25522.0,0.26699999999999946,0.26699999999999946,1.4833333333333303,1,1,4,0.0775,0.04281062952118317,0.028,0.122,0.0775,0.04281062952118317,0.08853812738024223,0.0775,1.0,4,0,1.0,1.0,0,3216.0,9520.25,0,4,5.303,0.5935301171802491,4.289,5.759,5.303,0.5935301171802491,5.336111599282758,5.303,1.0,4,0,1.0,1.0,0,10697.0,16217.25,0,4,-0.039,0.19287431140512207,-0.35,0.141,-0.039,0.19287431140512207,0.19677779346257543,0.15999999999999998,1.0,4,0,1.0,1.0,0,22248.0,25230.25,0,4,26.68825,2.162807709321381,23.159,28.83,26.68825,2.162807709321381,26.775743224978832,26.68825,1.0,4,0,1.0,1.0,0,9523.0,12650.75,0,4,0.8815000000000001,0.012257650672131274,0.87,0.902,0.28150000000000003,0.012257650672131274,0.2817667475058049,0.28150000000000003,0.0,0,0,1.0,1.0,0,4724.0,7440.25,0,4,0.3435,0.004821825380496459,0.338,0.351,-0.2565,0.004821825380496459,0.2565453176341365,0.2565,1.0,4,0,1.0,1.0,0,13559.0,14204.75,0
4,4,power_law,3.534,1.0,10963.0,-1.4660000000000002,1.4660000000000002,29.32,0,1,1.85,1.0,11944.0,-0.1499999999999999,0.1499999999999999,7.499999999999996,1,1,2.706,1.0,14903.0,-2.294,2.294,45.879999999999995,1,1,2.596,1.0,16287.0,0.5960000000000001,0.5960000000000001,29.800000000000004,1,1,0.829,1.0,8818.0,-0.17100000000000004,0.17100000000000004,17.100000000000005,0,1,0.015,1.0,24791.0,0.004999999999999999,0.004999999999999999,49.999999999999986,1,1,0.282,1.0,30267.0,-0.018000000000000016,0.018000000000000016,6.000000000000005,1,1,19.341,1.0,26392.0,1.341000000000001,1.341000000000001,7.450000000000006,1,1,4,0.078,0.04507216435894775,0.009,0.128,0.078,0.04507216435894775,0.09008606995534882,0.078,1.0,4,0,1.0,1.0,0,2480.0,8028.75,0,4,5.47,0.15536087023443163,5.315,5.677,5.47,0.15536087023443163,5.4722058623556915,5.47,1.0,4,0,1.0,1.0,0,14897.0,16375.5,0,4,-0.1035,0.22747911992092812,-0.477,0.137,-0.1035,0.22747911992092812,0.24991798654758723,0.17200000000000001,0.75,3,0,1.0,1.0,0,17840.0,21990.0,0,4,28.444000000000003,1.6896717136769495,27.135,31.305,28.444000000000003,1.6896717136769495,28.494141968130922,28.444000000000003,1.0,4,0,1.0,1.0,0,11419.0,15862.0,0,4,0.8867499999999999,0.004710360920354197,0.881,0.894,0.28675000000000006,0.004710360920354197,0.28678868527192636,0.28675000000000006,0.0,0,0,1.0,1.0,0,5094.0,5662.25,0,4,0.2985,0.0026925824035672545,0.296,0.303,-0.3015,0.0026925824035672545,0.3015120229775257,0.3015,1.0,4,0,1.0,1.0,0,15743.0,16703.25,0
5,5,power_law,4.451,1.0,12633.0,-0.5490000000000004,0.5490000000000004,10.980000000000008,1,1,2.003,1.0,12246.0,0.0030000000000001137,0.0030000000000001137,0.15000000000000568,1,1,3.524,1.0,16891.0,-1.476,1.476,29.520000000000003,1,1,2.215,1.0,14899.0,0.21499999999999986,0.21499999999999986,10.749999999999993,1,1,0.8,1.0,16440.0,-0.19999999999999996,0.19999999999999996,19.999999999999996,0,1,0.012,1.0,32075.0,0.002,0.002,20.0,1,1,0.299,1.0,35682.0,-0.0010000000000000009,0.0010000000000000009,0.33333333333333365,1,1,17.093,1.0,28243.0,-0.907,0.907,5.03888888888889,1,1,4,0.10800000000000001,0.014195069566578391,0.094,0.131,0.10800000000000001,0.014195069566578391,0.10892887587779469,0.10800000000000001,1.0,4,0,1.0,1.0,0,6097.0,9319.5,0,4,5.426,0.450902982913176,4.913,6.056,5.426,0.450902982913176,5.44470288445568,5.426,1.0,4,0,1.0,1.0,0,16340.0,23670.5,0,4,-0.233,0.18046190733780912,-0.487,0.013,-0.233,0.18046190733780912,0.29471257183907174,0.23950000000000002,1.0,4,0,1.0,1.0,0,25184.0,28710.0,0,4,29.15025,6.053611375658336,24.281,39.515,29.15025,6.053611375658336,29.77218980441311,29.15025,1.0,4,0,1.0,1.0,0,10748.0,11771.75,0,4,0.8634999999999999,0.01145643923738961,0.849,0.88,0.2635,0.01145643923738961,0.2637489336471334,0.2635,0.0,0,0,1.0,1.0,0,7339.0,9535.25,0,4,0.3105,0.013162446581088194,0.296,0.326,-0.2895,0.013162446581088194,0.2897990683214837,0.2895,1.0,4,0,1.0,1.0,0,14714.0,15973.5,0
6,6,power_law,4.422,1.0,10119.0,-0.5780000000000003,0.5780000000000003,11.560000000000006,1,1,1.951,1.0,9545.0,-0.04899999999999993,0.04899999999999993,2.4499999999999966,1,1,3.123,1.0,16616.0,-1.8769999999999998,1.8769999999999998,37.53999999999999,1,1,2.364,1.0,14372.0,0.3639999999999999,0.3639999999999999,18.199999999999996,1,1,0.81,1.0,15142.0,-0.18999999999999995,0.18999999999999995,18.999999999999993,0,1,0.005,1.0,29506.0,-0.005,0.005,50.0,1,1,0.286,1.0,35789.0,-0.014000000000000012,0.014000000000000012,4.666666666666671,1,1,16.19,1.0,28149.0,-1.8099999999999987,1.8099999999999987,10.055555555555548,1,1,4,0.128,0.07417209717946499,0.049,0.249,0.128,0.07417209717946499,0.14793748679763355,0.128,1.0,4,0,1.0,1.0,0,920.0,8655.5,0,4,5.5295000000000005,0.18765593515793724,5.312,5.814,5.5295000000000005,0.18765593515793724,5.532683345357838,5.5295000000000005,1.0,4,0,1.0,1.0,0,19917.0,22615.5,0,4,-0.12975,0.24118392877635939,-0.395,0.223,-0.12975,0.24118392877635939,0.2738699508891036,0.24125,0.75,3,0,1.0,1.0,0,24098.0,26767.5,0,4,28.4255,2.9328133677409483,24.852,32.963,28.4255,2.9328133677409483,28.57639663253574,28.4255,1.0,4,0,1.0,1.0,0,12476.0,17095.0,0,4,0.86275,0.012517487767120057,0.842,0.874,0.26275000000000004,0.012517487767120057,0.2630479994221587,0.26275000000000004,0.0,0,0,1.0,1.0,0,6591.0,8803.25,0,4,0.29575,0.004918078893226505,0.292,0.304,-0.30425,0.004918078893226505,0.3042897467874986,0.30425,1.0,4,0,1.0,1.0,0,17881.0,18614.75,0
7,7,power_law,4.692,1.01,13365.0,-0.30799999999999983,0.30799999999999983,6.159999999999997,1,1,2.048,1.01,12657.0,0.04800000000000004,0.04800000000000004,2.400000000000002,1,1,2.864,1.0,3472.0,-2.136,2.136,42.72,1,1,2.578,1.0,1642.0,0.5779999999999998,0.5779999999999998,28.89999999999999,1,1,0.798,1.0,5998.0,-0.20199999999999996,0.20199999999999996,20.199999999999996,0,1,0.012,1.0,19992.0,0.002,0.002,20.0,1,1,0.303,1.0,20869.0,0.0030000000000000027,0.0030000000000000027,1.0000000000000009,1,1,18.343,1.01,30352.0,0.34299999999999997,0.34299999999999997,1.9055555555555554,1,1,4,0.1095,0.09870790241920857,0.022,0.277,0.1095,0.09870790241920857,0.14742286118509573,0.1095,1.0,4,0,1.0,1.0,0,837.0,6355.25,0,4,5.41625,0.4524468891483288,4.64,5.749,5.41625,0.4524468891483288,5.435114741199122,5.41625,1.0,4,0,1.0025,1.01,0,816.0,9215.0,0,4,-0.104,0.0719478978150161,-0.183,0.004,-0.104,0.0719478978150161,0.12646145657867458,0.106,1.0,4,0,1.0,1.0,0,1735.0,3289.25,0,4,27.984499999999997,2.065483054880868,24.656,30.312,27.984499999999997,2.065483054880868,28.06062117095771,27.984499999999997,1.0,4,0,1.0,1.0,0,3363.0,5037.25,0,4,0.85625,0.007595228765481662,0.847,0.866,0.25625,0.007595228765481662,0.2563625362645642,0.25625,0.0,0,0,1.0,1.0,0,3878.0,4707.25,0,4,0.2985,0.0025000000000000022,0.296,0.301,-0.3015,0.0025000000000000022,0.30151036466430137,0.3015,1.0,4,0,1.0,1.0,0,13399.0,15371.75,0
8,8,power_law,5.197,1.0,12040.0,0.19700000000000006,0.19700000000000006,3.9400000000000013,1,1,2.141,1.0,12525.0,0.14100000000000001,0.14100000000000001,7.050000000000001,1,1,2.998,1.0,19073.0,-2.002,2.002,40.04,1,1,2.474,1.0,19447.0,0.4740000000000002,0.4740000000000002,23.70000000000001,1,1,0.849,1.0,16332.0,-0.15100000000000002,0.15100000000000002,15.100000000000001,0,1,0.009,1.0,36058.0,-0.0010000000000000009,0.0010000000000000009,10.000000000000009,1,1,0.276,1.0,40776.0,-0.023999999999999966,0.023999999999999966,7.999999999999989,1,1,16.425,1.0,30828.0,-1.5749999999999993,1.5749999999999993,8.749999999999996,1,1,4,0.15825,0.08832150077982144,0.03,0.267,0.15825,0.08832150077982144,0.18122844699439436,0.15825,1.0,4,0,1.0,1.0,0,4014.0,7911.5,0,4,5.453250000000001,0.5738424762075394,4.507,5.956,5.453250000000001,0.5738424762075394,5.483359440160749,5.453250000000001,1.0,4,0,1.0,1.0,0,18961.0,21034.0,0,4,-0.008999999999999994,0.19305569144679469,-0.224,0.226,-0.008999999999999994,0.19305569144679469,0.19326536161454283,0.1895,1.0,4,0,1.0,1.0,0,22615.0,24088.0,0,4,28.1215,2.7060157519866723,24.8,32.071,28.1215,2.7060157519866723,28.251394363818576,28.1215,1.0,4,0,1.0,1.0,0,15747.0,18664.25,0,4,0.8527500000000001,0.04684749192859742,0.79,0.922,0.25275000000000003,0.04684749192859742,0.25705495521386085,0.25275000000000003,0.0,0,0,1.0,1.0,0,7702.0,11190.25,0,4,0.3305,0.009069178573608514,0.319,0.344,-0.26949999999999996,0.009069178573608514,0.26965255422487655,0.26949999999999996,1.0,4,0,1.0,1.0,0,18201.0,18850.75,0
9,9,power_law,4.166,1.0,10533.0,-0.8339999999999996,0.8339999999999996,16.679999999999993,1,1,1.923,1.0,10967.0,-0.07699999999999996,0.07699999999999996,3.849999999999998,1,1,2.609,1.0,14029.0,-2.391,2.391,47.82,1,1,2.707,1.0,16446.0,0.7069999999999999,0.7069999999999999,35.349999999999994,1,1,0.796,1.0,7282.0,-0.20399999999999996,0.20399999999999996,20.399999999999995,0,1,0.011,1.0,25746.0,0.0009999999999999992,0.0009999999999999992,9.999999999999991,1,1,0.289,1.0,26487.0,-0.01100000000000001,0.01100000000000001,3.66666666666667,1,1,19.385,1.0,22727.0,1.3850000000000016,1.3850000000000016,7.6944444444444535,1,1,4,0.03575,0.017893783836852396,0.02,0.066,0.03575,0.017893783836852396,0.039978119015281345,0.03575,1.0,4,0,1.0,1.0,0,10609.0,15478.0,0,4,5.280749999999999,0.0683936217786425,5.178,5.356,5.280749999999999,0.0683936217786425,5.281192881347925,5.280749999999999,1.0,4,0,1.0,1.0,0,14420.0,15457.5,0,4,-0.22199999999999998,0.06071243694664216,-0.288,-0.144,-0.22199999999999998,0.06071243694664216,0.23015212360523638,0.22199999999999998,1.0,4,0,1.0,1.0,0,22529.0,24387.75,0,4,27.847499999999997,1.4104945054838032,26.457,29.985,27.847499999999997,1.4104945054838032,27.88319836388932,27.847499999999997,1.0,4,0,1.0,1.0,0,12510.0,14092.25,0,4,0.8664999999999999,0.009861541461658019,0.853,0.879,0.2665,0.009861541461658019,0.2666823953694732,0.2665,0.0,0,0,1.0,1.0,0,4605.0,5741.75,0,4,0.313,0.0029154759474226528,0.311,0.318,-0.287,0.0029154759474226528,0.2870148079803549,0.287,1.0,4,0,1.0,1.0,0,14961.0,15756.75,0
10,10,power_law,4.227,1.0,12527.0,-0.7729999999999997,0.7729999999999997,15.459999999999994,1,1,1.95,1.0,12757.0,-0.050000000000000044,0.050000000000000044,2.500000000000002,1,1,2.74,1.0,16855.0,-2.26,2.26,45.199999999999996,1,1,2.571,1.0,18579.0,0.5710000000000002,0.5710000000000002,28.550000000000008,1,1,0.816,1.0,9072.0,-0.18400000000000005,0.18400000000000005,18.400000000000006,0,1,0.011,1.0,35183.0,0.0009999999999999992,0.0009999999999999992,9.999999999999991,1,1,0.311,1.0,37645.0,0.01100000000000001,0.01100000000000001,3.66666666666667,1,1,19.229,1.0,31089.0,1.2289999999999992,1.2289999999999992,6.827777777777773,1,1,4,0.0495,0.026846787517317595,0.021,0.089,0.0495,0.026846787517317595,0.05631163290120435,0.0495,1.0,4,0,1.0,1.0,0,6825.0,12531.0,0,4,5.500249999999999,0.2669338635317744,5.121,5.806,5.500249999999999,0.2669338635317744,5.506723504044851,5.500249999999999,1.0,4,0,1.0,1.0,0,18664.0,21082.5,0,4,-0.0235,0.0755132438715223,-0.106,0.082,-0.0235,0.0755132438715223,0.0790853968821046,0.071,1.0,4,0,1.0,1.0,0,24826.0,25850.0,0,4,28.43675,1.070964372656719,26.752,29.621,28.43675,1.070964372656719,28.4569097979735,28.43675,1.0,4,0,1.0,1.0,0,17249.0,18282.5,0,4,0.8705,0.02609118625129952,0.83,0.898,0.2705,0.02609118625129952,0.2717554047300624,0.2705,0.0,0,0,1.0,1.0,0,5437.0,7251.25,0,4,0.2935,0.005894913061275803,0.288,0.302,-0.3065,0.005894913061275803,0.3065566831762113,0.3065,1.0,4,0,1.0,1.0,0,14859.0,15984.25,0
11,11,power_law,4.498,1.0,13208.0,-0.5019999999999998,0.5019999999999998,10.039999999999996,1,1,1.97,1.0,12810.0,-0.030000000000000027,0.030000000000000027,1.5000000000000013,1,1,2.885,1.0,19847.0,-2.115,2.115,42.300000000000004,1,1,2.466,1.0,19255.0,0.4660000000000002,0.4660000000000002,23.30000000000001,1,1,0.799,1.0,12750.0,-0.20099999999999996,0.20099999999999996,20.099999999999994,0,1,0.008,1.0,33584.0,-0.002,0.002,20.0,1,1,0.295,1.0,38765.0,-0.0050000000000000044,0.0050000000000000044,1.6666666666666683,1,1,17.548,1.0,20083.0,-0.45200000000000173,0.45200000000000173,2.511111111111121,1,1,4,0.06075,0.02843743131859838,0.018,0.092,0.06075,0.02843743131859838,0.06707644892210678,0.06075,1.0,4,0,1.0,1.0,0,8972.0,15079.25,0,4,5.60125,0.35653146775565275,4.986,5.838,5.60125,0.35653146775565275,5.612585522733707,5.60125,1.0,4,0,1.0,1.0,0,19793.0,23472.5,0,4,-0.013500000000000002,0.09276448673926893,-0.126,0.083,-0.013500000000000002,0.09276448673926893,0.09374166629626338,0.09150000000000001,1.0,4,0,1.0,1.0,0,25641.0,29033.25,0,4,29.40325,2.8579883112952023,25.811,32.645,29.40325,2.8579883112952023,29.541821334338884,29.40325,1.0,4,0,1.0,1.0,0,19007.0,19548.5,0,4,0.84575,0.01867317594840258,0.833,0.878,0.24575,0.018673175948402582,0.24645841434205487,0.24575,0.0,0,0,1.0,1.0,0,5562.0,8798.25,0,4,0.2885,0.005678908345800279,0.283,0.298,-0.3115,0.005678908345800279,0.3115517613495389,0.3115,1.0,4,0,1.0,1.0,0,18831.0,19500.25,0
12,12,power_law,4.62,1.0,10878.0,-0.3799999999999999,0.3799999999999999,7.599999999999999,1,1,1.967,1.0,13063.0,-0.03299999999999992,0.03299999999999992,1.649999999999996,1,1,2.649,1.0,15511.0,-2.351,2.351,47.02,1,1,2.72,1.0,16004.0,0.7200000000000002,0.7200000000000002,36.00000000000001,1,1,0.775,1.0,11188.0,-0.22499999999999998,0.22499999999999998,22.499999999999996,0,1,0.012,1.0,27535.0,0.002,0.002,20.0,1,1,0.302,1.0,26455.0,0.0020000000000000018,0.0020000000000000018,0.6666666666666673,1,1,17.007,1.0,23872.0,-0.9929999999999986,0.9929999999999986,5.516666666666659,1,1,4,0.05875,0.017122718826167765,0.031,0.076,0.05875,0.017122718826167765,0.06119436248544469,0.05875,1.0,4,0,1.0,1.0,0,8371.0,14397.5,0,4,5.25275,0.49193412922870056,4.474,5.829,5.25275,0.49193412922870056,5.275735185734781,5.25275,1.0,4,0,1.0,1.0,0,12462.0,14459.25,0,4,-0.072,0.19832170834278326,-0.293,0.247,-0.072,0.19832170834278326,0.21098696642209916,0.1955,1.0,4,0,1.0,1.0,0,18956.0,22632.5,0,4,27.457499999999996,2.166421992595164,25.32,30.701,27.457499999999996,2.166421992595164,27.542833741283776,27.457499999999996,1.0,4,0,1.0,1.0,0,11592.0,13751.25,0,4,0.8432499999999999,0.024014318645341554,0.808,0.87,0.24325000000000002,0.024014318645341554,0.244432506021601,0.24325000000000002,0.0,0,0,1.0,1.0,0,5190.0,7444.25,0,4,0.34675,0.0008291561975888507,0.346,0.348,-0.25325,0.0008291561975888507,0.2532513573507554,0.25325,1.0,4,0,1.0,1.0,0,13622.0,14041.75,0
13,13,power_law,4.208,1.0,10762.0,-0.7919999999999998,0.7919999999999998,15.839999999999996,1,1,1.953,1.0,11247.0,-0.04699999999999993,0.04699999999999993,2.3499999999999965,1,1,2.809,1.0,20774.0,-2.191,2.191,43.82,1,1,2.498,1.0,20850.0,0.4980000000000002,0.4980000000000002,24.900000000000013,1,1,0.821,1.0,12129.0,-0.17900000000000005,0.17900000000000005,17.900000000000006,0,1,0.007,1.0,37459.0,-0.003,0.003,30.0,1,1,0.296,1.0,40510.0,-0.0040000000000000036,0.0040000000000000036,1.3333333333333346,1,1,18.466,1.0,32392.0,0.4660000000000011,0.4660000000000011,2.588888888888895,1,1,4,0.079,0.035362409420173845,0.033,0.128,0.079,0.035362409420173845,0.08655345169315895,0.079,1.0,4,0,1.0,1.0,0,4555.0,10610.0,0,4,5.585,0.05554727716099148,5.489,5.62,5.585,0.05554727716099148,5.585276224145051,5.585,1.0,4,0,1.0,1.0,0,21389.0,25506.25,0,4,-0.06974999999999999,0.20883770612607291,-0.41,0.105,-0.06974999999999999,0.20883770612607291,0.22017776908670864,0.17125,1.0,4,0,1.0,1.0,0,28614.0,33357.0,0,4,29.50125,2.6062035007842344,25.58,32.425,29.50125,2.6062035007842344,29.616145060591528,29.50125,1.0,4,0,1.0,1.0,0,18103.0,19598.5,0,4,0.8667499999999999,0.019917015338649532,0.835,0.89,0.26675000000000004,0.019917015338649532,0.26749252325999695,0.26675000000000004,0.0,0,0,1.0,1.0,0,5208.0,7152.0,0,4,0.30424999999999996,0.002861380785564902,0.301,0.308,-0.29574999999999996,0.002861380785564902,0.29576384160339814,0.29574999999999996,1.0,4,0,1.0,1.0,0,18171.0,18548.0,0
14,14,power_law,4.449,1.0,13310.0,-0.5510000000000002,0.5510000000000002,11.020000000000003,1,1,1.971,1.0,14445.0,-0.028999999999999915,0.028999999999999915,1.4499999999999957,1,1,2.691,1.0,18812.0,-2.309,2.309,46.18000000000001,1,1,2.581,1.0,21280.0,0.581,0.581,29.049999999999997,1,1,0.818,1.0,11961.0,-0.18200000000000005,0.18200000000000005,18.200000000000006,0,1,0.008,1.0,31708.0,-0.002,0.002,20.0,1,1,0.307,1.0,35246.0,0.007000000000000006,0.007000000000000006,2.3333333333333357,1,1,18.376,1.0,27560.0,0.3760000000000012,0.3760000000000012,2.0888888888888957,1,1,4,0.07425,0.02372103496898902,0.047,0.107,0.07425,0.02372103496898902,0.07794709744435645,0.07425,1.0,4,0,1.0,1.0,0,5942.0,9053.75,0,4,5.4605,0.17934673122195455,5.188,5.629,5.4605,0.17934673122195455,5.46344447212562,5.4605,1.0,4,0,1.0,1.0,0,17654.0,20020.25,0,4,-0.07749999999999999,0.2404750506809386,-0.323,0.297,-0.07749999999999999,0.2404750506809386,0.25265490298033005,0.22599999999999998,1.0,4,0,1.0,1.0,0,19061.0,24344.0,0,4,28.4985,2.410524061277963,25.444,31.725,28.4985,2.410524061277963,28.60026448304281,28.4985,1.0,4,0,1.0,1.0,0,18271.0,19584.5,0,4,0.8657499999999999,0.019292161620720488,0.84,0.894,0.26575000000000004,0.019292161620720488,0.26644933852423053,0.26575000000000004,0.0,0,0,1.0,1.0,0,4755.0,7293.75,0,4,0.30424999999999996,0.002046338192968114,0.301,0.306,-0.29574999999999996,0.002046338192968114,0.2957570793742729,0.29574999999999996,1.0,4,0,1.0,1.0,0,18015.0,18532.0,0
15,15,power_law,4.532,1.0,7857.0,-0.46799999999999997,0.46799999999999997,9.36,1,1,1.975,1.0,9202.0,-0.02499999999999991,0.02499999999999991,1.2499999999999956,1,1,2.732,1.0,17140.0,-2.268,2.268,45.35999999999999,1,1,2.558,1.0,18240.0,0.5579999999999998,0.5579999999999998,27.89999999999999,1,1,0.804,1.0,11481.0,-0.19599999999999995,0.19599999999999995,19.599999999999994,0,1,0.011,1.0,26675.0,0.0009999999999999992,0.0009999999999999992,9.999999999999991,1,1,0.317,1.0,35273.0,0.017000000000000015,0.017000000000000015,5.666666666666672,1,1,17.412,1.0,23870.0,-0.588000000000001,0.588000000000001,3.266666666666672,1,1,4,0.09275,0.029328953271468793,0.047,0.123,0.09275,0.029328953271468793,0.09727666729488628,0.09275,1.0,4,0,1.0,1.0,0,5519.0,8241.0,0,4,5.452,0.4159525213290574,4.793,5.827,5.452,0.4159525213290574,5.4678442278470225,5.452,1.0,4,0,1.0,1.0,0,16047.0,17615.0,0,4,-0.03350000000000001,0.18853447960519054,-0.275,0.247,-0.03350000000000001,0.18853447960519054,0.19148759750960376,0.157,1.0,4,0,1.0,1.0,0,17694.0,24740.25,0,4,28.466249999999995,2.74905696330578,26.07,32.967,28.466249999999995,2.74905696330578,28.598683592955812,28.466249999999995,1.0,4,0,1.0,1.0,0,14378.0,16982.25,0,4,0.859,0.016537835408541243,0.84,0.883,0.259,0.016537835408541243,0.259527455195014,0.259,0.0,0,0,1.0,1.0,0,5175.0,7911.25,0,4,0.30674999999999997,0.004205650960315184,0.302,0.313,-0.29324999999999996,0.004205650960315184,0.29328015616471564,0.29324999999999996,1.0,4,0,1.0,1.0,0,16376.0,16499.0,0
16,16,power_law,3.817,1.0,11355.0,-1.1829999999999998,1.1829999999999998,23.659999999999997,1,1,1.888,1.0,11894.0,-0.1120000000000001,0.1120000000000001,5.600000000000005,1,1,2.714,1.0,16290.0,-2.286,2.286,45.72,1,1,2.639,1.0,16065.0,0.6389999999999998,0.6389999999999998,31.94999999999999,1,1,0.807,1.0,12498.0,-0.19299999999999995,0.19299999999999995,19.299999999999994,0,1,0.01,1.0,26676.0,0.0,0.0,0.0,1,1,0.317,1.0,26734.0,0.017000000000000015,0.017000000000000015,5.666666666666672,1,1,18.105,1.0,22671.0,0.10500000000000043,0.10500000000000043,0.5833333333333357,1,1,4,0.04425,0.015188400179084035,0.019,0.059,0.04425,0.015188400179084035,0.04678407848830625,0.04425,1.0,4,0,1.0,1.0,0,10410.0,14096.75,0,4,5.401249999999999,0.43244269851623107,4.798,5.848,5.401249999999999,0.43244269851623107,5.418533773079208,5.401249999999999,1.0,4,0,1.0,1.0,0,16144.0,17452.5,0,4,0.11925,0.10851583985759866,0.04,0.305,0.11925,0.10851583985759866,0.16123352629028492,0.11925,1.0,4,0,1.0,1.0,0,22207.0,25626.25,0,4,27.381,1.6597850764481534,25.782,29.809,27.381,1.6597850764481534,27.43126040669659,27.381,1.0,4,0,1.0,1.0,0,12411.0,14054.25,0,4,0.8634999999999999,0.02520416632225714,0.825,0.891,0.2635,0.025204166322257145,0.2647026633791205,0.2635,0.0,0,0,1.0,1.0,0,5902.0,8081.0,0,4,0.3175,0.0049244289008980565,0.311,0.324,-0.2825,0.0049244289008980565,0.28254291709402307,0.2825,1.0,4,0,1.0,1.0,0,14676.0,15366.25,0
17,17,power_law,4.852,1.0,17250.0,-0.1479999999999997,0.1479999999999997,2.9599999999999937,1,1,2.045,1.0,14459.0,0.04499999999999993,0.04499999999999993,2.2499999999999964,1,1,3.125,1.0,13591.0,-1.875,1.875,37.5,1,1,2.583,1.0,21082.0,0.5830000000000002,0.5830000000000002,29.15000000000001,1,1,0.776,1.0,7997.0,-0.22399999999999998,0.22399999999999998,22.4,0,1,0.011,1.0,34308.0,0.0009999999999999992,0.0009999999999999992,9.999999999999991,1,1,0.313,1.0,38299.0,0.013000000000000012,0.013000000000000012,4.3333333333333375,1,1,18.649,1.0,34446.0,0.6490000000000009,0.6490000000000009,3.6055555555555605,1,1,4,0.04075,0.023381349405027934,0.022,0.08,0.04075,0.023381349405027934,0.04698137929009748,0.04075,1.0,4,0,1.0,1.0,0,13970.0,21579.25,0,4,5.12025,0.19122418126377236,4.879,5.399,5.12025,0.19122418126377236,5.123819546978601,5.12025,1.0,4,0,1.0,1.0,0,15744.0,18370.0,0,4,-0.05675,0.12885335657250066,-0.261,0.089,-0.05675,0.12885335657250066,0.14079683945316387,0.10225,1.0,4,0,1.0,1.0,0,27837.0,33105.75,0,4,24.7305,2.8637671431176104,19.965,27.573,24.7305,2.8637671431176104,24.895758524294855,24.7305,1.0,4,0,1.0,1.0,0,11388.0,12597.0,0,4,0.85825,0.008613216588476115,0.844,0.866,0.25825,0.008613216588476115,0.25839359512186055,0.25825,0.0,0,0,1.0,1.0,0,4881.0,5898.75,0,4,0.3484999999999999,0.0038405728739343077,0.344,0.354,-0.2515,0.0038405728739343077,0.2515293223463221,0.2515,1.0,4,0,1.0,1.0,0,16386.0,16622.0,0
18,18,power_law,4.881,1.0,12818.0,-0.11899999999999977,0.11899999999999977,2.3799999999999955,1,1,2.091,1.0,12265.0,0.09100000000000019,0.09100000000000019,4.55000000000001,1,1,3.402,1.0,14331.0,-1.5979999999999999,1.5979999999999999,31.96,1,1,2.484,1.0,20979.0,0.484,0.484,24.2,1,1,0.774,1.0,8901.0,-0.22599999999999998,0.22599999999999998,22.599999999999998,0,1,0.014,1.0,41754.0,0.004,0.004,40.0,1,1,0.321,1.0,44290.0,0.02100000000000002,0.02100000000000002,7.000000000000006,1,1,19.462,1.0,33734.0,1.4619999999999997,1.4619999999999997,8.122222222222222,1,1,4,0.046,0.033120990323358385,0.021,0.103,0.046,0.033120990323358385,0.05668333088307355,0.046,1.0,4,0,1.0,1.0,0,10120.0,18844.0,0,4,5.081250000000001,0.9895181592573226,3.465,6.109,5.081250000000001,0.9895181592573226,5.176702401143029,5.081250000000001,1.0,4,0,1.0,1.0,0,14632.0,18159.5,0,4,-0.030749999999999993,0.17967244502148905,-0.221,0.171,-0.030749999999999993,0.17967244502148905,0.18228480463275046,0.17875000000000002,1.0,4,0,1.0,1.0,0,28358.0,31704.5,0,4,28.008,10.953676802790923,19.693,46.857,28.008,10.953676802790923,30.07376098029643,28.008,0.75,3,0,1.0,1.0,0,5593.0,9325.25,0,4,0.8654999999999999,0.0135922772190682,0.848,0.886,0.2655,0.0135922772190682,0.26584770076116887,0.2655,0.0,0,0,1.0,1.0,0,5257.0,7190.5,0,4,0.3615,0.012010412149464324,0.349,0.38,-0.2385,0.012010412149464324,0.23880221942017205,0.2385,1.0,4,0,1.0,1.0,0,13823.0,15050.0,0
19,19,power_law,5.096,1.0,9719.0,0.09600000000000009,0.09600000000000009,1.9200000000000015,1,1,2.207,1.0,8335.0,0.20699999999999985,0.20699999999999985,10.349999999999993,1,1,2.9,1.0,16951.0,-2.1,2.1,42.00000000000001,1,1,2.451,1.0,15511.0,0.45100000000000007,0.45100000000000007,22.550000000000004,1,1,0.822,1.0,13987.0,-0.17800000000000005,0.17800000000000005,17.800000000000004,0,1,0.011,1.0,22870.0,0.0009999999999999992,0.0009999999999999992,9.999999999999991,1,1,0.323,1.0,35649.0,0.02300000000000002,0.02300000000000002,7.666666666666674,1,1,21.396,1.0,26433.0,3.396000000000001,3.396000000000001,18.86666666666667,0,1,4,0.08675000000000001,0.03731202889149825,0.05,0.149,0.08675000000000001,0.03731202889149825,0.09443383927385353,0.08675000000000001,1.0,4,0,1.0,1.0,0,3876.0,8162.75,0,4,5.509,0.46569195827284793,4.908,6.064,5.509,0.46569195827284793,5.528648116854607,5.509,1.0,4,0,1.0,1.0,0,11736.0,17345.0,0,4,-0.019500000000000003,0.11479220356801241,-0.135,0.143,-0.019500000000000003,0.11479220356801241,0.11643667807009954,0.10800000000000001,1.0,4,0,1.0,1.0,0,9665.0,21823.25,0,4,28.746000000000002,3.147433795967757,23.718,32.255,28.746000000000002,3.147433795967757,28.917794789713827,28.746000000000002,1.0,4,0,1.0,1.0,0,9837.0,15606.25,0,4,0.87875,0.00941740410091869,0.868,0.89,0.27875000000000005,0.00941740410091869,0.2789090353502375,0.27875000000000005,0.0,0,0,1.0,1.0,0,5065.0,6633.25,0,4,0.29624999999999996,0.0058896094946948785,0.287,0.303,-0.30374999999999996,0.0058896094946948785,0.3038070933997427,0.30374999999999996,1.0,4,0,1.0,1.0,0,15707.0,16296.75,0
20,20,power_law,6.289,1.0,9312.0,1.2889999999999997,1.2889999999999997,25.77999999999999,1,1,2.34,1.0,10197.0,0.33999999999999986,0.33999999999999986,16.999999999999993,1,1,2.588,1.0,10190.0,-2.412,2.412,48.24,1,1,2.599,1.0,14910.0,0.5990000000000002,0.5990000000000002,29.95000000000001,1,1,0.773,1.0,8260.0,-0.22699999999999998,0.22699999999999998,22.7,0,1,0.008,1.0,15571.0,-0.002,0.002,20.0,1,1,0.307,1.0,34636.0,0.007000000000000006,0.007000000000000006,2.3333333333333357,1,1,20.933,1.0,30150.0,2.933,2.933,16.294444444444444,0,1,4,0.094,0.06202015801334272,0.028,0.173,0.094,0.06202015801334272,0.11261660623549263,0.094,1.0,4,0,1.0,1.0,0,3375.0,11809.75,0,4,5.62325,0.3538356786701987,5.044,6.005,5.62325,0.3538356786701987,5.634371326953877,5.62325,1.0,4,0,1.0,1.0,0,1493.0,13114.0,0,4,0.014750000000000001,0.055228502605086084,-0.05,0.101,0.014750000000000001,0.055228502605086084,0.05716423707179167,0.044250000000000005,1.0,4,0,1.0,1.0,0,2118.0,20523.0,0,4,29.428,1.4306140290099223,27.435,31.361,29.428,1.4306140290099223,29.46275344396718,29.428,1.0,4,0,1.0,1.0,0,10102.0,16410.25,0,4,0.82175,0.017020208576865304,0.809,0.851,0.22175000000000003,0.017020208576865304,0.2224022257082874,0.22175000000000003,0.0,0,0,1.0,1.0,0,3872.0,5898.5,0,4,0.273,0.004949747468305838,0.268,0.281,-0.32699999999999996,0.004949747468305838,0.3270374596280982,0.32699999999999996,1.0,4,0,1.0,1.0,0,16783.0,17279.0,0
21,21,power_law,4.068,1.0,13076.0,-0.9320000000000004,0.9320000000000004,18.640000000000008,1,1,1.89,1.0,14894.0,-0.1100000000000001,0.1100000000000001,5.500000000000005,1,1,2.763,1.0,19494.0,-2.237,2.237,44.74,1,1,2.514,1.0,22313.0,0.5139999999999998,0.5139999999999998,25.69999999999999,1,1,0.823,1.0,15637.0,-0.17700000000000005,0.17700000000000005,17.700000000000003,0,1,0.014,1.0,34961.0,0.004,0.004,40.0,1,1,0.297,1.0,41981.0,-0.0030000000000000027,0.0030000000000000027,1.0000000000000009,1,1,16.531,1.0,32440.0,-1.4690000000000012,1.4690000000000012,8.161111111111117,1,1,4,0.14775,0.12636925061105647,0.034,0.361,0.14775,0.12636925061105647,0.19442029215079376,0.14775,1.0,4,0,1.005,1.02,1,209.0,7717.25,1,4,5.506,0.061611687202997464,5.436,5.604,5.506,0.061611687202997464,5.506344704066391,5.506,1.0,4,0,1.0,1.0,0,19141.0,21728.0,0,4,0.03025,0.1375088633506946,-0.091,0.263,0.03025,0.1375088633506946,0.14079683945316387,0.10124999999999999,1.0,4,0,1.0,1.0,0,28683.0,30130.0,0,4,28.775250000000003,2.092252897596273,26.46,31.343,28.775250000000003,2.092252897596273,28.851213748298356,28.775250000000003,1.0,4,0,1.0,1.0,0,21125.0,23316.75,0,4,0.8712500000000001,0.011143944544011344,0.855,0.885,0.27125,0.011143944544011344,0.27147882053670414,0.27125,0.0,0,0,1.0,1.0,0,5246.0,7547.0,0,4,0.2915,0.0016583123951777014,0.29,0.294,-0.3085,0.0016583123951777014,0.308504457018047,0.3085,1.0,4,0,1.0,1.0,0,18681.0,19847.25,0
22,22,power_law,4.464,1.0,14394.0,-0.5359999999999996,0.5359999999999996,10.719999999999992,1,1,1.962,1.0,15532.0,-0.038000000000000034,0.038000000000000034,1.9000000000000017,1,1,2.761,1.0,18698.0,-2.239,2.239,44.78,1,1,2.503,1.0,16826.0,0.5030000000000001,0.5030000000000001,25.150000000000006,1,1,0.819,1.0,13034.0,-0.18100000000000005,0.18100000000000005,18.100000000000005,0,1,0.007,1.0,37268.0,-0.003,0.003,30.0,1,1,0.331,1.0,37520.0,0.031000000000000028,0.031000000000000028,10.333333333333343,1,1,18.946,1.0,31881.0,0.9460000000000015,0.9460000000000015,5.255555555555564,1,1,4,0.08875,0.04114228360215315,0.04,0.154,0.08875,0.04114228360215315,0.09782254341408221,0.08875,1.0,4,0,1.0,1.0,0,3429.0,9831.75,0,4,5.54075,0.21392916467840492,5.172,5.695,5.54075,0.21392916467840492,5.544878380090947,5.54075,1.0,4,0,1.0,1.0,0,21293.0,23179.0,0,4,0.126,0.25701361831622854,-0.178,0.526,0.126,0.25701361831622854,0.28623766348962537,0.21500000000000002,0.75,3,0,1.0,1.0,0,25569.0,29219.25,0,4,29.1375,1.5142332217990724,27.509,31.028,29.1375,1.5142332217990724,29.176819711887724,29.1375,1.0,4,0,1.0,1.0,0,19039.0,21565.0,0,4,0.8727499999999999,0.009010410645470058,0.858,0.881,0.27275000000000005,0.009010410645470058,0.2728987907631692,0.27275000000000005,0.0,0,0,1.0,1.0,0,5461.0,6791.5,0,4,0.28974999999999995,0.0022776083947860766,0.287,0.292,-0.31024999999999997,0.0022776083947860766,0.3102583600807559,0.31024999999999997,1.0,4,0,1.0,1.0,0,19812.0,20352.25,0
23,23,power_law,5.568,1.0,11332.0,0.5679999999999996,0.5679999999999996,11.359999999999992,1,1,2.22,1.0,11789.0,0.2200000000000002,0.2200000000000002,11.00000000000001,1,1,2.583,1.0,15875.0,-2.417,2.417,48.339999999999996,1,1,2.721,1.0,19974.0,0.7210000000000001,0.7210000000000001,36.050000000000004,1,1,0.78,1.0,9433.0,-0.21999999999999997,0.21999999999999997,21.999999999999996,0,1,0.01,1.0,29171.0,0.0,0.0,0.0,1,1,0.309,1.0,37120.0,0.009000000000000008,0.009000000000000008,3.0000000000000027,1,1,18.576,1.0,24119.0,0.5760000000000005,0.5760000000000005,3.200000000000003,1,1,4,0.077,0.06645675285477015,0.026,0.191,0.077,0.06645675285477015,0.10171283104898811,0.077,1.0,4,0,1.0,1.0,0,3487.0,14096.25,0,4,5.412000000000001,0.24642341609514296,5.035,5.71,5.412000000000001,0.24642341609514296,5.4176072670506485,5.412000000000001,1.0,4,0,1.0,1.0,0,17399.0,19028.25,0,4,0.02,0.06055163086160438,-0.077,0.086,0.02,0.06055163086160438,0.06376911478137359,0.0585,1.0,4,0,1.0,1.0,0,20564.0,24629.0,0,4,27.69375,1.1003766116652962,26.123,29.211,27.69375,1.1003766116652962,27.715602424446775,27.69375,1.0,4,0,1.0,1.0,0,13006.0,15311.0,0,4,0.84425,0.013917165659716794,0.83,0.861,0.24425,0.013917165659716792,0.24464617307450365,0.24425,0.0,0,0,1.0,1.0,0,5570.0,7018.5,0,4,0.302,0.002549509756796395,0.299,0.306,-0.298,0.002549509756796395,0.2980109058407091,0.298,1.0,4,0,1.0,1.0,0,16847.0,17477.0,0
24,24,power_law,5.028,1.0,11494.0,0.02799999999999958,0.02799999999999958,0.5599999999999916,1,1,2.016,1.0,11861.0,0.016000000000000014,0.016000000000000014,0.8000000000000007,1,1,3.116,1.0,17107.0,-1.884,1.884,37.68,1,1,2.471,1.0,16905.0,0.4710000000000001,0.4710000000000001,23.550000000000004,1,1,0.755,1.0,10191.0,-0.245,0.245,24.5,0,1,0.012,1.0,38886.0,0.002,0.002,20.0,1,1,0.296,1.0,39298.0,-0.0040000000000000036,0.0040000000000000036,1.3333333333333346,1,1,17.574,1.0,32394.0,-0.4259999999999984,0.4259999999999984,2.3666666666666574,1,1,4,0.08825,0.06761055760752163,0.02,0.194,0.08825,0.06761055760752163,0.11117216378212669,0.08825,1.0,4,0,1.0,1.0,0,6284.0,14889.5,0,4,5.215250000000001,0.5641579455258963,4.537,5.871,5.215250000000001,0.5641579455258963,5.245675051887983,5.215250000000001,1.0,4,0,1.0,1.0,0,15245.0,19747.5,0,4,0.0015000000000000013,0.190145339148768,-0.324,0.157,0.0015000000000000013,0.190145339148768,0.19015125558354853,0.1635,0.75,3,0,1.0,1.0,0,28866.0,30643.75,0,4,27.49775,4.5545950080660305,20.74,33.433,27.49775,4.5545950080660305,27.8723983673813,27.49775,1.0,4,0,1.0,1.0,0,8515.0,10718.25,0,4,0.8354999999999999,0.01023474474522937,0.824,0.85,0.2355,0.01023474474522937,0.23572229423624738,0.2355,0.0,0,0,1.0,1.0,0,5809.0,7844.25,0,4,0.33375000000000005,0.005402545696243582,0.327,0.342,-0.26625,0.005402545696243582,0.26630480656570954,0.26625,1.0,4,0,1.0,1.0,0,14787.0,15188.0,0
25,25,power_law,5.571,1.0,12976.0,0.5709999999999997,0.5709999999999997,11.419999999999995,1,1,2.147,1.0,14726.0,0.1469999999999998,0.1469999999999998,7.34999999999999,1,1,2.612,1.0,19614.0,-2.388,2.388,47.76,1,1,2.605,1.0,22114.0,0.605,0.605,30.25,1,1,0.796,1.0,13765.0,-0.20399999999999996,0.20399999999999996,20.399999999999995,0,1,0.012,1.0,33307.0,0.002,0.002,20.0,1,1,0.291,1.0,36025.0,-0.009000000000000008,0.009000000000000008,3.0000000000000027,1,1,15.716,1.0,31933.0,-2.2840000000000007,2.2840000000000007,12.688888888888894,0,1,4,0.131,0.0412310562561766,0.069,0.185,0.131,0.0412310562561766,0.13733535597216037,0.131,1.0,4,0,1.0,1.0,0,6331.0,9591.5,0,4,5.517750000000001,0.04639706348466447,5.487,5.598,5.517750000000001,0.04639706348466447,5.517945065873708,5.517750000000001,1.0,4,0,1.0,1.0,0,18004.0,20884.75,0,4,-0.08725,0.10534556231754616,-0.232,0.055,-0.08725,0.10534556231754616,0.13678541588926796,0.11475,1.0,4,0,1.0,1.0,0,26594.0,30241.75,0,4,29.485500000000002,0.4401854722727674,29.03,30.095,29.485500000000002,0.4401854722727674,29.488785554851187,29.485500000000002,1.0,4,0,1.0,1.0,0,15522.0,20696.75,0,4,0.85575,0.006869315832017049,0.848,0.864,0.25575000000000003,0.006869315832017049,0.2558422365443204,0.25575000000000003,0.0,0,0,1.0,1.0,0,5237.0,6563.75,0,4,0.29124999999999995,0.0010897247358851695,0.29,0.293,-0.30874999999999997,0.0010897247358851695,0.3087519230709341,0.30874999999999997,1.0,4,0,1.0,1.0,0,19006.0,20370.25,0
26,26,power_law,4.635,1.0,10914.0,-0.3650000000000002,0.3650000000000002,7.300000000000003,1,1,2.049,1.0,11911.0,0.04899999999999993,0.04899999999999993,2.4499999999999966,1,1,2.726,1.0,18172.0,-2.274,2.274,45.48,1,1,2.531,1.0,17367.0,0.5310000000000001,0.5310000000000001,26.550000000000008,1,1,0.798,1.0,12047.0,-0.20199999999999996,0.20199999999999996,20.199999999999996,0,1,0.004,1.0,33596.0,-0.006,0.006,60.0,0,1,0.295,1.0,34059.0,-0.0050000000000000044,0.0050000000000000044,1.6666666666666683,1,1,20.3,1.0,29032.0,2.3000000000000007,2.3000000000000007,12.777777777777782,1,1,4,0.0785,0.010828203913853857,0.067,0.096,0.0785,0.010828203913853857,0.07924329624643336,0.0785,1.0,4,0,1.0,1.0,0,8153.0,9276.25,0,4,5.551,0.09116194381429123,5.41,5.657,5.551,0.09116194381429123,5.551748508353022,5.551,1.0,4,0,1.0,1.0,0,20656.0,21659.0,0,4,0.14975,0.15558659164593844,-0.04,0.364,0.14975,0.15558659164593844,0.215945016149945,0.16975,1.0,4,0,1.0,1.0,0,27011.0,29198.75,0,4,30.166,1.6921676926356921,28.303,32.328,30.166,1.6921676926356921,30.213423961874962,30.166,1.0,4,0,1.0,1.0,0,17507.0,18437.5,0,4,0.86075,0.00432290411644765,0.854,0.866,0.26075000000000004,0.00432290411644765,0.26078583167035746,0.26075000000000004,0.0,0,0,1.0,1.0,0,5464.0,6209.0,0,4,0.2845,0.002179449471770339,0.282,0.288,-0.3155,0.002179449471770339,0.31550752764395334,0.3155,1.0,4,0,1.0,1.0,0,18448.0,19151.0,0
27,27,power_law,4.828,1.0,10388.0,-0.1719999999999997,0.1719999999999997,3.4399999999999946,1,1,2.072,1.0,10329.0,0.07200000000000006,0.07200000000000006,3.600000000000003,1,1,2.834,1.0,15691.0,-2.166,2.166,43.32,1,1,2.455,1.0,14556.0,0.45500000000000007,0.45500000000000007,22.750000000000004,1,1,0.798,1.0,11623.0,-0.20199999999999996,0.20199999999999996,20.199999999999996,0,1,0.007,1.0,35649.0,-0.003,0.003,30.0,1,1,0.317,1.0,35340.0,0.017000000000000015,0.017000000000000015,5.666666666666672,1,1,19.032,1.0,27805.0,1.032,1.032,5.733333333333333,1,1,4,0.0645,0.013162446581088186,0.052,0.085,0.0645,0.013162446581088186,0.06582932477247508,0.0645,1.0,4,0,1.0,1.0,0,11214.0,12615.5,0,4,5.54375,0.3114067878194054,5.092,5.972,5.54375,0.3114067878194054,5.552489374145618,5.54375,1.0,4,0,1.0,1.0,0,18579.0,21460.0,0,4,-0.056999999999999995,0.26891820317709997,-0.42,0.258,-0.056999999999999995,0.26891820317709997,0.2748927063419472,0.254,1.0,4,0,1.0,1.0,0,24334.0,27166.0,0,4,31.11425,4.4285348804655476,23.928,35.862,31.11425,4.4285348804655476,31.42782961405385,31.11425,1.0,4,0,1.0,1.0,0,14555.0,16646.75,0,4,0.8532500000000001,0.011008519428152008,0.841,0.871,0.25325,0.011008519428152008,0.25348915164164326,0.25325,0.0,0,0,1.0,1.0,0,4552.0,6161.25,0,4,0.2995,0.003500000000000003,0.294,0.303,-0.3005,0.003500000000000003,0.30052038200428266,0.3005,1.0,4,0,1.0,1.0,0,14358.0,15385.75,0
28,28,power_law,4.838,1.0,10664.0,-0.16199999999999992,0.16199999999999992,3.2399999999999984,1,1,2.067,1.0,10090.0,0.06700000000000017,0.06700000000000017,3.3500000000000085,1,1,2.671,1.0,17547.0,-2.329,2.329,46.580000000000005,1,1,2.601,1.0,15111.0,0.601,0.601,30.049999999999997,1,1,0.79,1.0,10279.0,-0.20999999999999996,0.20999999999999996,20.999999999999996,0,1,0.013,1.0,12494.0,0.002999999999999999,0.002999999999999999,29.999999999999993,1,1,0.316,1.0,11785.0,0.016000000000000014,0.016000000000000014,5.333333333333338,1,1,18.669,1.0,22733.0,0.6690000000000005,0.6690000000000005,3.7166666666666694,1,1,4,0.0625,0.030995967479657736,0.035,0.115,0.0625,0.030995967479657736,0.06976388750635962,0.0625,1.0,4,0,1.0,1.0,0,4734.0,13315.25,0,4,5.5295000000000005,0.20346682776315164,5.22,5.734,5.5295000000000005,0.20346682776315164,5.533242177964019,5.5295000000000005,1.0,4,0,1.0,1.0,0,12313.0,16866.75,0,4,0.018250000000000002,0.1773603323745194,-0.251,0.199,0.018250000000000002,0.1773603323745194,0.17829680311211415,0.15825,1.0,4,0,1.0,1.0,0,12581.0,18934.5,0,4,29.038,3.4970601224457094,25.563,33.768,29.038,3.4970601224457094,29.247818269060687,29.038,1.0,4,0,1.0,1.0,0,12288.0,15137.5,0,4,0.846,0.017117242768623704,0.825,0.871,0.246,0.017117242768623704,0.2465948093533195,0.246,0.0,0,0,1.0,1.0,0,4809.0,6877.5,0,4,0.3035,0.0008660254037844395,0.303,0.305,-0.2965,0.0008660254037844395,0.2965012647527831,0.2965,1.0,4,0,1.0,1.0,0,16337.0,16907.25,0
29,29,power_law,3.745,1.0,7887.0,-1.255,1.255,25.1,1,1,1.984,1.0,6619.0,-0.016000000000000014,0.016000000000000014,0.8000000000000007,1,1,3.921,1.0,17872.0,-1.0790000000000002,1.0790000000000002,21.580000000000005,1,1,2.13,1.0,12128.0,0.1299999999999999,0.1299999999999999,6.499999999999995,1,1,0.838,1.0,11171.0,-0.16200000000000003,0.16200000000000003,16.200000000000003,0,1,0.01,1.0,27795.0,0.0,0.0,0.0,1,1,0.3,1.0,15492.0,0.0,0.0,0.0,1,1,18.213,1.0,7547.0,0.21300000000000097,0.21300000000000097,1.1833333333333387,1,1,4,0.051000000000000004,0.021459263733874932,0.031,0.087,0.051000000000000004,0.021459263733874932,0.055330823236239675,0.051000000000000004,1.0,4,0,1.0,1.0,0,2178.0,7961.5,0,4,5.599499999999999,2.4365502765180116,1.397,7.314,5.599499999999999,2.4365502765180116,6.106650268354984,5.599499999999999,1.0,4,0,1.0,1.0,0,4720.0,7597.5,0,4,0.02774999999999999,0.15037681835974587,-0.214,0.181,0.02774999999999999,0.15037681835974587,0.1529158265190363,0.13474999999999998,1.0,4,0,1.0,1.0,0,14387.0,20268.0,0,4,27.658500000000004,8.21561271299956,18.239,38.515,27.658500000000004,8.21561271299956,28.852883989299926,27.658500000000004,0.5,2,0,1.0,1.0,0,2441.0,5616.0,0,4,0.91225,0.01273528562695004,0.9,0.933,0.31225,0.01273528562695004,0.31250959985254856,0.31225,0.0,0,0,1.0,1.0,0,5125.0,8472.25,0,4,0.47150000000000003,0.018768324379123447,0.453,0.497,-0.12849999999999998,0.01876832437912345,0.12986338976016296,0.12849999999999998,1.0,4,0,1.0,1.0,0,10619.0,11397.25,0
30,30,power_law,5.326,1.0,14836.0,0.3259999999999996,0.3259999999999996,6.5199999999999925,1,1,2.094,1.0,14402.0,0.09399999999999986,0.09399999999999986,4.699999999999993,1,1,2.869,1.0,16676.0,-2.131,2.131,42.62,1,1,2.598,1.0,22717.0,0.5979999999999999,0.5979999999999999,29.89999999999999,1,1,0.765,1.0,8552.0,-0.235,0.235,23.5,0,1,0.008,1.0,35782.0,-0.002,0.002,20.0,1,1,0.274,1.0,37625.0,-0.025999999999999968,0.025999999999999968,8.666666666666655,1,1,17.793,1.0,32051.0,-0.20700000000000074,0.20700000000000074,1.1500000000000041,1,1,4,0.0685,0.035316426772820604,0.033,0.123,0.0685,0.035316426772820604,0.0770681516581266,0.0685,1.0,4,0,1.0,1.0,0,8736.0,16283.5,0,4,5.44025,0.5865140130465768,4.425,5.807,5.44025,0.5865140130465768,5.471774734946606,5.44025,1.0,4,0,1.0,1.0,0,13678.0,18073.0,0,4,-0.008999999999999994,0.09218459741193212,-0.121,0.135,-0.008999999999999994,0.09218459741193212,0.0926228913390205,0.0765,1.0,4,0,1.0,1.0,0,26063.0,29415.75,0,4,27.5885,3.258747727271936,24.496,32.962,27.5885,3.258747727271936,27.780294616868268,27.5885,1.0,4,0,1.0,1.0,0,11745.0,16351.5,0,4,0.84475,0.005356071321407143,0.838,0.85,0.24475,0.005356071321407143,0.24480859870519253,0.24475,0.0,0,0,1.0,1.0,0,5213.0,5981.75,0,4,0.3155,0.004153311931459041,0.311,0.321,-0.2845,0.004153311931459041,0.2845303147293799,0.2845,1.0,4,0,1.0,1.0,0,18230.0,19018.0,0
31,31,power_law,4.525,1.0,11719.0,-0.47499999999999964,0.47499999999999964,9.499999999999993,1,1,1.935,1.0,11476.0,-0.06499999999999995,0.06499999999999995,3.2499999999999973,1,1,2.755,1.0,5558.0,-2.245,2.245,44.9,1,1,2.605,1.0,3546.0,0.605,0.605,30.25,1,1,0.771,1.0,10932.0,-0.22899999999999998,0.22899999999999998,22.9,0,1,0.007,1.0,26630.0,-0.003,0.003,30.0,1,1,0.289,1.0,4579.0,-0.01100000000000001,0.01100000000000001,3.66666666666667,1,1,16.697,1.0,6524.0,-1.3030000000000008,1.3030000000000008,7.238888888888893,1,1,4,0.07075,0.029063508047033827,0.044,0.118,0.07075,0.029063508047033827,0.07648692698755781,0.07075,1.0,4,0,1.0,1.0,0,3215.0,6748.5,0,4,5.3495,0.17648300201435846,5.164,5.625,5.3495,0.17648300201435846,5.3524103448820135,5.3495,1.0,4,0,1.0,1.0,0,3443.0,11565.5,0,4,-0.020500000000000004,0.1035482979097194,-0.117,0.151,-0.020500000000000004,0.1035482979097194,0.10555804090641319,0.096,1.0,4,0,1.0,1.0,0,2905.0,18294.25,0,4,30.53125,2.9030092468850324,27.415,35.274,30.53125,2.9030092468850324,30.66895318151567,30.53125,1.0,4,0,1.0,1.0,0,7769.0,10203.25,0,4,0.8412499999999999,0.013917165659716792,0.822,0.855,0.24125,0.013917165659716792,0.24165109145211822,0.24125,0.0,0,0,1.0,1.0,0,5781.0,7037.5,0,4,0.312,0.0014142135623730963,0.31,0.314,-0.288,0.0014142135623730963,0.28800347220129136,0.288,1.0,4,0,1.0,1.0,0,6070.0,7413.75,0
32,32,power_law,3.628,1.0,12379.0,-1.3719999999999999,1.3719999999999999,27.439999999999998,0,1,1.813,1.0,12443.0,-0.18700000000000006,0.18700000000000006,9.350000000000003,1,1,3.0,1.0,18789.0,-2.0,2.0,40.0,1,1,2.466,1.0,17844.0,0.4660000000000002,0.4660000000000002,23.30000000000001,1,1,0.817,1.0,13338.0,-0.18300000000000005,0.18300000000000005,18.300000000000004,0,1,0.014,1.0,32695.0,0.004,0.004,40.0,1,1,0.314,1.0,34281.0,0.014000000000000012,0.014000000000000012,4.666666666666671,1,1,18.543,1.0,28837.0,0.5429999999999993,0.5429999999999993,3.0166666666666626,1,1,4,0.0545,0.025154522456210533,0.026,0.094,0.0545,0.025154522456210533,0.060024994793835676,0.0545,1.0,4,0,1.0,1.0,0,5660.0,13062.5,0,4,5.545,0.3983070423680705,4.86,5.822,5.545,0.3983070423680705,5.5592871395530565,5.545,1.0,4,0,1.0,1.0,0,19057.0,22337.25,0,4,-0.1125,0.14241927538082758,-0.272,0.113,-0.1125,0.14241927538082758,0.18149242408431268,0.169,1.0,4,0,1.0,1.0,0,18209.0,27782.75,0,4,27.60275,1.4890813233332831,26.081,29.78,27.60275,1.4890813233332831,27.642886440276097,27.60275,1.0,4,0,1.0,1.0,0,16324.0,19842.25,0,4,0.8612500000000001,0.023920441049445577,0.839,0.898,0.26125,0.023920441049445577,0.2623428100787213,0.26125,0.0,0,0,1.0,1.0,0,5777.0,9434.0,0,4,0.28825,0.008584142356694706,0.282,0.303,-0.31175,0.008584142356694706,0.31186816124766564,0.31175,1.0,4,0,1.0,1.0,0,16722.0,17815.25,0
33,33,power_law,4.821,1.0,12822.0,-0.17900000000000027,0.17900000000000027,3.5800000000000054,1,1,1.991,1.0,13855.0,-0.008999999999999897,0.008999999999999897,0.44999999999999485,1,1,2.89,1.0,19309.0,-2.11,2.11,42.199999999999996,1,1,2.481,1.0,18794.0,0.48099999999999987,0.48099999999999987,24.049999999999994,1,1,0.806,1.0,13158.0,-0.19399999999999995,0.19399999999999995,19.399999999999995,0,1,0.011,1.0,33621.0,0.0009999999999999992,0.0009999999999999992,9.999999999999991,1,1,0.313,1.0,36634.0,0.013000000000000012,0.013000000000000012,4.3333333333333375,1,1,15.626,1.0,33213.0,-2.3740000000000006,2.3740000000000006,13.188888888888892,0,1,4,0.08224999999999999,0.039289788749750226,0.041,0.147,0.08224999999999999,0.039289788749750226,0.09115234500549067,0.08224999999999999,1.0,4,0,1.0,1.0,0,7128.0,13858.75,0,4,5.50375,0.16645325920509943,5.223,5.652,5.50375,0.16645325920509943,5.506266498272672,5.50375,1.0,4,0,1.0,1.0,0,20284.0,22391.75,0,4,-0.09575000000000002,0.11263297696500792,-0.279,0.026,-0.09575000000000002,0.11263297696500792,0.14783183013140305,0.10875000000000001,1.0,4,0,1.0,1.0,0,22836.0,27392.25,0,4,29.19525,3.8944002346317705,24.341,34.751,29.19525,3.8944002346317705,29.453844838153135,29.19525,1.0,4,0,1.0,1.0,0,15465.0,18223.0,0,4,0.8482500000000001,0.02712355986960412,0.81,0.881,0.24825000000000003,0.02712355986960412,0.2497273513254005,0.24825000000000003,0.0,0,0,1.0,1.0,0,5667.0,8224.0,0,4,0.303,0.004183300132670382,0.296,0.307,-0.297,0.004183300132670382,0.2970294598183823,0.297,1.0,4,0,1.0,1.0,0,16323.0,17199.75,0
34,34,power_law,3.963,1.0,11276.0,-1.037,1.037,20.74,1,1,1.887,1.0,10839.0,-0.11299999999999999,0.11299999999999999,5.6499999999999995,1,1,3.144,1.0,18322.0,-1.8559999999999999,1.8559999999999999,37.12,1,1,2.427,1.0,17056.0,0.42700000000000005,0.42700000000000005,21.35,1,1,0.79,1.0,12946.0,-0.20999999999999996,0.20999999999999996,20.999999999999996,0,1,0.015,1.0,38267.0,0.004999999999999999,0.004999999999999999,49.999999999999986,1,1,0.314,1.0,39232.0,0.014000000000000012,0.014000000000000012,4.666666666666671,1,1,17.301,1.0,34082.0,-0.6990000000000016,0.6990000000000016,3.883333333333342,1,1,4,0.08299999999999999,0.06521502894272148,0.028,0.192,0.08299999999999999,0.06521502894272148,0.1055556725145551,0.08299999999999999,1.0,4,0,1.0,1.0,0,2650.0,13251.5,0,4,5.34125,0.7486312092746336,4.217,6.052,5.34125,0.7486312092746336,5.393459024596368,5.34125,1.0,4,0,1.0,1.0,0,15077.0,20276.75,0,4,0.09575,0.0631124987621311,0.016,0.182,0.09575,0.0631124987621311,0.11467889954128441,0.09575,1.0,4,0,1.0,1.0,0,30176.0,31992.75,0,4,30.385749999999998,5.479331180673422,25.758,39.726,30.385749999999998,5.479331180673422,30.875829920019964,30.385749999999998,1.0,4,0,1.0,1.0,0,7335.0,13481.75,0,4,0.85925,0.01160549438843517,0.844,0.871,0.25925,0.01160549438843517,0.25950963373254565,0.25925,0.0,0,0,1.0,1.0,0,5164.0,6614.5,0,4,0.3245,0.008046738469715547,0.315,0.337,-0.27549999999999997,0.008046738469715547,0.27561748855977913,0.27549999999999997,1.0,4,0,1.0,1.0,0,16173.0,17255.5,0
35,35,power_law,5.007,1.01,8342.0,0.006999999999999673,0.006999999999999673,0.13999999999999346,1,1,1.999,1.01,558.0,-0.0009999999999998899,0.0009999999999998899,0.04999999999999449,1,1,2.423,1.01,764.0,-2.577,2.577,51.54,1,1,2.771,1.03,17025.0,0.7709999999999999,0.7709999999999999,38.55,1,0,0.753,1.0,4319.0,-0.247,0.247,24.7,0,1,0.009,1.01,588.0,-0.0010000000000000009,0.0010000000000000009,10.000000000000009,1,1,0.298,1.02,187.0,-0.0020000000000000018,0.0020000000000000018,0.6666666666666673,1,0,17.437,1.02,209.0,-0.5629999999999988,0.5629999999999988,3.127777777777771,1,0,4,0.08700000000000001,0.023377339455121923,0.051,0.116,0.08700000000000001,0.023377339455121923,0.09008606995534882,0.08700000000000001,1.0,4,0,1.0175,1.04,1,462.0,6300.5,0,4,4.8985,1.18246913278952,2.861,5.696,4.8985,1.18246913278952,5.039199886886806,4.8985,1.0,4,0,1.0175,1.03,2,84.0,5135.75,2,4,-0.07825,0.17454566021531445,-0.374,0.064,-0.07825,0.17454566021531445,0.19128316705868292,0.12675,1.0,4,0,1.01,1.02,1,852.0,11897.0,0,4,29.92125,3.346242323487647,26.435,34.954,29.92125,3.346242323487647,30.10778203803794,29.92125,1.0,4,0,1.0250000000000001,1.05,3,193.0,8216.0,2,4,0.8362499999999999,0.011986972094736863,0.829,0.857,0.23625,0.011986972094736863,0.23655390506182727,0.23625,0.0,0,0,1.02,1.05,1,5996.0,7386.5,0,4,0.35124999999999995,0.0022776083947860766,0.349,0.355,-0.24875,0.002277608394786077,0.2487604269171445,0.24875,1.0,4,0,1.05,1.05,4,13194.0,14690.5,0
36,36,power_law,4.665,1.0,14416.0,-0.33499999999999996,0.33499999999999996,6.699999999999999,1,1,2.038,1.0,15167.0,0.03799999999999981,0.03799999999999981,1.8999999999999906,1,1,3.042,1.0,18009.0,-1.9580000000000002,1.9580000000000002,39.160000000000004,1,1,2.578,1.0,20629.0,0.5779999999999998,0.5779999999999998,28.89999999999999,1,1,0.809,1.0,11891.0,-0.19099999999999995,0.19099999999999995,19.099999999999994,0,1,0.01,1.0,33201.0,0.0,0.0,0.0,1,1,0.318,1.0,42123.0,0.018000000000000016,0.018000000000000016,6.000000000000005,1,1,17.703,1.0,29215.0,-0.2970000000000006,0.2970000000000006,1.6500000000000032,1,1,4,0.0685,0.040537020117418596,0.009,0.123,0.0685,0.040537020117418596,0.07959585416339221,0.0685,1.0,4,0,1.0,1.0,0,8663.0,14876.75,0,4,5.37225,0.612277459572047,4.673,6.079,5.37225,0.612277459572047,5.4070281809881475,5.37225,1.0,4,0,1.0,1.0,0,16886.0,19074.5,0,4,0.05425000000000001,0.2013297978442337,-0.179,0.305,0.05425000000000001,0.2013297978442337,0.2085107910876557,0.19574999999999998,1.0,4,0,1.0,1.0,0,29952.0,31854.0,0,4,25.844250000000002,2.752610340658481,22.602,29.023,25.844250000000002,2.752610340658481,25.990423654684815,25.844250000000002,1.0,4,0,1.0,1.0,0,14516.0,15251.5,0,4,0.85325,0.03336446462930286,0.819,0.903,0.25325,0.03336446462930286,0.2554383487262631,0.25325,0.0,0,0,1.0,1.0,0,7364.0,9461.25,0,4,0.34125,0.0067221648298743586,0.331,0.349,-0.25875,0.0067221648298743586,0.25883730411206185,0.25875,1.0,4,0,1.0,1.0,0,17381.0,18009.5,0
37,37,power_law,5.191,1.0,9617.0,0.19099999999999984,0.19099999999999984,3.819999999999997,1,1,2.173,1.0,9980.0,0.17300000000000004,0.17300000000000004,8.650000000000002,1,1,2.658,1.0,11406.0,-2.342,2.342,46.84,1,1,2.61,1.0,12807.0,0.6099999999999999,0.6099999999999999,30.499999999999993,1,1,0.819,1.0,9763.0,-0.18100000000000005,0.18100000000000005,18.100000000000005,0,1,0.006,1.0,20444.0,-0.004,0.004,40.0,1,1,0.309,1.0,28944.0,0.009000000000000008,0.009000000000000008,3.0000000000000027,1,1,18.178,1.0,21982.0,0.17800000000000082,0.17800000000000082,0.9888888888888935,1,1,4,0.09625,0.04010221315588455,0.037,0.15,0.09625,0.04010221315588455,0.10427008199862509,0.09625,1.0,4,0,1.0,1.0,0,3956.0,7281.0,0,4,5.336250000000001,0.18314116822822785,5.12,5.613,5.336250000000001,0.18314116822822785,5.339391795888367,5.336250000000001,1.0,4,0,1.0,1.0,0,11502.0,13860.25,0,4,-0.027999999999999997,0.13553597308463905,-0.254,0.084,-0.027999999999999997,0.13553597308463905,0.1383979768638256,0.10500000000000001,1.0,4,0,1.0,1.0,0,20402.0,21355.75,0,4,29.1325,2.9309497180948005,26.367,34.068,29.1325,2.9309497180948005,29.279566637844898,29.1325,1.0,4,0,1.0,1.0,0,12786.0,13791.0,0,4,0.8780000000000001,0.007648529270389184,0.87,0.89,0.278,0.0076485292703891835,0.2781051959241323,0.278,0.0,0,0,1.0,1.0,0,3585.0,5574.0,0,4,0.31975,0.001299038105676659,0.318,0.321,-0.28024999999999994,0.001299038105676659,0.2802530106885562,0.28024999999999994,1.0,4,0,1.0,1.0,0,10101.0,10780.25,0
38,38,power_law,3.933,1.0,12235.0,-1.0670000000000002,1.0670000000000002,21.340000000000003,1,1,1.971,1.0,14961.0,-0.028999999999999915,0.028999999999999915,1.4499999999999957,1,1,2.8,1.0,19104.0,-2.2,2.2,44.00000000000001,1,1,2.539,1.0,20015.0,0.5390000000000001,0.5390000000000001,26.950000000000006,1,1,0.86,1.0,15802.0,-0.14,0.14,14.000000000000002,0,1,0.016,1.0,33941.0,0.006,0.006,60.0,1,1,0.298,1.0,34271.0,-0.0020000000000000018,0.0020000000000000018,0.6666666666666673,1,1,19.786,1.0,31764.0,1.7860000000000014,1.7860000000000014,9.92222222222223,1,1,4,0.1785,0.09965314847008097,0.029,0.309,0.1785,0.09965314847008097,0.2044333632262601,0.1785,1.0,4,0,1.0074999999999998,1.01,0,235.0,3638.75,2,4,5.449000000000001,0.2248221519334784,5.21,5.796,5.449000000000001,0.2248221519334784,5.453636034793668,5.449000000000001,1.0,4,0,1.0,1.0,0,22869.0,24199.5,0,4,0.026749999999999996,0.24355633331941914,-0.28,0.392,0.026749999999999996,0.24355633331941914,0.24502091747440669,0.19974999999999998,1.0,4,0,1.0,1.0,0,29634.0,31461.75,0,4,29.189,1.7621353523495293,26.758,31.462,29.189,1.7621353523495293,29.242141542643555,29.189,1.0,4,0,1.0,1.0,0,17710.0,20015.0,0,4,0.9067500000000001,0.009832980219648577,0.896,0.918,0.3067500000000001,0.009832980219648577,0.3069075593725251,0.3067500000000001,0.0,0,0,1.0,1.0,0,6358.0,8721.0,0,4,0.30575,0.002861380785564902,0.302,0.309,-0.29425,0.002861380785564902,0.2942639121604958,0.29425,1.0,4,0,1.0,1.0,0,18796.0,19097.25,0
39,39,power_law,4.064,1.0,12010.0,-0.9359999999999999,0.9359999999999999,18.72,1,1,1.922,1.0,12755.0,-0.07800000000000007,0.07800000000000007,3.9000000000000035,1,1,2.865,1.0,13695.0,-2.135,2.135,42.699999999999996,1,1,2.679,1.0,16028.0,0.6789999999999998,0.6789999999999998,33.94999999999999,1,1,0.815,1.0,11118.0,-0.18500000000000005,0.18500000000000005,18.500000000000007,0,1,0.011,1.0,23778.0,0.0009999999999999992,0.0009999999999999992,9.999999999999991,1,1,0.299,1.0,27128.0,-0.0010000000000000009,0.0010000000000000009,0.33333333333333365,1,1,17.628,1.0,22256.0,-0.3719999999999999,0.3719999999999999,2.066666666666666,1,1,4,0.04925,0.01926622692693097,0.02,0.073,0.04925,0.01926622692693097,0.05288430769141258,0.04925,1.0,4,0,1.0,1.0,0,8323.0,13222.0,0,4,5.215,0.5449004496235987,4.492,5.918,5.215,0.5449004496235987,5.243390267756158,5.215,1.0,4,0,1.0,1.0,0,14548.0,16256.5,0,4,0.07325000000000001,0.077127734959611,-0.014,0.166,0.07325000000000001,0.077127734959611,0.10636846337143355,0.08025000000000002,1.0,4,0,1.0,1.0,0,21459.0,24379.75,0,4,26.350749999999998,1.265443079518,24.725,28.117,26.350749999999998,1.265443079518,26.381117712295662,26.350749999999998,1.0,4,0,1.0,1.0,0,10229.0,11668.5,0,4,0.849,0.03555980877338913,0.821,0.908,0.249,0.03555980877338913,0.25152634056893525,0.249,0.0,0,0,1.0,1.0,0,6156.0,8660.0,0,4,0.34950000000000003,0.007365459931328108,0.341,0.361,-0.25049999999999994,0.007365459931328108,0.2506082600394488,0.25049999999999994,1.0,4,0,1.0,1.0,0,12624.0,13135.0,0
40,40,power_law,4.09,1.0,12274.0,-0.9100000000000001,0.9100000000000001,18.200000000000003,1,1,1.872,1.0,12471.0,-0.1279999999999999,0.1279999999999999,6.399999999999995,1,1,2.647,1.0,14656.0,-2.353,2.353,47.06,1,1,2.625,1.0,16627.0,0.625,0.625,31.25,1,1,0.776,1.0,7432.0,-0.22399999999999998,0.22399999999999998,22.4,0,1,0.015,1.0,25643.0,0.004999999999999999,0.004999999999999999,49.999999999999986,1,1,0.294,1.0,28362.0,-0.006000000000000005,0.006000000000000005,2.0000000000000018,1,1,19.027,1.0,27088.0,1.027000000000001,1.027000000000001,5.705555555555561,1,1,4,0.09675,0.06992987558976492,0.023,0.179,0.09675,0.06992987558976492,0.11937650522611222,0.09675,1.0,4,0,1.0,1.0,0,2795.0,11245.0,0,4,5.48475,0.3743216364304901,4.864,5.866,5.48475,0.3743216364304901,5.49750845838367,5.48475,1.0,4,0,1.0,1.0,0,13617.0,16438.0,0,4,0.18075,0.12362316732716405,0.084,0.393,0.18075,0.12362316732716405,0.21898230522122103,0.18075,0.75,3,0,1.0,1.0,0,22318.0,24514.75,0,4,28.47725,1.4958529966209915,26.937,30.826,28.47725,1.4958529966209915,28.51651002051268,28.47725,1.0,4,0,1.0,1.0,0,11154.0,15311.25,0,4,0.8465,0.0075663729752107846,0.837,0.858,0.2465,0.0075663729752107846,0.2466160984201964,0.2465,0.0,0,0,1.0,1.0,0,4412.0,5529.0,0,4,0.3065,0.0005000000000000004,0.306,0.307,-0.2935,0.0005000000000000004,0.29350042589406916,0.2935,1.0,4,0,1.0,1.0,0,13581.0,14499.0,0
41,41,power_law,4.862,1.0,11340.0,-0.1379999999999999,0.1379999999999999,2.759999999999998,1,1,2.09,1.0,10783.0,0.08999999999999986,0.08999999999999986,4.499999999999993,1,1,3.008,1.0,20208.0,-1.992,1.992,39.839999999999996,1,1,2.362,1.0,13371.0,0.3620000000000001,0.3620000000000001,18.100000000000005,1,1,0.834,1.0,13571.0,-0.16600000000000004,0.16600000000000004,16.600000000000005,0,1,0.015,1.0,34014.0,0.004999999999999999,0.004999999999999999,49.999999999999986,1,1,0.314,1.0,35196.0,0.014000000000000012,0.014000000000000012,4.666666666666671,1,1,18.324,1.0,29826.0,0.3240000000000016,0.3240000000000016,1.800000000000009,1,1,4,0.09775,0.048064409910036354,0.033,0.168,0.09775,0.048064409910036354,0.10892772833397381,0.09775,1.0,4,0,1.0,1.0,0,5342.0,9662.0,0,4,5.47225,0.17796822047770197,5.237,5.717,5.47225,0.17796822047770197,5.4751431716440075,5.47225,1.0,4,0,1.0,1.0,0,20821.0,22692.5,0,4,0.02799999999999999,0.147331259412251,-0.2,0.212,0.02799999999999999,0.147331259412251,0.1499683299900349,0.128,1.0,4,0,1.0,1.0,0,15064.0,26730.25,0,4,29.5345,3.3281936917793713,24.695,33.972,29.5345,3.3281936917793713,29.721432729597677,29.5345,1.0,4,0,1.0,1.0,0,14879.0,18337.5,0,4,0.85375,0.05970081657733001,0.756,0.918,0.25375000000000003,0.05970081657733001,0.2606784417630273,0.25375000000000003,0.25,1,0,1.0,1.0,0,8132.0,9761.25,0,4,0.31275,0.013386093530227567,0.297,0.327,-0.28724999999999995,0.013386093530227567,0.2875617325027793,0.28724999999999995,1.0,4,0,1.0,1.0,0,16109.0,17358.25,0
42,42,power_law,4.137,1.0,13624.0,-0.8630000000000004,0.8630000000000004,17.26000000000001,1,1,1.899,1.0,14344.0,-0.10099999999999998,0.10099999999999998,5.049999999999999,1,1,2.869,1.0,18255.0,-2.131,2.131,42.62,1,1,2.48,1.0,20495.0,0.48,0.48,24.0,1,1,0.815,1.0,14199.0,-0.18500000000000005,0.18500000000000005,18.500000000000007,0,1,0.014,1.0,38306.0,0.004,0.004,40.0,1,1,0.311,1.0,39989.0,0.01100000000000001,0.01100000000000001,3.66666666666667,1,1,15.858,1.0,31493.0,-2.1419999999999995,2.1419999999999995,11.899999999999997,1,1,4,0.1025,0.058900339557595084,0.019,0.185,0.1025,0.058900339557595084,0.11821801893112573,0.1025,1.0,4,0,1.0,1.0,0,1746.0,10416.0,0,4,5.52375,0.1527143984698233,5.362,5.717,5.52375,0.1527143984698233,5.525860634326565,5.52375,1.0,4,0,1.0,1.0,0,22886.0,23862.5,0,4,0.063,0.11844196891305042,-0.037,0.264,0.063,0.11844196891305042,0.13415476137655347,0.084,1.0,4,0,1.0,1.0,0,24997.0,28432.0,0,4,29.2705,2.46321766192109,25.59,32.359,29.2705,2.46321766192109,29.373961453981657,29.2705,1.0,4,0,1.0,1.0,0,15595.0,18963.5,0,4,0.86425,0.01672386020032458,0.841,0.887,0.26425,0.01672386020032458,0.26477868116598813,0.26425,0.0,0,0,1.0,1.0,0,6101.0,9052.0,0,4,0.304,0.002549509756796395,0.3,0.307,-0.296,0.002549509756796395,0.29601097952609795,0.296,1.0,4,0,1.0,1.0,0,20581.0,20946.0,0
43,43,power_law,3.685,1.0,12653.0,-1.315,1.315,26.3,0,1,1.962,1.0,12768.0,-0.038000000000000034,0.038000000000000034,1.9000000000000017,1,1,2.83,1.0,20841.0,-2.17,2.17,43.4,1,1,2.527,1.0,21513.0,0.5270000000000001,0.5270000000000001,26.35000000000001,1,1,0.863,1.0,13003.0,-0.137,0.137,13.700000000000001,0,1,0.018,1.0,34992.0,0.007999999999999998,0.007999999999999998,79.99999999999999,1,1,0.31,1.0,36227.0,0.010000000000000009,0.010000000000000009,3.3333333333333366,1,1,20.664,1.0,29236.0,2.6640000000000015,2.6640000000000015,14.800000000000008,1,1,4,0.0595,0.03712478956169314,0.015,0.115,0.0595,0.03712478956169314,0.07013201836536576,0.0595,1.0,4,0,1.0,1.0,0,1349.0,8540.0,0,4,5.43025,0.1823764993084359,5.288,5.741,5.43025,0.1823764993084359,5.433311720304662,5.43025,1.0,4,0,1.0,1.0,0,20883.0,23130.25,0,4,-0.023999999999999994,0.13985885742419035,-0.173,0.197,-0.023999999999999994,0.13985885742419035,0.14190313597662316,0.1225,1.0,4,0,1.0,1.0,0,29078.0,29957.0,0,4,29.5545,2.625100045712544,27.025,33.229,29.5545,2.625100045712544,29.670854731537478,29.5545,1.0,4,0,1.0,1.0,0,15597.0,18317.0,0,4,0.9067500000000001,0.014376630342329888,0.886,0.926,0.3067500000000001,0.014376630342329888,0.30708671413788,0.3067500000000001,0.0,0,0,1.0,1.0,0,5579.0,8886.0,0,4,0.315,0.0015811388300841912,0.313,0.317,-0.285,0.0015811388300841912,0.2850043859311642,0.285,1.0,4,0,1.0,1.0,0,20418.0,20888.75,0
44,44,power_law,5.027,1.0,10006.0,0.027000000000000135,0.027000000000000135,0.5400000000000027,1,1,2.025,1.0,9716.0,0.02499999999999991,0.02499999999999991,1.2499999999999956,1,1,3.247,1.0,16895.0,-1.7530000000000001,1.7530000000000001,35.06,1,1,2.254,1.0,13714.0,0.254,0.254,12.7,1,1,0.794,1.0,17855.0,-0.20599999999999996,0.20599999999999996,20.599999999999994,0,1,0.013,1.0,35473.0,0.002999999999999999,0.002999999999999999,29.999999999999993,1,1,0.32,1.0,42884.0,0.020000000000000018,0.020000000000000018,6.666666666666673,1,1,17.551,1.0,36318.0,-0.4490000000000016,0.4490000000000016,2.4944444444444533,1,1,4,0.1285,0.059150232459391064,0.082,0.23,0.1285,0.059150232459391064,0.1414602417642498,0.1285,1.0,4,0,1.0,1.0,0,4456.0,11296.25,0,4,5.524249999999999,0.3043570066550134,5.03,5.85,5.524249999999999,0.3043570066550134,5.532627879227014,5.524249999999999,1.0,4,0,1.0,1.0,0,21887.0,26071.25,0,4,-0.12875,0.09823536786717908,-0.265,-0.015,-0.12875,0.09823536786717908,0.16194675050769003,0.12875,1.0,4,0,1.0,1.0,0,23683.0,29320.75,0,4,31.670250000000003,3.5312289202910656,28.148,36.299,31.670250000000003,3.5312289202910656,31.86650769616903,31.670250000000003,1.0,4,0,1.0,1.0,0,12896.0,16087.25,0,4,0.8307499999999999,0.036772102197182036,0.779,0.866,0.23075,0.03677210219718203,0.2336616143058162,0.23075,0.0,0,0,1.0,1.0,0,8070.0,10521.5,0,4,0.2945,0.013238202294873724,0.281,0.316,-0.3055,0.013238202294873724,0.3057866903578375,0.3055,1.0,4,0,1.0,1.0,0,16397.0,17114.75,0
45,45,power_law,3.63,1.0,11386.0,-1.37,1.37,27.400000000000002,1,1,1.757,1.0,12274.0,-0.2430000000000001,0.2430000000000001,12.150000000000006,1,1,2.765,1.0,18249.0,-2.235,2.235,44.699999999999996,1,1,2.599,1.0,20302.0,0.5990000000000002,0.5990000000000002,29.95000000000001,1,1,0.8,1.0,13051.0,-0.19999999999999996,0.19999999999999996,19.999999999999996,0,1,0.012,1.0,32045.0,0.002,0.002,20.0,1,1,0.302,1.0,35105.0,0.0020000000000000018,0.0020000000000000018,0.6666666666666673,1,1,16.32,1.0,26495.0,-1.6799999999999997,1.6799999999999997,9.333333333333332,1,1,4,0.062,0.017507141400011594,0.035,0.078,0.062,0.017507141400011594,0.06442437426937106,0.062,1.0,4,0,1.0,1.0,0,10030.0,12697.75,0,4,5.478249999999999,0.20312480769221686,5.225,5.788,5.478249999999999,0.20312480769221686,5.4820144791855485,5.478249999999999,1.0,4,0,1.0,1.0,0,13765.0,18087.25,0,4,6.938893903907228e-18,0.17675548082025633,-0.293,0.141,6.938893903907228e-18,0.17675548082025633,0.17675548082025633,0.1465,1.0,4,0,1.0,1.0,0,17815.0,24267.25,0,4,27.55575,1.602655511175125,25.479,29.98,27.55575,1.602655511175125,27.6023162569738,27.55575,1.0,4,0,1.0,1.0,0,16257.0,17203.0,0,4,0.8562500000000001,0.02120583646074827,0.829,0.882,0.25625,0.02120583646074827,0.2571259419039627,0.25625,0.0,0,0,1.0,1.0,0,6316.0,8668.5,0,4,0.30875,0.003112474899497186,0.306,0.314,-0.29125,0.003112474899497186,0.29126663042648737,0.29125,1.0,4,0,1.0,1.0,0,12816.0,13243.25,0
46,46,power_law,5.796,1.0,6235.0,0.7960000000000003,0.7960000000000003,15.920000000000007,1,1,2.294,1.0,5802.0,0.29400000000000004,0.29400000000000004,14.700000000000003,1,1,3.619,1.0,14049.0,-1.3809999999999998,1.3809999999999998,27.619999999999994,1,1,2.099,1.0,12422.0,0.0990000000000002,0.0990000000000002,4.95000000000001,1,1,0.816,1.0,14243.0,-0.18400000000000005,0.18400000000000005,18.400000000000006,0,1,0.011,1.0,26559.0,0.0009999999999999992,0.0009999999999999992,9.999999999999991,1,1,0.304,1.0,32151.0,0.0040000000000000036,0.0040000000000000036,1.3333333333333346,1,1,19.04,1.0,26629.0,1.0399999999999991,1.0399999999999991,5.777777777777773,1,1,4,0.13725,0.05660554301479671,0.093,0.233,0.13725,0.05660554301479671,0.1484646422553195,0.13725,1.0,4,0,1.0,1.0,0,4167.0,8101.5,0,4,5.529,0.5946347618496585,4.601,6.245,5.529,0.5946347618496585,5.560884057413893,5.529,1.0,4,0,1.0,1.0,0,12600.0,14664.25,0,4,-0.04299999999999999,0.2627080128203173,-0.418,0.317,-0.04299999999999999,0.2627080128203173,0.26620386924310474,0.2105,1.0,4,0,1.0,1.0,0,22185.0,24473.75,0,4,30.880499999999998,7.037311507244794,19.52,38.01,30.880499999999998,7.037311507244794,31.67221232405466,30.880499999999998,0.75,3,0,1.0,1.0,0,8184.0,10539.25,0,4,0.8515,0.019241881404893874,0.826,0.878,0.2515,0.019241881404893874,0.2522350094653793,0.2515,0.0,0,0,1.0,1.0,0,6199.0,9571.0,0,4,0.31375000000000003,0.011648497757221753,0.295,0.327,-0.28625,0.011648497757221755,0.2864869106957593,0.28625,1.0,4,0,1.0,1.0,0,12334.0,12965.25,0
47,47,power_law,5.029,1.0,7478.0,0.028999999999999915,0.028999999999999915,0.5799999999999983,1,1,2.12,1.0,8222.0,0.1200000000000001,0.1200000000000001,6.000000000000005,1,1,2.706,1.0,10467.0,-2.294,2.294,45.879999999999995,1,1,2.698,1.0,3832.0,0.698,0.698,34.9,1,1,0.798,1.0,5834.0,-0.20199999999999996,0.20199999999999996,20.199999999999996,0,1,0.008,1.0,25261.0,-0.002,0.002,20.0,1,1,0.305,1.0,16085.0,0.0050000000000000044,0.0050000000000000044,1.6666666666666683,1,1,19.451,1.0,17207.0,1.4510000000000005,1.4510000000000005,8.061111111111114,1,1,4,0.07850000000000001,0.06066918492941866,0.018,0.166,0.07850000000000001,0.06066918492941866,0.09921189444819607,0.07850000000000001,1.0,4,0,1.0,1.0,0,5073.0,8841.75,0,4,5.25,0.4598885734610069,4.559,5.751,5.25,0.4598885734610069,5.270104126106049,5.25,1.0,4,0,1.0,1.0,0,12931.0,15562.75,0,4,-0.06575,0.19605786773297315,-0.355,0.155,-0.06575,0.19605786773297315,0.20678914381562682,0.17625,1.0,4,0,1.0,1.0,0,5609.0,7496.0,0,4,26.47975,0.3556349075948528,26.024,26.926,26.47975,0.3556349075948528,26.48213806039837,26.47975,1.0,4,0,1.0,1.0,0,3204.0,6886.25,0,4,0.86375,0.016708904811506962,0.842,0.889,0.26375000000000004,0.016708904811506962,0.264278735429092,0.26375000000000004,0.0,0,0,1.0,1.0,0,3997.0,5988.0,0,4,0.33525,0.004023369234857774,0.331,0.341,-0.26474999999999993,0.004023369234857774,0.2647805695288081,0.26474999999999993,1.0,4,0,1.0,1.0,0,9538.0,10774.75,0
48,48,power_law,5.122,1.0,12433.0,0.12199999999999989,0.12199999999999989,2.4399999999999977,1,1,2.124,1.0,12860.0,0.12400000000000011,0.12400000000000011,6.2000000000000055,1,1,2.532,1.0,14658.0,-2.468,2.468,49.36,1,1,2.699,1.0,17169.0,0.6989999999999998,0.6989999999999998,34.94999999999999,1,1,0.787,1.0,9163.0,-0.21299999999999997,0.21299999999999997,21.299999999999997,0,1,0.012,1.0,23983.0,0.002,0.002,20.0,1,1,0.286,1.0,31187.0,-0.014000000000000012,0.014000000000000012,4.666666666666671,1,1,19.534,1.0,24264.0,1.533999999999999,1.533999999999999,8.522222222222215,1,1,4,0.10725,0.06257545445300418,0.038,0.208,0.10725,0.06257545445300418,0.12417024603341976,0.10725,1.0,4,0,1.0,1.0,0,5349.0,10187.75,0,4,5.4544999999999995,0.2029488851903355,5.212,5.757,5.4544999999999995,0.2029488851903355,5.458274315202562,5.4544999999999995,1.0,4,0,1.0,1.0,0,16827.0,17262.5,0,4,-0.025499999999999988,0.16927713962611726,-0.283,0.139,-0.025499999999999988,0.16927713962611726,0.1711870322191491,0.1515,1.0,4,0,1.0,1.0,0,19802.0,23109.0,0,4,28.343249999999998,2.25152585761301,25.916,31.767,28.343249999999998,2.25152585761301,28.432537509867107,28.343249999999998,1.0,4,0,1.0,1.0,0,11629.0,14635.25,0,4,0.84525,0.016068213964221426,0.827,0.867,0.24525,0.016068213964221426,0.24577581247958472,0.24525,0.0,0,0,1.0,1.0,0,5998.0,7889.75,0,4,0.30825,0.00043301270189221973,0.308,0.309,-0.29175,0.0004330127018922198,0.29175032133658396,0.29175,1.0,4,0,1.0,1.0,0,15866.0,15979.5,0
49,49,power_law,5.39,1.0,7701.0,0.3899999999999997,0.3899999999999997,7.799999999999993,1,1,2.209,1.0,6946.0,0.20900000000000007,0.20900000000000007,10.450000000000003,1,1,3.312,1.0,17103.0,-1.6880000000000002,1.6880000000000002,33.76,1,1,2.138,1.0,12326.0,0.1379999999999999,0.1379999999999999,6.899999999999995,1,1,0.837,1.0,16155.0,-0.16300000000000003,0.16300000000000003,16.300000000000004,0,1,0.008,1.0,31989.0,-0.002,0.002,20.0,1,1,0.302,1.0,31453.0,0.0020000000000000018,0.0020000000000000018,0.6666666666666673,1,1,17.152,1.0,29893.0,-0.847999999999999,0.847999999999999,4.711111111111106,1,1,4,0.16899999999999998,0.02866182129593303,0.12,0.192,0.16899999999999998,0.02866182129593303,0.17141324336234934,0.16899999999999998,1.0,4,0,1.0,1.0,0,4045.0,5637.0,0,4,5.44175,0.7435396341150888,4.188,6.136,5.44175,0.7435396341150888,5.492312286277976,5.44175,1.0,4,0,1.0,1.0,0,12557.0,19006.75,0,4,-0.10825000000000001,0.13542779441458833,-0.34,-0.011,-0.10825000000000001,0.13542779441458833,0.1733745944479756,0.10825000000000001,1.0,4,0,1.0,1.0,0,23863.0,27012.0,0,4,33.55875,3.0385705006631007,29.827,37.88,33.55875,3.0385705006631007,33.69603258916397,33.55875,0.75,3,0,1.0,1.0,0,7519.0,12824.5,0,4,0.8647500000000001,0.013534677683639177,0.849,0.886,0.26475000000000004,0.013534677683639177,0.26509573742329395,0.26475000000000004,0.0,0,0,1.0,1.0,0,6522.0,10347.0,0,4,0.321,0.005744562646538034,0.312,0.326,-0.27899999999999997,0.005744562646538034,0.27905913351832795,0.27899999999999997,1.0,4,0,1.0,1.0,0,13875.0,14596.75,0
50,50,power_law,4.35,1.0,8606.0,-0.6500000000000004,0.6500000000000004,13.000000000000005,1,1,1.96,1.0,10447.0,-0.040000000000000036,0.040000000000000036,2.0000000000000018,1,1,2.661,1.0,11960.0,-2.339,2.339,46.78,1,1,2.586,1.0,11271.0,0.5859999999999999,0.5859999999999999,29.299999999999994,1,1,0.812,1.0,8334.0,-0.18799999999999994,0.18799999999999994,18.799999999999994,0,1,0.017,1.0,20559.0,0.007000000000000001,0.007000000000000001,70.0,1,1,0.312,1.0,21944.0,0.01200000000000001,0.01200000000000001,4.0000000000000036,1,1,18.049,1.0,17237.0,0.04899999999999949,0.04899999999999949,0.27222222222221937,1,1,4,0.07575,0.03076828724514902,0.039,0.12,0.07575,0.03076828724514902,0.08176032044946986,0.07575,1.0,4,0,1.0,1.0,0,4678.0,8065.5,0,4,5.45875,0.22979161755816935,5.222,5.835,5.45875,0.22979161755816935,5.463584514766839,5.45875,1.0,4,0,1.0,1.0,0,11267.0,14014.25,0,4,0.05,0.18031222920256962,-0.241,0.212,0.05,0.18031222920256962,0.18711627401164227,0.1705,1.0,4,0,1.0,1.0,0,19462.0,20935.5,0,4,28.743750000000002,2.719862347160239,25.572,32.197,28.743750000000002,2.719862347160239,28.872146010471756,28.743750000000002,1.0,4,0,1.0,1.0,0,10498.0,13119.5,0,4,0.8694999999999999,0.014221462653327905,0.854,0.889,0.2695,0.014221462653327903,0.26987497105141117,0.2695,0.0,0,0,1.0,1.0,0,5190.0,6622.0,0,4,0.30524999999999997,0.002165063509461099,0.304,0.309,-0.29474999999999996,0.0021650635094610984,0.29475795154668855,0.29474999999999996,1.0,4,0,1.0,1.0,0,11293.0,11468.25,0
51,51,power_law,4.766,1.0,3166.0,-0.23399999999999999,0.23399999999999999,4.68,1,1,2.013,1.0,6049.0,0.0129999999999999,0.0129999999999999,0.649999999999995,1,1,3.009,1.0,11728.0,-1.991,1.991,39.82,1,1,2.446,1.0,13014.0,0.4460000000000002,0.4460000000000002,22.300000000000008,1,1,0.789,1.0,4536.0,-0.21099999999999997,0.21099999999999997,21.099999999999998,0,1,0.011,1.0,27100.0,0.0009999999999999992,0.0009999999999999992,9.999999999999991,1,1,0.275,1.0,1383.0,-0.024999999999999967,0.024999999999999967,8.333333333333323,1,1,16.91,1.0,8577.0,-1.0899999999999999,1.0899999999999999,6.055555555555555,1,1,4,0.093,0.031488092987667575,0.052,0.127,0.093,0.031488092987667575,0.09818604788868936,0.093,1.0,4,0,1.0,1.0,0,4721.0,8740.25,0,4,5.402500000000001,0.40703101847402234,4.99,6.066,5.402500000000001,0.40703101847402234,5.41781141236939,5.402500000000001,1.0,4,0,1.0,1.0,0,2774.0,11186.75,0,4,-0.047,0.07403715283558654,-0.134,0.069,-0.047,0.07403715283558654,0.0876954958934608,0.0815,1.0,4,0,1.0,1.0,0,16503.0,19550.75,0,4,27.253,3.817333427931074,23.378,33.365,27.253,3.817333427931074,27.519048739009857,27.253,1.0,4,0,1.0,1.0,0,4042.0,9050.75,0,4,0.84575,0.015990231392947397,0.824,0.869,0.24575,0.015990231392947397,0.2462696692652183,0.24575,0.0,0,0,1.0,1.0,0,4497.0,7047.25,0,4,0.31075,0.005973901572674265,0.305,0.32,-0.28925,0.005973901572674265,0.2893116831377537,0.28925,1.0,4,0,1.0,1.0,0,4880.0,7477.75,0
52,52,power_law,5.751,1.0,14729.0,0.7510000000000003,0.7510000000000003,15.020000000000005,1,1,2.146,1.0,15993.0,0.1459999999999999,0.1459999999999999,7.299999999999995,1,1,2.677,1.0,18287.0,-2.323,2.323,46.46,1,1,2.6,1.0,20065.0,0.6000000000000001,0.6000000000000001,30.000000000000004,1,1,0.788,1.0,13665.0,-0.21199999999999997,0.21199999999999997,21.199999999999996,0,1,0.024,1.0,34993.0,0.014,0.014,140.0,0,1,0.29,1.0,41945.0,-0.010000000000000009,0.010000000000000009,3.3333333333333366,1,1,16.979,1.0,30780.0,-1.0210000000000008,1.0210000000000008,5.672222222222226,1,1,4,0.10500000000000001,0.0371012129181783,0.062,0.163,0.10500000000000001,0.0371012129181783,0.11136202225175332,0.10500000000000001,1.0,4,0,1.0,1.0,0,6880.0,11346.0,0,4,5.57025,0.23047600200454704,5.276,5.797,5.57025,0.23047600200454704,5.575016076210004,5.57025,1.0,4,0,1.0,1.0,0,20537.0,21408.25,0,4,-0.17325,0.13559383282435822,-0.319,0.036,-0.17325,0.13559383282435822,0.2200028408907485,0.19125,1.0,4,0,1.0,1.0,0,19979.0,23717.5,0,4,27.8705,1.274218289776129,26.438,29.542,27.8705,1.274218289776129,27.899612945343883,27.8705,1.0,4,0,1.0,1.0,0,20895.0,21619.0,0,4,0.8439999999999999,0.021598611066455196,0.815,0.869,0.244,0.021598611066455192,0.24495407732879237,0.244,0.0,0,0,1.0,1.0,0,6607.0,9211.75,0,4,0.29274999999999995,0.00432290411644765,0.286,0.297,-0.30724999999999997,0.00432290411644765,0.3072804093983214,0.30724999999999997,1.0,4,0,1.0,1.0,0,18446.0,19192.5,0
53,53,power_law,4.137,1.0,15305.0,-0.8630000000000004,0.8630000000000004,17.26000000000001,1,1,1.925,1.0,15766.0,-0.07499999999999996,0.07499999999999996,3.749999999999998,1,1,2.834,1.0,20211.0,-2.166,2.166,43.32,1,1,2.54,1.0,18543.0,0.54,0.54,27.0,1,1,0.791,1.0,10486.0,-0.20899999999999996,0.20899999999999996,20.899999999999995,0,1,0.013,1.0,34472.0,0.002999999999999999,0.002999999999999999,29.999999999999993,1,1,0.331,1.0,39167.0,0.031000000000000028,0.031000000000000028,10.333333333333343,1,1,20.077,1.0,28903.0,2.0770000000000017,2.0770000000000017,11.538888888888899,1,1,4,0.06475,0.038447204059593204,0.015,0.107,0.06475,0.038447204059593204,0.07530438234259676,0.06475,1.0,4,0,1.0,1.0,0,6382.0,13600.25,0,4,5.49075,0.18677978343493176,5.24,5.767,5.49075,0.18677978343493176,5.4939259414375075,5.49075,1.0,4,0,1.0,1.0,0,18768.0,21646.25,0,4,-0.04,0.1311525828948862,-0.235,0.123,-0.04,0.1311525828948862,0.13711673858431728,0.111,1.0,4,0,1.0,1.0,0,29363.0,32483.25,0,4,28.13975,2.669444172014091,25.828,32.562,28.13975,2.669444172014091,28.266083249187535,28.13975,1.0,4,0,1.0,1.0,0,15441.0,18519.5,0,4,0.8564999999999999,0.008529361054615998,0.842,0.864,0.2565,0.008529361054615998,0.25664177368464397,0.2565,0.0,0,0,1.0,1.0,0,6486.0,7345.25,0,4,0.29024999999999995,0.004493050188902861,0.284,0.295,-0.30974999999999997,0.004493050188902861,0.30978258504957956,0.30974999999999997,1.0,4,0,1.0,1.0,0,16212.0,17337.25,0
54,54,power_law,3.239,1.0,8519.0,-1.7610000000000001,1.7610000000000001,35.22,0,1,1.807,1.0,8879.0,-0.19300000000000006,0.19300000000000006,9.650000000000002,1,1,2.86,1.0,15528.0,-2.14,2.14,42.800000000000004,1,1,2.507,1.0,13667.0,0.5070000000000001,0.5070000000000001,25.350000000000005,1,1,0.812,1.0,11599.0,-0.18799999999999994,0.18799999999999994,18.799999999999994,0,1,0.008,1.0,30524.0,-0.002,0.002,20.0,1,1,0.327,1.0,31867.0,0.027000000000000024,0.027000000000000024,9.000000000000007,1,1,19.724,1.0,24508.0,1.7240000000000002,1.7240000000000002,9.57777777777778,1,1,4,0.047,0.02124852936087578,0.029,0.082,0.047,0.02124852936087578,0.05158003489723519,0.047,1.0,4,0,1.0,1.0,0,5921.0,10691.0,0,4,5.3805,0.32568888528778495,5.156,5.943,5.3805,0.32568888528778495,5.390348179848868,5.3805,1.0,4,0,1.0,1.0,0,16022.0,18577.75,0,4,0.12825,0.15875984221458525,-0.021,0.385,0.12825,0.15875984221458525,0.2040900536527932,0.13875,0.75,3,0,1.0,1.0,0,23963.0,26737.25,0,4,29.826,2.217923465767022,27.363,32.513,29.826,2.217923465767022,29.908351016062387,29.826,1.0,4,0,1.0,1.0,0,8189.0,13382.25,0,4,0.8725,0.008291561975888507,0.859,0.881,0.2725,0.008291561975888507,0.27262611760431177,0.2725,0.0,0,0,1.0,1.0,0,4460.0,5731.0,0,4,0.30575,0.003766629793329844,0.3,0.31,-0.29425,0.0037666297933298446,0.29427410691394507,0.29425,1.0,4,0,1.0,1.0,0,13892.0,14404.75,0
55,55,power_law,5.444,1.0,9381.0,0.44399999999999995,0.44399999999999995,8.879999999999999,1,1,2.085,1.0,9283.0,0.08499999999999996,0.08499999999999996,4.249999999999998,1,1,2.713,1.0,13998.0,-2.287,2.287,45.739999999999995,1,1,2.586,1.0,15801.0,0.5859999999999999,0.5859999999999999,29.299999999999994,1,1,0.781,1.0,7885.0,-0.21899999999999997,0.21899999999999997,21.9,0,1,0.004,1.0,22704.0,-0.006,0.006,60.0,0,1,0.284,1.0,28131.0,-0.016000000000000014,0.016000000000000014,5.333333333333338,1,1,16.103,1.0,21442.0,-1.8969999999999985,1.8969999999999985,10.53888888888888,1,1,4,0.084,0.08014674042030655,0.029,0.222,0.084,0.08014674042030655,0.11610124891662449,0.084,1.0,4,0,1.0,1.0,0,2827.0,14596.0,0,4,5.38875,0.11131571093066787,5.213,5.522,5.38875,0.11131571093066787,5.389899604816402,5.38875,1.0,4,0,1.0,1.0,0,15516.0,16988.25,0,4,-0.16475,0.1101779810125417,-0.346,-0.049,-0.16475,0.1101779810125417,0.19819624113489134,0.16475,1.0,4,0,1.0,1.0,0,20609.0,22413.75,0,4,29.846,2.90697686609302,24.896,32.311,29.846,2.90697686609302,29.987234459016058,29.846,1.0,4,0,1.0,1.0,0,11734.0,12605.5,0,4,0.8532500000000001,0.005673402858955114,0.845,0.859,0.25325,0.005673402858955114,0.2533135408934943,0.25325,0.0,0,0,1.0,1.0,0,5037.0,5702.5,0,4,0.30875,0.0026809513236909044,0.306,0.313,-0.29125,0.002680951323690905,0.2912623387944277,0.29125,1.0,4,0,1.0,1.0,0,14377.0,14837.5,0
56,56,power_law,3.977,1.0,10501.0,-1.0230000000000001,1.0230000000000001,20.460000000000004,1,1,1.925,1.0,11899.0,-0.07499999999999996,0.07499999999999996,3.749999999999998,1,1,2.79,1.0,14819.0,-2.21,2.21,44.2,1,1,2.665,1.0,17226.0,0.665,0.665,33.25,1,1,0.787,1.0,9730.0,-0.21299999999999997,0.21299999999999997,21.299999999999997,0,1,0.012,1.0,25803.0,0.002,0.002,20.0,1,1,0.305,1.0,30555.0,0.0050000000000000044,0.0050000000000000044,1.6666666666666683,1,1,19.706,1.0,24272.0,1.7059999999999995,1.7059999999999995,9.477777777777776,1,1,4,0.06175,0.03898958194184698,0.034,0.129,0.06175,0.03898958194184698,0.0730291037874627,0.06175,1.0,4,0,1.0,1.0,0,4587.0,12331.5,0,4,5.298749999999999,0.5360090367708366,4.58,6.074,5.298749999999999,0.5360090367708366,5.325791701709709,5.298749999999999,1.0,4,0,1.0,1.0,0,13749.0,16208.25,0,4,0.172,0.10684334326480055,-0.004,0.267,0.172,0.10684334326480055,0.2024833326474058,0.174,1.0,4,0,1.0,1.0,0,22848.0,23429.5,0,4,26.118249999999996,0.9476200121884307,25.299,27.725,26.118249999999996,0.9476200121884307,26.13543507864371,26.118249999999996,1.0,4,0,1.0,1.0,0,11779.0,12759.75,0,4,0.8615,0.01023474474522937,0.846,0.874,0.2615,0.01023474474522937,0.2617002101642259,0.2615,0.0,0,0,1.0,1.0,0,4243.0,5518.5,0,4,0.3285,0.003201562118716427,0.323,0.331,-0.27149999999999996,0.003201562118716427,0.27151887595524543,0.27149999999999996,1.0,4,0,1.0,1.0,0,15286.0,15559.0,0
57,57,power_law,4.614,1.0,8696.0,-0.3860000000000001,0.3860000000000001,7.7200000000000015,1,1,2.023,1.0,7467.0,0.02300000000000013,0.02300000000000013,1.1500000000000066,1,1,2.814,1.0,4882.0,-2.186,2.186,43.72,1,1,2.632,1.0,9388.0,0.6320000000000001,0.6320000000000001,31.600000000000005,1,1,0.771,1.0,8358.0,-0.22899999999999998,0.22899999999999998,22.9,0,1,0.011,1.0,16677.0,0.0009999999999999992,0.0009999999999999992,9.999999999999991,1,1,0.302,1.0,21826.0,0.0020000000000000018,0.0020000000000000018,0.6666666666666673,1,1,18.359,1.0,11731.0,0.35900000000000176,0.35900000000000176,1.9944444444444542,1,1,4,0.08975,0.0730971100659937,0.032,0.215,0.08975,0.0730971100659937,0.11575080993237152,0.08975,1.0,4,0,1.0,1.0,0,3813.0,8721.0,0,4,4.794,1.1240237986804371,3.467,6.312,4.794,1.1240237986804371,4.924009088131337,4.794,1.0,4,0,1.0,1.0,0,3491.0,5032.0,0,4,0.113,0.049381170500505556,0.057,0.192,0.113,0.049381170500505556,0.12331869282472954,0.113,1.0,4,0,1.0,1.0,0,10102.0,15487.0,0,4,30.212999999999997,7.020105804045975,21.264,40.864,30.212999999999997,7.020105804045975,31.01785380228619,30.212999999999997,1.0,4,0,1.0,1.0,0,3008.0,7840.25,0,4,0.85575,0.01298797520786055,0.843,0.877,0.25575000000000003,0.01298797520786055,0.25607957747544025,0.25575000000000003,0.0,0,0,1.0,1.0,0,4903.0,5691.75,0,4,0.3915,0.0025980762113533185,0.389,0.395,-0.20849999999999996,0.0025980762113533185,0.2085161864220617,0.20849999999999996,1.0,4,0,1.0,1.0,0,8828.0,9772.0,0
58,58,power_law,4.168,1.0,10232.0,-0.8319999999999999,0.8319999999999999,16.639999999999997,1,1,1.946,1.0,10281.0,-0.05400000000000005,0.05400000000000005,2.7000000000000024,1,1,2.982,1.0,10743.0,-2.018,2.018,40.36,1,1,2.38,1.0,11478.0,0.3799999999999999,0.3799999999999999,18.999999999999993,1,1,0.817,1.0,10565.0,-0.18300000000000005,0.18300000000000005,18.300000000000004,0,1,0.016,1.0,25488.0,0.006,0.006,60.0,1,1,0.306,1.0,27277.0,0.006000000000000005,0.006000000000000005,2.0000000000000018,1,1,17.38,1.0,20648.0,-0.620000000000001,0.620000000000001,3.44444444444445,1,1,4,0.1175,0.07406922437828008,0.048,0.227,0.1175,0.07406922437828008,0.13889744418094957,0.1175,1.0,4,0,1.0,1.0,0,2096.0,7453.5,0,4,5.366499999999999,0.6215164921383827,4.366,5.924,5.366499999999999,0.6215164921383827,5.402370313112569,5.366499999999999,1.0,4,0,1.0,1.0,0,8751.0,12926.75,0,4,0.07050000000000001,0.1633225336565656,-0.157,0.232,0.07050000000000001,0.1633225336565656,0.17788901034071777,0.155,1.0,4,0,1.0,1.0,0,16205.0,19992.75,0,4,28.80875,3.409247745104484,24.519,32.965,28.80875,3.409247745104484,29.00977502067191,28.80875,1.0,4,0,1.0,1.0,0,9110.0,11216.75,0,4,0.87575,0.013273563952458295,0.858,0.895,0.27575000000000005,0.013273563952458295,0.2760692847819185,0.27575000000000005,0.0,0,0,1.0,1.0,0,5107.0,7057.75,0,4,0.32625,0.007529110173187805,0.317,0.337,-0.27374999999999994,0.007529110173187805,0.27385351923975704,0.27374999999999994,1.0,4,0,1.0,1.0,0,8101.0,8677.0,0
59,59,power_law,4.566,1.0,10127.0,-0.43400000000000016,0.43400000000000016,8.680000000000003,1,1,2.007,1.0,11299.0,0.007000000000000117,0.007000000000000117,0.35000000000000586,1,1,2.7,1.0,17289.0,-2.3,2.3,46.0,1,1,2.62,1.0,20141.0,0.6200000000000001,0.6200000000000001,31.000000000000007,1,1,0.792,1.0,10518.0,-0.20799999999999996,0.20799999999999996,20.799999999999997,0,1,0.012,1.0,31695.0,0.002,0.002,20.0,1,1,0.297,1.0,35749.0,-0.0030000000000000027,0.0030000000000000027,1.0000000000000009,1,1,17.754,1.0,35023.0,-0.24599999999999866,0.24599999999999866,1.3666666666666594,1,1,4,0.07275,0.033618261406562946,0.024,0.119,0.07275,0.033618261406562946,0.08014206136605172,0.07275,1.0,4,0,1.0,1.0,0,9762.0,12807.5,0,4,5.4305,0.24228650395760806,5.026,5.62,5.4305,0.24228650395760806,5.4359022250220805,5.4305,1.0,4,0,1.0,1.0,0,18352.0,19890.75,0,4,0.02900000000000001,0.17800702233338997,-0.107,0.329,0.02900000000000001,0.17800702233338997,0.18035381892269428,0.1355,1.0,4,0,1.0,1.0,0,21106.0,24600.5,0,4,28.512999999999998,1.936223127637928,25.889,31.305,28.512999999999998,1.936223127637928,28.57866562665234,28.512999999999998,1.0,4,0,1.0,1.0,0,13630.0,16068.5,0,4,0.8619999999999999,0.005916079783099622,0.853,0.869,0.262,0.005916079783099621,0.26206678538113143,0.262,0.0,0,0,1.0,1.0,0,6274.0,7286.5,0,4,0.30125,0.0039607448794387184,0.298,0.308,-0.29875,0.0039607448794387184,0.29877625407652464,0.29875,1.0,4,0,1.0,1.0,0,15921.0,16428.25,0
60,60,power_law,3.819,1.0,11686.0,-1.181,1.181,23.62,1,1,1.815,1.0,13004.0,-0.18500000000000005,0.18500000000000005,9.250000000000004,1,1,2.934,1.0,15772.0,-2.066,2.066,41.31999999999999,1,1,2.579,1.0,20659.0,0.5790000000000002,0.5790000000000002,28.95000000000001,1,1,0.802,1.0,11855.0,-0.19799999999999995,0.19799999999999995,19.799999999999997,0,1,0.012,1.0,36064.0,0.002,0.002,20.0,1,1,0.31,1.0,44281.0,0.010000000000000009,0.010000000000000009,3.3333333333333366,1,1,15.606,1.0,31364.0,-2.394,2.394,13.3,0,1,4,0.067,0.02947880594596735,0.028,0.11,0.067,0.02947880594596735,0.0731983606373804,0.067,1.0,4,0,1.0,1.0,0,2933.0,13499.5,0,4,5.321250000000001,0.288111415081041,4.897,5.701,5.321250000000001,0.288111415081041,5.329043980865611,5.321250000000001,1.0,4,0,1.0,1.0,0,19240.0,21708.5,0,4,0.10649999999999998,0.2363149381651528,-0.165,0.413,0.10649999999999998,0.2363149381651528,0.25920455242915774,0.22749999999999998,1.0,4,0,1.0,1.0,0,28798.0,32636.0,0,4,25.694499999999998,0.6170840704474551,25.174,26.706,25.694499999999998,0.6170840704474551,25.70190893688638,25.694499999999998,1.0,4,0,1.0,1.0,0,14955.0,15805.0,0,4,0.8685,0.013610657588816213,0.852,0.889,0.2685,0.013610657588816211,0.26884475073915803,0.2685,0.0,0,0,1.0,1.0,0,5204.0,7465.25,0,4,0.3305,0.004272001872658769,0.325,0.336,-0.26949999999999996,0.004272001872658769,0.26953385687145126,0.26949999999999996,1.0,4,0,1.0,1.0,0,16328.0,17186.75,0
61,61,power_law,4.363,1.0,12883.0,-0.6369999999999996,0.6369999999999996,12.73999999999999,1,1,1.859,1.0,13403.0,-0.14100000000000001,0.14100000000000001,7.050000000000001,1,1,2.709,1.0,17395.0,-2.291,2.291,45.82,1,1,2.597,1.0,18767.0,0.597,0.597,29.849999999999998,1,1,0.772,1.0,8550.0,-0.22799999999999998,0.22799999999999998,22.799999999999997,0,1,0.015,1.0,29253.0,0.004999999999999999,0.004999999999999999,49.999999999999986,1,1,0.305,1.0,38672.0,0.0050000000000000044,0.0050000000000000044,1.6666666666666683,1,1,16.4,1.0,29775.0,-1.6000000000000014,1.6000000000000014,8.888888888888896,1,1,4,0.0675,0.0330870065131314,0.039,0.121,0.0675,0.0330870065131314,0.07517313349861106,0.0675,1.0,4,0,1.0,1.0,0,5620.0,14238.5,0,4,5.4575000000000005,0.24126178727680864,5.252,5.865,5.4575000000000005,0.24126178727680864,5.462830173087938,5.4575000000000005,1.0,4,0,1.0,1.0,0,18826.0,20588.75,0,4,-0.014000000000000005,0.14019450773835615,-0.169,0.158,-0.014000000000000005,0.14019450773835615,0.1408918024584823,0.1375,1.0,4,0,1.0,1.0,0,24689.0,27909.0,0,4,28.0405,2.288670520192891,26.019,31.929,28.0405,2.288670520192891,28.13374580463824,28.0405,1.0,4,0,1.0,1.0,0,15540.0,18574.5,0,4,0.8400000000000001,0.006041522986797292,0.831,0.846,0.24,0.006041522986797291,0.24007602962395058,0.24,0.0,0,0,1.0,1.0,0,4367.0,5197.75,0,4,0.2975,0.002291287847477922,0.295,0.301,-0.3025,0.002291287847477922,0.30250867756148747,0.3025,1.0,4,0,1.0,1.0,0,17001.0,17431.5,0
62,62,power_law,5.267,1.0,8530.0,0.26700000000000035,0.26700000000000035,5.340000000000007,1,1,2.146,1.0,12210.0,0.1459999999999999,0.1459999999999999,7.299999999999995,1,1,3.505,1.0,11290.0,-1.495,1.495,29.900000000000006,1,1,2.583,1.0,17265.0,0.5830000000000002,0.5830000000000002,29.15000000000001,1,1,0.784,1.0,8336.0,-0.21599999999999997,0.21599999999999997,21.599999999999998,0,1,0.013,1.0,35854.0,0.002999999999999999,0.002999999999999999,29.999999999999993,1,1,0.27,1.0,24900.0,-0.02999999999999997,0.02999999999999997,9.999999999999991,0,1,18.273,1.0,22402.0,0.2729999999999997,0.2729999999999997,1.516666666666665,1,1,4,0.064,0.021424285285628553,0.031,0.083,0.064,0.021424285285628553,0.06749074010558782,0.064,1.0,4,0,1.0,1.0,0,5492.0,12881.75,0,4,5.1930000000000005,1.5323385722483136,2.618,6.522,5.1930000000000005,1.5323385722483136,5.414361504369652,5.1930000000000005,1.0,4,0,1.0,1.0,0,4462.0,13552.75,0,4,-0.1305,0.15195805342264687,-0.359,0.023,-0.1305,0.15195805342264687,0.20030351968949522,0.142,1.0,4,0,1.0,1.0,0,12959.0,22247.5,0,4,23.7155,3.7068717606628905,19.186,27.629,23.7155,3.7068717606628905,24.003454720102273,23.7155,1.0,4,0,1.0,1.0,0,5787.0,7271.25,0,4,0.8815,0.009394147114027977,0.869,0.892,0.28150000000000003,0.009394147114027977,0.2816567059382752,0.28150000000000003,0.0,0,0,1.0,1.0,0,5061.0,5859.5,0,4,0.41300000000000003,0.010464224768228166,0.406,0.431,-0.18699999999999997,0.010464224768228166,0.18729255190743702,0.18699999999999997,1.0,4,0,1.0,1.0,0,9112.0,11074.75,0
63,63,power_law,4.634,1.0,12760.0,-0.36599999999999966,0.36599999999999966,7.319999999999993,1,1,2.024,1.0,13994.0,0.02400000000000002,0.02400000000000002,1.200000000000001,1,1,2.558,1.0,18204.0,-2.442,2.442,48.84,1,1,2.655,1.0,20350.0,0.6549999999999998,0.6549999999999998,32.74999999999999,1,1,0.779,1.0,9765.0,-0.22099999999999997,0.22099999999999997,22.099999999999998,0,1,0.009,1.0,34602.0,-0.0010000000000000009,0.0010000000000000009,10.000000000000009,1,1,0.27,1.0,37884.0,-0.02999999999999997,0.02999999999999997,9.999999999999991,0,1,20.711,1.0,29684.0,2.7109999999999985,2.7109999999999985,15.061111111111103,1,1,4,0.07775,0.03649229370702806,0.025,0.127,0.07775,0.03649229370702806,0.08588800847615458,0.07775,1.0,4,0,1.0,1.0,0,5197.0,9643.75,0,4,5.57175,0.16449525069131937,5.328,5.791,5.57175,0.16449525069131937,5.574177674778586,5.57175,1.0,4,0,1.0,1.0,0,16525.0,19780.75,0,4,0.18775,0.2357396604307387,-0.1,0.456,0.18775,0.2357396604307387,0.3013689599145871,0.23775000000000002,0.75,3,0,1.0,1.0,0,26510.0,27191.0,0,4,28.88475,0.9189231129425358,28.24,30.462,28.88475,0.9189231129425358,28.899363353714214,28.88475,1.0,4,0,1.0,1.0,0,17754.0,19913.75,0,4,0.8444999999999999,0.006800735254367728,0.836,0.855,0.2445,0.006800735254367728,0.24459456249066536,0.2445,0.0,0,0,1.0,1.0,0,5191.0,6298.0,0,4,0.2785,0.0025980762113532994,0.276,0.282,-0.32149999999999995,0.0025980762113532994,0.3215104974958049,0.32149999999999995,1.0,4,0,1.0,1.0,0,17897.0,18703.75,0
64,64,power_law,3.431,1.0,6958.0,-1.569,1.569,31.379999999999995,0,1,1.865,1.0,8897.0,-0.135,0.135,6.75,1,1,3.168,1.0,6674.0,-1.8319999999999999,1.8319999999999999,36.63999999999999,1,1,2.28,1.0,12209.0,0.2799999999999998,0.2799999999999998,13.99999999999999,1,1,0.85,1.0,14688.0,-0.15000000000000002,0.15000000000000002,15.000000000000002,0,1,0.014,1.0,24000.0,0.004,0.004,40.0,1,1,0.308,1.0,38011.0,0.008000000000000007,0.008000000000000007,2.666666666666669,1,1,18.32,1.0,34521.0,0.3200000000000003,0.3200000000000003,1.7777777777777795,1,1,4,0.045,0.00935414346693485,0.033,0.059,0.045,0.00935414346693485,0.045961940777125586,0.045,1.0,4,0,1.0,1.0,0,4948.0,8671.5,0,4,5.287750000000001,0.2992192966705189,4.908,5.727,5.287750000000001,0.2992192966705189,5.296209233971029,5.287750000000001,1.0,4,0,1.0,1.0,0,15217.0,19075.75,0,4,0.020750000000000005,0.19297846382433456,-0.192,0.333,0.020750000000000005,0.19297846382433456,0.19409082925269808,0.14575,1.0,4,0,1.0,1.0,0,19348.0,30084.25,0,4,30.135749999999998,2.6214251252896785,26.121,32.509,30.135749999999998,2.6214251252896785,30.249550372691495,30.135749999999998,1.0,4,0,1.0,1.0,0,15761.0,17513.75,0,4,0.89175,0.009496709956611298,0.878,0.902,0.29175000000000006,0.009496709956611298,0.29190452206158096,0.29175000000000006,0.0,0,0,1.0,1.0,0,4215.0,5671.75,0,4,0.32,0.0031622776601683824,0.316,0.324,-0.27999999999999997,0.0031622776601683824,0.2800178565734692,0.27999999999999997,1.0,4,0,1.0,1.0,0,16719.0,17109.5,0
65,65,power_law,5.605,1.0,7893.0,0.6050000000000004,0.6050000000000004,12.100000000000009,1,1,2.185,1.0,6570.0,0.18500000000000005,0.18500000000000005,9.250000000000004,1,1,3.438,1.0,14940.0,-1.5619999999999998,1.5619999999999998,31.239999999999995,1,1,2.255,1.0,10283.0,0.2549999999999999,0.2549999999999999,12.749999999999995,1,1,0.83,1.0,14171.0,-0.17000000000000004,0.17000000000000004,17.000000000000004,0,1,0.015,1.0,24805.0,0.004999999999999999,0.004999999999999999,49.999999999999986,1,1,0.293,1.0,23689.0,-0.007000000000000006,0.007000000000000006,2.3333333333333357,1,1,16.209,1.0,13686.0,-1.7910000000000004,1.7910000000000004,9.950000000000001,1,1,4,0.1975,0.05869625200981745,0.16,0.299,0.1975,0.05869625200981745,0.20603761792449457,0.1975,1.0,4,0,1.0,1.0,0,2771.0,5369.25,0,4,5.412,0.7382645189903142,4.2,6.157,5.412,0.7382645189903142,5.462122160845544,5.412,1.0,4,0,1.0,1.0,0,13013.0,15305.75,0,4,-0.0965,0.10452392070717594,-0.272,0.003,-0.0965,0.10452392070717594,0.14225856740456794,0.098,1.0,4,0,1.0,1.0,0,17645.0,19990.5,0,4,29.44925,5.753380631202839,23.426,38.916,29.44925,5.753380631202839,30.005994638571806,29.44925,1.0,4,0,1.0,1.0,0,4203.0,9241.5,0,4,0.8612500000000001,0.02416997103846012,0.829,0.897,0.26125,0.024169971038460122,0.26236567992022125,0.26125,0.0,0,0,1.0,1.0,0,5089.0,9258.75,0,4,0.34375,0.007562241731127071,0.337,0.356,-0.25625,0.007562241731127071,0.25636156108121977,0.25625,1.0,4,0,1.0,1.0,0,14075.0,16020.5,0
66,66,power_law,4.679,1.0,12057.0,-0.32099999999999973,0.32099999999999973,6.4199999999999955,1,1,2.048,1.0,12237.0,0.04800000000000004,0.04800000000000004,2.400000000000002,1,1,2.648,1.0,16379.0,-2.352,2.352,47.04,1,1,2.587,1.0,20096.0,0.5870000000000002,0.5870000000000002,29.35000000000001,1,1,0.808,1.0,7968.0,-0.19199999999999995,0.19199999999999995,19.199999999999996,0,1,0.012,1.0,34540.0,0.002,0.002,20.0,1,1,0.278,1.0,34626.0,-0.021999999999999964,0.021999999999999964,7.333333333333322,1,1,18.624,1.0,27841.0,0.6239999999999988,0.6239999999999988,3.4666666666666597,1,1,4,0.040249999999999994,0.009705024471890837,0.024,0.049,0.040249999999999994,0.009705024471890837,0.041403502267320334,0.040249999999999994,1.0,4,0,1.0,1.0,0,13246.0,16833.25,0,4,5.547000000000001,0.18702406262296828,5.423,5.869,5.547000000000001,0.18702406262296828,5.5501519799010905,5.547000000000001,1.0,4,0,1.0,1.0,0,20282.0,20958.25,0,4,-0.033749999999999995,0.028717372790699358,-0.059,0.014,-0.033749999999999995,0.028717372790699358,0.04431421893704096,0.04075,1.0,4,0,1.0,1.0,0,26646.0,28845.75,0,4,28.777499999999996,2.230298690758707,26.188,31.989,28.777499999999996,2.230298690758707,28.863796328619006,28.777499999999996,1.0,4,0,1.0,1.0,0,14597.0,19206.75,0,4,0.8707499999999999,0.006179603547154143,0.861,0.877,0.27075000000000005,0.006179603547154143,0.2708205125170544,0.27075000000000005,0.0,0,0,1.0,1.0,0,3449.0,4035.75,0,4,0.29024999999999995,0.0016393596310755017,0.289,0.293,-0.30974999999999997,0.0016393596310755017,0.3097543381455698,0.30974999999999997,1.0,4,0,1.0,1.0,0,15878.0,16521.75,0
67,67,power_law,3.86,1.0,9094.0,-1.1400000000000001,1.1400000000000001,22.800000000000004,1,1,1.914,1.0,9208.0,-0.08600000000000008,0.08600000000000008,4.300000000000004,1,1,3.412,1.0,13498.0,-1.588,1.588,31.759999999999998,1,1,2.366,1.0,13378.0,0.3660000000000001,0.3660000000000001,18.300000000000004,1,1,0.822,1.0,11615.0,-0.17800000000000005,0.17800000000000005,17.800000000000004,0,1,0.008,1.0,15375.0,-0.002,0.002,20.0,1,1,0.314,1.0,23768.0,0.014000000000000012,0.014000000000000012,4.666666666666671,1,1,18.391,1.0,23624.0,0.39099999999999824,0.39099999999999824,2.1722222222222127,1,1,4,0.0925,0.07041839248378226,0.027,0.199,0.0925,0.07041839248378226,0.1162540321881353,0.0925,1.0,4,0,1.0,1.0,0,1827.0,7494.5,0,4,5.0615,1.3327230582532892,2.759,5.979,5.0615,1.3327230582532892,5.234016908646742,5.0615,1.0,4,0,1.0,1.0,0,9226.0,13555.25,0,4,-0.09925,0.15193481332466238,-0.28,0.127,-0.09925,0.15193481332466238,0.18147933766685398,0.16275,1.0,4,0,1.0,1.0,0,19658.0,23269.25,0,4,26.49325,3.9709855436024957,21.121,30.911,26.49325,3.9709855436024957,26.789195989241634,26.49325,0.75,3,0,1.0,1.0,0,7497.0,10305.75,0,4,0.88825,0.015352117117844054,0.871,0.905,0.28825,0.015352117117844054,0.2886585352973302,0.28825,0.0,0,0,1.0,1.0,0,5331.0,7644.25,0,4,0.36825,0.014855554516745592,0.353,0.392,-0.23174999999999998,0.014855554516745592,0.2322256445787157,0.23174999999999998,1.0,4,0,1.0,1.0,0,9319.0,10627.0,0
68,68,power_law,4.188,1.0,10393.0,-0.8120000000000003,0.8120000000000003,16.240000000000006,1,1,1.955,1.0,10124.0,-0.04499999999999993,0.04499999999999993,2.2499999999999964,1,1,2.748,1.0,17075.0,-2.252,2.252,45.04,1,1,2.557,1.0,14868.0,0.5569999999999999,0.5569999999999999,27.849999999999998,1,1,0.809,1.0,9614.0,-0.19099999999999995,0.19099999999999995,19.099999999999994,0,1,0.004,1.0,27940.0,-0.006,0.006,60.0,0,1,0.297,1.0,36918.0,-0.0030000000000000027,0.0030000000000000027,1.0000000000000009,1,1,19.113,1.0,22342.0,1.1129999999999995,1.1129999999999995,6.183333333333331,1,1,4,0.058499999999999996,0.035696638497203066,0.019,0.115,0.058499999999999996,0.035696638497203066,0.06853101487647764,0.058499999999999996,1.0,4,0,1.0,1.0,0,2521.0,13172.25,0,4,5.3925,0.2121609059181262,5.122,5.63,5.3925,0.2121609059181262,5.396671983732197,5.3925,1.0,4,0,1.0,1.0,0,17611.0,19204.5,0,4,-0.13425,0.1551908099727558,-0.398,-0.018,-0.13425,0.1551908099727558,0.20520051169526846,0.13425,1.0,4,0,1.0,1.0,0,24401.0,26573.5,0,4,30.253749999999997,3.4972195652403633,26.517,34.559,30.253749999999997,3.4972195652403633,30.45521193080094,30.253749999999997,1.0,4,0,1.0,1.0,0,12116.0,14173.25,0,4,0.8675,0.0075000000000000075,0.857,0.878,0.2675,0.007500000000000007,0.2676051195324933,0.2675,0.0,0,0,1.0,1.0,0,4457.0,5661.25,0,4,0.30625,0.0022776083947860766,0.304,0.31,-0.29375,0.0022776083947860766,0.29375882965453143,0.29375,1.0,4,0,1.0,1.0,0,15564.0,16343.0,0
69,69,power_law,4.522,1.0,11575.0,-0.47799999999999976,0.47799999999999976,9.559999999999995,1,1,1.989,1.0,9936.0,-0.010999999999999899,0.010999999999999899,0.5499999999999949,1,1,3.17,1.0,17248.0,-1.83,1.83,36.6,1,1,2.394,1.0,16094.0,0.39400000000000013,0.39400000000000013,19.700000000000006,1,1,0.782,1.0,9783.0,-0.21799999999999997,0.21799999999999997,21.799999999999997,0,1,0.009,1.0,32043.0,-0.0010000000000000009,0.0010000000000000009,10.000000000000009,1,1,0.281,1.0,41726.0,-0.01899999999999996,0.01899999999999996,6.3333333333333215,1,1,17.202,1.0,29880.0,-0.7979999999999983,0.7979999999999983,4.433333333333324,1,1,4,0.04625,0.009065732182234372,0.031,0.054,0.04625,0.009065732182234372,0.04713013897709193,0.04625,1.0,4,0,1.0,1.0,0,15682.0,18740.25,0,4,5.412750000000001,0.6376901187097067,4.429,6.21,5.412750000000001,0.6376901187097067,5.45018451522515,5.412750000000001,1.0,4,0,1.0,1.0,0,13548.0,19620.75,0,4,-0.016750000000000004,0.11014167013442278,-0.147,0.145,-0.016750000000000004,0.11014167013442278,0.11140803382162347,0.09775,1.0,4,0,1.0,1.0,0,25429.0,28817.0,0,4,28.6475,5.9437259568388585,23.435,38.192,28.6475,5.9437259568388585,29.25759960249644,28.6475,1.0,4,0,1.0,1.0,0,9976.0,13284.0,0,4,0.852,0.004636809247747856,0.846,0.859,0.252,0.004636809247747856,0.2520426551201205,0.252,0.0,0,0,1.0,1.0,0,5416.0,6134.0,0,4,0.316,0.004743416490252573,0.31,0.323,-0.284,0.004743416490252573,0.2840396099138287,0.284,1.0,4,0,1.0,1.0,0,15832.0,16241.0,0
70,70,power_law,4.877,1.0,10839.0,-0.12300000000000022,0.12300000000000022,2.4600000000000044,1,1,2.071,1.0,11457.0,0.07100000000000017,0.07100000000000017,3.5500000000000087,1,1,2.638,1.0,16410.0,-2.362,2.362,47.24,1,1,2.613,1.0,14618.0,0.613,0.613,30.65,1,1,0.813,1.0,9988.0,-0.18700000000000006,0.18700000000000006,18.700000000000006,0,1,0.014,1.0,28781.0,0.004,0.004,40.0,1,1,0.308,1.0,33256.0,0.008000000000000007,0.008000000000000007,2.666666666666669,1,1,18.809,1.0,24112.0,0.809000000000001,0.809000000000001,4.49444444444445,1,1,4,0.16674999999999998,0.13869638603799309,0.035,0.376,0.16674999999999998,0.13869638603799309,0.21689225435685802,0.16674999999999998,1.0,4,0,1.0,1.0,0,2194.0,8182.5,0,4,5.34,0.08446596947883785,5.208,5.443,5.34,0.08446596947883785,5.340667982565477,5.34,1.0,4,0,1.0,1.0,0,15922.0,17964.0,0,4,0.031250000000000014,0.20817945984174327,-0.301,0.274,0.031250000000000014,0.20817945984174327,0.21051187614954173,0.18175000000000002,1.0,4,0,1.0,1.0,0,23356.0,24432.5,0,4,29.58875,1.345348909205341,28.34,31.812,29.58875,1.345348909205341,29.619319544007084,29.58875,1.0,4,0,1.0,1.0,0,13805.0,15670.25,0,4,0.8705,0.00743303437365926,0.858,0.877,0.2705,0.00743303437365926,0.27060210642195676,0.2705,0.0,0,0,1.0,1.0,0,5121.0,5928.75,0,4,0.308,0.0007071067811865482,0.307,0.309,-0.292,0.0007071067811865482,0.2920008561631284,0.292,1.0,4,0,1.0,1.0,0,16264.0,17175.25,0
71,71,power_law,3.657,1.0,10529.0,-1.343,1.343,26.86,0,1,1.832,1.0,11663.0,-0.16799999999999993,0.16799999999999993,8.399999999999997,1,1,2.79,1.0,15883.0,-2.21,2.21,44.2,1,1,2.579,1.0,8094.0,0.5790000000000002,0.5790000000000002,28.95000000000001,1,1,0.845,1.0,11308.0,-0.15500000000000003,0.15500000000000003,15.500000000000004,0,1,0.013,1.0,27697.0,0.002999999999999999,0.002999999999999999,29.999999999999993,1,1,0.292,1.0,32366.0,-0.008000000000000007,0.008000000000000007,2.666666666666669,1,1,17.141,1.0,36207.0,-0.8590000000000018,0.8590000000000018,4.772222222222232,1,1,4,0.06775,0.04061634523193834,0.026,0.135,0.06775,0.04061634523193834,0.0789920882114152,0.06775,1.0,4,0,1.0,1.0,0,1917.0,9312.25,0,4,5.4072499999999994,0.2636279338385827,5.092,5.788,5.4072499999999994,0.2636279338385827,5.413672713602106,5.4072499999999994,1.0,4,0,1.0,1.0,0,13593.0,17660.25,0,4,0.1015,0.1634403560935915,-0.161,0.261,0.1015,0.1634403560935915,0.19239282730912813,0.182,1.0,4,0,1.0,1.0,0,6300.0,17089.5,0,4,28.00675,1.584900055997224,26.401,30.231,28.00675,1.584900055997224,28.05155884705875,28.00675,1.0,4,0,1.0,1.0,0,11910.0,16618.5,0,4,0.8955000000000001,0.0094472218138456,0.882,0.908,0.29550000000000004,0.0094472218138456,0.29565097665997997,0.29550000000000004,0.0,0,0,1.0,1.0,0,3577.0,4810.25,0,4,0.32375,0.001785357107135714,0.322,0.326,-0.27624999999999994,0.001785357107135714,0.27625576917052785,0.27624999999999994,1.0,4,0,1.0,1.0,0,8188.0,8375.25,0
72,72,power_law,4.936,1.0,10676.0,-0.06400000000000006,0.06400000000000006,1.2800000000000011,1,1,2.047,1.0,11379.0,0.04700000000000015,0.04700000000000015,2.3500000000000076,1,1,2.735,1.0,17224.0,-2.265,2.265,45.300000000000004,1,1,2.6,1.0,16474.0,0.6000000000000001,0.6000000000000001,30.000000000000004,1,1,0.79,1.0,10914.0,-0.20999999999999996,0.20999999999999996,20.999999999999996,0,1,0.011,1.0,32368.0,0.0009999999999999992,0.0009999999999999992,9.999999999999991,1,1,0.312,1.0,31676.0,0.01200000000000001,0.01200000000000001,4.0000000000000036,1,1,18.874,1.0,28441.0,0.8739999999999988,0.8739999999999988,4.855555555555549,1,1,4,0.09375,0.04503540274051072,0.042,0.166,0.09375,0.04503540274051072,0.10400600944176255,0.09375,1.0,4,0,1.0,1.0,0,4537.0,10305.25,0,4,5.36475,0.385256651467564,4.736,5.742,5.36475,0.385256651467564,5.378565352396492,5.36475,1.0,4,0,1.0,1.0,0,16029.0,18963.75,0,4,-0.093,0.12066896867049126,-0.258,0.08,-0.093,0.12066896867049126,0.15234828518890522,0.133,1.0,4,0,1.0,1.0,0,15905.0,22377.25,0,4,28.179000000000002,2.112190687414373,25.836,31.284,28.179000000000002,2.112190687414373,28.258050012341613,28.179000000000002,1.0,4,0,1.0,1.0,0,13186.0,15348.5,0,4,0.8434999999999999,0.01845941494197475,0.819,0.871,0.2435,0.01845941494197475,0.2441986895951737,0.2435,0.0,0,0,1.0,1.0,0,5614.0,8303.0,0,4,0.30875,0.003766629793329844,0.305,0.315,-0.29125,0.003766629793329844,0.29127435520484807,0.29125,1.0,4,0,1.0,1.0,0,14726.0,15511.75,0
73,73,power_law,4.867,1.0,15122.0,-0.133,0.133,2.66,1,1,2.038,1.0,16750.0,0.03799999999999981,0.03799999999999981,1.8999999999999906,1,1,2.718,1.0,19976.0,-2.282,2.282,45.64,1,1,2.686,1.0,25001.0,0.6859999999999999,0.6859999999999999,34.3,1,1,0.807,1.0,13260.0,-0.19299999999999995,0.19299999999999995,19.299999999999994,0,1,0.012,1.0,37146.0,0.002,0.002,20.0,1,1,0.294,1.0,39758.0,-0.006000000000000005,0.006000000000000005,2.0000000000000018,1,1,17.771,1.0,27242.0,-0.2289999999999992,0.2289999999999992,1.272222222222218,1,1,4,0.08199999999999999,0.06345076831686122,0.022,0.18,0.08199999999999999,0.06345076831686122,0.1036822067666386,0.08199999999999999,1.0,4,0,1.0,1.0,0,3185.0,11953.5,0,4,5.39025,0.2056871106802756,5.086,5.633,5.39025,0.2056871106802756,5.394172990366549,5.39025,1.0,4,0,1.0,1.0,0,20118.0,22496.0,0,4,-0.11575,0.09215577844063821,-0.272,-0.041,-0.11575,0.09215577844063821,0.14795522971493777,0.11575,1.0,4,0,1.0,1.0,0,23642.0,24837.75,0,4,27.198249999999998,2.1093230401007808,24.991,30.444,27.198249999999998,2.1093230401007808,27.279920211576865,27.198249999999998,1.0,4,0,1.0,1.0,0,14742.0,17546.0,0,4,0.83875,0.048622911266192184,0.783,0.891,0.23875000000000005,0.048622911266192184,0.24365087728140858,0.23875000000000005,0.0,0,0,1.0,1.0,0,7523.0,9599.0,0,4,0.32575000000000004,0.002487468592766552,0.322,0.329,-0.27425,0.002487468592766552,0.2742612805337275,0.27425,1.0,4,0,1.0,1.0,0,19193.0,19749.0,0
74,74,power_law,4.795,1.0,11892.0,-0.20500000000000007,0.20500000000000007,4.100000000000001,1,1,2.066,1.0,11966.0,0.06599999999999984,0.06599999999999984,3.299999999999992,1,1,2.546,1.0,15620.0,-2.454,2.454,49.08,1,1,2.743,1.0,17287.0,0.7429999999999999,0.7429999999999999,37.14999999999999,1,1,0.786,1.0,9974.0,-0.21399999999999997,0.21399999999999997,21.4,0,1,0.01,1.0,28800.0,0.0,0.0,0.0,1,1,0.304,1.0,30334.0,0.0040000000000000036,0.0040000000000000036,1.3333333333333346,1,1,19.971,1.0,23103.0,1.971,1.971,10.95,1,1,4,0.04575,0.019447043477094403,0.022,0.073,0.04575,0.019447043477094403,0.049711668650327966,0.04575,1.0,4,0,1.0,1.0,0,7448.0,13181.75,0,4,5.334,0.562002224194887,4.38,5.784,5.334,0.562002224194887,5.363525193377952,5.334,1.0,4,0,1.0,1.0,0,12578.0,14897.75,0,4,-0.08775,0.12833622832232525,-0.29,0.042,-0.08775,0.12833622832232525,0.15546784233403382,0.10924999999999999,1.0,4,0,1.0,1.0,0,22909.0,24938.5,0,4,27.791,1.164098363541501,26.334,29.218,27.791,1.164098363541501,27.815369959790218,27.791,1.0,4,0,1.0,1.0,0,11724.0,15513.75,0,4,0.8534999999999999,0.012599603168354163,0.839,0.867,0.2535,0.012599603168354163,0.25381292323284094,0.2535,0.0,0,0,1.0,1.0,0,4949.0,6735.5,0,4,0.31975,0.0017853571071357141,0.317,0.322,-0.28024999999999994,0.001785357107135714,0.28025568682900975,0.28024999999999994,1.0,4,0,1.0,1.0,0,13282.0,13614.5,0
75,75,power_law,4.043,1.0,6851.0,-0.9569999999999999,0.9569999999999999,19.139999999999997,1,1,1.974,1.0,6580.0,-0.026000000000000023,0.026000000000000023,1.3000000000000012,1,1,3.935,1.0,16084.0,-1.065,1.065,21.3,1,1,1.873,1.0,10017.0,-0.127,0.127,6.35,1,1,0.838,1.0,14121.0,-0.16200000000000003,0.16200000000000003,16.200000000000003,0,1,0.009,1.0,27611.0,-0.0010000000000000009,0.0010000000000000009,10.000000000000009,1,1,0.294,1.0,28462.0,-0.006000000000000005,0.006000000000000005,2.0000000000000018,1,1,17.797,1.0,24479.0,-0.2029999999999994,0.2029999999999994,1.1277777777777744,1,1,4,0.11125000000000002,0.0675106473084061,0.06,0.226,0.11125000000000002,0.0675106473084061,0.13013166409448548,0.11125000000000002,1.0,4,0,1.0,1.0,0,1954.0,6107.75,0,4,5.4335,0.8050051242072936,4.188,6.405,5.4335,0.8050051242072936,5.492809435980826,5.4335,1.0,4,0,1.0,1.0,0,15638.0,19196.75,0,4,0.0305,0.2862319863327647,-0.369,0.309,0.0305,0.2862319863327647,0.2878523927293292,0.27149999999999996,1.0,4,0,1.0,1.0,0,18980.0,24191.0,0,4,33.64075,6.846661828037077,22.837,40.335,33.64075,6.846661828037077,34.33040691209471,33.64075,0.75,3,0,1.0,1.0,0,6641.0,9052.0,0,4,0.87825,0.011121488209767622,0.861,0.891,0.27825,0.011121488209767622,0.2784721709614805,0.27825,0.0,0,0,1.0,1.0,0,6327.0,8638.75,0,4,0.32875,0.012376893794486574,0.315,0.343,-0.27124999999999994,0.012376893794486574,0.2715322264483536,0.27124999999999994,1.0,4,0,1.0,1.0,0,12305.0,13777.5,0
76,76,power_law,4.263,1.0,9894.0,-0.7370000000000001,0.7370000000000001,14.740000000000004,1,1,1.911,1.0,10062.0,-0.08899999999999997,0.08899999999999997,4.449999999999998,1,1,2.664,1.0,13155.0,-2.336,2.336,46.71999999999999,1,1,2.612,1.0,13509.0,0.6120000000000001,0.6120000000000001,30.600000000000005,1,1,0.797,1.0,8009.0,-0.20299999999999996,0.20299999999999996,20.299999999999997,0,1,0.013,1.0,22869.0,0.002999999999999999,0.002999999999999999,29.999999999999993,1,1,0.335,1.0,24407.0,0.03500000000000003,0.03500000000000003,11.666666666666679,0,1,16.673,1.0,14736.0,-1.3270000000000017,1.3270000000000017,7.372222222222232,1,1,4,0.061000000000000006,0.0386975451417787,0.037,0.128,0.061000000000000006,0.0386975451417787,0.07223918604192603,0.061000000000000006,1.0,4,0,1.0,1.0,0,3629.0,11639.0,0,4,5.46825,0.24942771999118282,5.214,5.877,5.46825,0.24942771999118282,5.473935718475328,5.46825,1.0,4,0,1.0,1.0,0,12794.0,14525.75,0,4,0.0019999999999999983,0.14744999152254978,-0.133,0.251,0.0019999999999999983,0.14744999152254978,0.14746355481948753,0.1235,1.0,4,0,1.0,1.0,0,21213.0,22886.25,0,4,28.32975,2.4709218295000763,25.537,32.283,28.32975,2.4709218295000763,28.437302786129347,28.32975,1.0,4,0,1.0,1.0,0,12556.0,14398.75,0,4,0.86675,0.0046569840025492935,0.86,0.873,0.26675000000000004,0.0046569840025492935,0.2667906482618909,0.26675000000000004,0.0,0,0,1.0,1.0,0,4460.0,5142.5,0,4,0.30774999999999997,0.0016393596310755017,0.305,0.309,-0.29224999999999995,0.0016393596310755017,0.29225459791079417,0.29224999999999995,1.0,4,0,1.0,1.0,0,14002.0,14528.25,0
77,77,power_law,4.729,1.0,2011.0,-0.2709999999999999,0.2709999999999999,5.419999999999998,1,1,1.995,1.0,8817.0,-0.004999999999999893,0.004999999999999893,0.24999999999999467,1,1,2.743,1.01,1538.0,-2.257,2.257,45.14,1,1,2.671,1.0,17494.0,0.6709999999999998,0.6709999999999998,33.54999999999999,1,1,0.784,1.0,2819.0,-0.21599999999999997,0.21599999999999997,21.599999999999998,0,1,0.015,1.01,333.0,0.004999999999999999,0.004999999999999999,49.999999999999986,1,1,0.306,1.01,32550.0,0.006000000000000005,0.006000000000000005,2.0000000000000018,1,1,16.724,1.0,3074.0,-1.2759999999999998,1.2759999999999998,7.088888888888888,1,1,4,0.06875,0.023327826731180938,0.045,0.105,0.06875,0.023327826731180938,0.07259993112944392,0.06875,1.0,4,0,1.005,1.01,0,461.0,8754.75,0,4,5.11,0.8998002556123221,3.64,6.065,5.11,0.8998002556123221,5.188616434079513,5.11,1.0,4,0,1.0025,1.01,0,1455.0,8603.0,0,4,-0.05525000000000001,0.2416685488432452,-0.373,0.296,-0.05525000000000001,0.2416685488432452,0.2479037111460819,0.20325,1.0,4,0,1.0025,1.01,0,1472.0,20630.5,0,4,27.5505,1.7531990046768793,25.63,30.084,27.5505,1.7531990046768793,27.606226779478575,27.5505,1.0,4,0,1.0,1.0,0,1099.0,7306.0,0,4,0.8604999999999999,0.00626498204307084,0.852,0.867,0.2605,0.00626498204307084,0.2605753250021959,0.2605,0.0,0,0,1.0,1.0,0,958.0,1159.25,0,4,0.34500000000000003,0.004301162633521292,0.34,0.351,-0.255,0.004301162633521292,0.2550362719300923,0.255,1.0,4,0,1.01,1.01,0,503.0,591.25,0
78,78,power_law,4.045,1.01,1288.0,-0.9550000000000001,0.9550000000000001,19.1,1,1,1.92,1.0,2175.0,-0.08000000000000007,0.08000000000000007,4.0000000000000036,1,1,2.721,1.01,17063.0,-2.279,2.279,45.58,1,1,2.492,1.0,1185.0,0.492,0.492,24.6,1,1,0.83,1.0,10836.0,-0.17000000000000004,0.17000000000000004,17.000000000000004,0,1,0.008,1.0,2569.0,-0.002,0.002,20.0,1,1,0.305,1.01,327.0,0.0050000000000000044,0.0050000000000000044,1.6666666666666683,1,1,18.369,1.01,461.0,0.3689999999999998,0.3689999999999998,2.0499999999999985,1,1,4,0.10175,0.057642757567625096,0.039,0.179,0.10175,0.057642757567625096,0.11694336235973378,0.10175,1.0,4,0,1.0025,1.01,0,893.0,4397.75,0,4,5.6375,0.13928478021664828,5.492,5.824,5.6375,0.13928478021664828,5.6392203805136045,5.6375,1.0,4,0,1.0074999999999998,1.01,0,787.0,16002.5,0,4,-0.07375,0.18982541320908536,-0.301,0.139,-0.07375,0.18982541320908536,0.20364859439730978,0.18675,1.0,4,0,1.0025,1.01,0,19889.0,26949.0,0,4,28.772750000000002,1.1202621066071996,27.487,30.511,28.772750000000002,1.1202621066071996,28.794550348112747,28.772750000000002,1.0,4,0,1.005,1.01,0,822.0,16732.0,0,4,0.87375,0.010638961415476616,0.862,0.89,0.27375000000000005,0.010638961415476616,0.27395665715583556,0.27375000000000005,0.0,0,0,1.01,1.01,0,487.0,686.75,0,4,0.28625,0.002680951323690905,0.282,0.289,-0.31375000000000003,0.0026809513236909044,0.3137614539741936,0.31375000000000003,1.0,4,0,1.01,1.01,0,18161.0,18994.5,0
79,79,power_law,2.765,1.0,12175.0,-2.235,2.235,44.699999999999996,0,1,1.7,1.0,11424.0,-0.30000000000000004,0.30000000000000004,15.000000000000002,0,1,3.109,1.0,19353.0,-1.891,1.891,37.82,1,1,2.467,1.0,19555.0,0.4670000000000001,0.4670000000000001,23.350000000000005,1,1,0.852,1.0,16115.0,-0.14800000000000002,0.14800000000000002,14.800000000000002,0,1,0.011,1.0,34190.0,0.0009999999999999992,0.0009999999999999992,9.999999999999991,1,1,0.329,1.0,37419.0,0.029000000000000026,0.029000000000000026,9.666666666666677,1,1,18.29,1.0,28928.0,0.28999999999999915,0.28999999999999915,1.6111111111111063,1,1,4,0.05225,0.02144032415799724,0.029,0.077,0.05225,0.02144032415799724,0.05647787177293422,0.05225,1.0,4,0,1.0,1.0,0,4575.0,8456.75,0,4,5.27825,0.49587567746361566,4.613,5.883,5.27825,0.49587567746361566,5.301491841925252,5.27825,1.0,4,0,1.0,1.0,0,19356.0,21415.0,0,4,0.14475,0.04506869756272084,0.069,0.183,0.14475,0.04506869756272084,0.15160392475130716,0.14475,1.0,4,0,1.0,1.0,0,25488.0,32122.75,0,4,26.796,2.578924000431187,23.549,30.711,26.796,2.578924000431187,26.919815471135752,26.796,1.0,4,0,1.0,1.0,0,13973.0,16573.0,0,4,0.8979999999999999,0.020186629238186368,0.872,0.921,0.29800000000000004,0.020186629238186368,0.29868294226487063,0.29800000000000004,0.0,0,0,1.0,1.0,0,6511.0,10539.25,0,4,0.34675,0.004322904116447638,0.343,0.354,-0.25325,0.004322904116447638,0.2532868926731109,0.25325,1.0,4,0,1.0,1.0,0,18947.0,19565.25,0
80,80,power_law,5.211,1.0,10514.0,0.2110000000000003,0.2110000000000003,4.220000000000006,1,1,2.189,1.0,12414.0,0.18900000000000006,0.18900000000000006,9.450000000000003,1,1,2.917,1.0,12794.0,-2.083,2.083,41.660000000000004,1,1,2.526,1.0,19611.0,0.5259999999999998,0.5259999999999998,26.29999999999999,1,1,0.8,1.0,10267.0,-0.19999999999999996,0.19999999999999996,19.999999999999996,0,1,0.008,1.0,31679.0,-0.002,0.002,20.0,1,1,0.331,1.0,33157.0,0.031000000000000028,0.031000000000000028,10.333333333333343,1,1,22.427,1.0,25342.0,4.427,4.427,24.59444444444444,0,1,4,0.06075,0.03325187964611925,0.036,0.118,0.06075,0.03325187964611925,0.06925496372102147,0.06075,1.0,4,0,1.0,1.0,0,2780.0,11568.0,0,4,5.526249999999999,0.43335399790471546,4.824,5.899,5.526249999999999,0.43335399790471546,5.543215199683303,5.526249999999999,1.0,4,0,1.0,1.0,0,14775.0,18450.75,0,4,-0.10225,0.030572659354397024,-0.155,-0.082,-0.10225,0.030572659354397024,0.10672277170313747,0.10225,1.0,4,0,1.0,1.0,0,24539.0,25656.25,0,4,27.3965,1.960427695682756,24.569,29.825,27.3965,1.960427695682756,27.466552186250098,27.3965,1.0,4,0,1.0,1.0,0,16172.0,18312.0,0,4,0.86175,0.009601432184835768,0.853,0.878,0.26175000000000004,0.009601432184835768,0.2619260391790018,0.26175000000000004,0.0,0,0,1.0,1.0,0,4586.0,5877.5,0,4,0.2915,0.005722761571129804,0.284,0.298,-0.3085,0.005722761571129804,0.308553074850989,0.3085,1.0,4,0,1.0,1.0,0,15785.0,16401.5,0
81,81,power_law,4.081,1.0,11081.0,-0.9189999999999996,0.9189999999999996,18.379999999999992,1,1,1.894,1.0,11641.0,-0.1060000000000001,0.1060000000000001,5.300000000000004,1,1,2.739,1.0,17645.0,-2.261,2.261,45.220000000000006,1,1,2.644,1.0,18796.0,0.6440000000000001,0.6440000000000001,32.2,1,1,0.798,1.0,9084.0,-0.20199999999999996,0.20199999999999996,20.199999999999996,0,1,0.016,1.0,31571.0,0.006,0.006,60.0,1,1,0.306,1.0,34425.0,0.006000000000000005,0.006000000000000005,2.0000000000000018,1,1,17.345,1.0,30369.0,-0.6550000000000011,0.6550000000000011,3.638888888888895,1,1,4,0.054,0.041394444071638406,0.014,0.111,0.054,0.041394444071638406,0.0680404291579646,0.054,1.0,4,0,1.0,1.0,0,8381.0,16018.75,0,4,5.417,0.2880190965890975,4.996,5.784,5.417,0.2880190965890975,5.4246515095441845,5.417,1.0,4,0,1.0,1.0,0,16395.0,19188.75,0,4,0.09625,0.1106534567919141,-0.027,0.23,0.09625,0.1106534567919141,0.14665691255443775,0.10975,1.0,4,0,1.0,1.0,0,26617.0,28769.0,0,4,26.91475,1.5260639526245288,24.695,28.913,26.91475,1.5260639526245288,26.957979129563846,26.91475,1.0,4,0,1.0,1.0,0,14914.0,15855.75,0,4,0.8694999999999999,0.00502493781056045,0.865,0.878,0.2695,0.00502493781056045,0.2695468419403203,0.2695,0.0,0,0,1.0,1.0,0,5063.0,6277.75,0,4,0.3065,0.0020615528128088323,0.304,0.309,-0.2935,0.0020615528128088323,0.293507240115129,0.2935,1.0,4,0,1.0,1.0,0,17341.0,18103.25,0
82,82,power_law,5.223,1.0,11710.0,0.22299999999999986,0.22299999999999986,4.459999999999997,1,1,2.032,1.0,12011.0,0.03200000000000003,0.03200000000000003,1.6000000000000014,1,1,2.958,1.0,16779.0,-2.042,2.042,40.839999999999996,1,1,2.509,1.0,19731.0,0.5089999999999999,0.5089999999999999,25.449999999999996,1,1,0.8,1.0,13604.0,-0.19999999999999996,0.19999999999999996,19.999999999999996,0,1,0.011,1.0,33411.0,0.0009999999999999992,0.0009999999999999992,9.999999999999991,1,1,0.309,1.0,37077.0,0.009000000000000008,0.009000000000000008,3.0000000000000027,1,1,16.013,1.0,33178.0,-1.9869999999999983,1.9869999999999983,11.03888888888888,1,1,4,0.10999999999999999,0.043127717305695645,0.048,0.156,0.10999999999999999,0.043127717305695645,0.11815244390193544,0.10999999999999999,1.0,4,0,1.0,1.0,0,5591.0,8769.5,0,4,5.41025,0.3433732480843551,4.829,5.684,5.41025,0.3433732480843551,5.421135512971429,5.41025,1.0,4,0,1.0,1.0,0,18686.0,19540.5,0,4,0.055499999999999994,0.22878428704786521,-0.196,0.417,0.055499999999999994,0.22878428704786521,0.23541983773675487,0.1875,1.0,4,0,1.0,1.0,0,23731.0,27565.5,0,4,28.123250000000002,4.105440985752931,23.168,34.574,28.123250000000002,4.105440985752931,28.421327137380477,28.123250000000002,1.0,4,0,1.0,1.0,0,13378.0,16148.0,0,4,0.85075,0.01772533497567819,0.83,0.879,0.25075000000000003,0.01772533497567819,0.25137571481748194,0.25075000000000003,0.0,0,0,1.0,1.0,0,5318.0,8347.0,0,4,0.32625000000000004,0.0004330127018922197,0.326,0.327,-0.27375,0.00043301270189221973,0.2737503424655392,0.27375,1.0,4,0,1.0,1.0,0,17928.0,18529.5,0
83,83,power_law,3.514,1.0,8213.0,-1.4860000000000002,1.4860000000000002,29.720000000000002,0,1,1.866,1.0,9441.0,-0.1339999999999999,0.1339999999999999,6.699999999999995,1,1,3.067,1.0,10186.0,-1.9329999999999998,1.9329999999999998,38.66,1,1,2.718,1.0,11132.0,0.718,0.718,35.9,1,1,0.793,1.0,9655.0,-0.20699999999999996,0.20699999999999996,20.699999999999996,0,1,0.019,1.0,32004.0,0.009,0.009,89.99999999999999,1,1,0.296,1.0,29068.0,-0.0040000000000000036,0.0040000000000000036,1.3333333333333346,1,1,19.369,1.0,12249.0,1.3689999999999998,1.3689999999999998,7.605555555555554,1,1,4,0.06275000000000001,0.03856407006528227,0.025,0.116,0.06275000000000001,0.03856407006528227,0.0736529021831455,0.06275000000000001,1.0,4,0,1.0,1.0,0,4343.0,10455.0,0,4,4.51025,1.6071245090222475,2.336,6.454,4.51025,1.6071245090222475,4.788027177241165,4.51025,1.0,4,0,1.0,1.0,0,2810.0,7555.5,0,4,0.07200000000000001,0.0798655119560377,-0.065,0.132,0.07200000000000001,0.0798655119560377,0.10752906583803283,0.10450000000000001,1.0,4,0,1.0,1.0,0,17897.0,20527.75,0,4,24.516,6.281260502478782,16.622,33.885,24.516,6.281260502478782,25.30787406124821,24.516,1.0,4,0,1.0,1.0,0,2096.0,5136.25,0,4,0.8975,0.006103277807866857,0.887,0.902,0.29750000000000004,0.0061032778078668574,0.29756259845619043,0.29750000000000004,0.0,0,0,1.0,1.0,0,5268.0,5864.0,0,4,0.499,0.004062019202317984,0.495,0.504,-0.10099999999999998,0.004062019202317984,0.101081650164607,0.10099999999999998,1.0,4,0,1.0,1.0,0,5213.0,5562.0,0
84,84,power_law,4.152,1.0,11204.0,-0.8479999999999999,0.8479999999999999,16.959999999999997,1,1,1.902,1.0,11630.0,-0.09800000000000009,0.09800000000000009,4.900000000000004,1,1,2.641,1.0,14215.0,-2.359,2.359,47.18,1,1,2.634,1.0,18878.0,0.6339999999999999,0.6339999999999999,31.699999999999996,1,1,0.804,1.0,10759.0,-0.19599999999999995,0.19599999999999995,19.599999999999994,0,1,0.009,1.0,28068.0,-0.0010000000000000009,0.0010000000000000009,10.000000000000009,1,1,0.298,1.0,34856.0,-0.0020000000000000018,0.0020000000000000018,0.6666666666666673,1,1,17.863,1.0,23021.0,-0.13700000000000045,0.13700000000000045,0.7611111111111136,1,1,4,0.06075,0.015658464164789596,0.039,0.078,0.06075,0.015658464164789596,0.06273555610656528,0.06075,1.0,4,0,1.0,1.0,0,5583.0,12035.25,0,4,5.4305,0.4440937401044966,4.744,5.873,5.4305,0.4440937401044966,5.448628221855479,5.4305,1.0,4,0,1.0,1.0,0,16263.0,16632.75,0,4,0.006249999999999999,0.15745535081412762,-0.212,0.172,0.006249999999999999,0.15745535081412762,0.15757934509319424,0.14925,1.0,4,0,1.0,1.0,0,15472.0,21431.25,0,4,27.594,1.7125327734090237,25.477,29.547,27.594,1.7125327734090237,27.647090344193547,27.594,1.0,4,0,1.0,1.0,0,13223.0,15179.0,0,4,0.84275,0.026337947907914185,0.821,0.886,0.24275,0.026337947907914185,0.24417463013179727,0.24275,0.0,0,0,1.0,1.0,0,6052.0,8554.25,0,4,0.31174999999999997,0.0023848480035423662,0.309,0.315,-0.28824999999999995,0.0023848480035423662,0.28825986539926085,0.28824999999999995,1.0,4,0,1.0,1.0,0,14360.0,14621.25,0
85,85,power_law,5.254,1.0,9564.0,0.25399999999999956,0.25399999999999956,5.079999999999991,1,1,2.13,1.0,10185.0,0.1299999999999999,0.1299999999999999,6.499999999999995,1,1,2.747,1.0,14386.0,-2.253,2.253,45.06,1,1,2.56,1.0,15302.0,0.56,0.56,28.000000000000004,1,1,0.79,1.0,9091.0,-0.20999999999999996,0.20999999999999996,20.999999999999996,0,1,0.011,1.0,23633.0,0.0009999999999999992,0.0009999999999999992,9.999999999999991,1,1,0.324,1.0,32418.0,0.02400000000000002,0.02400000000000002,8.000000000000007,1,1,17.233,1.0,20031.0,-0.7669999999999995,0.7669999999999995,4.2611111111111075,1,1,4,0.07999999999999999,0.02118962010041709,0.053,0.107,0.07999999999999999,0.02118962010041709,0.08275868534480232,0.07999999999999999,1.0,4,0,1.0,1.0,0,8365.0,10682.75,0,4,5.4785,0.2425597864444968,5.197,5.842,5.4785,0.2425597864444968,5.4838670206342535,5.4785,1.0,4,0,1.0,1.0,0,14715.0,16394.5,0,4,-0.0885,0.14414142360889878,-0.2,0.158,-0.0885,0.14414142360889878,0.16914195221765652,0.1675,1.0,4,0,1.0,1.0,0,18929.0,21300.75,0,4,29.855999999999998,1.5426760839528177,27.964,32.253,29.855999999999998,1.5426760839528177,29.895828898025222,29.855999999999998,1.0,4,0,1.0,1.0,0,7826.0,13383.5,0,4,0.85625,0.00432290411644765,0.849,0.86,0.25625,0.00432290411644765,0.2562864608206996,0.25625,0.0,0,0,1.0,1.0,0,5030.0,5273.25,0,4,0.29774999999999996,0.0025860201081971527,0.295,0.302,-0.30224999999999996,0.0025860201081971527,0.302261062659417,0.30224999999999996,1.0,4,0,1.0,1.0,0,13901.0,14704.75,0
86,86,power_law,4.327,1.0,14487.0,-0.673,0.673,13.459999999999999,1,1,1.969,1.0,15965.0,-0.030999999999999917,0.030999999999999917,1.5499999999999958,1,1,2.688,1.0,19377.0,-2.312,2.312,46.239999999999995,1,1,2.599,1.0,23196.0,0.5990000000000002,0.5990000000000002,29.95000000000001,1,1,0.811,1.0,13557.0,-0.18899999999999995,0.18899999999999995,18.899999999999995,0,1,0.01,1.0,35379.0,0.0,0.0,0.0,1,1,0.327,1.0,38912.0,0.027000000000000024,0.027000000000000024,9.000000000000007,1,1,17.856,1.0,30651.0,-0.14399999999999835,0.14399999999999835,0.7999999999999908,1,1,4,0.091,0.04380068492615156,0.051,0.159,0.091,0.04380068492615156,0.1009925739844272,0.091,1.0,4,0,1.0,1.0,0,6081.0,10551.75,0,4,5.5127500000000005,0.27302689885796977,5.12,5.807,5.5127500000000005,0.27302689885796977,5.51950688467729,5.5127500000000005,1.0,4,0,1.0,1.0,0,21366.0,23265.0,0,4,-0.1815,0.13838623486459917,-0.355,0.013,-0.1815,0.13838623486459917,0.22823890991677998,0.188,1.0,4,0,1.0,1.0,0,25221.0,27582.5,0,4,28.184500000000003,0.9499564463700422,26.719,29.273,28.184500000000003,0.9499564463700422,28.200504561088973,28.184500000000003,1.0,4,0,1.0,1.0,0,18327.0,21380.25,0,4,0.85475,0.02772521415607103,0.818,0.888,0.25475000000000003,0.02772521415607103,0.2562542682571356,0.25475000000000003,0.0,0,0,1.0,1.0,0,6725.0,9265.25,0,4,0.301,0.004743416490252573,0.295,0.308,-0.299,0.004743416490252573,0.2990376230510134,0.299,1.0,4,0,1.0,1.0,0,19551.0,20310.0,0
87,87,power_law,4.191,1.0,12724.0,-0.8090000000000002,0.8090000000000002,16.180000000000003,1,1,2.012,1.0,13643.0,0.01200000000000001,0.01200000000000001,0.6000000000000005,1,1,2.639,1.0,19288.0,-2.361,2.361,47.220000000000006,1,1,2.624,1.0,19963.0,0.6240000000000001,0.6240000000000001,31.200000000000006,1,1,0.821,1.0,11301.0,-0.17900000000000005,0.17900000000000005,17.900000000000006,0,1,0.007,1.0,38170.0,-0.003,0.003,30.0,1,1,0.304,1.0,35818.0,0.0040000000000000036,0.0040000000000000036,1.3333333333333346,1,1,19.116,1.0,33329.0,1.1159999999999997,1.1159999999999997,6.1999999999999975,1,1,4,0.08099999999999999,0.05050247518686585,0.026,0.156,0.08099999999999999,0.05050247518686585,0.09545417748846825,0.08099999999999999,1.0,4,0,1.0,1.0,0,3536.0,9543.25,0,4,5.5235,0.19554858731271899,5.204,5.735,5.5235,0.19554858731271899,5.5269604214251435,5.5235,1.0,4,0,1.0,1.0,0,21015.0,22531.25,0,4,-0.0015000000000000013,0.09038113741262609,-0.137,0.107,-0.0015000000000000013,0.09038113741262609,0.0903935838431025,0.0775,1.0,4,0,1.0,1.0,0,26200.0,29331.75,0,4,28.462,0.9977757764147211,26.91,29.59,28.462,0.9977757764147211,28.479483852415584,28.462,1.0,4,0,1.0,1.0,0,18362.0,21278.25,0,4,0.86175,0.03005307804535172,0.824,0.899,0.26175000000000004,0.03005307804535172,0.2634696377194154,0.26175000000000004,0.0,0,0,1.0,1.0,0,6746.0,8766.25,0,4,0.2965,0.004330127018922198,0.294,0.304,-0.3035,0.004330127018922198,0.30353088804930545,0.3035,1.0,4,0,1.0,1.0,0,19350.0,20089.25,0
88,88,power_law,4.079,1.0,6765.0,-0.9210000000000003,0.9210000000000003,18.420000000000005,1,1,2.008,1.0,4414.0,0.008000000000000007,0.008000000000000007,0.40000000000000036,1,1,3.955,1.02,241.0,-1.045,1.045,20.9,1,0,2.353,1.0,15075.0,0.3530000000000002,0.3530000000000002,17.65000000000001,1,1,0.84,1.0,8909.0,-0.16000000000000003,0.16000000000000003,16.000000000000004,0,1,0.01,1.0,13169.0,0.0,0.0,0.0,1,1,0.306,1.0,4012.0,0.006000000000000005,0.006000000000000005,2.0000000000000018,1,1,19.1,1.0,5296.0,1.1000000000000014,1.1000000000000014,6.11111111111112,1,1,4,0.05875,0.0156584641647896,0.043,0.079,0.05875,0.0156584641647896,0.06080090459853373,0.05875,1.0,4,0,1.0074999999999998,1.01,0,462.0,3694.25,0,4,5.105499999999999,0.6600645801737886,4.009,5.723,5.105499999999999,0.6600645801737886,5.147991404421728,5.105499999999999,1.0,4,0,1.005,1.01,0,625.0,3559.25,0,4,-0.11424999999999999,0.17313055045254144,-0.411,0.024,-0.11424999999999999,0.17313055045254144,0.207430108711344,0.12625,0.75,3,0,1.0,1.0,0,1523.0,14225.75,0,4,24.661749999999998,3.9451731505093672,19.679,29.264,24.661749999999998,3.9451731505093672,24.9753138969263,24.661749999999998,0.75,3,0,1.005,1.01,0,977.0,4862.0,0,4,0.8955000000000001,0.010331989159885922,0.878,0.904,0.29550000000000004,0.010331989159885922,0.2956805708868948,0.29550000000000004,0.0,0,0,1.0,1.0,0,4300.0,7182.75,0,4,0.36424999999999996,0.006869315832017049,0.359,0.376,-0.23575,0.006869315832017049,0.23585005829975958,0.23575,1.0,4,0,1.005,1.01,0,1003.0,1678.5,0
89,89,power_law,4.622,1.0,12948.0,-0.3780000000000001,0.3780000000000001,7.560000000000003,1,1,1.994,1.0,14067.0,-0.006000000000000005,0.006000000000000005,0.30000000000000027,1,1,2.694,1.0,11159.0,-2.306,2.306,46.12,1,1,2.61,1.0,15182.0,0.6099999999999999,0.6099999999999999,30.499999999999993,1,1,0.785,1.0,8190.0,-0.21499999999999997,0.21499999999999997,21.499999999999996,0,1,0.015,1.0,28613.0,0.004999999999999999,0.004999999999999999,49.999999999999986,1,1,0.303,1.0,34770.0,0.0030000000000000027,0.0030000000000000027,1.0000000000000009,1,1,17.335,1.0,23963.0,-0.6649999999999991,0.6649999999999991,3.6944444444444398,1,1,4,0.0735,0.053453250602746326,0.039,0.166,0.0735,0.053453250602746326,0.09088179135558454,0.0735,1.0,4,0,1.0,1.0,0,5662.0,11396.0,0,4,5.50675,0.18705664249098447,5.339,5.814,5.50675,0.18705664249098447,5.509926111119821,5.50675,1.0,4,0,1.0,1.0,0,14095.0,17824.5,0,4,-0.1935,0.13363476344125433,-0.374,0.001,-0.1935,0.13363476344125433,0.23516058343183283,0.194,1.0,4,0,1.0,1.0,0,15610.0,20463.25,0,4,28.012,2.4987427838815264,25.287,32.043,28.012,2.4987427838815264,28.123226335184235,28.012,1.0,4,0,1.0,1.0,0,11748.0,13828.25,0,4,0.853,0.01131370849898477,0.837,0.869,0.253,0.01131370849898477,0.25325283808873694,0.253,0.0,0,0,1.0,1.0,0,4007.0,5509.25,0,4,0.2965,0.0033541019662496874,0.291,0.3,-0.3035,0.0033541019662496874,0.3035185332067879,0.3035,1.0,4,0,1.0,1.0,0,14813.0,15603.75,0
90,90,power_law,4.902,1.0,11192.0,-0.09799999999999986,0.09799999999999986,1.959999999999997,1,1,1.993,1.0,11408.0,-0.006999999999999895,0.006999999999999895,0.34999999999999476,1,1,2.994,1.0,14923.0,-2.006,2.006,40.12,1,1,2.531,1.0,14086.0,0.5310000000000001,0.5310000000000001,26.550000000000008,1,1,0.791,1.0,8751.0,-0.20899999999999996,0.20899999999999996,20.899999999999995,0,1,0.019,1.0,26702.0,0.009,0.009,89.99999999999999,1,1,0.311,1.0,16298.0,0.01100000000000001,0.01100000000000001,3.66666666666667,1,1,16.391,1.0,13756.0,-1.6090000000000018,1.6090000000000018,8.938888888888899,1,1,4,0.0845,0.05970971445250764,0.022,0.183,0.0845,0.05970971445250764,0.1034673861658832,0.0845,1.0,4,0,1.0,1.0,0,3920.0,11994.5,0,4,5.258749999999999,0.38747024079276066,4.851,5.859,5.258749999999999,0.38747024079276066,5.273005286361848,5.258749999999999,1.0,4,0,1.0,1.0,0,12695.0,16491.5,0,4,-0.041499999999999995,0.17355186544661513,-0.321,0.154,-0.041499999999999995,0.17355186544661513,0.17844466929555503,0.1275,1.0,4,0,1.0,1.0,0,22469.0,25168.25,0,4,27.331249999999997,5.199468356236048,24.081,36.333,27.331249999999997,5.199468356236048,27.82142515670252,27.331249999999997,1.0,4,0,1.0,1.0,0,8883.0,10342.5,0,4,0.862,0.007582875444051557,0.853,0.874,0.262,0.007582875444051557,0.26210970985448057,0.262,0.0,0,0,1.0,1.0,0,4977.0,6307.5,0,4,0.32675000000000004,0.004085033659592051,0.32,0.33,-0.27325,0.004085033659592051,0.2732805335182145,0.27325,1.0,4,0,1.0,1.0,0,14247.0,14946.0,0
91,91,power_law,4.562,1.0,10444.0,-0.4379999999999997,0.4379999999999997,8.759999999999994,1,1,1.967,1.0,10646.0,-0.03299999999999992,0.03299999999999992,1.649999999999996,1,1,2.656,1.0,16093.0,-2.344,2.344,46.88,1,1,2.664,1.0,16580.0,0.6640000000000001,0.6640000000000001,33.20000000000001,1,1,0.791,1.0,8921.0,-0.20899999999999996,0.20899999999999996,20.899999999999995,0,1,0.005,1.0,26623.0,-0.005,0.005,50.0,1,1,0.293,1.0,25725.0,-0.007000000000000006,0.007000000000000006,2.3333333333333357,1,1,17.712,1.0,11186.0,-0.28800000000000026,0.28800000000000026,1.6000000000000014,1,1,4,0.07750000000000001,0.03812151623427379,0.035,0.13,0.07750000000000001,0.03812151623427379,0.08636839699797606,0.07750000000000001,1.0,4,0,1.0,1.0,0,5500.0,10479.0,0,4,5.38175,0.3997082529795952,4.691,5.641,5.38175,0.3997082529795952,5.39657296346487,5.38175,1.0,4,0,1.0,1.0,0,2665.0,11531.5,0,4,-0.106,0.1402479946380696,-0.348,-0.006,-0.106,0.1402479946380696,0.17579960181979934,0.106,1.0,4,0,1.0,1.0,0,16918.0,21509.0,0,4,28.546999999999997,1.7586720842726762,26.808,30.82,28.546999999999997,1.7586720842726762,28.601121245503645,28.546999999999997,1.0,4,0,1.0,1.0,0,11297.0,13605.75,0,4,0.8582500000000001,0.01020722783129681,0.842,0.87,0.25825,0.01020722783129681,0.2584516395769236,0.25825,0.0,0,0,1.0,1.0,0,4698.0,5903.75,0,4,0.30874999999999997,0.002046338192968114,0.307,0.312,-0.29124999999999995,0.002046338192968114,0.29125718875248385,0.29124999999999995,1.0,4,0,1.0,1.0,0,12759.0,13318.25,0
92,92,power_law,4.697,1.0,11400.0,-0.30299999999999994,0.30299999999999994,6.059999999999999,1,1,1.932,1.0,12262.0,-0.06800000000000006,0.06800000000000006,3.400000000000003,1,1,2.635,1.0,18605.0,-2.365,2.365,47.300000000000004,1,1,2.62,1.0,17835.0,0.6200000000000001,0.6200000000000001,31.000000000000007,1,1,0.774,1.0,7693.0,-0.22599999999999998,0.22599999999999998,22.599999999999998,0,1,0.005,1.0,28531.0,-0.005,0.005,50.0,1,1,0.296,1.0,34174.0,-0.0040000000000000036,0.0040000000000000036,1.3333333333333346,1,1,17.619,1.0,26601.0,-0.3810000000000002,0.3810000000000002,2.116666666666668,1,1,4,0.08875000000000001,0.025420218331084415,0.056,0.123,0.08875000000000001,0.025420218331084415,0.09231874132590848,0.08875000000000001,1.0,4,0,1.0,1.0,0,7916.0,10898.75,0,4,5.549,0.2136550958905498,5.239,5.816,5.549,0.2136550958905498,5.553111695256994,5.549,1.0,4,0,1.0,1.0,0,20296.0,21284.25,0,4,0.049499999999999995,0.04219300889957956,-0.013,0.096,0.049499999999999995,0.04219300889957956,0.06504229393248673,0.056,1.0,4,0,1.0,1.0,0,19276.0,26588.75,0,4,28.39225,0.7379899643626597,27.342,29.304,28.39225,0.7379899643626597,28.401839539896002,28.39225,1.0,4,0,1.0,1.0,0,14989.0,18154.25,0,4,0.84175,0.009256754290786817,0.829,0.855,0.24175,0.009256754290786817,0.24192715845890472,0.24175,0.0,0,0,1.0,1.0,0,4402.0,5312.75,0,4,0.29225,0.0017853571071357141,0.29,0.295,-0.30775,0.0017853571071357141,0.3077551786729185,0.30775,1.0,4,0,1.0,1.0,0,16395.0,16625.0,0
93,93,power_law,4.806,1.0,11388.0,-0.19399999999999995,0.19399999999999995,3.8799999999999986,1,1,2.097,1.0,13042.0,0.09699999999999998,0.09699999999999998,4.849999999999999,1,1,2.729,1.0,16824.0,-2.271,2.271,45.42,1,1,2.58,1.0,23666.0,0.5800000000000001,0.5800000000000001,29.000000000000004,1,1,0.83,1.0,14401.0,-0.17000000000000004,0.17000000000000004,17.000000000000004,0,1,0.012,1.0,36455.0,0.002,0.002,20.0,1,1,0.275,1.0,37810.0,-0.024999999999999967,0.024999999999999967,8.333333333333323,1,1,19.391,1.0,31495.0,1.3909999999999982,1.3909999999999982,7.727777777777768,1,1,4,0.09875,0.03660174176183423,0.048,0.146,0.09875,0.03660174176183423,0.10531500367943782,0.09875,1.0,4,0,1.0,1.0,0,3169.0,7940.0,0,4,5.50625,0.32231070025675523,4.998,5.867,5.50625,0.32231070025675523,5.515675230649463,5.50625,1.0,4,0,1.0,1.0,0,17510.0,22278.5,0,4,-0.01625,0.2105354780078645,-0.339,0.25,-0.01625,0.2105354780078645,0.21116166792294477,0.15625,1.0,4,0,1.0,1.0,0,27250.0,30974.5,0,4,28.777749999999997,1.2318720256179205,27.541,30.738,28.777749999999997,1.2318720256179205,28.804103939369472,28.777749999999997,1.0,4,0,1.0,1.0,0,16635.0,20534.0,0,4,0.879,0.014798648586948755,0.854,0.89,0.279,0.014798648586948755,0.2793921974572662,0.279,0.0,0,0,1.0,1.0,0,5722.0,7931.0,0,4,0.30075,0.0021650635094610984,0.298,0.304,-0.29925,0.002165063509461099,0.29925783197771116,0.29925,1.0,4,0,1.0,1.0,0,20292.0,20541.0,0
94,94,power_law,3.622,1.0,11982.0,-1.3780000000000001,1.3780000000000001,27.560000000000002,0,1,1.836,1.0,11182.0,-0.16399999999999992,0.16399999999999992,8.199999999999996,1,1,3.159,1.0,12654.0,-1.8410000000000002,1.8410000000000002,36.82,1,1,2.408,1.0,17654.0,0.4079999999999999,0.4079999999999999,20.399999999999995,1,1,0.827,1.0,11847.0,-0.17300000000000004,0.17300000000000004,17.300000000000004,0,1,0.004,1.0,27828.0,-0.006,0.006,60.0,0,1,0.301,1.0,31569.0,0.0010000000000000009,0.0010000000000000009,0.33333333333333365,1,1,16.802,1.0,29564.0,-1.1980000000000004,1.1980000000000004,6.655555555555558,1,1,4,0.06175,0.02601321779403694,0.023,0.095,0.06175,0.02601321779403694,0.06700559678116448,0.06175,1.0,4,0,1.0,1.0,0,7289.0,10900.25,0,4,5.337249999999999,0.516892820128119,4.595,6.042,5.337249999999999,0.516892820128119,5.3622211582514945,5.337249999999999,1.0,4,0,1.0,1.0,0,12198.0,17725.25,0,4,0.018750000000000003,0.12573856806883082,-0.105,0.225,0.018750000000000003,0.12573856806883082,0.12712887162246034,0.09824999999999999,1.0,4,0,1.0,1.0,0,23081.0,26191.5,0,4,27.214,3.053237953386535,24.966,32.464,27.214,3.053237953386535,27.384741335276477,27.214,1.0,4,0,1.0,1.0,0,10228.0,13311.5,0,4,0.8725,0.023900836805434263,0.841,0.907,0.2725,0.023900836805434263,0.2735461569826928,0.2725,0.0,0,0,1.0,1.0,0,6022.0,8222.5,0,4,0.33275,0.009010410645470037,0.322,0.347,-0.26725,0.009010410645470037,0.2674018511529043,0.26725,1.0,4,0,1.0,1.0,0,12898.0,13533.75,0
95,95,power_law,3.497,1.0,11085.0,-1.5030000000000001,1.5030000000000001,30.060000000000002,0,1,1.829,1.0,13185.0,-0.17100000000000004,0.17100000000000004,8.550000000000002,1,1,2.908,1.0,18053.0,-2.092,2.092,41.839999999999996,1,1,2.571,1.0,19842.0,0.5710000000000002,0.5710000000000002,28.550000000000008,1,1,0.83,1.0,16519.0,-0.17000000000000004,0.17000000000000004,17.000000000000004,0,1,0.015,1.0,32999.0,0.004999999999999999,0.004999999999999999,49.999999999999986,1,1,0.294,1.0,43084.0,-0.006000000000000005,0.006000000000000005,2.0000000000000018,1,1,18.296,1.0,30138.0,0.2959999999999994,0.2959999999999994,1.644444444444441,1,1,4,0.10775,0.056517143416842996,0.022,0.179,0.10775,0.056517143416842996,0.12167271674455206,0.10775,1.0,4,0,1.0,1.0,0,2694.0,5963.25,0,4,5.376,0.5599843747820112,4.603,6.162,5.376,0.5599843747820112,5.405086354536808,5.376,1.0,4,0,1.0,1.0,0,19732.0,20013.0,0,4,0.08725000000000001,0.11974634649959055,-0.081,0.202,0.08725000000000001,0.11974634649959055,0.14816122974651635,0.12775,1.0,4,0,1.0,1.0,0,19214.0,27038.75,0,4,26.638250000000003,1.0586360033080302,24.988,27.676,26.638250000000003,1.0586360033080302,26.65927743300632,26.638250000000003,1.0,4,0,1.0,1.0,0,8202.0,15075.0,0,4,0.8734999999999999,0.04176421913552316,0.803,0.907,0.2735000000000001,0.04176421913552316,0.27667038150116474,0.2735000000000001,0.0,0,0,1.0,1.0,0,6427.0,9123.5,0,4,0.34199999999999997,0.006442049363362545,0.331,0.347,-0.258,0.006442049363362545,0.2580804138248387,0.258,1.0,4,0,1.0,1.0,0,16370.0,16762.5,0
96,96,power_law,4.644,1.0,10042.0,-0.35599999999999987,0.35599999999999987,7.119999999999997,1,1,1.961,1.0,10816.0,-0.038999999999999924,0.038999999999999924,1.9499999999999962,1,1,2.739,1.0,17322.0,-2.261,2.261,45.220000000000006,1,1,2.619,1.0,18416.0,0.6190000000000002,0.6190000000000002,30.95000000000001,1,1,0.773,1.0,9271.0,-0.22699999999999998,0.22699999999999998,22.7,0,1,0.022,1.0,15362.0,0.011999999999999999,0.011999999999999999,119.99999999999997,0,1,0.294,1.0,28158.0,-0.006000000000000005,0.006000000000000005,2.0000000000000018,1,1,18.154,1.0,25915.0,0.15399999999999991,0.15399999999999991,0.8555555555555551,1,1,4,0.05825,0.02113498284834885,0.027,0.085,0.05825,0.02113498284834885,0.061965716327659764,0.05825,1.0,4,0,1.0,1.0,0,7016.0,14326.75,0,4,5.390000000000001,0.31190302980253337,4.933,5.713,5.390000000000001,0.31190302980253337,5.39901690125156,5.390000000000001,1.0,4,0,1.0,1.0,0,13080.0,16558.0,0,4,0.013249999999999998,0.1851598971159792,-0.281,0.227,0.013249999999999998,0.1851598971159792,0.18563337523193402,0.15375,1.0,4,0,1.0,1.0,0,14693.0,21882.25,0,4,28.540749999999996,3.252843400396029,24.793,32.817,28.540749999999996,3.252843400396029,28.725518285141522,28.540749999999996,1.0,4,0,1.0,1.0,0,9774.0,13406.5,0,4,0.8460000000000001,0.009874208829065758,0.829,0.853,0.246,0.009874208829065758,0.24619809097553944,0.246,0.0,0,0,1.0,1.0,0,4923.0,5699.75,0,4,0.31525000000000003,0.003112474899497186,0.31,0.318,-0.28475,0.003112474899497186,0.284767010027496,0.28475,1.0,4,0,1.0,1.0,0,13849.0,14789.0,0
97,97,power_law,3.955,1.0,10581.0,-1.045,1.045,20.9,1,1,1.927,1.0,10654.0,-0.07299999999999995,0.07299999999999995,3.6499999999999977,1,1,3.173,1.0,19494.0,-1.827,1.827,36.54,1,1,2.306,1.0,14040.0,0.30600000000000005,0.30600000000000005,15.300000000000002,1,1,0.855,1.0,15395.0,-0.14500000000000002,0.14500000000000002,14.500000000000002,0,1,0.008,1.0,33712.0,-0.002,0.002,20.0,1,1,0.316,1.0,41831.0,0.016000000000000014,0.016000000000000014,5.333333333333338,1,1,16.889,1.0,30905.0,-1.1110000000000007,1.1110000000000007,6.172222222222226,1,1,4,0.11324999999999999,0.06815194421291296,0.04,0.201,0.11324999999999999,0.06815194421291296,0.1321750732929625,0.11324999999999999,1.0,4,0,1.0025,1.01,0,289.0,7408.0,1,4,5.41475,0.24128030897692415,5.082,5.707,5.41475,0.24128030897692415,5.420123038271364,5.41475,1.0,4,0,1.0,1.0,0,22364.0,24875.75,0,4,0.0385,0.12212800661600925,-0.162,0.159,0.0385,0.12212800661600925,0.12805272351652658,0.1195,1.0,4,0,1.0,1.0,0,23842.0,29401.25,0,4,32.60225,4.122502236203152,25.847,37.034,32.60225,4.122502236203152,32.86185828205703,32.60225,1.0,4,0,1.0,1.0,0,12802.0,16451.25,0,4,0.884,0.021529050141611005,0.862,0.919,0.28400000000000003,0.021529050141611005,0.284814852140825,0.28400000000000003,0.0,0,0,1.0,1.0,0,5134.0,9194.75,0,4,0.3255,0.004272001872658769,0.32,0.331,-0.27449999999999997,0.004272001872658769,0.2745332402460583,0.27449999999999997,1.0,4,0,1.0,1.0,0,15528.0,16071.0,0
98,98,power_law,4.273,1.0,11948.0,-0.7270000000000003,0.7270000000000003,14.540000000000006,1,1,1.929,1.0,12905.0,-0.07099999999999995,0.07099999999999995,3.5499999999999976,1,1,2.719,1.0,13560.0,-2.281,2.281,45.620000000000005,1,1,2.655,1.0,15994.0,0.6549999999999998,0.6549999999999998,32.74999999999999,1,1,0.787,1.0,10291.0,-0.21299999999999997,0.21299999999999997,21.299999999999997,0,1,0.003,1.0,24494.0,-0.007,0.007,70.0,0,1,0.301,1.0,33707.0,0.0010000000000000009,0.0010000000000000009,0.33333333333333365,1,1,19.014,1.0,24858.0,1.0139999999999993,1.0139999999999993,5.63333333333333,1,1,4,0.09775,0.06314022093721244,0.015,0.177,0.09775,0.06314022093721244,0.11636902508829401,0.09775,1.0,4,0,1.0,1.0,0,2733.0,9359.0,0,4,5.468,0.40769657835208784,4.776,5.831,5.468,0.40769657835208784,5.4831779562585785,5.468,1.0,4,0,1.0,1.0,0,16579.0,17255.5,0,4,-0.07150000000000001,0.08082542916681607,-0.159,0.043,-0.07150000000000001,0.08082542916681607,0.10791200118615167,0.093,1.0,4,0,1.0,1.0,0,17270.0,19932.0,0,4,26.95225,2.0883563363324757,23.669,29.318,26.95225,2.0883563363324757,27.033035572240127,26.95225,1.0,4,0,1.0,1.0,0,11671.0,13788.25,0,4,0.82925,0.029089302157322357,0.807,0.878,0.22925000000000004,0.029089302157322357,0.23108818663012615,0.22925000000000004,0.0,0,0,1.0,1.0,0,5370.0,7737.75,0,4,0.31525,0.00481534007106456,0.31,0.323,-0.28474999999999995,0.00481534007106456,0.2847907126294676,0.28474999999999995,1.0,4,0,1.0,1.0,0,14689.0,15254.75,0
99,99,power_law,4.853,1.0,12068.0,-0.14700000000000024,0.14700000000000024,2.940000000000005,1,1,2.074,1.0,11568.0,0.07399999999999984,0.07399999999999984,3.699999999999992,1,1,3.041,1.0,21687.0,-1.959,1.959,39.18000000000001,1,1,2.373,1.0,17616.0,0.3730000000000002,0.3730000000000002,18.650000000000013,1,1,0.808,1.0,12187.0,-0.19199999999999995,0.19199999999999995,19.199999999999996,0,1,0.016,1.0,34557.0,0.006,0.006,60.0,1,1,0.284,1.0,38486.0,-0.016000000000000014,0.016000000000000014,5.333333333333338,1,1,18.087,1.0,37698.0,0.08699999999999974,0.08699999999999974,0.4833333333333319,1,1,4,0.1065,0.08721381771256205,0.031,0.255,0.1065,0.08721381771256205,0.13765355062620072,0.1065,1.0,4,0,1.0025,1.01,0,1098.0,10605.75,0,4,5.48475,0.14790769925869293,5.341,5.688,5.48475,0.14790769925869293,5.486743957029524,5.48475,1.0,4,0,1.0,1.0,0,18919.0,23371.75,0,4,0.033999999999999996,0.18993551537298126,-0.171,0.233,0.033999999999999996,0.18993551537298126,0.19295465788625057,0.1895,1.0,4,0,1.0,1.0,0,25195.0,31682.25,0,4,29.9635,4.639467453275214,23.919,35.598,29.9635,4.639467453275214,30.320553927987532,29.9635,1.0,4,0,1.0,1.0,0,12927.0,15882.25,0,4,0.8575,0.011800423721205957,0.841,0.874,0.2575,0.011800423721205955,0.25777024653749314,0.2575,0.0,0,0,1.0,1.0,0,5533.0,7773.5,0,4,0.3035,0.002692582403567254,0.299,0.306,-0.2965,0.002692582403567254,0.2965122257175916,0.2965,1.0,4,0,1.0,1.0,0,16443.0,17268.0,0
