ID,deaths_r,deaths_nr,deaths,pestfield,dis_pestf,dis_sewers,dis_bspump,death_dum,COORD_X,COORD_Y,death_proportion
1,0,0,0,1,10.08,10.08,125.0,0,529286.3973489881,181084.1173568114,0.0
2,1,0,1,1,14.64,14.64,119.94,1,529289.8149757241,181079.7481055296,0.05555555555555555
3,0,0,0,1,18.47,18.47,116.27,0,529291.7306369036,181075.34064446908,0.0
4,0,0,0,1,22.98,22.98,112.56,0,529293.5114145369,181070.3275635728,0.0
5,0,0,0,1,27.47,27.47,109.1,0,529295.3550454364,181065.79783335765,0.0
6,5,0,5,1,32.21,32.21,105.54,1,529297.4239756963,181061.27383579296,0.2777777777777778
7,1,0,1,1,42.77,42.77,101.43,1,529300.1718612342,181056.6466755313,0.05555555555555555
8,0,0,0,1,36.43,36.43,97.56,0,529302.4277446445,181050.68218308283,0.0
9,0,0,0,1,31.48,31.48,94.08,0,529304.8721815533,181046.1677421704,0.0
10,0,0,0,1,32.31,32.31,112.86,0,529286.4466052917,181000.33092507027,0.0
11,0,0,0,1,24.91,24.91,111.19,0,529289.868293883,180993.75938101992,0.0
12,0,0,0,1,20.73,20.73,110.2,0,529292.0374070337,180990.1523387432,0.0
13,0,0,0,1,15.97,15.97,108.99,0,529294.7714112727,180986.11576255225,0.0
14,0,0,0,1,8.72,8.72,107.9,0,529298.6747000506,180979.66745264063,0.0
15,0,0,0,1,36.06,40.17,120.91,0,529275.7296236021,181020.81668393456,0.0
16,0,0,0,1,32.43,32.43,116.53,0,529280.0446543538,181023.7403643604,0.0
17,2,0,2,1,29.43,29.43,112.61,1,529283.9591717446,181026.0614567432,0.1111111111111111
18,2,0,2,1,26.94,26.94,108.83,1,529287.7813369951,181028.3802028625,0.1111111111111111
19,1,0,1,1,25.42,25.42,105.57,1,529291.1398732383,181030.76120738813,0.05555555555555555
20,1,0,1,1,25.79,25.79,103.48,1,529293.461862699,181033.93039773728,0.05555555555555555
21,0,0,0,1,48.88,48.88,65.82,0,529338.4783542244,181056.0364976903,0.0
22,0,0,0,1,46.77,46.77,61.82,0,529340.7850941448,181051.7263453392,0.0
23,1,0,1,1,58.18,44.46,124.83,1,529271.7607787041,181027.73172548928,0.05555555555555555
24,0,0,0,1,54.64,40.64,127.8,0,529268.9283331692,181031.6022871588,0.0
25,0,0,0,1,51.64,42.51,129.96,0,529266.9804881453,181034.96386425363,0.0
26,0,0,0,1,37.3,37.3,133.37,0,529264.018025314,181039.86306592895,0.0
27,0,0,0,1,32.94,32.94,136.37,0,529261.442583664,181043.4929420211,0.0
28,1,0,1,1,28.75,28.75,139.07,1,529259.3030465321,181047.4181664789,0.05555555555555555
29,0,0,0,1,24.74,24.74,142.15,0,529256.7384496109,181050.6219302344,0.0
30,6,0,6,1,19.83,19.83,145.93,1,529253.7054424922,181054.80869255087,0.3333333333333333
31,0,0,0,1,15.77,15.77,149.17,0,529251.2150278767,181058.58286593037,0.0
32,0,0,0,1,12.43,12.43,152.1,0,529249.082729183,181062.2240181096,0.0
33,0,0,0,1,9.88,9.88,154.72,0,529246.9829445004,181064.58682714903,0.0
34,0,0,0,1,9.99,9.99,170.85,0,529233.1524292668,181074.8948614692,0.0
35,0,0,0,1,11.83,11.83,167.33,0,529237.6958993884,181077.56874345447,0.0
36,0,0,0,1,14.86,14.86,163.23,0,529242.7005493981,181079.54370771648,0.0
37,0,0,0,1,18.61,18.61,159.79,0,529247.0848230808,181081.50289940505,0.0
38,0,0,0,1,23.95,23.95,155.58,0,529252.6067634983,181084.05955010848,0.0
39,0,0,0,1,18.74,18.74,151.49,0,529257.7108643547,181085.6106687257,0.0
40,0,0,0,1,13.19,13.19,147.17,0,529263.4208828902,181087.74572492173,0.0
41,0,0,0,1,8.95,8.95,143.16,0,529269.96655975,181091.89186600535,0.0
42,1,0,1,1,34.02,34.02,116.11,1,529283.7450338227,181052.49519058783,0.05555555555555555
43,2,0,2,1,37.76,37.76,113.23,1,529285.9335368793,181049.17860803264,0.1111111111111111
44,0,0,0,1,42.87,42.87,109.92,0,529288.381021426,181044.54379955376,0.0
45,0,0,0,1,33.47,33.47,107.41,0,529290.4132084824,181041.46411751772,0.0
46,2,0,2,1,17.61,17.61,103.34,1,529293.8367597392,181013.75004184863,0.1111111111111111
47,0,0,0,1,12.33,12.33,97.73,0,529299.1607676313,181017.05953830216,0.0
48,2,0,2,1,10.93,10.93,95.19,1,529302.8052570344,181008.588061844,0.1111111111111111
49,0,0,0,1,12.85,12.85,93.69,0,529305.2500220948,181004.07466416544,0.0
50,0,0,0,1,16.21,16.21,92.15,0,529308.0240760008,180999.51705272688,0.0
51,2,0,2,1,20.16,20.16,90.75,1,529310.8570375943,180995.2239070023,0.1111111111111111
52,5,0,5,1,26.48,26.48,91.13,1,529312.8948404226,180988.9439608284,0.2777777777777778
53,3,0,3,1,20.49,20.49,90.35,1,529316.1679606001,180983.83256064172,0.16666666666666666
54,0,0,0,1,23.07,23.07,90.53,0,529323.8580000873,180971.12023664004,0.0
55,1,0,1,1,25.69,25.69,91.6,1,529325.5285966779,180967.22738076796,0.05555555555555555
56,0,0,0,1,29.24,29.24,92.65,0,529328.3029480567,180962.41812479496,0.0
57,1,0,1,1,33.95,33.95,95.68,1,529328.9218387355,180957.39660403476,0.05555555555555555
58,1,0,1,1,43.16,31.66,97.51,1,529337.6236247377,180947.3860946148,0.05555555555555555
59,2,0,2,1,34.54,37.33,39.85,1,529370.5972220169,180994.8201132037,0.1111111111111111
60,1,1,2,1,29.47,29.47,45.17,1,529365.7574481982,180992.0208638,0.1111111111111111
61,0,0,0,1,24.46,24.46,49.75,0,529360.7874781506,180990.4776230992,0.0
62,3,0,3,1,21.06,21.06,54.63,1,529357.1375926425,180987.23642565164,0.16666666666666666
63,2,0,2,1,15.96,15.96,59.96,1,529351.4845195116,180985.5183925008,0.1111111111111111
64,3,0,3,1,12.18,12.18,64.32,1,529346.8010031471,180984.29728622056,0.16666666666666666
65,1,0,1,1,10.49,10.49,70.41,1,529341.3762670797,180981.32575838847,0.05555555555555555
66,3,0,3,1,12.95,12.95,76.36,1,529336.7568004158,180977.5876564897,0.16666666666666666
67,0,0,0,1,19.7,19.7,77.22,0,529341.0395509113,180971.40006248752,0.0
68,2,0,2,1,24.29,24.29,78.76999999999998,1,529343.1107980949,180967.20257897844,0.1111111111111111
69,3,0,3,1,56.31,56.31,58.65,1,529341.9749255425,181046.54007841527,0.16666666666666666
70,1,0,1,1,50.89,50.89,53.99,1,529344.8719952186,181040.68521804016,0.05555555555555555
71,0,0,0,1,46.14,46.14,50.0,0,529347.5998827694,181035.26110421369,0.0
72,0,0,0,1,42.52,42.52,45.63,0,529351.2288244299,181030.34824052657,0.0
73,1,0,1,1,37.58,37.58,42.81,1,529353.7563033353,181023.8203201338,0.05555555555555555
74,0,0,0,1,35.93,35.93,36.75,0,529360.7113228079,181016.91678342732,0.0
75,0,0,0,1,11.56,11.56,72.87999999999998,0,529328.4893535421,180999.00568303137,0.0
76,0,0,0,1,11.79,11.79,67.29,0,529333.3659335286,181001.93759338648,0.0
77,2,0,2,1,15.2,15.2,61.49,1,529338.2238788576,181005.60150669207,0.1111111111111111
78,0,0,0,1,17.61,17.61,56.58,0,529342.9916710708,181006.8215561528,0.0
79,1,0,1,1,25.2,25.2,48.23,1,529350.2606913692,181011.52347528373,0.05555555555555555
80,1,0,1,1,31.37,31.37,41.46,1,529356.428227444,181014.61034530573,0.05555555555555555
81,0,0,0,1,25.79,25.79,90.7,0,529307.2396481977,181040.82627467855,0.0
82,4,0,4,1,19.72,19.72,87.15,1,529309.9768073175,181035.0361421664,0.2222222222222222
83,0,0,0,1,14.92,14.92,83.95,0,529312.7652606092,181030.22394563275,0.0
84,3,0,3,1,11.07,11.07,80.54999999999998,1,529316.0104539724,181025.42337239537,0.16666666666666666
85,2,0,2,1,8.32,8.32,78.58,1,529318.1231277136,181020.22774688728,0.1111111111111111
86,2,0,2,1,8.11,8.11,77.72,1,529319.4714744088,181015.1347516521,0.1111111111111111
87,1,0,1,1,12.39,12.39,75.48999999999998,1,529322.570646446,181010.08630901243,0.05555555555555555
88,4,0,4,1,16.48,16.48,74.86,1,529324.369527497,181005.2489368489,0.2222222222222222
89,0,0,0,1,12.47,12.47,74.29,0,529327.046122918,180998.84687762664,0.0
90,4,0,4,1,39.89,39.89,114.3,1,529283.6392529754,181007.38668435215,0.2222222222222222
91,3,0,3,1,23.43,23.43,109.06,1,529288.5189523322,181010.19655168767,0.16666666666666666
92,0,0,0,0,283.23,51.72,442.99,0,528996.1404633644,181214.41417371703,0.0
93,0,0,0,0,277.55,46.51,437.45,0,529000.4882963112,181210.63054046733,0.0
94,0,0,0,0,266.86,34.83,427.4,0,529006.9188601099,181200.57203140753,0.0
95,0,0,0,0,270.7,41.83,430.53,0,529006.8347974954,181207.8711488372,0.0
96,0,0,0,0,262.7,28.74,423.73,0,529008.2851791504,181194.60346582928,0.0
97,0,0,0,0,257.43,20.3,419.15,0,529009.6161934191,181186.03800378583,0.0
98,0,0,0,0,252.48,13.22,414.68,0,529011.6142275281,181179.111975784,0.0
99,0,0,0,0,248.26,6.96,410.91,0,529013.0011381556,181172.3326838276,0.0
100,0,0,0,0,255.88,14.28,418.61,0,529005.5582003132,181174.41523569063,0.0
101,0,0,0,0,242.24,16.59,406.34,0,529008.9593871454,181146.87863098757,0.0
102,0,0,0,0,233.48,10.32,397.36,0,529019.0685049553,181148.9861585772,0.0
103,0,0,0,0,229.82,18.21,393.99,0,529020.0783039861,181141.052979442,0.0
104,0,0,0,0,211.58,19.02,376.07,0,529031.0589601945,181113.38336771604,0.0
105,0,0,0,0,208.89,15.17,373.27,0,529032.3821391572,181106.75376843748,0.0
106,0,0,0,0,203.93,11.51,368.14,0,529036.1383461363,181099.8157682937,0.0
107,0,0,0,0,188.67,27.23,351.5,0,529048.8149773611,181076.04112162287,0.0
108,0,0,0,0,185.17,15.55,347.1,0,529052.0329327225,181066.8834295521,0.0
109,0,0,0,0,181.41,11.57,343.08,0,529055.7993798708,181064.5042341193,0.0
110,0,0,0,0,179.01,9.98,340.13,0,529058.2786501658,181060.11248019492,0.0
111,0,0,0,0,170.82,22.89,328.88,0,529068.1222052388,181041.38868180005,0.0
112,0,0,0,0,167.54,25.48,325.12,0,529071.7816114093,181039.17176816647,0.0
113,0,0,0,0,166.14,30.73,322.66,0,529074.0677106613,181034.28014669148,0.0
114,0,0,0,0,164.23,36.85,319.42,0,529077.1936024416,181028.7498977204,0.0
115,0,0,0,0,162.54,30.41,316.28,0,529080.3195006961,181023.219650608,0.0
116,0,0,0,0,161.63,24.69,313.75,0,529082.9351938708,181017.51145676005,0.0
117,0,0,0,0,160.83,18.54,310.93,0,529085.9833528235,181010.98930147273,0.0
118,0,0,0,0,158.87,13.22,307.35,0,529089.8043025921,181006.4666505918,0.0
119,0,0,0,0,158.84,9.87,304.81,0,529092.8650409362,180999.4498500814,0.0
120,0,0,0,0,163.15,13.46,294.84,0,529107.5958042761,180966.6611690588,0.0
121,0,0,0,0,164.54,20.71,289.46,0,529115.827617992,180954.6610752995,0.0
122,0,0,0,0,168.87,33.78,286.43,0,529122.5371933512,180941.79737085628,0.0
123,0,0,0,0,169.96,39.82,283.88,0,529126.893578676,180936.46340114917,0.0
124,0,0,0,0,172.44,47.53,282.85,0,529129.9208899153,180930.7656865199,0.0
125,0,0,0,0,174.36,53.52,280.67,0,529134.3927421896,180924.9396879541,0.0
126,0,0,0,0,178.21,61.97,279.24,0,529139.1248335436,180916.9754421677,0.0
127,0,0,0,0,181.52,67.25,279.61,0,529140.9008252566,180911.90589568712,0.0
128,0,0,0,0,184.58,44.6,278.08,0,529145.4881573094,180905.58787171936,0.0
129,0,0,0,0,188.06,38.82,277.99,0,529148.3055513665,180900.04982204977,0.0
130,0,0,0,0,191.82,33.45,278.31,0,529150.814303963,180894.50393057367,0.0
131,0,0,0,0,242.96,34.56,400.07,0,529042.205078583,181210.669641002,0.0
132,0,0,0,0,240.17,31.06,397.69,0,529043.0173224601,181207.06049859297,0.0
133,0,0,0,0,237.03,28.1,394.85,0,529044.5413262773,181203.79940918687,0.0
134,0,0,0,0,234.88,22.67,393.46,0,529043.4407941104,181198.49180071673,0.0
135,0,0,0,0,230.16,18.65,389.17,0,529045.8296805614,181193.60277936092,0.0
136,0,0,0,0,220.63,9.58,381.17,0,529048.0457268179,181179.3049713996,0.0
137,0,0,0,0,216.44,11.02,377.47,0,529049.7270498123,181173.9030153832,0.0
138,0,0,0,0,212.59,17.71,374.13,0,529051.0010557967,181168.32572676864,0.0
139,0,0,0,0,208.76,13.14,370.81,0,529052.1805615214,181162.4160597212,0.0
140,0,0,0,0,204.22,11.22,366.73,0,529054.1872733646,181156.362410266,0.0
141,0,0,0,0,189.06,8.82,353.0,0,529060.5429985423,181133.0953155732,0.0
142,0,0,0,0,184.3,15.97,348.52,0,529062.9905525583,181125.89793850723,0.0
143,0,0,0,0,180.24,21.31,344.59,0,529065.5894307325,181120.84926846367,0.0
144,0,0,0,0,176.76,26.68,341.21,0,529067.6739242474,181115.78753556727,0.0
145,0,0,0,0,171.87,33.5,336.38,0,529071.0222715513,181109.60297631327,0.0
146,0,0,0,0,167.93,29.86,332.43,0,529073.7324187845,181104.22715698535,0.0
147,0,0,0,0,163.83,24.25,328.25,0,529076.7512061872,181098.85917804367,0.0
148,0,0,0,0,159.66,17.99,323.9,0,529079.7951273511,181092.50190229027,0.0
149,0,0,0,0,156.59,13.38,320.6,0,529082.0895899627,181087.28051813252,0.0
150,0,0,0,0,154.04,10.72,317.81,0,529084.1489832355,181083.20809029488,0.0
151,0,0,0,0,150.72,9.0,314.1,0,529086.9620355122,181077.83489092495,0.0
152,0,0,0,0,141.04,10.22,302.34,0,529096.2703310478,181059.92249497084,0.0
153,0,0,0,0,137.81,15.88,298.01,0,529099.9357607588,181053.416028122,0.0
154,0,0,0,0,134.75,22.96,293.57,0,529103.8153353629,181046.58502474148,0.0
155,0,0,0,0,132.01,31.78,288.86,0,529108.0370686217,181038.44280049167,0.0
156,0,0,0,0,129.37,31.35,284.35,0,529112.3198051032,181031.95202400564,0.0
157,0,0,0,0,128.45,26.13,281.89,0,529114.7088266049,181027.06303390017,0.0
158,0,0,0,0,126.72,18.61,277.52,0,529119.115405931,181019.750461372,0.0
159,0,0,0,0,126.49,12.81,274.78,0,529122.0565418184,181013.39059622967,0.0
160,0,0,0,0,126.33,9.37,272.07,0,529125.0879968179,181007.5279958544,0.0
161,0,0,0,0,125.99,17.54,265.73,0,529132.4925608524,180995.67190036568,0.0
162,0,0,0,0,126.39,13.89,263.69,0,529135.07480895,180991.28279686475,0.0
163,0,0,0,0,127.04,11.19,261.05,0,529138.509433616,180985.76042693536,0.0
164,0,0,0,0,128.33,12.53,258.04,0,529142.6977488816,180978.9372949088,0.0
165,0,0,0,0,130.09,15.15,256.9,0,529144.7739893488,180974.20535861928,0.0
166,0,0,0,0,131.51,19.75,254.97,0,529147.7803514933,180969.3320695941,0.0
167,0,0,0,0,134.11,24.89,253.84,0,529150.2932644661,180963.6212948298,0.0
168,0,0,0,0,135.91,30.87,251.74,0,529153.82242354,180958.43131544068,0.0
169,0,0,0,0,138.75,37.13,250.35,0,529156.9568256956,180952.5713479548,0.0
170,0,0,0,0,141.26,34.98,248.7,0,529160.38730769,180947.2138753624,0.0
171,0,0,0,0,143.92,33.88,247.24,0,529163.7107246967,180942.01867333497,0.0
172,0,0,0,0,147.72,34.71,246.59,0,529166.6435747402,180935.98859917204,0.0
173,0,0,0,0,152.17,36.74,245.17,0,529171.153182466,180928.67868505453,0.0
174,0,0,0,0,198.5,22.34,277.57,0,529157.5682589023,180883.95124763023,0.0
175,0,0,0,0,203.57,17.07,278.17,0,529161.1435687119,180876.94755967165,0.0
176,0,0,0,0,157.57,45.24,243.79,0,529176.4081209052,180920.39778134716,0.0
177,0,0,0,0,162.42,38.72,243.76,0,529179.662215977,180913.88091026476,0.0
178,0,0,0,0,165.83,31.79,243.01,0,529183.0801727292,180909.0181015636,0.0
179,0,0,0,0,169.39,27.09,243.43,0,529185.0452111776,180904.61333209608,0.0
180,0,0,0,0,177.19,16.84,243.38,0,529191.0622847577,180894.70191885007,0.0
181,0,0,0,0,216.91,9.93,278.49,0,529173.4528252124,180858.45159338033,0.0
182,0,0,0,0,223.9,18.15,286.82,0,529166.9982072805,180853.17287185477,0.0
183,0,0,0,0,219.65,13.18,281.81,0,529170.8281501377,180856.40501103023,0.0
184,0,0,0,0,135.91,9.31,245.0,0,529198.5174513877,180880.8673202688,0.0
185,0,0,0,0,171.18,13.9,279.54,0,529176.4802303324,180852.75390555852,0.0
186,0,0,0,0,173.58,19.93,281.23,0,529179.4215218889,180846.39407245565,0.0
187,0,0,0,0,175.04,25.89,281.87,0,529183.3748917896,180840.71992367395,0.0
188,0,0,0,0,178.03,33.24,283.89,0,529186.7403058892,180833.87590597203,0.0
189,0,0,0,0,180.46,28.2,285.29,0,529190.6033827689,180827.70449848773,0.0
190,0,0,0,0,182.75,29.58,286.51,0,529194.4538947314,180822.0277428308,0.0
191,0,0,0,0,136.89,13.46,245.19,0,529202.78785077,180874.87126658525,0.0
192,0,0,0,0,137.81,17.24,245.51,0,529205.4605230934,180870.97946217388,0.0
193,0,0,0,0,138.78,21.87,245.78,0,529208.4460401642,180866.93062289033,0.0
194,0,0,0,0,140.66,15.81,246.58,0,529212.2965458467,180861.2538806052,0.0
195,0,0,0,0,142.88,11.2,247.86,0,529214.9943842145,180856.3727830554,0.0
196,0,0,0,0,145.45,7.93,249.26,0,529218.3262958516,180850.84784959996,0.0
197,0,0,0,0,148.47,9.8,250.84,0,529222.2922840003,180844.67908145147,0.0
198,0,0,0,0,186.57,34.12,288.69,0,529199.9147387865,180813.75209292432,0.0
199,0,0,0,0,189.19,37.52,290.56,0,529201.7727476656,180809.50959729508,0.0
200,0,0,0,0,155.83,20.62,255.4,0,529228.6726476097,180832.6320800013,0.0
201,0,0,0,0,158.44,26.75,256.55,0,529232.6051209664,180827.78238354647,0.0
202,0,0,0,0,162.15,34.37,258.39,0,529237.2913304713,180821.63193927472,0.0
203,0,0,0,0,194.25,45.84,293.43,0,529208.6088378868,180799.78401040265,0.0
204,0,0,0,0,197.14,50.55,295.23,0,529211.7182391058,180794.9133733821,0.0
205,0,0,0,0,200.99,38.78,297.9,0,529214.6428365074,180789.21309190005,0.0
206,0,0,0,0,202.22,33.68,297.91,0,529219.0520217129,180785.8604102694,0.0
207,0,0,0,0,207.82,26.1,302.17,0,529221.7057069269,180778.6683385524,0.0
208,0,0,0,0,209.56,21.67,302.88,0,529225.0818648937,180775.45438674727,0.0
209,0,0,0,0,215.27,12.6,306.74,0,529229.8100327585,180767.65510563017,0.0
210,0,0,0,0,165.29,45.57,260.37,0,529239.7708654897,180817.24027107217,0.0
211,0,0,0,0,167.33,41.0,261.08,0,529243.3611653238,180813.70179793067,0.0
212,0,0,0,0,171.79,34.97,264.21,0,529245.7671755921,180808.15333542,0.0
213,0,0,0,0,174.61,30.41,265.8,0,529248.6456819327,180804.2667856789,0.0
214,0,0,0,0,178.84,24.7,268.67,0,529251.3519687809,180799.0559408436,0.0
215,0,0,0,0,181.85,20.17,270.28,0,529254.7490997544,180795.01759371004,0.0
216,0,0,0,0,185.02,15.98,271.9,0,529258.5619675509,180790.82483213424,0.0
217,0,0,0,0,189.36,11.51,274.47,0,529262.712849735,180785.48574256513,0.0
218,0,0,0,0,192.65,7.3,276.54,0,529265.4884963444,180781.596585416,0.0
219,0,0,0,0,227.33,6.27,314.04,0,529243.3082877101,180751.00440802792,0.0
220,0,0,0,0,223.26,7.81,314.31,0,529227.9493709708,180759.85328643152,0.0
221,0,0,0,0,232.61,11.44,318.18,0,529245.7269015748,180744.96129662203,0.0
222,0,0,0,0,236.94,18.0,321.07,0,529249.6720328652,180739.6169637504,0.0
223,0,0,0,0,241.37,24.02,324.26,0,529252.8927792184,180734.41920160013,0.0
224,0,0,0,0,246.52,30.61,328.12,0,529256.1303045992,180728.56190959827,0.0
225,0,0,0,0,257.56,31.19,336.41,0,529263.3423526025,180716.20611631367,0.0
226,0,0,0,0,262.4,24.87,340.01,0,529266.7730923535,180710.8487130401,0.0
227,0,0,0,0,266.62,18.88,342.97,0,529270.495723454,180706.15869418372,0.0
228,0,0,0,0,204.72,6.96,284.87,0,529273.6558226749,180768.1101764643,0.0
229,0,0,0,0,207.82,11.71,286.6,0,529277.14329437,180764.56910963816,0.0
230,0,0,0,0,213.17,17.69,290.52,0,529280.2737522459,180758.87409864573,0.0
231,0,0,0,0,217.66,23.96,293.4,0,529284.3092140781,180754.027058046,0.0
232,0,0,0,0,223.19,31.32,297.1,0,529288.8842760811,180748.203808752,0.0
233,0,0,0,0,229.84,42.42,301.97,0,529293.1758580328,180741.38341395705,0.0
234,0,0,0,0,237.03,32.12,307.13,0,529298.4060060759,180734.0919301054,0.0
235,0,0,0,0,243.53,24.95,311.9,0,529302.8949940895,180727.60654389803,0.0
236,0,0,0,0,249.77,18.62,316.77,0,529306.4496297033,180721.42736954425,0.0
237,0,0,0,0,255.07,13.94,320.9,0,529309.5675597617,180716.227024826,0.0
238,0,0,0,0,260.42,13.07,324.78,0,529313.817244004,180711.05547628863,0.0
239,0,0,0,0,265.64,7.9,328.83,0,529317.136764892,180706.02525436296,0.0
240,0,0,0,0,279.03,7.62,338.87,0,529327.2382071125,180693.4130809756,0.0
241,0,0,0,0,279.83,13.11,337.92,0,529333.0082452139,180693.22992326037,0.0
242,0,0,0,0,279.4,21.86,334.96,0,529341.2056025619,180694.7584381819,0.0
243,0,0,0,0,261.13,15.2,321.98,0,529325.0360339397,180711.17593262557,0.0
244,0,0,0,0,261.49,16.44,318.77,0,529336.1309594167,180712.11821025785,0.0
245,0,0,0,0,254.72,14.3,310.92,0,529339.5473571736,180719.46469493204,0.0
246,0,0,0,0,282.88,21.19,329.23,0,529369.8731718727,180696.9729510448,0.0
247,0,0,0,0,285.25,21.18,328.96,0,529377.910909548,180696.68257576143,0.0
248,0,0,0,0,276.43,5.9,307.82,0,529380.5673470516,180717.70389490735,0.0
249,0,0,0,0,251.9,10.57,300.66,0,529360.6769017561,180726.60202434103,0.0
250,0,0,0,0,250.22,19.21,307.6,0,529336.1501100822,180723.5029867988,0.0
251,0,0,0,0,245.01,25.33,303.89,0,529331.9129988193,180728.17986814168,0.0
252,0,0,0,0,239.29,37.79,299.34,0,529328.7908563055,180733.54508241348,0.0
253,0,0,0,0,234.89,41.17,296.23,0,529325.290741051,180737.5807633469,0.0
254,0,0,0,0,228.68,45.54,291.56,0,529321.3329404817,180743.4196875853,0.0
255,0,0,0,0,224.48,45.89,288.97,0,529317.1168346374,180747.27216622565,0.0
256,0,0,0,0,220.56,48.88,286.27,0,529314.036669367,180750.9885598615,0.0
257,0,0,0,0,215.35,41.45,282.45,0,529310.7171779851,180756.01878361547,0.0
258,0,0,0,0,212.67,37.95,280.82,0,529308.0779275652,180758.59147067703,0.0
259,0,0,0,0,207.72,31.57,277.8,0,529303.3222497515,180763.42017030047,0.0
260,0,0,0,0,201.8,25.49,272.84,0,529301.6279633407,180769.31669453887,0.0
261,0,0,0,0,246.87,15.41,296.17,0,529358.9090285219,180731.34173131836,0.0
262,0,0,0,0,241.82,20.4,292.6,0,529354.6844907489,180735.5239451709,0.0
263,0,0,0,0,238.06,25.49,289.5,0,529352.7444251382,180738.93935376185,0.0
264,0,0,0,0,236.25,26.86,288.69,0,529350.0358286278,180740.1903375412,0.0
265,0,0,0,0,230.23,32.73,283.72,0,529347.1152479019,180745.7256606077,0.0
266,0,0,0,0,226.28,36.75,281.35,0,529342.9159075269,180748.9185864009,0.0
267,0,0,0,0,217.99,39.02,274.7,0,529338.7061686157,180756.56597309164,0.0
268,0,0,0,0,214.12,29.9,267.47,0,529347.2100577755,180762.22704586363,0.0
269,0,0,0,0,218.49,32.56,270.84,0,529349.7800119269,180758.33269694,0.0
270,0,0,0,0,223.38,36.1,274.72,0,529352.4654442103,180753.9463189459,0.0
271,0,0,0,0,211.98,39.59,271.44,0,529331.7856743874,180761.50454777648,0.0
272,0,0,0,0,203.27,38.37,264.76,0,529327.0489500472,180769.6335023724,0.0
273,0,0,0,0,198.58,36.71,261.94,0,529322.6186994201,180773.81050626576,0.0
274,0,0,0,0,197.62,20.13,270.32,0,529297.7121588481,180773.50680710573,0.0
275,0,0,0,0,179.54,17.87,249.26,0,529308.88090261,180791.77482523443,0.0
276,0,0,0,0,174.05,15.16,245.5,0,529305.4501661808,180797.13220051856,0.0
277,0,0,0,0,168.13,15.12,241.45,0,529301.9039680675,180802.9816094518,0.0
278,0,0,0,0,168.13,15.12,241.45,0,529301.9039680675,180802.9816094518,0.0
279,0,0,0,0,162.49,17.3,238.16,0,529297.2302461468,180808.6373465823,0.0
280,0,0,0,0,156.48,22.38,234.48,0,529292.8526031858,180814.79558863968,0.0
281,0,0,0,0,150.76,28.42,231.13,0,529288.4791648353,180820.78895138463,0.0
282,0,0,0,0,144.39,35.8,227.27,0,529284.0847653727,180827.6067326337,0.0
283,0,0,0,0,139.44,40.75,224.58,0,529280.0325810447,180833.1133048674,0.0
284,0,0,0,0,136.6,36.27,223.7,0,529276.030732887,180836.64128454385,0.0
285,0,0,0,0,131.95,30.94,220.43,0,529274.2545832718,180841.71078579917,0.0
286,0,0,0,0,128.43,26.04,218.81,0,529270.7461938943,180846.0762690121,0.0
287,0,0,0,0,125.07,21.64,217.13,0,529267.7564208589,180850.28995551687,0.0
288,0,0,0,0,199.58,21.1,276.23,0,529285.8068675483,180772.0490253067,0.0
289,0,0,0,0,177.82,11.73,258.63,0,529279.4707299055,180794.4914350081,0.0
290,0,0,0,0,174.34,14.68,256.2,0,529277.5223478916,180798.23663737683,0.0
291,0,0,0,0,170.95,20.15,254.61,0,529273.4050098843,180802.25665127992,0.0
292,0,0,0,0,164.44,35.49,250.29,0,529269.3066882449,180809.57694464887,0.0
293,0,0,0,0,158.15,42.93,246.7,0,529263.7596143325,180817.1903731824,0.0
294,0,0,0,0,152.79,49.23,243.9,0,529258.3322139,180824.14689227048,0.0
295,0,0,0,0,149.74,45.4,242.42,0,529254.9309046089,180828.35011988776,0.0
296,0,0,0,0,146.15,41.85,240.28,0,529252.1343234716,180833.06369743065,0.0
297,0,0,0,0,139.77,35.91,235.57,0,529250.0895328139,180840.60121853783,0.0
298,0,0,0,0,146.33,31.23,243.46,0,529242.4697032969,180836.61268359429,0.0
299,0,0,0,0,143.4,39.78,239.58,0,529247.0701150368,180837.8845988729,0.0
300,0,0,0,0,109.14,6.63,206.31,0,529261.7226555487,180868.9453120503,0.0
301,0,0,0,0,112.9,11.43,210.86,0,529257.5631614194,180866.52966836523,0.0
302,0,0,0,0,117.2,16.96,216.04,0,529252.6876751753,180863.93082969956,0.0
303,0,0,0,0,122.59,22.94,222.0,0,529247.9444188203,180860.18043127249,0.0
304,0,0,0,0,128.23,30.05,228.63,0,529241.5382524175,180857.04770892393,0.0
305,0,0,0,0,133.33,25.66,234.25,0,529236.7824033501,180853.79197014865,0.0
306,0,0,0,0,137.56,19.11,239.61,0,529230.2230289417,180852.63524201344,0.0
307,0,0,0,0,114.96,15.49,205.57,0,529275.7773894996,180858.7434542992,0.0
308,0,0,0,0,106.91,12.09,195.29,0,529284.1531171224,180865.39110487944,0.0
309,0,0,0,0,106.82,9.03,205.56,0,529258.6425998613,180872.66173809403,0.0
310,0,0,0,0,104.52,13.63,205.02,0,529254.9326716241,180876.85711565427,0.0
311,0,0,0,0,102.71,18.53,204.78,0,529251.3340185715,180880.72534633303,0.0
312,0,0,0,0,101.11,27.17,204.55,0,529248.0482119832,180884.43654569803,0.0
313,0,0,0,0,99.72000000000001,21.18,204.77,0,529243.6097367841,180888.94338253772,0.0
314,0,0,0,0,98.84,16.25,205.12,0,529239.805335646,180892.80638855087,0.0
315,0,0,0,0,97.52,11.48,204.83,0,529236.7127314743,180897.01747652536,0.0
316,0,0,0,0,96.44,7.46,204.61,0,529233.8300895762,180901.06891555927,0.0
317,0,0,0,0,87.81,19.33,188.41,0,529264.2513883775,180890.95325052223,0.0
318,0,0,0,0,85.23999999999998,25.5,188.14,0,529259.5903645881,180896.11437206864,0.0
319,0,0,0,0,84.62,30.89,189.21,0,529255.078359546,180899.4644013836,0.0
320,0,0,0,0,81.87,25.84,187.94,0,529252.269233066,180904.67262768847,0.0
321,1,0,1,0,80.34,14.26,187.54,1,529249.4894645009,180908.7266745036,0.05555555555555555
322,0,0,0,0,80.97,10.27,189.26,0,529244.8787880846,180911.90921321727,0.0
323,0,0,0,0,81.72,8.64,190.86,0,529240.4696886169,180915.26187155503,0.0
324,0,0,0,0,80.98999999999998,11.12,190.69,0,529238.0027736288,180919.15889025887,0.0
325,0,0,0,0,80.51,16.47,190.77,0,529234.2551597732,180924.83822941576,0.0
326,0,0,0,0,81.93,20.77,192.4,0,529230.146338401,180928.5285109154,0.0
327,0,0,0,0,82.26,26.32,192.74,0,529227.0369921572,180933.39913655163,0.0
328,0,0,0,0,83.33,30.29,193.67,0,529224.2782205783,180936.6287817066,0.0
329,0,0,0,0,126.57,18.52,195.52,0,529220.3751787577,180940.32430278463,0.0
330,0,0,0,0,122.19,14.86,196.2,0,529217.3687299865,180945.19755001928,0.0
331,0,0,0,0,119.45,10.67,197.87,0,529214.0913718136,180948.57900459963,0.0
332,0,0,0,0,116.8,6.08,200.58,0,529209.6739399695,180952.26145504767,0.0
333,0,0,0,0,107.3,7.12,206.77,0,529198.5235017091,180965.6721147776,0.0
334,0,0,0,0,103.25,12.21,207.34,0,529196.4346326593,180970.8986789764,0.0
335,0,0,0,0,102.41,15.68,209.88,0,529193.1824531876,180973.29084852024,0.0
336,1,0,1,0,98.65,21.66,211.4,1,529190.2579723431,180978.9911417747,0.05555555555555555
337,0,0,0,0,97.98,21.31,214.39,0,529186.5817043845,180981.86750350508,0.0
338,0,0,0,0,95.72000000000001,18.18,216.19,0,529183.8965259426,180986.25396640948,0.0
339,0,0,0,0,94.9,17.55,220.04,0,529179.2566227997,180990.59074450756,0.0
340,0,0,0,0,94.11000000000001,17.82,222.1,0,529176.7078630145,180993.6607618385,0.0
341,0,0,0,0,93.22000000000001,17.74,224.92,0,529173.3067274062,180997.86404223813,0.0
342,0,0,0,0,92.48,14.57,226.51,0,529171.3794470963,181000.78486870503,0.0
343,0,0,0,0,92.05,10.01,229.29,0,529168.1882714793,181004.82849917,0.0
344,0,0,0,0,91.35,6.76,231.92,0,529165.1860985851,181009.53689328648,0.0
345,0,0,0,0,89.76999999999998,8.35,233.51,0,529163.3030393264,181014.76870013625,0.0
346,0,0,0,0,119.26,13.18,225.06,0,529180.9453202592,180960.6055677244,0.0
347,0,0,0,0,115.65,15.99,224.86,0,529179.7949697544,180965.361025084,0.0
348,0,0,0,0,113.14,21.33,226.73,0,529176.5828122684,180970.22906568687,0.0
349,0,0,0,0,111.87,26.19,229.06,0,529173.2971156733,180973.94031208873,0.0
350,0,0,0,0,110.03,31.56,231.13,0,529170.1962316188,180978.48120545264,0.0
351,0,0,0,0,109.6,24.36,236.08,0,529164.0824808526,180984.1004538088,0.0
352,0,0,0,0,107.55,16.8,239.22,0,529159.7870690756,180991.08583703573,0.0
353,0,0,0,0,107.69,13.43,242.29,0,529156.1927564753,180994.78925026115,0.0
354,0,0,0,0,106.91,8.6,244.63,0,529153.2934699709,180999.5002658396,0.0
355,0,0,0,0,106.2,5.09,247.43,0,529149.9575271852,181005.1901234889,0.0
356,0,0,0,0,111.1,7.92,251.42,0,529146.2305703537,181001.96061217427,0.0
357,0,0,0,0,116.01,9.43,255.44,0,529142.5036087644,180998.73110368333,0.0
358,0,0,0,0,121.64,11.9,267.68,0,529129.3628779587,181009.45149723464,0.0
359,0,0,0,0,113.98,5.92,260.21,0,529136.7115882486,181011.94807610504,0.0
360,1,0,1,0,96.65,7.83,249.73,1,529146.9292571588,181031.18151413964,0.05555555555555555
361,0,0,0,0,96.23,10.78,247.39,0,529149.2028628344,181026.78457450305,0.0
362,0,0,0,0,95.97000000000001,3.3,243.86,0,529152.7696932385,181020.11064713247,0.0
363,0,0,0,0,98.9,4.73,253.67,0,529143.12084168,181035.20947353856,0.0
364,0,0,0,0,113.28,9.67,261.27,0,529135.479356236,181015.87651353487,0.0
365,0,0,0,0,115.68,13.72,265.38,0,529131.2761781308,181019.23449290093,0.0
366,0,0,0,0,116.54,12.34,269.21,0,529127.3797897564,181026.72500820653,0.0
367,0,0,0,0,118.58,15.71,273.5,0,529123.204098449,181033.0535031776,0.0
368,0,0,0,0,120.49,17.73,277.02,0,529119.8807771662,181038.2487307714,0.0
369,0,0,0,0,122.15,20.7,279.98,0,529117.1873060312,181042.96499403447,0.0
370,0,0,0,0,126.07,24.79,285.05,0,529112.4362535918,181047.6289841256,0.0
371,0,0,0,0,128.02,20.19,287.84,0,529109.9694966872,181051.52606315748,0.0
372,0,0,0,0,130.34,14.27,291.16,0,529107.1605956745,181056.73436712747,0.0
373,0,0,0,0,109.99,20.49,270.98,0,529127.5306605092,181057.25190137356,0.0
374,0,0,0,0,104.04,4.34,261.61,0,529135.6069079327,181043.26801486025,0.0
375,0,0,0,0,106.26,8.31,264.68,0,529132.7537512669,181046.16532805387,0.0
376,0,0,0,0,108.43,14.17,268.12,0,529129.7432548524,181051.2035086163,0.0
377,0,0,0,0,122.09,14.81,284.71,0,529115.1144471081,181067.82574488275,0.0
378,0,0,0,0,115.73,21.13,278.49,0,529121.4845600277,181068.31756863085,0.0
379,0,0,0,0,107.35,21.64,270.82,0,529130.1077682872,181073.3213664548,0.0
380,0,0,0,0,98.41,15.56,262.33,0,529139.3901306143,181076.692034067,0.0
381,0,0,0,0,91.35,15.37,255.47,0,529146.6651892263,181078.03183342968,0.0
382,0,0,0,0,81.97,19.58,246.42,0,529156.8566789823,181082.0855953777,0.0
383,0,0,0,0,76.43,18.55,240.94,0,529163.4515948334,181085.8829773612,0.0
384,0,0,0,0,71.37,12.34,235.72,0,529169.6559414228,181088.845493236,0.0
385,0,0,0,0,64.68,8.73,228.72,0,529177.436986338,181090.5281776657,0.0
386,0,0,0,0,113.81,14.16,278.32,0,529126.5354271935,181092.36938183903,0.0
387,0,0,0,0,98.16,11.09,261.75,0,529147.7017992509,181106.1064006037,0.0
388,0,0,0,0,102.67,17.95,265.44,0,529146.3773935431,181113.66226330455,0.0
389,0,0,0,0,94.35,9.4,258.21,0,529150.1685621642,181102.2093395581,0.0
390,0,0,0,0,89.4,17.26,252.58,0,529157.2820366994,181105.85490337943,0.0
391,0,0,0,0,82.78,9.29,244.61,0,529167.1648274492,181109.90084329536,0.0
392,0,0,0,0,118.29,18.38,282.75,0,529123.7833236421,181099.3940046781,0.0
393,0,0,0,0,123.21,24.34,287.47,0,529120.8296601734,181106.24851808048,0.0
394,0,0,0,0,131.74,34.93,295.47,0,529115.6275945557,181116.5106877784,0.0
395,0,0,0,0,136.02,50.87,299.4,0,529113.2302302525,181121.7294435888,0.0
396,0,0,0,0,143.64,41.06,306.49,0,529108.4038496553,181129.36133229284,0.0
397,0,0,0,0,109.26,22.05,271.75,0,529141.2232433275,181117.98600250616,0.0
398,0,0,0,0,116.1,29.83,277.78,0,529137.5368512141,181125.31685565415,0.0
399,0,0,0,0,122.83,37.44,283.69,0,529133.9617262398,181132.3205593852,0.0
400,0,0,0,0,127.59,42.67,287.89,0,529131.3711632004,181137.03942934208,0.0
401,0,0,0,0,149.96,33.89,312.28,0,529104.6355795593,181135.86517944955,0.0
402,0,0,0,0,157.31,24.32,318.72,0,529101.3146860772,181145.02022638207,0.0
403,0,0,0,0,165.09,18.32,326.09,0,529095.8100888801,181150.98500115832,0.0
404,0,0,0,0,152.18,18.03,309.64,0,529118.2126624996,181160.62857054055,0.0
405,0,0,0,0,170.22,29.3,332.72,0,529085.4147704694,181142.80144278985,0.0
406,0,0,0,0,175.0,17.11,337.98,0,529078.889250788,181140.32583945617,0.0
407,0,0,0,0,178.68,12.53,342.01,0,529073.7998216723,181138.051708863,0.0
408,0,0,0,0,182.95,8.58,346.54,0,529068.3891927258,181136.264394222,0.0
409,0,0,0,0,193.28,15.37,354.91,0,529068.012864292,181159.18837175984,0.0
410,0,0,0,0,190.93,20.32,352.01,0,529072.3653838732,181162.10373877548,0.0
411,0,0,0,0,185.92,19.78,346.37,0,529079.2204486271,181163.76275786557,0.0
412,0,0,0,0,177.96,8.65,337.29,0,529090.1780203993,181166.0209657057,0.0
413,0,0,0,0,165.51,8.29,321.21,0,529112.0051663114,181173.99999787024,0.0
414,0,0,0,0,159.13,11.49,315.82,0,529114.5472769239,181167.1350243232,0.0
415,0,0,0,0,174.59,11.63,329.19,0,529107.6638920475,181182.7991374441,0.0
416,0,0,0,0,184.69,12.22,343.37,0,529086.5126749552,181172.52743914153,0.0
417,0,0,0,0,190.27,17.1,348.27,0,529083.9915459853,181178.56801058163,0.0
418,0,0,0,0,196.89,23.8,354.17,0,529080.7335345339,181185.24982385675,0.0
419,0,0,0,0,202.19,29.34,358.97,0,529077.9289168217,181190.2932602148,0.0
420,0,0,0,0,208.52,38.46,364.74,0,529074.4861070304,181196.145435689,0.0
421,0,0,0,0,181.7,16.73,335.84,0,529103.1964671132,181188.4602744596,0.0
422,0,0,0,0,187.27,23.09,340.48,0,529101.3912700856,181194.68401571663,0.0
423,0,0,0,0,194.25,29.17,347.1,0,529096.8293630063,181200.0127784112,0.0
424,0,0,0,0,200.65,37.03,352.86,0,529093.5922889436,181205.87016814403,0.0
425,0,0,0,0,208.21,33.3,359.55,0,529090.2146499509,181213.20889458776,0.0
426,0,0,0,0,215.59,30.69,371.03,0,529071.2155545724,181203.3219042056,0.0
427,0,0,0,0,220.62,24.84,375.38,0,529069.3242762694,181208.8835108858,0.0
428,0,0,0,0,229.16,17.47,383.45,0,529063.901720036,181215.6753475663,0.0
429,0,0,0,0,214.72,29.16,365.01,0,529088.2814695586,181220.41932570745,0.0
430,0,0,0,0,244.98,27.2,401.35,0,529043.318169334,181215.48259993485,0.0
431,0,0,0,0,244.83,22.0,400.31,0,529046.7154601236,181219.52861650108,0.0
432,0,0,0,0,244.11,16.98,398.74,0,529050.4381212284,181222.92294044228,0.0
433,0,0,0,0,240.38,14.56,394.7,0,529054.5782742874,181222.0381436479,0.0
434,0,0,0,0,237.42,12.7,391.37,0,529058.2901761363,181221.80243202805,0.0
435,0,0,0,0,236.66,9.73,389.97,0,529061.1204470666,181223.85418500847,0.0
436,0,0,0,0,233.2,9.5,385.97,0,529065.75404192,181223.80687659016,0.0
437,0,0,0,0,221.48,21.2,371.54,0,529083.7279744943,181225.41833354373,0.0
438,0,0,0,0,218.54,25.1,367.66,0,529088.8550053397,181226.20852777216,0.0
439,0,0,0,0,215.68,20.53,363.82,0,529093.9820347981,181226.99872719927,0.0
440,0,0,0,0,212.07,15.46,358.93,0,529100.446446295,181227.82290744787,0.0
441,0,0,0,0,205.42,10.92,349.06,0,529114.280198296,181230.31923243369,0.0
442,0,0,0,0,202.17,13.2,343.98,0,529121.45635345,181231.4915024556,0.0
443,0,0,0,0,199.27,10.84,339.8,0,529126.8058836098,181231.62743065009,0.0
444,0,0,0,0,197.33,9.69,335.97,0,529132.9407095697,181233.26822583316,0.0
445,0,0,0,0,189.71,8.72,330.14,0,529133.6729610018,181224.70737533603,0.0
446,0,0,0,0,184.04,13.13,325.84,0,529134.2478695245,181218.2873911236,0.0
447,0,0,0,0,179.15,17.05,321.76,0,529135.710953458,181213.37488292687,0.0
448,0,0,0,0,174.4,21.53,317.88,0,529136.9682878123,181208.4571466229,0.0
449,0,0,0,0,168.28,28.05,313.13,0,529138.0659618591,181201.7204679997,0.0
450,0,0,0,0,164.11,24.67,309.72,0,529139.3065405509,181197.4622646596,0.0
451,0,0,0,0,189.25,7.04,324.15,0,529147.3768087882,181232.3151670556,0.0
452,0,0,0,0,188.12,14.79,320.16,0,529154.7251819215,181234.81177805256,0.0
453,0,0,0,0,185.65,22.9,314.22,0,529164.0533275072,181236.36878231823,0.0
454,0,0,0,0,186.19,21.01,312.58,0,529168.5211749291,181238.79219950756,0.0
455,0,0,0,0,186.25,19.8,310.79,0,529172.4955969664,181240.3781302668,0.0
456,0,0,0,0,184.33,17.4,306.96,0,529177.6477504446,181240.17911602365,0.0
457,0,0,0,0,184.21,18.15,304.27,0,529183.0624243037,181241.80166660735,0.0
458,0,0,0,0,183.25,18.91,301.45,0,529187.3789990931,181242.07638999177,0.0
459,0,0,0,0,184.19,11.75,299.04,0,529193.6943953151,181244.71178825008,0.0
460,0,0,0,0,182.64,10.99,295.57,0,529198.2376780811,181244.16733629664,0.0
461,0,0,0,0,184.79,8.59,294.98,0,529202.5858594829,181247.2477007036,0.0
462,0,0,0,0,181.43,10.47,317.27,0,529150.240142401,181224.9634046408,0.0
463,0,0,0,0,176.26,14.37,313.2,0,529151.0985568587,181219.54056418213,0.0
464,0,0,0,0,171.46,18.7,309.61,0,529151.5412785526,181214.27214874647,0.0
465,0,0,0,0,166.34,23.77,305.36,0,529153.0085707766,181209.1947621806,0.0
466,0,0,0,0,161.39,26.06,301.67,0,529153.5583612799,181203.7640784385,0.0
467,0,0,0,0,152.97,16.67,295.51,0,529154.4144773278,181194.38142980327,0.0
468,0,0,0,0,157.61,18.29,304.34,0,529141.428793156,181190.916612959,0.0
469,0,0,0,0,151.88,12.9,299.41,0,529143.8303492537,181185.53298691672,0.0
470,0,0,0,0,145.77,7.93,294.16,0,529146.4460438198,181179.8248246616,0.0
471,0,0,0,0,121.09,27.51,261.37,0,529181.2053944714,181173.11877231437,0.0
472,0,0,0,0,121.55,40.38,258.61,0,529186.8868550728,181176.39800194456,0.0
473,0,0,0,0,122.35,38.26,257.18,0,529190.4288570199,181178.7979002937,0.0
474,0,0,0,0,120.86,20.1,252.39,0,529197.1977578655,181179.7949319888,0.0
475,0,0,0,0,147.28,13.76,265.69,0,529205.3976270629,181209.53655594183,0.0
476,0,0,0,0,152.43,9.36,270.76,0,529202.9099067026,181214.2580059976,0.0
477,0,0,0,0,171.1,13.37,301.06,0,529169.7465192297,181222.98434180536,0.0
478,0,0,0,0,179.56,13.99,289.8,0,529204.8720068979,181242.35613615485,0.0
479,0,0,0,0,175.41,18.24,285.77,0,529206.5157519584,181238.43817701103,0.0
480,0,0,0,0,168.18,25.62,278.83,0,529209.2637169649,181231.5784800813,0.0
481,0,0,0,0,164.53,20.06,275.14,0,529210.9977669087,181228.1577873137,0.0
482,1,0,1,0,143.83,15.79,271.84,1,529189.8504076004,181201.5517651374,0.05555555555555555
483,0,0,0,0,159.52,20.71,270.18,0,529213.1768616886,181223.4284936896,0.0
484,0,0,0,0,150.96,13.64,262.81,0,529215.0366918984,181215.06130990217,0.0
485,0,0,0,0,146.78,9.79,258.42,0,529217.2977084798,181211.15904920647,0.0
486,0,0,0,0,146.55,15.02,261.63,0,529211.5618054264,181210.0232644538,0.0
487,0,0,0,0,127.93,14.57,240.51,0,529224.4500490993,181193.02706529683,0.0
488,0,0,0,0,130.66,11.57,239.82,0,529228.4896323662,181196.09960315036,0.0
489,0,0,0,0,125.34,16.96,235.21,0,529229.7554464438,181190.85212230525,0.0
490,0,0,0,0,155.03,25.45,267.76,0,529227.7603612713,181232.87376046277,0.0
491,0,0,0,0,150.66,21.53,263.62,0,529229.3054441672,181228.7883092384,0.0
492,0,0,0,0,147.49,18.85,260.58,0,529230.5125509368,181225.84919150505,0.0
493,0,0,0,0,143.17,15.71,256.33,0,529232.4649480089,181221.93908892828,0.0
494,0,0,0,0,173.01,14.05,269.78,0,529260.4755279573,181257.9592988432,0.0
495,0,0,0,0,173.31,17.74,273.04,0,529253.2826592524,181257.44636352983,0.0
496,0,0,0,0,171.86,22.03,273.49,0,529249.1151042237,181255.36048657435,0.0
497,0,0,0,0,172.54,25.47,275.92,0,529244.4857229745,181255.2427441923,0.0
498,0,0,0,0,171.86,30.76,277.41,0,529239.1781491071,181253.45786081348,0.0
499,0,0,0,0,172.48,44.88,280.98,0,529231.0803618486,181252.0969947232,0.0
500,0,0,0,0,171.1,41.37,282.11,0,529224.7817639677,181248.80201716872,0.0
501,0,0,0,0,180.81,22.8,282.68,0,529219.9192199928,181245.708553742,0.0
502,0,0,0,0,75.70999999999998,20.83,199.34,0,529245.0890842351,181154.6143622052,0.0
503,0,0,0,0,68.02,14.21,192.4,0,529248.2528426048,181147.60026830863,0.0
504,0,0,0,0,79.59,20.68,196.93,0,529240.5915555242,181145.2605576056,0.0
505,0,0,0,0,76.11,25.0,198.68,0,529235.8401808864,181141.8399310478,0.0
506,0,0,0,0,40.24,11.99,160.89,0,529270.9460722741,181125.57388546487,0.0
507,0,0,0,0,40.87,11.13,166.56,0,529262.7452076686,181124.21035529717,0.0
508,0,0,0,0,40.09,17.8,170.11,0,529255.2412860813,181119.72976032784,0.0
509,0,0,0,0,52.32,24.6,175.28,0,529247.3825899035,181117.0550407708,0.0
510,0,0,0,0,47.87,33.76,178.67,0,529241.2979710504,181113.4355127093,0.0
511,0,0,0,0,44.27,24.96,182.08,0,529235.5177848884,181109.98872379487,0.0
512,0,0,0,0,73.54999999999998,26.96,202.39,0,529229.224426257,181138.86686802353,0.0
513,0,0,0,0,70.0,12.8,211.31,0,529214.2691293621,181131.8870010238,0.0
514,0,0,0,0,41.68,18.67,186.02,0,529229.4247637388,181106.69897634943,0.0
515,0,0,0,0,69.24,9.29,214.53,0,529208.8878821948,181128.94535465332,0.0
516,0,0,0,0,40.28,12.98,190.21,0,529223.327542244,181103.57411940504,0.0
517,0,0,0,0,69.95,10.26,219.01,0,529202.4652755455,181126.47220760188,0.0
518,0,0,0,0,72.48,16.77,225.44,0,529193.9851072385,181123.94676067997,0.0
519,0,0,0,0,40.41,8.6,195.08,0,529216.7117296908,181100.60107375024,0.0
520,0,0,0,0,41.09,7.96,197.53,0,529213.5518495941,181099.3658024408,0.0
521,1,0,1,0,36.94,12.9,195.55,1,529213.6818108335,181094.2544278653,0.05555555555555555
522,0,0,0,0,32.75,12.79,194.47,0,529212.2202151811,181086.95772155837,0.0
523,0,0,0,0,31.14,16.48,194.45,0,529210.695731908,181082.1342615373,0.0
524,0,0,0,0,29.57,19.76,193.57,0,529210.578010326,181078.6664861124,0.0
525,0,0,0,0,27.65,18.43,192.16,0,529210.4202920832,181072.7228493069,0.0
526,0,0,0,0,28.19,13.77,192.39,0,529209.0931755741,181068.23438744913,0.0
527,0,0,0,0,27.47,8.91,190.54,0,529209.8445972762,181062.97382407656,0.0
528,0,0,0,0,26.03,7.33,187.88,0,529211.8873347742,181059.56097856732,0.0
529,0,0,0,0,48.91,7.15,213.18,0,529188.7086677129,181072.335865966,0.0
530,0,0,0,0,50.55,10.17,215.01,0,529187.596050957,181075.60737454207,0.0
531,0,0,0,0,52.29,17.3,216.72,0,529187.4367767525,181081.87293062813,0.0
532,0,0,0,0,60.76,7.68,224.19,0,529183.0282405561,181093.31013685375,0.0
533,2,0,2,0,17.33,20.91,181.82,1,529220.6556057581,181071.0032173663,0.1111111111111111
534,0,0,0,0,13.36,13.36,177.06,0,529226.2552458458,181073.45545800927,0.0
535,0,0,0,0,19.69,15.16,183.74,0,529217.4850611808,181066.13790113595,0.0
536,0,0,0,0,7.56,7.56,167.63,0,529232.5744180265,181059.75701555377,0.0
537,0,0,0,0,12.71,12.71,171.42,0,529228.1190139048,181056.83889553425,0.0
538,0,0,0,0,18.08,12.72,174.77,0,529224.0918918857,181053.27171123755,0.0
539,1,0,1,0,22.19,8.62,178.55,1,529220.0144548528,181051.68312670087,0.05555555555555555
540,1,0,1,0,51.14,11.36,213.16,1,529186.3397879313,181060.2314070676,0.05555555555555555
541,0,0,0,0,93.11000000000001,14.08,252.39,0,529145.4227988219,181049.9520390079,0.0
542,0,0,0,0,87.7,18.9,247.59,0,529150.5080995101,181052.391123258,0.0
543,0,0,0,0,85.09999999999998,26.36,246.83,0,529152.2658626827,181060.19030260725,0.0
544,0,0,0,0,79.09999999999998,29.03,240.62,0,529158.3692509349,181059.0254983233,0.0
545,0,0,0,0,73.89,40.81,235.78,0,529163.4796803168,181060.47529746135,0.0
546,0,0,0,0,69.91,37.11,232.41,0,529167.322032587,181063.21278820687,0.0
547,0,0,0,0,63.49,30.49,227.07,0,529173.7679870484,181068.82128207904,0.0
548,0,0,0,0,60.64,22.43,220.49,0,529177.8739711819,181053.08664868167,0.0
549,0,0,0,0,64.63,26.44,223.89,0,529174.2164199944,181051.1787952036,0.0
550,0,0,0,0,71.02,33.39,229.45,0,529168.3164755693,181048.38900216637,0.0
551,0,0,0,0,76.0,29.4,233.65,0,529163.8526452899,181045.8007054238,0.0
552,0,0,0,0,83.28,24.37,239.82,0,529157.3605551588,181042.0059385712,0.0
553,0,0,0,0,87.70999999999998,21.75,243.49,0,529153.5139907798,181039.43333884163,0.0
554,0,0,0,0,88.51,9.73,239.06,0,529157.5319311551,181027.16123444284,0.0
555,0,0,0,0,81.79999999999998,15.95,233.0,0,529163.6376657428,181029.9562438544,0.0
556,1,0,1,0,76.65999999999998,21.12,229.19,1,529167.5577774149,181033.68564736107,0.05555555555555555
557,0,0,0,0,70.89,26.56,224.48,0,529172.4163716856,181036.94393903777,0.0
558,0,0,0,0,66.93,30.14,221.02,0,529175.9752455868,181038.6842929657,0.0
559,0,0,0,0,62.72,30.93,217.65,0,529179.5173526531,181041.08418162767,0.0
560,0,0,0,0,57.95,26.31,214.1,0,529183.3471384126,181044.31633348204,0.0
561,0,0,0,0,53.63,23.49,210.17,0,529187.428783118,181045.74000523664,0.0
562,2,0,2,0,51.29,13.32,199.55,1,529197.208060965,181033.6143865919,0.1111111111111111
563,2,0,2,0,57.52,19.34,205.81,1,529190.8756309836,181031.638521074,0.1111111111111111
564,0,0,0,0,62.06,27.14,209.48,0,529187.1319540159,181029.0685110649,0.0
565,0,0,0,0,65.97,24.66,211.94,0,529184.6395953946,181025.87035351223,0.0
566,0,0,0,0,69.01,24.18,214.58,0,529182.0024419888,181024.31841257945,0.0
567,0,0,0,0,73.70999999999998,23.97,218.55,0,529178.0529954723,181021.74317923523,0.0
568,0,0,0,0,78.90999999999998,18.7,223.38,0,529173.2721240248,181019.47679561735,0.0
569,0,0,0,0,84.47,13.13,227.43,0,529169.3603862107,181015.4176217896,0.0
570,0,0,0,0,47.96,13.31,208.49,0,529190.325882469,181055.5051007452,0.0
571,0,0,0,0,46.11,9.22,204.2,0,529193.891134134,181049.87999782123,0.0
572,0,0,0,0,43.81,5.63,195.45,0,529201.7043677383,181040.0398650676,0.0
573,0,0,0,0,44.86,9.21,191.63,0,529205.1720643955,181034.3194495164,0.0
574,0,0,0,0,45.13,12.67,188.29,0,529208.3770556869,181031.0125971007,0.0
575,1,0,1,0,47.86,12.8,186.37,1,529210.2104097735,181026.2187288665,0.05555555555555555
576,0,0,0,0,49.69,8.75,180.44,0,529216.1892743212,181020.72351558047,0.0
577,0,0,0,0,56.65,7.67,191.01,0,529205.6703206475,181018.68123126304,0.0
578,0,0,0,0,64.48,13.28,198.14,0,529198.7423978497,181013.98732153128,0.0
579,0,0,0,0,68.18,10.02,192.47,0,529205.0968829637,181005.59735638904,0.0
580,0,0,0,0,62.95,4.64,187.52,0,529209.7394749623,181009.10372539173,0.0
581,0,0,0,0,54.76,9.3,176.35,0,529220.5993894173,181013.5749270993,0.0
582,0,0,0,0,57.8,11.57,174.93,0,529222.3034504489,181009.9072206486,0.0
583,1,0,1,0,62.21,16.68,172.33,1,529225.4570580468,181004.66287921809,0.05555555555555555
584,0,0,0,0,26.22,10.35,178.05,0,529219.7712054912,181046.14643952547,0.0
585,2,0,2,0,28.38,14.77,175.48,1,529221.8940947271,181041.84398516553,0.1111111111111111
586,0,0,0,0,30.09,18.9,172.7,0,529224.394825536,181038.51923533695,0.0
587,0,0,0,0,32.47,23.03,170.17,0,529226.6984402685,181035.0281249912,0.0
588,0,0,0,0,36.5,25.49,165.78,0,529230.8581366811,181029.8093699786,0.0
589,0,0,0,0,40.06,32.21,162.79,0,529233.7777197782,181025.84987773653,0.0
590,2,0,2,0,43.87,27.65,159.9,1,529236.6973072841,181021.89038712505,0.1111111111111111
591,0,0,0,0,22.79,22.79,165.59,0,529232.0187572849,181043.55358015627,0.0
592,0,0,0,0,19.17,19.17,160.74,0,529237.2772535526,181046.59159051251,0.0
593,0,0,0,0,65.04,13.77,167.91,0,529230.3806570461,181001.07704088077,0.0
594,0,0,0,0,69.26,9.73,165.91,0,529233.111334714,180996.62869613635,0.0
595,0,0,0,0,73.39,6.09,162.74,0,529237.1458536691,180992.37485814848,0.0
596,0,0,0,0,52.84,16.04,154.97,0,529242.0539478941,181013.15239226972,0.0
597,0,0,0,0,57.15,11.53,152.02,0,529245.3759895207,181009.20314089273,0.0
598,0,0,0,0,62.26,6.83,150.18,0,529247.8130473734,181004.4246376952,0.0
599,0,0,0,0,67.1,5.35,147.44,0,529251.2439109966,181000.15545855404,0.0
600,0,0,0,0,77.18,13.17,169.5,0,529230.9941042921,180988.83008835104,0.0
601,0,0,0,0,80.98999999999998,16.27,173.62,0,529227.5588348615,180985.354399544,0.0
602,0,0,0,0,84.34,12.13,178.03,0,529223.7047178019,180982.51346064513,0.0
603,1,0,1,0,91.92,14.11,164.69,1,529240.0320620475,180973.89307661296,0.05555555555555555
604,2,0,2,0,95.51,18.89,168.81,1,529236.9027210743,180970.2638121705,0.1111111111111111
605,0,0,0,0,98.61000000000001,11.51,175.49,0,529230.8351541065,180967.3665819448,0.0
606,8,0,8,0,102.21,9.58,180.59,1,529226.5833779131,180964.11529669823,0.4444444444444444
607,0,0,0,0,106.94,11.47,185.85,0,529222.5441806032,180959.83390275456,0.0
608,2,0,2,0,110.88,14.55,191.78,1,529217.4100629636,180956.6643158572,0.1111111111111111
609,0,0,0,0,113.01,10.79,195.8,0,529213.6537798648,180955.23922901627,0.0
610,2,0,2,0,87.75,8.77,182.47,1,529219.8145622008,180979.75611041253,0.1111111111111111
611,0,0,0,0,93.39,6.99,188.92,0,529214.3482008916,180975.2130135124,0.0
612,0,0,0,0,97.04,9.65,193.47,0,529210.3811235438,180972.4972109797,0.0
613,0,0,0,0,99.88,15.39,197.41,0,529206.8221595827,180970.6175581978,0.0
614,0,0,0,0,82.14,16.15,185.11,0,529215.5203794275,180986.52835175363,0.0
615,0,0,0,0,79.08,21.01,187.29,0,529212.4703190587,180990.63989033407,0.0
616,0,0,0,0,76.62999999999998,19.22,189.65,0,529209.4296196268,180994.34053108108,0.0
617,1,0,1,0,84.59,17.12,197.56,1,529202.4041404065,180988.6524099468,0.05555555555555555
618,0,0,0,0,86.81999999999998,20.11,195.29,0,529205.4448376745,180984.9517650508,0.0
619,1,0,1,0,46.61,6.44,142.11,1,529258.4077941318,180991.80804915572,0.05555555555555555
620,0,0,0,0,40.97,8.27,139.22,0,529262.5482655079,180987.34833531483,0.0
621,0,0,0,0,37.13,11.39,138.43,0,529264.8317603265,180982.5265627488,0.0
622,0,0,0,0,32.58,16.62,136.68,0,529268.2891450817,180977.89206423532,0.0
623,0,0,0,0,28.6,21.95,135.18,0,529271.6443771382,180973.4123840756,0.0
624,0,0,0,0,25.61,26.78,134.08,0,529274.5949805378,180969.3946572831,0.0
625,0,0,0,0,23.38,23.38,132.95,0,529277.2231045804,180966.47063135792,0.0
626,0,0,0,0,22.43,22.43,132.91,0,529280.0094146491,180961.18941124287,0.0
627,1,0,1,0,21.86,21.86,132.24,1,529282.4412305445,180958.26039410327,0.05555555555555555
628,0,0,0,0,87.28,6.73,157.99,0,529245.4766523577,180978.88601008605,0.0
629,0,0,0,0,52.72,7.7,156.61,0,529247.7001231486,180976.42392271524,0.0
630,0,0,0,0,49.71,11.48,155.37,0,529250.4583915332,180972.24387678012,0.0
631,0,0,0,0,46.34,16.09,153.63,0,529253.9037664426,180968.0813071592,0.0
632,1,0,1,0,44.46,24.1,153.79,1,529256.9423799033,180960.6026878817,0.05555555555555555
633,0,0,0,0,41.56,28.09,151.54,0,529260.7443883695,180957.86592418188,0.0
634,0,0,0,0,41.43,22.25,151.94,0,529264.0694881561,180950.70942432145,0.0
635,0,0,0,0,39.97,20.87,150.01,0,529269.3057377768,180945.64792708337,0.0
636,0,0,0,0,40.78,21.32,149.19,0,529274.3736922129,180939.48025172547,0.0
637,0,0,0,0,44.32,16.55,149.92,0,529278.8807212568,180932.1964101652,0.0
638,0,0,0,0,45.96,11.52,149.21,0,529282.8049310953,180928.5182825066,0.0
639,0,0,0,0,48.75,7.54,149.38,0,529286.2503606078,180924.35573419044,0.0
640,0,0,0,0,50.84,5.79,149.24,0,529289.1729882282,180921.43920524564,0.0
641,0,0,0,0,23.13,23.13,131.97,0,529286.3192910108,180952.5347055748,0.0
642,0,0,0,0,26.34,20.53,132.07,0,529290.2995197729,180946.65420420188,0.0
643,0,0,0,0,28.52,16.87,132.08,0,529292.6371923211,180943.56538186767,0.0
644,0,0,0,0,30.56,13.78,131.83,0,529295.0610192049,180940.95099623763,0.0
645,0,0,0,0,36.68,7.21,133.42,0,529298.6646430846,180934.43126113896,0.0
646,0,0,0,0,39.91,5.92,133.39,0,529301.7915937377,180931.2051082989,0.0
647,1,0,1,0,55.83,9.35,151.68,1,529291.1780667579,180915.98070159255,0.05555555555555555
648,0,0,0,0,58.32,12.16,150.9,0,529295.5770818412,180912.94432042923,0.0
649,1,0,1,0,62.8,17.36,152.4,1,529298.6419040408,180908.29985303665,0.05555555555555555
650,0,0,0,0,44.49,7.96,134.09,0,529305.2410400899,180926.88525981255,0.0
651,0,0,0,0,49.79,12.03,135.95,0,529308.0193937825,180921.91868017803,0.0
652,1,0,1,0,55.11,13.56,136.27,1,529312.9452307076,180917.47898589005,0.05555555555555555
653,1,0,1,0,58.35,10.48,137.68,1,529314.4936588865,180914.52750585525,0.05555555555555555
654,4,0,4,0,62.88,6.78,139.52,1,529316.9535352867,180910.49731509807,0.2222222222222222
655,1,0,1,0,61.49,9.94,136.12,1,529319.6459355336,180912.7696284008,0.05555555555555555
656,0,0,0,0,63.16,12.0,134.3,0,529323.4861275726,180912.39510053687,0.0
657,0,0,0,0,60.54,12.69,129.85,0,529325.7458593771,180916.230554256,0.0
658,1,0,1,0,59.47,11.61,124.99,1,529329.6902932017,180919.47922127656,0.05555555555555555
659,3,0,3,0,69.18,10.92,120.29,1,529335.6339193734,180921.3620354605,0.16666666666666666
660,2,0,2,0,64.62,11.1,113.83,1,529340.4257361371,180926.04900817983,0.1111111111111111
661,2,0,2,0,61.36,12.78,108.37,1,529344.9470913849,180929.7846142744,0.1111111111111111
662,0,0,0,0,53.26,20.88,102.07,0,529343.6631653728,180937.78008759135,0.0
663,0,0,0,0,90.53,11.93,184.92,0,529277.7654037655,180883.3695117811,0.0
664,0,0,0,0,87.01999999999998,7.9,179.92,0,529282.6133333212,180885.8540488604,0.0
665,0,0,0,0,81.42,8.05,171.79,0,529290.063528302,180890.2937651384,0.0
666,0,0,0,0,78.68,11.01,168.03,0,529293.0464260286,180892.73086800956,0.0
667,0,0,0,0,75.79999999999998,12.08,163.47,0,529297.1050663593,180895.35275489063,0.0
668,0,0,0,0,72.18,15.47,158.31,0,529300.9433712998,180898.9135273355,0.0
669,0,0,0,0,68.86,4.86,152.12,0,529306.4503693188,180902.51675850103,0.0
670,1,0,1,0,92.11000000000001,8.52,171.24,1,529306.8464116681,180879.229468399,0.05555555555555555
671,0,0,0,0,100.67,5.48,187.36,0,529290.064967153,180870.9318042336,0.0
672,0,0,0,0,104.4,8.61,188.88,0,529293.3101178217,180866.92157897487,0.0
673,1,0,1,0,108.1,11.76,190.51,1,529296.3549524061,180863.06367412003,0.05555555555555555
674,0,0,0,0,112.34,16.41,192.28,0,529300.0989150513,180858.75131351015,0.0
675,0,0,0,0,118.6,14.37,195.95,0,529303.6945921112,180852.54620731095,0.0
676,0,0,0,0,121.47,10.99,197.17,0,529306.3187870062,180849.7795084926,0.0
677,0,0,0,0,126.22,6.4,199.19,0,529310.7538888038,180845.3273245128,0.0
678,0,0,0,0,96.45,10.75,173.88,0,529308.7213439388,180875.02697644537,0.0
679,0,0,0,0,100.52,15.71,175.2,0,529312.5474583092,180871.3463735728,0.0
680,0,0,0,0,106.21,17.25,178.24,0,529316.0209674379,180866.0826551765,0.0
681,1,0,1,0,114.63,8.68,182.62,1,529321.7140363766,180858.51419592195,0.05555555555555555
682,0,0,0,0,86.01,16.57,160.97,0,529314.9156651535,180886.36102094664,0.0
683,0,0,0,0,85.61,16.99,158.47,0,529318.1308970893,180887.38731859403,0.0
684,0,0,0,0,82.42,14.01,153.96,0,529320.4888041712,180891.2252672329,0.0
685,1,0,1,0,81.70999999999998,14.54,150.47,1,529324.3711296321,180893.05561672268,0.05555555555555555
686,0,0,0,0,80.4,17.07,146.11,0,529328.4257514678,180895.83484170027,0.0
687,0,0,0,0,78.44,10.09,138.86,0,529334.7841374193,180900.71908685192,0.0
688,0,0,0,0,85.67,5.19,133.01,0,529339.4898273811,180904.9316218605,0.0
689,0,0,0,0,112.38,6.14,150.0,0,529357.7008754043,180880.20875672236,0.0
690,0,0,0,0,114.67,11.43,154.24,0,529353.0653078613,180877.0998929423,0.0
691,0,0,0,0,118.18,16.7,159.24,0,529349.1408721604,180873.0646443012,0.0
692,0,0,0,0,110.34,25.67,165.15,0,529342.2676447848,180869.11176795448,0.0
693,0,0,0,0,112.43,18.64,171.92,0,529335.5125828407,180864.3748350999,0.0
694,0,0,0,0,115.16,13.09,178.65,0,529329.1501466742,180859.64790279348,0.0
695,0,0,0,0,135.26,10.62,205.53,0,529314.609949273,180836.6102160261,0.0
696,0,0,0,0,141.19,7.46,209.4,0,529317.8951670822,180831.02687808263,0.0
697,0,0,0,0,146.68,9.41,212.42,0,529322.2441429753,180826.10026784788,0.0
698,0,0,0,0,153.83,16.01,217.0,0,529326.8294774299,180819.60552893972,0.0
699,0,0,0,0,159.92,22.32,220.82,0,529331.0923201529,180814.20448993097,0.0
700,0,0,0,0,167.06,31.38,225.6,0,529335.6736727161,180807.8670715485,0.0
701,0,0,0,0,174.58,23.03,230.83,0,529340.3612037603,180801.21752965343,0.0
702,0,0,0,0,180.58,16.71,234.74,0,529344.8123900574,180796.13612345257,0.0
703,0,0,0,0,185.55,12.43,238.32,0,529347.8693145072,180791.80631023995,0.0
704,0,0,0,0,193.45,8.24,244.02,0,529352.9535231594,180785.00945956967,0.0
705,0,0,0,0,200.94,10.74,249.41,0,529358.0257333614,180778.6845521365,0.0
706,0,0,0,0,215.41,25.77,264.39,0,529357.8211368537,180763.56753643352,0.0
707,0,0,0,0,228.74,30.02,275.6,0,529363.9249760242,180751.4445476704,0.0
708,0,0,0,0,212.43,21.54,259.72,0,529361.5453295857,180767.75510581143,0.0
709,0,0,0,0,235.85,34.65,269.66,0,529368.5005944036,180756.91311047957,0.0
710,0,0,0,0,208.16,16.83,254.65,0,529362.9917865392,180772.67177668717,0.0
711,0,0,0,0,224.22,23.44,258.19,0,529367.6153170792,180768.53926343945,0.0
712,0,0,0,0,230.29,28.81,263.03,0,529372.6635352931,180763.15824679888,0.0
713,0,0,0,0,235.02,20.87,267.12,0,529375.4260174785,180758.82095374487,0.0
714,0,0,0,0,240.3,15.49,271.67,0,529378.6913257507,180754.02421766368,0.0
715,0,0,0,0,245.29,11.65,276.2,0,529380.8728564688,180749.3573094264,0.0
716,0,0,0,0,250.55,7.55,280.63,0,529384.7231417155,180744.7328827008,0.0
717,0,0,0,0,197.01,16.27,220.81,0,529400.5918205124,180804.3248087552,0.0
718,0,0,0,0,199.37,21.26,224.66,0,529396.3688736395,180800.43933950123,0.0
719,0,0,0,0,202.5,27.96,229.59,0,529390.9920200699,180795.58000903245,0.0
720,0,0,0,0,203.52,15.56,232.28,0,529385.5550848927,180793.0803758817,0.0
721,0,0,0,0,207.6,12.16,237.63,0,529381.5604760044,180787.94141507425,0.0
722,0,0,0,0,210.62,11.01,241.76,0,529377.8283060417,180784.06845593144,0.0
723,0,0,0,0,219.93,21.29,249.53,0,529384.1265393451,180775.88580606825,0.0
724,0,0,0,0,225.74,21.74,254.67,0,529387.1093765888,180770.6096404387,0.0
725,0,0,0,0,231.72,15.66,259.81,0,529390.8775110333,180765.35346844673,0.0
726,0,0,0,0,239.22,9.0,266.24,0,529395.8556314181,180758.86878614553,0.0
727,0,0,0,0,271.38,16.36,300.62,0,529390.0496904567,180724.56198528816,0.0
728,0,0,0,0,266.56,8.86,294.61,0,529394.8096171789,180730.50750784983,0.0
729,0,0,0,0,278.94,13.42,307.56,0,529393.567425952,180717.56787791816,0.0
730,0,0,0,0,279.16,8.1,306.46,0,529399.5312980162,180718.6641992086,0.0
731,0,0,0,0,252.43,6.87,298.8,0,529367.1799608581,180727.75778096617,0.0
732,0,0,0,0,256.51,7.75,304.0,0,529364.4573832514,180722.80862898956,0.0
733,0,0,0,0,248.99,9.91,294.03,0,529370.4053557027,180732.24748920783,0.0
734,0,0,0,0,259.74,11.54,292.36,0,529374.2016409449,180733.6034378632,0.0
735,0,0,0,0,255.79,17.37,287.4,0,529378.5028025575,180738.27794967973,0.0
736,0,0,0,0,252.91,11.98,283.88,0,529381.0690793003,180741.6489845017,0.0
737,0,0,0,0,261.59,7.69,286.76,0,529406.2946448437,180738.51323457476,0.0
738,0,0,0,0,258.24,12.69,282.27,0,529410.3994499373,180743.182775392,0.0
739,0,0,0,0,256.16,17.18,279.23,0,529413.8531651343,180746.4190088605,0.0
740,0,0,0,0,252.97,24.0,274.59,0,529418.8334004958,180751.4256772912,0.0
741,0,0,0,0,250.21,30.2,270.36,0,529423.7234760976,180756.1152256772,0.0
742,0,0,0,0,247.45,25.46,266.67,0,529426.4700131965,180760.12053439737,0.0
743,0,0,0,0,243.64,19.24,261.67,0,529429.7694597556,180765.55665786783,0.0
744,0,0,0,0,242.57,15.32,259.21,0,529434.3069282123,180768.66309044475,0.0
745,0,0,0,0,337.29,8.84,349.71,0,529480.4272674089,180685.62090425787,0.0
746,0,0,0,0,353.06,9.13,355.43,0,529531.2354771455,180696.20297783276,0.0
747,0,0,0,0,351.31,7.65,354.39,0,529527.4151461998,180695.7907878616,0.0
748,0,0,0,0,346.85,10.77,350.56,0,529522.6431986581,180698.0304028733,0.0
749,0,0,0,0,343.46,16.17,347.64,0,529519.1593969858,180699.8306030215,0.0
750,0,0,0,0,337.89,9.67,342.71,0,529513.9667460978,180703.16140916184,0.0
751,0,0,0,0,333.16,7.18,338.39,0,529510.1523868137,180706.3699256572,0.0
752,0,0,0,0,327.42,9.66,332.75,0,529507.27556505,180711.33389700556,0.0
753,0,0,0,0,320.39,15.27,325.86,0,529503.6835536894,180717.38155069447,0.0
754,0,0,0,0,315.07,18.69,320.89,0,529500.045494884,180721.38164046223,0.0
755,0,0,0,0,290.3,7.19,297.23,0,529485.3891137168,180741.4721556592,0.0
756,0,0,0,0,283.84,8.68,291.17,0,529481.3303849034,180746.56344423976,0.0
757,0,0,0,0,279.05,11.81,286.87,0,529477.610232129,180749.93179798903,0.0
758,0,0,0,0,238.33,13.18,263.94,0,529401.1002818985,180761.20611854777,0.0
759,0,0,0,0,235.48,18.54,260.0,0,529404.7302860668,180765.2339081646,0.0
760,0,0,0,0,233.06,23.75,256.43,0,529408.4664565806,180768.94957432928,0.0
761,0,0,0,0,230.58,23.96,252.77,0,529412.1986160171,180772.82255609665,0.0
762,0,0,0,0,229.3,19.62,250.41,0,529415.668331367,180775.42954026573,0.0
763,0,0,0,0,225.86,13.53,245.61,0,529419.466595328,180780.563529078,0.0
764,0,0,0,0,225.44,8.45,243.77,0,529424.0240853353,180782.88338888917,0.0
765,0,0,0,0,237.62,5.15,249.35,0,529448.9149329914,180781.3134819648,0.0
766,0,0,0,0,236.12,10.62,246.43,0,529452.8433752534,180785.1914945657,0.0
767,0,0,0,0,235.92,22.8,244.58,0,529457.773456111,180788.30794953523,0.0
768,0,0,0,0,233.92,17.93,240.71,0,529462.549270172,180793.6242873572,0.0
769,0,0,0,0,233.26,16.15,238.15,0,529467.7457683297,180797.84944266544,0.0
770,0,0,0,0,232.42,17.02,235.15,0,529473.4130240631,180802.87367016528,0.0
771,0,0,0,0,214.64,5.45,221.82,0,529453.4703558945,180810.70866177193,0.0
772,0,0,0,0,214.91,10.2,223.56,0,529449.6120484655,180807.93433759917,0.0
773,0,0,0,0,216.55,16.12,227.28,0,529444.4355798184,180802.922637122,0.0
774,0,0,0,0,217.65,10.74,229.95,0,529440.3028115581,180799.35425636685,0.0
775,0,0,0,0,217.76,7.24,231.26,0,529436.8170999083,180797.3765058124,0.0
776,0,0,0,0,213.07,11.03,226.65,0,529435.0361899484,180801.7387647768,0.0
777,0,0,0,0,208.55,14.74,222.56,0,529432.3878619376,180805.4492749224,0.0
778,0,0,0,0,203.13,19.62,217.75,0,529428.938228574,180809.76903935312,0.0
779,0,0,0,0,197.32,25.1,212.76,0,529424.8956320325,180814.23112073605,0.0
780,0,0,0,0,208.8,17.89,228.44,0,529415.7946636991,180797.47082194773,0.0
781,0,0,0,0,203.69,20.24,224.17,0,529412.0585689605,180801.4684736748,0.0
782,0,0,0,0,197.75,14.3,218.72,0,529409.2720424072,180806.74962374291,0.0
783,0,0,0,0,192.83,9.56,214.55,0,529406.0267620217,180810.75977664263,0.0
784,0,0,0,0,191.86,16.09,207.66,0,529422.3174364787,180819.0453249353,0.0
785,0,0,0,0,186.99,11.29,203.58,0,529418.7856833711,180822.73334540796,0.0
786,0,0,0,0,180.25,8.82,196.85,0,529416.8505555978,180829.2954895833,0.0
787,0,0,0,0,174.33,9.26,191.47,0,529413.871722778,180834.4143253656,0.0
788,0,0,0,0,167.22,13.36,185.27,0,529409.6949480567,180840.2897338695,0.0
789,0,0,0,0,158.45,20.9,177.72,0,529404.5986952735,180847.5584669053,0.0
790,0,0,0,0,151.21,26.89,171.54,0,529400.4179360651,180853.5911955696,0.0
791,0,0,0,0,143.96,32.46,165.8,0,529395.4599199833,180859.2893090128,0.0
792,0,0,0,0,137.01,19.42,159.99,0,529391.5776641075,180865.17222932357,0.0
793,0,0,0,0,129.26,13.03,153.71,0,529387.0904410653,180871.66940982096,0.0
794,0,0,0,0,121.31,9.25,147.45,0,529382.402905871,180878.31890919263,0.0
795,0,0,0,0,114.49,10.89,142.22,0,529378.3283649802,180884.0395287909,0.0
796,0,0,0,0,101.07,9.61,134.32,0,529366.6776240963,180894.13232533436,0.0
797,1,0,1,0,93.1,17.24,128.34,1,529362.7633928342,180901.27376930785,0.05555555555555555
798,1,0,1,0,85.51999999999998,10.38,124.33,1,529356.4192300553,180907.40887936976,0.05555555555555555
799,1,0,1,0,77.89,6.99,118.56,1,529353.5847661751,180914.57781246587,0.05555555555555555
800,0,0,0,0,104.39,13.57,144.9,0,529351.7253077233,180887.29774311127,0.0
801,0,0,0,0,99.05,19.45,141.2,0,529348.652416876,180892.2568048996,0.0
802,0,0,0,0,92.75,11.38,137.3,0,529344.2794450719,180898.1272692665,0.0
803,1,0,1,0,89.03,7.64,134.9,1,529342.0278692817,180901.69050496147,0.05555555555555555
804,1,0,1,0,51.89,10.82,90.12,1,529358.250735564,180943.50346543267,0.05555555555555555
805,2,0,2,0,45.73,17.09,87.23,1,529354.5849172977,180948.6048458597,0.1111111111111111
806,2,0,2,0,40.91,21.91,84.84999999999998,1,529352.1210227984,180952.7923315948,0.1111111111111111
807,1,0,1,0,11.31,11.31,118.81,1,529297.0232607818,180960.20454677407,0.05555555555555555
808,1,0,1,0,9.26,9.26,119.59,1,529293.1622829075,180964.98928696144,0.05555555555555555
809,0,0,0,0,8.63,8.63,118.71,0,529291.662592891,180969.5011714042,0.0
810,1,0,1,0,11.49,11.49,118.98,1,529289.0528770728,180974.09579383896,0.05555555555555555
811,3,0,3,0,15.93,15.93,119.95,1,529286.0336062261,180978.45804567487,0.16666666666666666
812,0,0,0,0,21.5,21.5,122.11,0,529282.0483573553,180982.68474955947,0.0
813,2,0,2,0,26.17,26.17,122.05,1,529280.2493108573,180988.07683377777,0.1111111111111111
814,1,0,1,0,31.61,23.62,123.7,1,529277.1523916672,180992.7700446227,0.05555555555555555
815,2,0,2,0,39.15,22.52,126.18,1,529273.0387185066,180999.32399465467,0.1111111111111111
816,1,0,1,0,40.82,14.6,133.39,1,529266.7215898505,180994.50229825647,0.05555555555555555
817,0,0,0,0,40.43,18.41,130.13,0,529269.4190710398,180997.345323246,0.0
818,0,0,0,0,60.8,24.63,135.42,0,529261.9586027679,181010.25079002473,0.0
819,0,0,0,0,53.23,27.18,131.66,0,529265.5951688507,181011.56402777229,0.0
820,0,0,0,0,61.3,14.97,140.17,0,529257.4478221821,181007.91653187887,0.0
821,0,0,0,0,50.88,18.01,150.41,0,529246.4467327141,181015.73802750395,0.0
822,1,0,1,0,49.57,20.77,146.05,1,529250.6807114956,181018.0652362206,0.05555555555555555
823,2,0,2,0,48.14,24.42,142.21,1,529254.4190052757,181020.82374766585,0.1111111111111111
824,0,0,0,0,46.06,29.13,138.78,0,529257.7859095396,181024.57160455297,0.0
825,0,0,0,0,36.0,35.26,145.47,0,529251.2955186177,181032.65171779957,0.0
826,0,0,0,0,31.95,31.95,147.85,0,529249.1329616577,181036.1350666289,0.0
827,1,0,1,0,27.56,27.56,150.8,1,529246.4969455226,181039.82082063577,0.05555555555555555
828,1,0,1,0,19.9,19.9,156.0,1,529242.0463042365,181046.46266245176,0.05555555555555555
829,1,0,1,0,14.61,14.61,159.3,1,529239.4471822071,181051.3288073488,0.05555555555555555
830,1,0,1,0,9.78,9.78,163.69,1,529235.8479106979,181056.06229690835,0.05555555555555555
831,0,0,0,0,48.64,14.89,160.67,0,529278.7583963905,181134.2952103728,0.0
832,0,0,0,0,53.81,19.97,160.56,0,529283.5084630534,181139.05815811935,0.0
833,0,0,0,0,55.4,20.66,157.73,0,529288.3604499404,181139.81460978455,0.0
834,0,0,0,0,60.34,14.87,157.52,0,529293.0003924427,181143.73074556296,0.0
835,0,0,0,0,65.1,10.0,156.14,0,529298.8459142019,181146.83353957013,0.0
836,0,0,0,0,70.17,8.16,155.04,0,529304.6914289801,181149.93634043232,0.0
837,0,0,0,0,76.15999999999998,9.71,155.78,0,529309.5837573315,181154.2809240676,0.0
838,0,0,0,0,78.51999999999998,12.46,155.08,0,529312.583024264,181155.41226700047,0.0
839,0,0,0,0,75.95999999999998,20.77,188.24,0,529266.3621094668,181160.98850397,0.0
840,0,0,0,0,79.31,27.61,185.76,0,529274.4228437685,181164.9916382986,0.0
841,0,0,0,0,85.62,15.76,185.29,0,529282.5614895975,181171.10681744548,0.0
842,0,0,0,0,90.06,9.36,183.49,0,529290.3697876688,181174.6815464084,0.0
843,0,0,0,0,95.09,9.15,183.27,0,529296.5885199192,181178.63785437704,0.0
844,0,0,0,0,102.31,15.61,184.87,0,529303.0220914484,181184.49868162224,0.0
845,0,0,0,0,83.4,16.39,155.99,0,529316.4442503084,181158.88660057908,0.0
846,0,0,0,0,89.78,24.57,155.81,0,529323.0684235609,181162.43124799844,0.0
847,3,0,3,0,108.39,15.75,184.58,1,529310.8196238236,181188.4951795929,0.16666666666666666
848,0,0,0,0,113.0,9.95,183.83,0,529317.4705906996,181190.98547807263,0.0
849,3,0,3,0,119.16,9.59,185.85,1,529322.62063721,181195.5476398688,0.16666666666666666
850,0,0,0,0,96.1,20.99,156.15,0,529329.2978805368,181165.96585920436,0.0
851,0,0,0,0,100.92,19.64,156.62,0,529333.9699676854,181168.6168227308,0.0
852,0,0,0,0,107.59,18.44,158.02,0,529339.9255381428,181172.56648724768,0.0
853,0,0,0,0,124.33,12.33,187.2,0,529327.5343701581,181199.048768164,0.0
854,0,0,0,0,128.64,15.91,187.74,0,529332.4749295446,181201.49555905347,0.0
855,0,0,0,0,134.34,9.68,189.84,0,529337.3779163942,181205.4184340273,0.0
856,0,0,0,0,114.82,12.37,159.5,0,529346.6705123032,181176.53625157927,0.0
857,0,0,0,0,121.11,9.06,161.46,0,529352.1051563906,181180.26166715453,0.0
858,0,1,1,0,140.07,10.03,192.44,1,529341.8808247555,181209.542136289,0.05555555555555555
859,0,0,0,0,181.72,21.78,266.47,0,529285.3832807825,181267.18586355745,0.0
860,0,0,0,0,183.88,28.3,265.95,0,529290.7345845242,181269.0100510445,0.0
861,0,0,0,0,187.25,22.17,266.49,0,529296.1906247186,181271.89193420857,0.0
862,0,0,0,0,189.68,16.95,266.27,0,529301.4103537161,181273.71278557793,0.0
863,1,0,1,0,193.25,9.88,265.59,1,529309.776937007,181276.0357272996,0.05555555555555555
864,0,0,0,0,194.65,8.32,264.6,0,529314.5025887836,181276.57798987464,0.0
865,0,0,0,0,188.91,14.78,258.01,0,529316.5054984163,181270.29880762412,0.0
866,0,0,0,0,184.89,19.69,253.0,0,529318.5970496944,181265.70992208,0.0
867,0,0,0,0,181.3,24.22,248.43,0,529320.5463054115,181261.53942617791,0.0
868,0,0,0,0,175.45,30.22,242.53,0,529320.8334931368,181255.42758847252,0.0
869,0,0,0,0,171.46,34.74,238.02,0,529321.8671523201,181251.02278761123,0.0
870,0,0,0,0,167.46,39.58,233.16,0,529323.4324473237,181246.42051131785,0.0
871,0,0,0,0,164.23,43.9,228.79,0,529325.376347004,181242.46088567495,0.0
872,0,0,0,0,157.39,36.57,218.71,0,529330.4750936569,181233.51742958144,0.0
873,0,0,0,0,152.0,29.48,211.6,0,529332.8834725227,181226.8265618356,0.0
874,0,0,0,0,148.01,24.22,206.3,0,529334.5910847485,181221.80590038167,0.0
875,0,0,0,0,145.08,19.15,201.36,0,529337.203573814,181217.44128468813,0.0
876,0,0,0,0,222.54,19.1,265.75,0,529366.7129874873,181289.09014002664,0.0
877,0,0,0,0,221.1,21.7,266.58,0,529362.3605766181,181289.40135016956,0.0
878,0,0,0,0,214.77,23.39,265.03,0,529352.8260454785,181286.41557455697,0.0
879,0,0,0,0,211.12,21.97,264.51,0,529346.6800165927,181284.78209637268,0.0
880,0,0,0,0,208.8,21.07,265.38,0,529340.5017813724,181284.41383655448,0.0
881,0,0,0,0,204.67,12.38,264.31,0,529334.5087801684,181281.9402479893,0.0
882,0,0,0,0,203.35,8.63,265.64,0,529329.3723365804,181282.02052696043,0.0
883,0,0,0,0,199.65,13.37,260.9,0,529331.3269626716,181277.6391665789,0.0
884,0,0,0,0,194.99,19.08,255.14,0,529333.3084258635,181272.20346453696,0.0
885,0,0,0,0,192.06,22.94,251.33,0,529334.846891898,181268.65553394376,0.0
886,0,0,0,0,188.44,27.22,246.98,0,529336.0067610648,181264.46495272135,0.0
887,0,0,0,0,183.75,33.18,241.02,0,529337.9936004832,181258.81838397525,0.0
888,0,0,0,0,181.28,36.6,237.64,0,529339.38977247,181255.6888430576,0.0
889,0,0,0,0,176.77,42.62,231.65,0,529341.5081853778,181250.04562426967,0.0
890,0,0,0,0,173.34,45.53,226.99,0,529343.1996985192,181245.6575709338,0.0
891,0,0,0,0,168.58,39.61,220.91,0,529344.7972176985,181239.7900901346,0.0
892,0,0,0,0,165.33,35.05,215.93,0,529347.0203729792,181235.2045646521,0.0
893,0,0,0,0,161.57,30.16,210.66,0,529348.727997103,181230.183907712,0.0
894,0,0,0,0,158.63,26.16,205.92,0,529350.8142246379,181225.80590342777,0.0
895,0,0,0,0,156.15,23.06,201.6,0,529352.889720515,181221.8496368804,0.0
896,1,0,1,0,150.86,13.65,191.61,1,529357.8623347644,181212.6919900276,0.05555555555555555
897,0,0,0,0,152.62,17.62,196.08,0,529354.8658572438,181216.6248114191,0.0
898,0,0,0,0,148.05,9.61,186.99,0,529359.4223045076,181208.3005928164,0.0
899,0,0,0,0,144.97,6.49,180.95,0,529362.0670287603,181202.67077885332,0.0
900,0,0,0,0,142.2,9.39,174.16,0,529365.6488405266,181196.43180581345,0.0
901,0,0,0,0,138.06,11.18,166.79,0,529367.6733113583,181189.3091691755,0.0
902,0,0,0,0,232.42,9.96,270.26,0,529378.1565695913,181294.6566079154,0.0
903,2,0,2,0,136.42,14.22,161.37,1,529370.6966547256,181184.32201289124,0.1111111111111111
904,0,0,0,0,134.22,23.25,154.95,0,529373.6152765248,181178.27716668855,0.0
905,0,0,0,0,131.31,15.77,147.32,0,529376.3029773788,181170.96041240508,0.0
906,4,0,4,0,130.19,10.32,140.89,1,529379.7478890817,181164.92896783535,0.2222222222222222
907,0,0,0,0,118.05,13.88,153.67,0,529355.7084397739,181173.17921346883,0.0
908,0,0,0,0,114.03,16.14,144.34,0,529358.9599667266,181164.39976744683,0.0
909,3,0,3,0,110.76,10.2,135.96,1,529361.6637554653,181156.45040047093,0.16666666666666666
910,0,0,0,0,110.33,7.57,131.26,0,529364.4024997271,181152.3000158649,0.0
911,0,0,0,0,108.87,9.46,124.77,0,529366.9264208964,181146.24511823247,0.0
912,5,0,5,0,72.70999999999998,46.99,108.64,1,529341.2994579652,181118.58416709228,0.2777777777777778
913,1,0,1,0,155.48,8.44,111.65,1,529389.8194688424,181136.4886956464,0.05555555555555555
914,3,0,3,0,140.55,6.17,102.11,1,529376.5469256934,181125.17851743023,0.16666666666666666
915,0,0,0,0,135.63,9.12,95.64,0,529379.3340134877,181119.1303248296,0.0
916,0,0,0,0,151.34,13.65,106.54,0,529391.3955924129,181131.46470266543,0.0
917,0,0,0,0,146.11,12.2,99.77,0,529393.9356621064,181124.777212714,0.0
918,0,0,0,0,130.36,15.17,88.83,0,529381.8687036088,181112.65369752856,0.0
919,0,0,0,0,124.93,22.19,81.59999999999998,0,529384.5457075926,181105.75868436525,0.0
920,2,2,4,0,139.73,18.68,91.37,1,529396.9134022736,181116.4128268976,0.2222222222222222
921,0,0,0,0,134.74,26.06,84.15,0,529400.2590167765,181109.11283522096,0.0
922,0,0,0,0,131.47,31.27,79.28,0,529402.493011021,181104.10559634856,0.0
923,0,0,0,0,127.86,34.89,73.72,0,529405.1431997871,181098.26493561896,0.0
924,0,0,0,0,122.7,40.39,66.05,0,529407.9840305938,181090.1080742019,0.0
925,0,0,0,0,107.21,49.24,55.25,0,529394.9369575005,181080.2806293196,0.0
926,1,0,1,0,110.33,43.02,61.03,1,529391.7658568935,181085.89702709016,0.05555555555555555
927,1,0,1,0,113.67,37.13,66.7,1,529388.8632738042,181091.30925805308,0.05555555555555555
928,1,0,1,0,118.93,29.7,74.08,1,529386.3124597524,181098.41848720115,0.05555555555555555
929,2,0,2,0,103.08,39.47,48.54,1,529397.3454814602,181073.58979107757,0.1111111111111111
930,0,0,0,0,99.09,33.29,42.31,0,529398.9538428403,181067.30059009284,0.0
931,1,0,1,0,118.0,43.28,58.97,1,529410.3892214119,181082.37360887547,0.05555555555555555
932,0,0,0,0,111.25,24.79,46.4,0,529417.7500460817,181066.32025610117,0.0
933,0,0,0,0,95.57,26.51,35.87,0,529401.2811800763,181060.6131886193,0.0
934,0,0,0,0,88.36,10.75,20.19,0,529408.7285038913,181041.16278942168,0.0
935,0,0,0,0,106.82,8.13,37.81,0,529425.3656495579,181049.5180150404,0.0
936,0,0,0,0,107.51,12.95,39.5,0,529422.4001477065,181054.91904103343,0.0
937,3,0,3,0,62.81,62.81,72.01,1,529340.9284040561,181070.78528718115,0.16666666666666666
938,0,0,0,0,68.63,64.28,70.24,0,529346.4941638502,181074.326177748,0.0
939,1,0,1,0,74.06999999999998,58.81,68.98,1,529351.7162598302,181077.480634714,0.05555555555555555
940,1,0,1,0,80.98,11.51,13.65,1,529402.3432644174,181037.4121180699,0.05555555555555555
941,5,1,6,0,74.58,14.28,8.65,1,529397.1355704601,181033.69143709727,0.3333333333333333
942,2,0,2,0,69.0,13.08,7.26,1,529392.2571105418,181030.92337642613,0.1111111111111111
943,3,0,3,0,63.18,15.09,10.54,1,529386.657697378,181028.70350485644,0.16666666666666666
944,2,0,2,0,57.38,18.71,15.41,1,529381.1808397523,181026.2979133044,0.1111111111111111
945,0,0,0,0,52.13,23.07,20.51,0,529376.047635405,181024.2787691528,0.0
946,0,0,0,0,47.19,27.89,25.76,0,529370.9048187275,181022.63707846432,0.0
947,5,0,5,0,43.55,30.07,33.46,1,529379.4949089312,180996.28058249093,0.2777777777777778
948,0,18,18,0,49.44,25.26,29.27,1,529385.1847125805,180998.09688317927,1.0
949,3,0,3,0,54.72,18.53,22.83,1,529389.5208422288,181003.3410114213,0.16666666666666666
950,5,0,5,0,60.06,15.65,20.83,1,529394.7852248674,181004.3107681516,0.2777777777777778
951,1,0,1,0,66.0,13.61,19.46,1,529400.4780525003,181006.00777441065,0.05555555555555555
952,0,0,0,0,69.65,19.4,25.34,0,529405.1437986427,181001.2316196776,0.0
953,0,0,0,0,70.39,24.31,30.25,0,529406.4564526035,180996.489477054,0.0
954,0,0,0,0,83.54,20.4,24.92,0,529417.2556931511,181011.2105605431,0.0
955,6,0,6,0,72.87999999999998,23.16,36.17,1,529409.198771478,180991.1867929924,0.3333333333333333
956,1,1,2,0,76.34,17.66,41.9,1,529412.5485991101,180986.3443666672,0.1111111111111111
957,2,0,2,0,87.90999999999998,24.76,34.25,1,529423.2495285533,181003.62872927496,0.1111111111111111
958,0,0,0,0,90.19,20.75,40.2,0,529426.2016112035,180997.9395591876,0.0
959,0,0,0,0,92.32,16.01,45.19,0,529428.6026429945,180993.22051405383,0.0
960,1,0,1,0,95.64,12.73,50.38,1,529431.9501387617,180989.22854387067,0.05555555555555555
961,4,0,4,0,97.96,9.68,55.28,1,529434.088174435,180984.50280304183,0.2222222222222222
962,0,0,0,0,101.76,9.68,62.19,0,529437.321176864,180978.11782367196,0.0
963,0,0,0,0,98.58,17.6,73.34999999999998,0,529429.9802741865,180959.7942512648,0.0
964,0,0,0,0,96.4,20.23,74.43,0,529426.7168443569,180957.03985745224,0.0
965,0,0,0,0,93.33,14.02,75.36,0,529422.3137153204,180954.25644240083,0.0
966,0,0,0,0,79.09999999999998,13.4,47.6,0,529414.8635341604,180981.1414263165,0.0
967,1,0,1,0,82.4,10.15,52.78,1,529417.5472933261,180976.64688287608,0.05555555555555555
968,2,0,2,0,86.37999999999998,8.87,58.45,1,529420.6559285668,180971.8292907756,0.1111111111111111
969,0,0,0,0,83.65,12.5,58.83,0,529417.4368077337,180970.077966744,0.0
970,1,0,1,0,79.18,20.77,58.25,1,529412.5323597579,180969.06275848052,0.05555555555555555
971,2,0,2,0,75.79,17.72,60.03,1,529408.0924283301,180966.1674553466,0.1111111111111111
972,1,0,1,0,72.23,16.22,61.96,1,529403.2998485825,180963.48575683808,0.05555555555555555
973,1,0,1,0,69.27,16.16,64.52,1,529398.7905111897,180960.5886950513,0.05555555555555555
974,0,0,0,0,66.34,18.13,66.4,0,529394.5332679009,180958.6996645557,0.0
975,0,0,0,0,91.44,9.07,77.92,0,529418.4267039787,180950.29357711933,0.0
976,0,0,0,0,98.42,14.22,85.42,0,529422.9657617946,180943.84306371835,0.0
977,0,0,0,0,103.55,19.15,90.66,0,529426.410072272,180939.47918213127,0.0
978,1,0,1,0,108.37,24.04,96.13,1,529429.1717548694,180934.65275861905,0.05555555555555555
979,1,0,1,0,57.69,5.62,94.11000000000001,1,529360.4834975624,180938.14784184104,0.05555555555555555
980,2,0,2,0,56.25,6.49,89.36,1,529364.3097225488,180941.73320817776,0.1111111111111111
981,0,0,0,0,56.46,9.21,85.81,0,529368.3553246713,180944.02862863263,0.0
982,1,0,1,0,56.86,13.81,81.67,1,529372.8207058528,180946.93267680347,0.05555555555555555
983,1,0,1,0,57.64,17.97,78.2,1,529376.7369456344,180949.4241240559,0.05555555555555555
984,1,0,1,0,60.37,20.28,74.73999999999998,1,529382.5250454685,180951.66425863383,0.05555555555555555
985,0,0,0,0,62.45,24.08,71.31,0,529387.2440506388,180954.37546404047,0.0
986,1,0,1,0,63.45,26.23,69.61,1,529389.445661134,180955.8267050608,0.05555555555555555
987,0,0,0,0,74.65999999999998,4.9,92.86000000000001,0,529383.9934401971,180933.0658910405,0.0
988,0,0,0,0,76.17,10.4,89.90999999999998,0,529388.9686376025,180935.4846501954,0.0
989,0,0,0,0,78.06,15.83,87.31999999999998,0,529393.8842239225,180937.8022402943,0.0
990,0,0,0,0,79.01999999999998,14.74,84.79999999999998,0,529397.303324858,180940.28104630264,0.0
991,1,0,1,0,84.11,12.13,99.66,1,529389.8410762385,180925.64087613625,0.05555555555555555
992,0,0,0,0,88.56999999999998,16.11,103.68,0,529391.811837242,180921.50548080832,0.0
993,2,0,2,0,90.74,19.74,113.94,1,529381.9158963488,180912.0851544984,0.1111111111111111
994,0,0,0,0,94.19,21.53,108.4,0,529394.7946281222,180916.69825745904,0.0
995,0,0,0,0,95.72000000000001,23.9,116.86,0,529385.9817508563,180908.7006881857,0.0
996,0,0,0,0,103.11,31.34,123.53,0,529388.8313605104,180901.79728609405,0.0
997,0,0,0,0,109.29,28.32,128.89,0,529391.6454797933,180896.2881716244,0.0
998,0,0,0,0,118.13,25.46,136.88,0,529395.3333853063,180888.210238154,0.0
999,0,0,0,0,100.92,28.12,114.39,0,529398.0564221863,180910.7022621892,0.0
1000,1,0,1,0,108.19,35.34,120.68,1,529401.9447200779,180904.52290752687,0.05555555555555555
1001,0,0,0,0,113.8,49.61,126.12,0,529404.194497823,180899.19874343483,0.0
1002,1,0,1,0,120.94,55.21,132.28,1,529408.2616315775,180893.3229158189,0.05555555555555555
1003,0,0,0,0,124.78,38.34,136.32,0,529409.3573491238,180889.36455851543,0.0
1004,0,0,0,0,126.09,26.18,143.78,0,529399.3637304676,180881.33690275843,0.0
1005,0,0,0,0,132.98,29.1,149.58,0,529403.301514152,180875.65709050416,0.0
1006,0,0,0,0,150.1,34.51,164.63,0,529412.5607235408,180861.24335668352,0.0
1007,0,0,0,0,157.53,29.6,171.05,0,529417.065432415,180855.2790204409,0.0
1008,0,0,0,0,163.91,26.25,176.67,0,529420.8041447485,180850.0924333708,0.0
1009,0,0,0,0,162.38,38.75,170.07,0,529430.8497940028,180858.52008049705,0.0
1010,0,0,0,0,169.66,37.65,176.51,0,529435.5929543286,180852.96045805165,0.0
1011,0,0,0,0,177.03,37.26,183.51,0,529439.4838748833,180846.68153934996,0.0
1012,0,0,0,0,183.66,30.85,189.28,0,529444.2067629548,180841.9186595006,0.0
1013,0,0,0,0,170.95,23.95,182.98,0,529424.8687975506,180844.3162103751,0.0
1014,0,0,0,0,177.54,24.59,188.55,0,529429.5320663467,180839.4521427276,0.0
1015,0,0,0,0,182.8,25.78,193.27,0,529432.7482924055,180835.2488222223,0.0
1016,0,0,0,0,188.76,26.54,198.32,0,529437.1477848248,180830.9759820815,0.0
1017,0,0,0,0,193.56,22.17,202.93,0,529439.4318702971,180826.7489260006,0.0
1018,0,0,0,0,198.9,17.27,207.89,0,529442.4667545239,180822.341679744,0.0
1019,0,0,0,0,204.19,12.5,212.66,0,529445.8668956577,180818.2427072904,0.0
1020,0,0,0,0,194.22,20.86,198.76,0,529451.3101363605,180834.02740893097,0.0
1021,0,0,0,0,201.4,14.16,205.56,0,529455.4395166186,180828.15320075356,0.0
1022,0,0,0,0,210.25,8.25,218.26,0,529449.473765846,180813.35175071127,0.0
1023,0,0,0,0,212.0,6.82,215.56,0,529461.7502808648,180819.6438360076,0.0
1024,0,0,0,0,210.6,11.76,212.71,0,529464.6963755798,180823.60548321207,0.0
1025,0,0,0,0,210.53,15.54,210.74,0,529469.2658065455,180827.30951557844,0.0
1026,0,0,0,0,210.7,10.72,209.31,0,529473.1072693863,180830.29741215945,0.0
1027,0,0,0,0,211.36,6.01,208.4,0,529477.0831631481,180832.8901106573,0.0
1028,0,0,0,0,232.01,27.12,232.25,0,529479.9470142992,180808.34792059017,0.0
1029,0,0,0,0,231.86,23.45,230.46,0,529484.1461245468,180811.94287537123,0.0
1030,0,0,0,0,231.94,19.14,229.0,0,529488.1664100908,180815.23430841288,0.0
1031,0,0,0,0,231.4,14.29,226.69,0,529492.2830656345,180819.62442155476,0.0
1032,0,0,0,0,231.48,11.59,225.3,0,529495.9304786364,180822.90636102587,0.0
1033,0,0,0,0,232.19,11.24,223.92,0,529501.3546715851,180827.2301408765,0.0
1034,0,0,0,0,233.57,14.98,223.21,0,529507.0375799721,180831.1618933819,0.0
1035,0,0,0,0,212.89,7.49,203.58,0,529491.8795131829,180845.2258566327,0.0
1036,0,0,0,0,203.21,13.9,194.03,0,529485.6562424392,180852.74084940183,0.0
1037,0,0,0,0,197.97,18.94,188.66,0,529482.6809418891,180857.24924540392,0.0
1038,0,0,0,0,194.36,22.21,185.19,0,529480.1888553853,180859.87648036616,0.0
1039,2,0,2,0,190.42,26.32,181.03,1,529478.1685436113,180863.51230019864,0.1111111111111111
1040,0,0,0,0,205.43,9.33,202.62,0,529473.540958618,180837.6830392247,0.0
1041,0,0,0,0,200.43,14.03,198.13,0,529469.7260995401,180840.97417730317,0.0
1042,0,0,0,0,193.94,20.06,191.98,0,529465.5574010087,180845.95046448207,0.0
1043,0,0,0,0,188.62,25.17,186.94,0,529462.1572604778,180850.0494238725,0.0
1044,0,0,0,0,182.77,39.86,181.72,0,529457.8275151035,180854.02504991152,0.0
1045,1,0,1,0,183.99,33.02,175.59,1,529472.4272672182,180866.75435850056,0.05555555555555555
1046,1,0,1,0,175.56,41.41,167.02,1,529467.5191990964,180873.90425056047,0.05555555555555555
1047,4,0,4,0,176.07,45.69,175.12,1,529454.1382259016,180859.71115241235,0.2222222222222222
1048,0,0,0,0,169.35,51.32,168.84,0,529449.8401979648,180864.88347009607,0.0
1049,0,0,0,0,162.76,56.71,163.03,0,529445.0602544656,180869.44557815263,0.0
1050,0,0,0,0,155.17,63.38,156.23,0,529439.8820974646,180874.99411293032,0.0
1051,1,0,1,0,150.69,66.22,142.26,1,529452.1419464299,180894.14144072548,0.05555555555555555
1052,0,0,0,0,145.05,60.91,136.35,0,529449.0271929839,180899.2442412548,0.0
1053,0,0,0,0,145.51,63.2,146.31,0,529435.4851772741,180884.05052461528,0.0
1054,2,0,2,0,139.79,57.66,130.93,1,529445.9872710921,180903.8506671364,0.1111111111111111
1055,1,0,1,0,133.39,50.93,124.28,1,529442.2980278793,180909.53677784908,0.05555555555555555
1056,1,0,1,0,129.29,46.4,119.49,1,529440.5060386957,180913.97567793727,0.05555555555555555
1057,0,0,0,0,124.01,40.93,114.25,0,529437.100887944,180918.27383715488,0.0
1058,0,0,0,0,119.21,35.72,108.86,0,529434.6151951419,180923.09369737632,0.0
1059,0,0,0,0,114.32,30.52,103.64,0,529431.7642624978,180927.60528755185,0.0
1060,0,0,0,0,139.82,63.75,140.7,0,529432.4972571995,180889.0569084736,0.0
1061,0,0,0,0,135.51,59.67,136.8,0,529429.7388874737,180892.37498020445,0.0
1062,0,0,0,0,130.15,54.23,131.47,0,529427.0046203921,180897.18851377448,0.0
1063,1,0,1,0,124.15,48.14,125.52,1,529423.944428474,180902.59168738697,0.05555555555555555
1064,0,0,0,0,118.24,42.4,119.93,0,529420.583674878,180907.58858301345,0.0
1065,1,0,1,0,114.34,38.02,115.58,1,529419.1721671681,180911.73820954855,0.05555555555555555
1066,1,0,1,0,107.5,31.19,108.84,1,529415.5945644432,180917.9254633457,0.05555555555555555
1067,0,0,0,0,100.62,24.34,101.96,0,529412.0740403641,180924.31348566545,0.0
1068,0,0,0,0,94.98,18.39,95.84,0,529409.6251573715,180930.13085872243,0.0
1069,2,0,2,0,90.43,15.5,92.27,1,529406.3722221977,180933.3366922264,0.1111111111111111
1070,2,0,2,0,107.84,16.53,72.23,1,529441.9669354652,180968.9235978896,0.1111111111111111
1071,4,0,4,0,104.77,24.24,80.59999999999998,1,529434.5124695479,180953.98458319888,0.2222222222222222
1072,2,0,2,0,112.19,32.76,89.4,1,529439.609382743,180946.73981665808,0.1111111111111111
1073,2,0,2,0,115.85,37.25,93.94,1,529441.8858151074,180942.81153736968,0.1111111111111111
1074,4,0,4,0,119.76,41.69,98.44,1,529444.4678880731,180939.0903565875,0.2222222222222222
1075,1,0,1,0,124.16,45.86,102.75,1,529447.9021978816,180936.08847925515,0.05555555555555555
1076,0,0,0,0,111.79,21.48,77.51999999999998,0,529445.0613505425,180964.6175282201,0.0
1077,1,0,1,0,115.91,26.7,82.98,1,529448.1608440911,180960.11227665312,0.05555555555555555
1078,0,0,0,0,121.75,33.77,90.17,0,529452.5957640067,180954.4451645966,0.0
1079,0,0,0,0,126.46,28.71,96.1,0,529455.9539852277,180949.54788166995,0.0
1080,0,0,0,0,130.05,26.32,100.5,0,529458.4713867954,180945.92471681524,0.0
1081,0,0,0,0,133.97,24.01,104.93,0,529461.4161753763,180942.61140951017,0.0
1082,0,0,0,0,137.94,23.28,110.02,0,529463.8942748605,180938.0903375857,0.0
1083,0,0,0,0,128.85,37.64,108.03,0,529450.9966362418,180931.78241300065,0.0
1084,1,0,1,0,134.7,36.85,114.34,1,529454.9788286001,180926.80136594805,0.05555555555555555
1085,0,0,0,0,138.96,36.95,118.93,0,529457.8690933493,180923.18769808207,0.0
1086,1,0,1,0,143.52,37.89,123.89,1,529460.8316520905,180919.17724736,0.05555555555555555
1087,1,0,1,0,148.68,39.66,129.48,1,529464.1797545672,180914.67833702912,0.05555555555555555
1088,0,0,0,0,154.4,42.66,135.76,0,529467.7320494289,180909.48703500812,0.0
1089,0,0,0,0,159.09,45.35,140.76,0,529470.7567659477,180905.4781729404,0.0
1090,1,0,1,0,164.96,32.78,147.24,1,529474.1923998459,180899.984933594,0.05555555555555555
1091,1,0,1,0,170.57,32.28,152.84,1,529478.2139459965,180895.90181397845,0.05555555555555555
1092,2,0,2,0,142.58,22.59,115.18,1,529467.289288651,180934.1905634729,0.1111111111111111
1093,0,0,0,0,148.09,25.12,122.13,0,529470.4966293919,180927.894254787,0.0
1094,0,0,0,0,152.69,25.95,126.75,0,529474.1795314924,180924.8987272232,0.0
1095,0,0,0,0,156.48,27.97,130.87,0,529476.8706982315,180921.77827983967,0.0
1096,3,0,3,0,161.24,30.54,135.78,1,529480.5016153149,180918.38280619707,0.16666666666666666
1097,0,0,0,0,165.08,19.81,140.92,0,529482.1275100957,180913.1424352149,0.0
1098,0,0,0,0,168.09,18.97,144.27,0,529484.0628287194,180910.4013603604,0.0
1099,0,0,0,0,184.24,34.69,166.3,0,529488.2811486379,180886.3919630708,0.0
1100,0,0,0,0,197.98,28.37,180.28,0,529497.6901930829,180875.86879578067,0.0
1101,0,0,0,0,203.59,21.78,185.77,0,529501.8905923747,180872.08922017185,0.0
1102,0,0,0,0,202.2,14.85,179.79,0,529508.3570952005,180884.31243342304,0.0
1103,0,0,0,0,209.24,17.91,187.34,0,529512.8644392388,180878.24858864263,0.0
1104,0,0,0,0,213.62,14.25,191.88,0,529515.873981632,180874.83730378468,0.0
1105,0,0,0,0,212.85,15.85,201.71,0,529495.6283555296,180849.40728949744,0.0
1106,0,0,0,0,215.02,20.12,201.98,0,529500.844548654,180852.1312665004,0.0
1107,0,0,0,0,215.61,17.7,201.02,0,529504.3055022815,180855.40846229464,0.0
1108,0,0,0,0,216.49,13.21,200.3,0,529508.0150237536,180858.69199462255,0.0
1109,4,0,4,0,216.44,10.14,198.71,1,529510.8393106486,180862.55091086007,0.2222222222222222
1110,0,0,0,0,233.96,26.96,221.51,0,529512.0115239938,180836.07215143327,0.0
1111,0,0,0,0,233.47,21.5,219.34,0,529515.3748081792,180840.74205674225,0.0
1112,0,0,0,0,234.48,17.12,218.65,0,529519.695614839,180844.43980096345,0.0
1113,0,0,0,0,234.98,13.5,217.6,0,529523.2681584718,180848.21813625167,0.0
1114,0,0,0,0,235.22,10.88,216.32,0,529526.5249045533,180852.1877390656,0.0
1115,0,0,0,0,244.52,14.29,222.26,0,529540.1133337384,180855.44528987855,0.0
1116,0,0,0,0,250.62,9.23,228.51,0,529544.4010975092,180850.8873651657,0.0
1117,0,0,0,0,255.69,7.54,233.92,0,529547.505782262,180846.4254283836,0.0
1118,0,0,0,0,262.29,10.3,240.91,0,529551.5865046683,180840.72696354316,0.0
1119,1,0,1,0,271.05,21.28,254.01,1,529547.8369981315,180821.0795470292,0.05555555555555555
1120,1,0,1,0,250.49,9.65,225.56,1,529549.9214275894,180859.7317994876,0.05555555555555555
1121,0,0,0,0,251.73,12.54,225.41,0,529553.5283804431,180863.35568853517,0.0
1122,0,0,0,0,254.69,14.07,227.51,0,529557.5174423482,180864.34036140857,0.0
1123,0,0,0,0,266.29,8.8,241.3,0,529562.3737191112,180849.83180997905,0.0
1124,0,0,0,0,265.07,6.82,241.45,0,529558.5340008319,180846.07584034925,0.0
1125,0,0,0,0,267.78,14.75,246.67,0,529555.0877067938,180836.14899739015,0.0
1126,1,0,1,0,272.99,19.47,252.03,1,529558.5760612431,180832.0752696173,0.05555555555555555
1127,0,0,0,0,280.38,12.28,259.96,0,529562.764387322,180825.24428752917,0.0
1128,0,0,0,0,297.12,14.41,278.07,0,529571.4445367948,180808.94111028776,0.0
1129,2,0,2,0,300.65,10.3,282.04,1,529572.8059186095,180804.93930760273,0.1111111111111111
1130,0,0,0,0,304.88,4.78,287.0,0,529573.8125732341,180799.41477044352,0.0
1131,0,0,0,0,315.86,8.41,303.94,0,529563.5137193449,180771.14893376836,0.0
1132,0,0,0,0,320.89,4.5,307.37,0,529571.819477896,180772.62208114448,0.0
1133,0,0,0,0,328.04,4.24,315.42,0,529573.611200696,180764.0901761662,0.0
1134,0,0,0,0,336.91,6.95,325.3,0,529575.9985392692,180753.80748358247,0.0
1135,0,0,0,0,344.43,9.23,329.8,0,529591.1395895383,180758.8607334432,0.0
1136,0,0,0,0,348.75,9.67,334.56,0,529592.523497304,180753.97652293535,0.0
1137,0,0,0,0,352.61,11.63,339.1,0,529592.74036812,180748.55799209513,0.0
1138,0,0,0,0,358.75,17.55,345.73,0,529595.0313230872,180742.05707755795,0.0
1139,0,0,0,0,350.5,8.42,341.19,0,529576.3168614528,180735.14674219297,0.0
1140,0,0,0,0,348.08,10.55,339.43,0,529572.3902910639,180734.79435656985,0.0
1141,0,0,0,0,344.05,15.55,336.5,0,529565.9466013974,180734.37780624628,0.0
1142,0,0,0,0,342.52,20.3,335.92,0,529561.5079712877,180732.49868465247,0.0
1143,0,0,0,0,338.74,24.67,332.96,0,529556.3003453012,180732.99664215933,0.0
1144,0,0,0,0,336.14,21.84,331.41,0,529550.8985116638,180731.8498230872,0.0
1145,0,0,0,0,333.8,18.78,330.14,0,529545.6572088697,180730.5809606156,0.0
1146,0,0,0,0,332.43,13.5,322.0,0,529569.0861295054,180753.25283760947,0.0
1147,0,0,0,0,331.05,16.51,328.52,0,529539.9375176805,180729.55219266005,0.0
1148,0,0,0,0,328.18,15.88,326.76,0,529534.2113989537,180728.77554917856,0.0
1149,0,0,0,0,323.87,15.93,323.94,0,529526.3518196475,180728.3229643302,0.0
1150,0,0,0,0,319.66,19.79,321.52,0,529517.4857203619,180727.21403844608,0.0
1151,0,0,0,0,318.0,25.43,320.86,0,529512.8704742579,180726.08730482147,0.0
1152,0,0,0,0,315.75,23.74,319.6,0,529508.0031855524,180725.5848574669,0.0
1153,0,0,0,0,441.34,11.0,434.15,0,529621.6791308977,180653.93337879088,0.0
1154,0,0,0,0,440.79,10.94,434.78,0,529615.6496397147,180649.61696349445,0.0
1155,0,0,0,0,438.5,11.19,433.11,0,529611.2574657237,180649.0003951488,0.0
1156,0,0,0,0,437.88,14.13,433.16,0,529607.6118162876,180646.88917557496,0.0
1157,0,0,0,0,407.78,9.55,401.32,0,529598.6997005724,180678.4494407142,0.0
1158,0,0,0,0,408.87,9.6,401.76,0,529602.2795266389,180680.05441262064,0.0
1159,0,0,0,0,410.92,5.46,403.29,0,529605.8128343808,180680.39679153,0.0
1160,0,0,0,0,416.75,6.17,406.78,0,529619.7051548461,180685.03985296388,0.0
1161,0,0,0,0,417.48,10.95,406.46,0,529624.8035304258,180688.8279645744,0.0
1162,0,0,0,0,402.97,12.18,395.2,0,529601.6997891652,180687.3558042934,0.0
1163,0,0,0,0,396.12,18.84,388.11,0,529598.7008602154,180693.838664324,0.0
1164,0,0,0,0,391.52,23.46,383.4,0,529596.3922931773,180697.9424509121,0.0
1165,0,0,0,0,386.64,32.22,378.31,0,529594.3823005515,180702.6845560228,0.0
1166,0,0,0,0,381.16,37.33,372.46,0,529592.5825792479,180708.4411506267,0.0
1167,0,0,0,0,361.17,19.85,352.79,0,529579.2934022233,180723.3653811147,0.0
1168,0,0,0,0,358.6,20.54,350.92,0,529575.0521822227,180723.0049718852,0.0
1169,1,0,1,0,354.94,21.16,347.91,1,529570.3887383491,180723.76907064265,0.05555555555555555
1170,0,0,0,0,352.72,24.56,346.61,0,529565.5407318587,180722.51021418328,0.0
1171,0,0,0,0,365.74,21.42,356.46,0,529585.5236231561,180722.89351868856,0.0
1172,0,0,0,0,361.75,16.6,351.99,0,529584.926316458,180727.7977860028,0.0
1173,0,0,0,0,357.55,12.19,347.6,0,529583.0142883501,180731.78554705484,0.0
1174,0,0,0,0,411.82,24.42,385.8,0,529679.353831164,180762.75057184795,0.0
1175,0,0,0,0,407.03,19.33,380.71,0,529676.5636191873,180767.22045794327,0.0
1176,0,0,0,0,402.64,14.74,375.94,0,529674.3208115478,180771.83045284,0.0
1177,0,0,0,0,397.62,10.32,370.4,0,529672.0490618495,180777.5749794538,0.0
1178,0,0,0,0,387.97,10.67,363.9,0,529654.1857363735,180768.1632426,0.0
1179,0,0,0,0,381.27,6.79,356.82,0,529650.2525145896,180774.24381720508,0.0
1180,0,0,0,0,375.54,7.88,350.5,0,529647.6500782685,180780.6106230409,0.0
1181,0,0,0,0,390.38,7.32,362.67,0,529667.7818910824,180784.40386712368,0.0
1182,1,0,1,0,386.03,10.94,357.72,1,529666.1426426289,180790.03839185048,0.05555555555555555
1183,0,0,0,0,348.59,7.36,316.41,0,529645.9079583929,180830.3918828636,0.0
1184,0,0,0,0,353.06,12.54,319.53,0,529653.0416345857,180834.61037226688,0.0
1185,0,0,0,0,339.03,16.69,302.77,0,529647.1622757689,180855.27365996287,0.0
1186,0,0,0,0,335.12,8.39,306.59,0,529625.4426151979,180821.16614889272,0.0
1187,0,0,0,0,326.31,2.85,296.71,0,529620.9410642976,180831.01647821628,0.0
1188,0,0,0,0,322.59,7.75,292.39,0,529619.3243846425,180835.7686043868,0.0
1189,1,0,1,0,311.2,4.95,279.8,1,529612.5754184539,180847.32759719767,0.05555555555555555
1190,0,0,0,0,307.32,10.08,275.09,0,529611.0935637617,180852.966150838,0.0
1191,0,0,0,0,290.17,13.47,255.07,0,529602.0552226084,180874.05348693367,0.0
1192,0,0,0,0,284.31,8.68,247.68,0,529599.6149294348,180883.32569110667,0.0
1193,0,0,0,0,281.15,9.78,243.62,0,529598.3000557082,180888.5900829108,0.0
1194,0,0,0,0,292.49,6.01,251.56,0,529613.9445555732,180898.57575628883,0.0
1195,0,0,0,0,285.1,14.4,243.26,0,529608.4880512387,180905.7527790948,0.0
1196,0,0,0,0,280.4,12.16,241.28,0,529600.1651382294,180895.70153769257,0.0
1197,0,0,0,0,273.33,21.28,233.09,0,529595.4004952043,180903.52692151823,0.0
1198,0,0,0,0,270.67,22.06,231.18,0,529591.9091296368,180901.54578009687,0.0
1199,0,0,0,0,278.0,12.89,240.51,0,529595.4330240216,180889.9045253719,0.0
1200,0,0,0,0,269.16,22.21,230.61,0,529589.1578208806,180898.32210154785,0.0
1201,0,0,0,0,267.19,21.93,229.77,0,529585.7082338105,180894.70219735225,0.0
1202,0,0,0,0,265.0,20.34,228.7,0,529582.0162409436,180891.32839708473,0.0
1203,1,0,1,0,262.34,17.67,226.84,1,529578.4397762778,180889.5973776896,0.05555555555555555
1204,0,0,0,0,262.13,12.75,227.94,0,529576.123521608,180884.74496661543,0.0
1205,0,0,0,0,260.41,8.39,227.27,0,529572.8938195597,180881.7613828044,0.0
1206,0,0,0,0,260.19,5.97,227.79,0,529571.46359998,180879.20210075847,0.0
1207,0,0,0,0,268.9,13.41,238.2,0,529575.7579684724,180868.21118179528,0.0
1208,0,0,0,0,269.58,13.65,237.66,0,529578.5654629221,180872.31927108337,0.0
1209,0,0,0,0,270.51,15.6,237.46,0,529581.382594864,180876.04918498683,0.0
1210,1,0,1,0,272.92,19.39,238.89,1,529585.1757567428,180878.5425770144,0.05555555555555555
1211,0,0,0,0,274.02,19.78,238.73,0,529588.2914397465,180882.91081221783,0.0
1212,0,0,0,0,275.54,16.67,239.35,0,529591.1310585901,180885.75831870307,0.0
1213,0,0,0,0,237.55,14.36,215.07,0,529535.2556940431,180860.74553875384,0.0
1214,0,0,0,0,238.17,20.6,214.11,0,529538.6892753018,180864.99570266675,0.0
1215,0,0,0,0,238.91,21.66,213.32,0,529542.0474058888,180869.1178051124,0.0
1216,0,0,0,0,239.2,23.21,212.63,0,529544.0218216648,180871.9432309884,0.0
1217,0,0,0,0,240.5,25.27,212.6,0,529547.39922242,180875.30898302607,0.0
1218,0,0,0,0,242.05,15.36,213.08,0,529550.48448083,180877.784304178,0.0
1219,1,0,1,0,242.79,13.45,212.78,1,529552.8489634854,180880.74581777985,0.05555555555555555
1220,0,0,0,0,244.52,11.62,213.23,0,529556.38688114,180883.98952711865,0.0
1221,0,0,0,0,249.57,6.54,218.95,0,529559.5076260746,180878.8973025232,0.0
1222,0,0,0,0,253.09,4.1,222.74,0,529561.9444837167,180875.93204144697,0.0
1223,0,0,0,0,258.6,6.51,228.85,0,529565.461741671,180870.72378736947,0.0
1224,0,0,0,0,260.88,8.68,231.36,0,529566.9322158444,180868.61687881427,0.0
1225,0,0,0,0,218.91,14.83,195.34,0,529522.9767598056,180876.20020908304,0.0
1226,0,0,0,0,219.95,18.23,195.1,0,529525.8950754119,180879.04968301932,0.0
1227,0,0,0,0,221.76,18.37,196.17,0,529528.5469483668,180880.00025459315,0.0
1228,0,0,0,0,224.01,18.55,195.4,0,529535.1283737335,180887.35802589485,0.0
1229,0,0,0,0,226.41,21.46,196.46,0,529539.1543076618,180889.98345674796,0.0
1230,0,0,0,0,227.53,23.9,196.17,0,529542.2074294107,180893.71936325828,0.0
1231,1,0,1,0,231.18,18.25,197.91,1,529548.0425795445,180897.76560309285,0.05555555555555555
1232,0,0,0,0,233.73,13.23,198.95,0,529552.3645000649,180901.41351171857,0.0
1233,0,0,0,0,236.12,9.18,199.72,0,529556.6689708048,180905.74570348984,0.0
1234,0,0,0,0,238.27,7.45,200.94,0,529559.8160154135,180907.99422128333,0.0
1235,0,0,0,0,253.38,8.79,220.13,0,529567.0721861336,180885.92567238113,0.0
1236,0,0,0,0,249.69,11.91,216.1,0,529564.4289412069,180889.05366567796,0.0
1237,0,0,0,0,246.2,11.51,212.24,0,529561.9991856283,180892.18710266656,0.0
1238,0,0,0,0,248.07,8.39,213.1,0,529565.1375144935,180894.77776328992,0.0
1239,2,0,2,0,250.3,6.65,214.33,1,529568.5633956124,180897.26163620173,0.1111111111111111
1240,0,0,0,0,251.96,6.74,215.05,0,529571.4141626076,180899.95909053233,0.0
1241,0,0,0,0,253.4,8.7,215.44,0,529574.1792263853,180903.2249649928,0.0
1242,0,0,0,0,242.14,10.6,202.73,0,529565.9357905553,180913.74214664352,0.0
1243,0,0,0,0,232.82,14.08,194.62,0,529556.0413992588,180913.60403175035,0.0
1244,0,0,0,0,236.09,9.53,195.38,0,529561.9723296628,180921.1730693341,0.0
1245,0,0,0,0,231.79,12.62,190.18,0,529558.9950337962,180926.2326002673,0.0
1246,0,0,0,0,228.93,20.69,190.14,0,529553.2384080123,180917.41268192424,0.0
1247,2,0,2,0,225.78,16.49,186.33,1,529551.1499444529,180921.12542673465,0.1111111111111111
1248,0,0,0,0,222.2,12.02,182.05,0,529548.6287000274,180925.0553818383,0.0
1249,0,0,0,0,228.63,13.2,186.67,0,529556.4375112059,180928.79217877268,0.0
1250,1,0,1,0,225.49,9.13,182.5,1,529554.5305542229,180933.76487654916,0.05555555555555555
1251,2,0,2,0,218.54,6.76,177.4,1,529546.2947805118,180930.01719894988,0.1111111111111111
1252,0,0,0,0,217.84,4.96,173.62,0,529548.4351900985,180941.02734257944,0.0
1253,12,0,12,0,211.79,6.07,170.25,1,529540.4422659717,180934.13289398915,0.6666666666666666
1254,1,0,1,0,214.06,16.35,175.96,1,529539.0648250834,180921.9185657125,0.05555555555555555
1255,1,0,1,0,208.84,12.34,169.13,1,529536.0027520547,180929.41869937605,0.05555555555555555
1256,1,0,1,0,205.82,20.25,167.13,1,529532.2502996173,180927.56383785792,0.05555555555555555
1257,1,0,1,0,201.74,26.01,164.84,1,529526.7671480832,180924.04097439395,0.05555555555555555
1258,1,0,1,0,197.75,26.39,162.41,1,529521.5973982675,180921.47337668075,0.05555555555555555
1259,1,0,1,0,194.51,23.94,160.59,1,529517.2645880248,180919.19776239124,0.05555555555555555
1260,1,0,1,0,202.89,8.72,156.78,1,529535.6595845409,180952.82111804164,0.05555555555555555
1261,0,0,0,0,194.16,16.95,152.33,0,529524.36103079,180942.24847882456,0.0
1262,0,0,0,0,190.97,32.1,150.06,0,529520.6826280793,180940.80148671623,0.0
1263,2,0,2,0,188.25,26.02,148.38,1,529517.352096274,180938.95738872784,0.1111111111111111
1264,0,0,0,0,215.44,10.49,186.43,0,529528.7240240666,180893.64280404503,0.0
1265,1,0,1,0,212.59,9.0,182.99,1,529527.2033270862,180896.98716325505,0.05555555555555555
1266,1,0,1,0,207.14,6.46,181.65,1,529516.8517552976,180889.00985021912,0.05555555555555555
1267,0,0,0,0,161.73,18.01,130.42,0,529486.5728905308,180930.7302395824,0.0
1268,0,1,1,0,191.52,9.21,143.23,1,529525.9260394248,180963.6696587969,0.05555555555555555
1269,1,0,1,0,186.74,8.46,138.54,1,529521.2539550482,180964.76850865383,0.05555555555555555
1270,2,0,2,0,181.34,17.64,135.94,1,529514.6756351104,180957.83463011807,0.1111111111111111
1271,0,0,0,0,175.4,26.07,132.23,0,529507.7752235256,180953.59904571172,0.0
1272,5,0,5,0,172.64,19.56,131.15,1,529504.1485163724,180950.12351339275,0.2777777777777778
1273,0,1,1,0,181.22,6.11,129.86,1,529516.9846663749,180976.56827445043,0.05555555555555555
1274,0,1,1,0,178.31,9.05,127.99,1,529513.8436015089,180973.91705839147,0.05555555555555555
1275,0,1,1,0,172.89,15.49,124.19,1,529508.0229586327,180970.3856127065,0.05555555555555555
1276,0,1,1,0,168.77,21.37,121.94,1,529503.3165165134,180966.20594270312,0.05555555555555555
1277,0,1,1,0,166.1,22.55,120.1,1,529500.3975730597,180964.77831722045,0.05555555555555555
1278,0,1,1,0,164.13,19.54,119.12,1,529498.083092802,180962.82479718467,0.05555555555555555
1279,0,1,1,0,163.1,17.88,118.65,1,529496.8449148838,180961.71065063452,0.05555555555555555
1280,2,0,2,0,155.59,6.54,115.3,1,529487.6575725905,180954.43968092953,0.1111111111111111
1281,2,0,2,0,148.29,12.53,106.62,1,529481.5853681758,180960.78055357467,0.1111111111111111
1282,0,0,0,0,142.87,20.8,99.29,0,529477.2817749052,180967.30181565217,0.0
1283,0,0,0,0,139.6,16.62,94.85,0,529474.5659895868,180971.15704024848,0.0
1284,1,0,1,0,136.52,10.33,89.40999999999998,1,529472.2101074159,180977.4572776412,0.05555555555555555
1285,3,0,3,0,132.37,7.06,83.5,1,529468.447286841,180982.63907708417,0.16666666666666666
1286,3,0,3,0,126.88,15.54,81.76999999999998,1,529462.4354869658,180976.66697219567,0.16666666666666666
1287,5,0,5,0,121.55,20.07,77.83,1,529457.004161434,180976.0776605928,0.2777777777777778
1288,2,0,2,0,118.19,31.38,76.94,1,529453.2041474902,180973.03727553,0.1111111111111111
1289,4,0,4,0,109.02,18.91,63.36,1,529445.165092176,180984.4465451745,0.2222222222222222
1290,2,0,2,0,113.15,22.25,65.51,1,529449.3928452882,180986.3762951066,0.1111111111111111
1291,1,0,1,0,116.35,18.56,67.05,1,529452.6445341288,180988.36795122703,0.05555555555555555
1292,0,0,0,0,119.96,14.75,69.13,0,529456.27714944,180990.28254778625,0.0
1293,3,0,3,0,126.29,8.82,73.14,1,529462.5635081579,180993.6095953525,0.16666666666666666
1294,1,0,1,0,124.5,6.4,69.74,1,529460.6187064139,180997.57061837384,0.05555555555555555
1295,2,1,3,0,122.02,7.41,65.54,1,529457.8103075144,181001.82626691784,0.16666666666666666
1296,1,0,1,0,121.01,9.48,62.99,1,529456.4000579633,181005.48428460516,0.05555555555555555
1297,5,0,5,0,116.13,17.19,50.65,1,529447.187714438,181025.06462338797,0.2777777777777778
1298,2,0,2,0,111.04,12.59,45.72,1,529442.2369660209,181023.8497926002,0.1111111111111111
1299,3,0,3,0,106.31,10.69,42.04,1,529438.3222447081,181020.48389131203,0.16666666666666666
1300,2,0,2,0,98.89,9.95,35.72,1,529431.4533804453,181017.52663643623,0.1111111111111111
1301,5,1,6,0,92.1,14.14,30.83,1,529425.3511371512,181014.10503410976,0.3333333333333333
1302,5,0,5,0,111.13,9.49,41.92,1,529429.9370441651,181050.39189364103,0.2777777777777778
1303,1,0,1,0,117.27,13.62,48.06,1,529435.0586391028,181053.78852726024,0.05555555555555555
1304,3,0,3,0,122.41,17.55,53.13,1,529439.8369439006,181055.845751108,0.16666666666666666
1305,1,6,7,0,129.39,17.49,60.06,1,529446.1782795168,181058.86460116296,0.3888888888888889
1306,0,0,0,0,135.44,12.92,66.13,0,529451.1012659294,181062.4090185915,0.0
1307,1,0,1,0,139.43,10.37,70.1,1,529454.5710674269,181064.377864808,0.05555555555555555
1308,1,0,1,0,146.49,9.27,77.15999999999998,1,529460.5556506484,181068.12028516544,0.05555555555555555
1309,3,1,4,0,153.9,13.34,84.58,1,529466.6337643671,181072.3779487432,0.2222222222222222
1310,2,0,2,0,160.7,18.64,91.36000000000001,1,529472.5204385489,181075.7759876559,0.1111111111111111
1311,5,0,5,0,166.42,11.64,97.06,1,529477.7936461425,181078.13269773085,0.2777777777777778
1312,0,0,0,0,173.29,8.43,103.94,0,529483.4540565964,181082.03783835995,0.0
1313,0,0,0,0,179.11,8.36,109.74,0,529488.94479723,181084.2291519682,0.0
1314,2,0,2,0,199.5,6.82,130.12,1,529506.365839928,181094.8178471158,0.1111111111111111
1315,0,0,0,0,179.73,14.11,110.53,0,529486.2125718802,181089.6599976476,0.0
1316,5,0,5,0,179.71,18.46,110.74,1,529483.6042150753,181093.4637997832,0.2777777777777778
1317,1,0,1,0,198.09,17.48,129.24,1,529496.9923054809,181106.34458039672,0.05555555555555555
1318,2,0,2,0,201.43,25.86,133.07,1,529495.0458117953,181114.4999352495,0.1111111111111111
1319,0,0,0,0,181.15,19.47,112.61,0,529480.9367352545,181099.5882533892,0.0
1320,3,0,3,0,182.05,22.65,113.78,1,529479.5990558396,181102.80519071367,0.16666666666666666
1321,0,0,0,0,183.92,30.91,116.47,0,529475.73379909,181110.44723388925,0.0
1322,0,0,0,0,201.2,32.78,133.35,0,529490.9658476241,181119.19509776763,0.0
1323,1,0,1,0,202.35,37.35,134.94,1,529488.8283273207,181123.4753255856,0.05555555555555555
1324,0,0,0,0,203.46,43.79,136.78,0,529485.1069038227,181129.26330128475,0.0
1325,1,0,1,0,186.7,27.76,120.36,1,529471.7483735005,181119.0150807115,0.05555555555555555
1326,0,0,0,0,188.33,27.6,122.98,0,529468.0190841904,181125.1124886723,0.0
1327,0,0,0,0,205.25,49.27,139.19,0,529482.7566221243,181134.31216254592,0.0
1328,0,0,0,0,206.78,45.76,141.36,0,529480.3216400328,181138.89443532427,0.0
1329,0,0,0,0,190.16,30.05,125.65,0,529465.3792269736,181130.15398001336,0.0
1330,2,0,2,0,133.81,25.41,67.58,1,529435.6460161374,181080.16688872027,0.1111111111111111
1331,8,0,8,0,139.39,20.89,72.4,1,529441.9894999616,181081.4121305683,0.4444444444444444
1332,1,0,1,0,145.58,14.07,79.01999999999998,1,529444.7278125904,181087.6742938457,0.05555555555555555
1333,4,0,4,0,151.27,10.92,84.09999999999998,1,529451.0673443109,181089.07425725504,0.2222222222222222
1334,0,0,0,0,157.48,7.94,90.26,0,529455.6949052665,181093.2172058994,0.0
1335,3,0,3,0,162.57,9.58,95.16,1,529460.1688080969,181095.8081405835,0.16666666666666666
1336,0,0,0,0,168.62,13.58,101.1,0,529465.101713594,181099.33963520423,0.0
1337,0,0,0,0,140.9,21.15,79.81,0,529425.8864951696,181099.2696246232,0.0
1338,0,0,0,0,144.21,18.03,82.62,0,529428.9321438178,181101.0501053636,0.0
1339,1,0,1,0,150.56,12.2,88.40999999999998,1,529433.8493029792,181105.20040951413,0.05555555555555555
1340,0,0,0,0,155.85,9.89,92.71,0,529439.7908700078,181107.05465498503,0.0
1341,1,0,1,0,163.57,9.11,100.15,1,529445.1552019172,181112.60965408027,0.05555555555555555
1342,1,0,1,0,168.17,8.9,103.84,1,529451.1243428064,181113.38094283867,0.05555555555555555
1343,2,0,2,0,174.27,13.86,109.47,1,529456.7447740394,181116.46551192037,0.1111111111111111
1344,0,0,0,0,153.33,9.51,97.06,0,529419.3854442205,181119.38422012425,0.0
1345,0,0,0,0,156.97,10.78,102.89,0,529415.1538681305,181126.24292455672,0.0
1346,0,0,0,0,160.96,13.62,108.06,0,529413.4675491863,181131.7731545208,0.0
1347,2,0,2,0,171.86,14.13,117.38,1,529421.572157318,181139.7200679788,0.1111111111111111
1348,1,0,1,0,174.83,14.79,119.5,1,529425.2087835884,181141.0511669872,0.05555555555555555
1349,1,0,1,0,177.38,13.08,121.46,1,529427.9766367187,181142.36014228224,0.05555555555555555
1350,1,0,1,0,184.92,14.47,127.41,1,529436.1875982082,181146.12990870568,0.05555555555555555
1351,1,0,1,0,208.21,38.31,143.83,1,529475.9166423723,181144.9746213353,0.05555555555555555
1352,1,0,1,0,211.29,32.48,147.65,1,529474.1297897019,181150.65708289263,0.05555555555555555
1353,0,0,0,0,213.37,26.06,150.68,0,529470.8024038562,181156.14548610456,0.0
1354,1,0,1,0,215.81,21.16,153.82,1,529468.9466207636,181160.74251994083,0.05555555555555555
1355,0,0,0,0,217.98,15.98,156.77,0,529466.5116624432,181165.32479911097,0.0
1356,2,0,2,0,190.86,32.16,127.29,1,529461.6972477025,181134.39487219576,0.1111111111111111
1357,1,0,1,0,193.47,37.35,130.6,1,529460.3241174689,181139.00420463568,0.05555555555555555
1358,2,0,2,0,196.19,31.11,134.38,1,529457.4715084393,181144.8143319024,0.1111111111111111
1359,0,0,0,0,199.33,25.03,138.54,0,529455.0050255391,181150.63429666404,0.0
1360,0,0,0,0,201.18,19.11,141.26,0,529452.485368892,181154.74999328968,0.0
1361,0,0,0,0,204.83,13.36,145.76,0,529450.8955460148,181160.2826704927,0.0
1362,0,0,0,0,207.91,6.91,150.02,0,529447.6568394699,181166.08296742776,0.0
1363,0,0,0,0,218.37,10.18,164.2,0,529437.3458235351,181184.0879583326,0.0
1364,0,0,0,0,213.48,12.28,160.02,0,529432.8877523099,181180.87820220616,0.0
1365,1,0,1,0,201.55,11.81,144.27,1,529442.5506343717,181161.7730208769,0.05555555555555555
1366,1,0,1,0,196.64,16.48,140.21,1,529437.4010746942,181159.1648900261,0.05555555555555555
1367,1,0,1,0,192.69,25.82,137.16,1,529432.7144572985,181157.3426075065,0.05555555555555555
1368,0,0,0,0,208.09,17.82,155.84,0,529426.6842644524,181177.93361758007,0.0
1369,0,0,0,0,204.97,21.91,153.62,0,529422.5689581842,181176.43551503864,0.0
1370,2,0,2,0,201.11,26.98,150.89,1,529417.5967037366,181174.45116107585,0.1111111111111111
1371,0,0,0,0,189.31,25.82,134.9,0,529427.7185458037,181156.28650413064,0.0
1372,0,0,0,0,186.4,28.9,132.89,0,529423.7884014441,181155.10273794644,0.0
1373,0,0,0,0,180.57,26.49,128.31,0,529417.9867559025,181151.54915810248,0.0
1374,0,0,0,0,194.89,46.03,145.9,0,529411.9113056145,181170.1264958684,0.0
1375,0,0,0,0,191.34,29.5,143.76,0,529406.6415729348,181168.44419837795,0.0
1376,0,0,0,0,186.85,23.26,141.12,0,529400.1327088256,181166.1111126772,0.0
1377,0,0,0,0,172.9,27.82,123.25,0,529408.2313105505,181147.740091302,0.0
1378,0,0,0,0,169.08,18.75,120.4,0,529404.6262014057,181145.17132408416,0.0
1379,0,0,0,0,166.94,15.64,119.23,0,529401.560875191,181144.16440773968,0.0
1380,0,0,0,0,162.5,10.99,116.36,0,529396.608277356,181141.4065248423,0.0
1381,0,0,0,0,172.47,7.85,132.01,0,529383.4763469418,181156.39839588097,0.0
1382,0,0,0,0,146.02,9.38,109.09,0,529373.5768844284,181131.68633652973,0.0
1383,0,3,3,0,150.91,18.03,176.63,1,529374.6314378448,181200.29415784124,0.16666666666666666
1384,3,0,3,0,155.12,18.55,183.03,1,529373.6011918602,181206.6151532477,0.16666666666666666
1385,0,0,0,0,163.4,25.3,191.09,0,529376.2843669428,181215.04322141304,0.0
1386,0,0,0,0,166.44,28.61,192.25,0,529379.3378373382,181216.51425340047,0.0
1387,0,0,0,0,170.91,33.55,193.87,0,529384.0204768685,181218.4911974457,0.0
1388,0,0,0,0,177.06,28.2,195.73,0,529391.01586127,181220.68184251856,0.0
1389,0,0,0,0,181.04,24.21,197.46,0,529395.026731816,181222.48688226024,0.0
1390,0,0,0,0,186.89,19.08,200.42,0,529400.5544803969,181225.4142230766,0.0
1391,0,0,0,0,192.45,15.02,203.36,0,529405.796576896,181228.1794857196,0.0
1392,0,0,0,0,153.34,39.58,169.1,0,529385.2298885534,181193.75233358887,0.0
1393,0,0,0,0,157.65,42.18,170.2,0,529389.9283041185,181195.11044247524,0.0
1394,0,0,0,0,163.15,33.86,173.91,0,529393.8879854024,181198.926711708,0.0
1395,0,0,0,0,167.47,29.58,174.81,0,529398.9843285135,181199.8305303093,0.0
1396,1,0,1,0,171.77,25.4,177.02,1,529402.8908053457,181201.94253816624,0.05555555555555555
1397,0,0,0,0,176.33,21.1,179.49,0,529406.9863972663,181204.21417532745,0.0
1398,0,0,0,0,229.76,15.63,182.84,0,529412.8037468051,181207.14890349293,0.0
1399,0,0,0,0,221.4,12.51,168.18,0,529434.7139050525,181188.82004497692,0.0
1400,1,0,1,0,224.01,17.0,171.73,1,529431.9007541145,181193.08308566947,0.05555555555555555
1401,0,0,0,0,228.24,20.84,176.53,0,529430.9984877944,181198.16884872748,0.0
1402,0,0,0,0,231.98,20.59,181.09,0,529428.8413460769,181203.2226511679,0.0
1403,0,0,0,0,235.41,14.99,185.45,0,529426.1089752428,181208.106993651,0.0
1404,0,1,1,0,238.63,9.1,189.74,1,529422.6043789828,181212.97167033987,0.05555555555555555
1405,0,0,0,0,231.55,7.28,174.55,0,529454.200993076,181189.78085325667,0.0
1406,0,0,0,0,235.15,10.38,178.97,0,529452.1324719886,181195.14652523652,0.0
1407,0,0,0,0,237.21,14.24,181.87,0,529449.2306620157,181199.0976775135,0.0
1408,0,0,0,0,240.85,19.67,186.29,0,529447.166090276,181204.30864140033,0.0
1409,0,0,0,0,243.97,24.99,190.15,0,529445.0207568937,181208.89830710035,0.0
1410,0,0,0,0,247.08,19.73,194.17,0,529442.0953152537,181213.7777235823,0.0
1411,0,0,0,0,265.59,8.25,216.41,0,529430.7383293194,181238.7225504825,0.0
1412,0,0,0,0,219.01,9.47,221.24,0,529427.704567689,181244.06364657503,0.0
1413,0,0,0,0,220.68,13.34,225.2,0,529425.5671471483,181248.34390008543,0.0
1414,0,0,0,0,223.51,19.22,230.7,0,529423.2937996825,181254.16879664484,0.0
1415,1,0,1,0,225.37,23.73,234.72,1,529421.1563866064,181258.44905194608,0.05555555555555555
1416,0,0,0,0,200.35,7.38,207.45,0,529413.5287081945,181231.78221746747,0.0
1417,0,0,0,0,202.62,9.49,212.33,0,529411.3715961574,181236.83602706503,0.0
1418,0,0,0,0,204.82,15.04,217.91,0,529408.036450385,181242.633890204,0.0
1419,0,0,0,0,208.74,20.54,224.28,0,529406.3265311331,181249.0923830852,0.0
1420,0,0,0,0,227.43,29.03,239.18,0,529418.6210452127,181263.18360495663,0.0
1421,0,0,0,0,209.3,26.25,228.06,0,529402.1699213479,181253.011606384,0.0
1422,0,0,0,0,212.4,33.13,234.26,0,529398.82297722,181259.27360556804,0.0
1423,0,0,0,0,214.0,44.33,238.2,0,529395.9212431733,181263.22478741745,0.0
1424,0,0,0,0,216.87,40.0,242.81,0,529394.1620892216,181267.8243054764,0.0
1425,0,0,0,0,218.8,36.74,246.66,0,529391.746941002,181271.63306893237,0.0
1426,0,0,0,0,223.78,26.83,254.87,0,529387.8701127536,181279.7393068604,0.0
1427,0,0,0,0,228.35,19.32,261.87,0,529384.8935552164,181286.6299862432,0.0
1428,0,0,0,0,230.07,34.61,244.3,0,529416.0699481944,181268.5369994488,0.0
1429,0,0,0,0,233.13,36.23,249.36,0,529414.1984896862,181273.7528928388,0.0
1430,0,0,0,0,235.57,29.43,254.89,0,529410.2841967946,181279.53600497273,0.0
1431,0,0,0,0,237.92,24.69,259.06,0,529408.1468041218,181283.81626555807,0.0
1432,0,0,0,0,241.86,12.89,269.6,0,529398.2580377011,181294.61325047904,0.0
1433,0,0,0,0,246.48,8.61,273.7,0,529400.4541898819,181298.6906098725,0.0
1434,0,0,0,0,249.06,9.55,274.04,0,529405.117972502,181298.92107868652,0.0
1435,0,0,0,0,252.66,12.65,275.08,0,529410.673004882,181299.7327814748,0.0
1436,0,0,0,0,256.88,17.57,276.51,0,529416.8492095635,181300.7837232856,0.0
1437,0,0,0,0,260.6,23.1,277.5,0,529422.8306746454,181301.27117998595,0.0
1438,0,0,0,0,264.77,27.71,279.6,0,529427.8782417405,181302.8519234629,0.0
1439,0,0,0,0,268.63,33.56,280.81,0,529433.8597038591,181303.33939320975,0.0
1440,0,0,0,0,273.53,39.2,283.45,0,529439.667740308,181305.1629317727,0.0
1441,0,0,0,0,287.04,52.8,287.56,0,529461.4130863168,181305.1583449797,0.0
1442,0,0,0,0,273.31,56.58,280.62,0,529444.0102945333,181301.5872295736,0.0
1443,0,0,0,0,271.5,51.12,276.58,0,529446.9157741705,181296.9695638892,0.0
1444,0,0,0,0,268.19,44.68,270.93,0,529449.234210421,181290.77305283412,0.0
1445,0,0,0,0,266.44,39.35,266.94,0,529451.9307465161,181286.15006706287,0.0
1446,0,0,0,0,263.82,33.88,262.18,0,529453.94783665,181280.8395341382,0.0
1447,0,0,0,0,311.12,30.59,259.62,0,529455.4873004534,181277.8626732164,0.0
1448,0,0,0,0,306.96,24.59,254.77,0,529458.1397923375,181272.23320876856,0.0
1449,0,0,0,0,303.26,19.09,250.39,0,529460.7112622147,181267.04850786543,0.0
1450,0,0,0,0,299.66,16.31,246.18,0,529462.9287907507,181262.0782041899,0.0
1451,0,0,0,0,295.52,9.9,241.25,0,529465.7987855106,181256.11916452492,0.0
1452,0,0,0,0,333.48,43.87,281.23,0,529467.0506472688,181297.25909556297,0.0
1453,0,0,0,0,330.87,39.98,278.18,0,529468.8857845227,181293.61953173304,0.0
1454,0,0,0,0,326.45,34.27,273.26,0,529470.4906709401,181288.0750894383,0.0
1455,0,0,0,0,323.98,30.21,270.24,0,529472.9583641549,181284.22822993965,0.0
1456,0,0,0,0,320.83,25.64,266.55,0,529475.1645212668,181279.7044680637,0.0
1457,0,0,0,0,317.99,21.44,263.12,0,529477.7160950344,181275.30121463205,0.0
1458,0,0,0,0,314.91,17.95,259.59,0,529479.2172113532,181271.0946102423,0.0
1459,0,0,0,0,311.2,12.5,255.22,0,529481.7972370022,181265.5750171932,0.0
1460,0,0,0,0,308.2,8.67,251.64,0,529484.0759052655,181260.9413996247,0.0
1461,0,0,0,0,254.47,14.08,201.98,0,529442.6305362389,181221.6818655892,0.0
1462,0,0,0,0,258.7,16.17,205.64,0,529446.6717682608,181224.46576373908,0.0
1463,0,0,0,0,262.52,19.57,208.86,0,529450.8665187801,181226.69504298124,0.0
1464,1,0,1,0,256.4,33.74,201.7,1,529453.5844353558,181218.49799057265,0.05555555555555555
1465,0,0,0,0,258.62,34.77,203.28,0,529457.5460812885,181218.93403142833,0.0
1466,0,0,0,0,262.19,26.97,206.43,0,529460.9746579056,181221.14380082427,0.0
1467,0,0,0,0,266.63,23.66,212.17,0,529456.2538828711,181228.61958741955,0.0
1468,0,0,0,0,270.86,18.69,215.74,0,529461.145146669,181230.86661903275,0.0
1469,0,0,0,0,274.67,14.62,219.18,0,529464.495529278,181233.4095190336,0.0
1470,0,0,0,0,272.22,14.21,221.56,0,529439.5245154905,181242.380175624,0.0
1471,0,0,0,0,275.5,17.98,224.32,0,529443.0255783922,181244.48007308025,0.0
1472,0,0,0,0,278.38,21.89,226.48,0,529447.4548618984,181245.70996490368,0.0
1473,0,0,0,0,281.67,20.95,229.12,0,529451.8031164724,181247.38462295948,0.0
1474,0,0,0,0,286.18,16.19,233.02,0,529456.5408404411,181250.1862726504,0.0
1475,0,0,0,0,290.79,11.48,236.93,0,529461.8414613929,181252.77885411252,0.0
1476,0,0,0,0,283.55,6.69,227.02,0,529473.6341033165,181238.5574366216,0.0
1477,0,0,0,0,280.4,12.61,223.07,0,529476.7685089579,181233.16367216327,0.0
1478,1,0,1,0,277.88,14.17,219.93,1,529479.1083041246,181228.86672953007,0.05555555555555555
1479,0,0,0,0,274.71,19.14,215.97,0,529482.0366088792,181223.35601001504,0.0
1480,0,0,0,0,271.13,18.64,211.73,0,529484.0594403484,181217.8222203185,0.0
1481,0,0,0,0,268.58,13.89,208.6,0,529486.1234832417,181213.4065476661,0.0
1482,0,0,0,0,300.69,9.61,242.57,0,529490.3817012451,181248.70264121433,0.0
1483,0,0,0,0,297.63,9.36,238.96,0,529492.3149691955,181243.94851885905,0.0
1484,1,0,1,0,294.91,13.47,235.45,1,529495.9398007289,181238.4555558646,0.05555555555555555
1485,0,0,0,0,290.98,17.29,230.96,0,529497.4082710191,181232.79593778067,0.0
1486,0,0,0,0,288.98,20.86,228.39,0,529500.0238478,181228.61773839893,0.0
1487,0,0,0,0,285.72,15.65,224.43,0,529502.6821017036,181222.76502811268,0.0
1488,0,0,0,0,283.57,12.73,221.68,0,529505.3787194688,181218.1420698097,0.0
1489,0,0,0,0,280.51,12.39,217.97,0,529507.8948346745,181212.39744622193,0.0
1490,0,0,0,0,265.2,8.54,204.54,0,529488.215974846,181207.87453434456,0.0
1491,0,0,0,0,278.65,8.22,215.46,0,529511.0150666134,181207.56187298425,0.0
1492,0,0,0,0,237.76,11.84,180.1,0,529459.863300894,181193.6356640494,0.0
1493,2,0,2,0,243.5,17.4,185.26,1,529465.1412290419,181197.12132106628,0.1111111111111111
1494,0,0,0,0,247.22,21.25,188.58,0,529468.7816195289,181199.224784786,0.0
1495,1,0,1,0,251.57,27.57,192.56,1,529472.686396025,181201.8935202713,0.05555555555555555
1496,0,0,0,0,255.14,17.13,195.44,0,529477.962917887,181202.69819668328,0.0
1497,0,0,0,0,259.92,13.9,199.98,0,529481.5720110494,181206.02964539648,0.0
1498,0,0,0,0,226.4,10.5,165.9,0,529467.5878144356,181174.95403682225,0.0
1499,0,0,0,0,231.89,14.54,170.99,0,529472.3113796978,181178.3138707446,0.0
1500,2,0,2,0,235.67,19.26,174.22,1,529477.0193270015,181179.5508857552,0.1111111111111111
1501,0,0,0,0,242.29,22.84,180.55,0,529482.06270181,181184.03594365093,0.0
1502,0,0,0,0,247.12,18.25,185.02,0,529486.666855254,181186.6108027962,0.0
1503,0,0,0,0,251.08,15.52,188.45,0,529491.7983969925,181187.6352120864,0.0
1504,0,0,0,0,257.05,7.15,194.11,0,529497.0066585125,181191.11912759213,0.0
1505,0,0,0,0,254.1,12.08,190.29,0,529500.5235162919,181184.3946421769,0.0
1506,0,0,0,0,251.87,17.37,187.41,0,529503.2372190763,181179.10187784315,0.0
1507,0,0,0,0,250.09,15.97,185.03,0,529505.9395476256,181174.25565146544,0.0
1508,0,0,0,0,248.55,19.37,182.96,0,529508.4940403912,181169.74077874236,0.0
1509,0,0,0,0,246.71,23.9,180.59,0,529510.9206114899,181164.7758204997,0.0
1510,0,0,0,0,245.45,28.21,178.86,0,529513.472267931,181160.372584332,0.0
1511,0,0,0,0,244.58,32.07,177.6,0,529515.7978986962,181156.63382869423,0.0
1512,1,0,1,0,242.11,39.46,174.54,1,529518.8357657506,181149.562026945,0.05555555555555555
1513,0,0,0,0,240.8,42.91,172.99,0,529519.965919016,181146.2396312368,0.0
1514,0,0,0,0,240.74,28.71,172.43,0,529524.6441794,181140.43841396793,0.0
1515,0,0,0,0,238.35,24.0,169.63,0,529527.342336,181133.02283830545,0.0
1516,0,0,0,0,269.59,5.98,204.31,0,529520.0219536049,181187.79593322217,0.0
1517,0,0,0,0,267.52,12.43,201.64,0,529523.0256676325,181182.06374352967,0.0
1518,0,0,0,0,264.01,25.07,197.09,0,529529.0245787257,181170.93427169483,0.0
1519,0,0,0,0,261.85,35.2,194.19,0,529534.05826944,181162.1260428881,0.0
1520,0,0,0,0,260.71,33.17,192.8,0,529535.6845386745,181158.48117608565,0.0
1521,0,0,0,0,259.57,28.53,191.39,0,529537.6733035977,181154.28701647365,0.0
1522,1,0,1,0,259.51,23.35,191.04,1,529540.9158291182,181150.12481670248,0.05555555555555555
1523,0,0,0,0,257.52,17.36,188.78,0,529542.8051342068,181144.3642302073,0.0
1524,0,0,0,0,257.34,12.09,188.38,0,529545.7747479876,181139.97166303135,0.0
1525,0,0,0,0,256.05,4.55,186.86,0,529548.9462811326,181133.12669804087,0.0
1526,0,0,0,0,238.72,19.73,169.73,0,529531.2984724747,181128.2085809365,0.0
1527,0,0,0,0,238.28,18.62,169.18,0,529532.7655237505,181125.34160137072,0.0
1528,1,0,1,0,237.95,17.69,168.7,1,529535.2447179665,181121.04823450043,0.05555555555555555
1529,0,0,0,0,238.37,18.04,168.99,0,529539.4354418885,181115.23460244105,0.0
1530,2,0,2,0,215.71,21.58,146.37,1,529518.8451376304,181105.43814246712,0.1111111111111111
1531,0,0,0,0,210.39,15.74,141.02,0,529515.6240917405,181100.5526664859,0.0
1532,0,0,0,0,205.9,11.68,136.52,0,529511.7803740589,181098.220576733,0.0
1533,0,0,0,0,228.35,26.97,165.17,0,529481.812739032,181166.4916358787,0.0
1534,0,0,0,0,224.94,41.43,160.49,0,529486.5620486806,181157.8995307652,0.0
1535,0,0,0,0,222.28,46.71,156.96,0,529489.7974551675,181151.2795731668,0.0
1536,0,0,0,0,220.25,51.5,154.23,0,529492.5168510447,181145.76353497,0.0
1537,8,0,8,0,182.32,18.29,123.22,1,529518.0649138689,181004.78504249916,0.4444444444444444
1538,2,0,2,0,178.19,12.24,118.08,1,529513.5233457098,181009.10808942615,0.1111111111111111
1539,3,0,3,0,175.34,7.58,113.94,1,529509.9807651675,181014.59800016665,0.16666666666666666
1540,0,0,0,0,166.17,11.91,101.38,0,529497.8069852778,181029.63330304183,0.0
1541,3,0,3,0,171.06,14.06,105.96,1,529502.2564331258,181032.02948736725,0.16666666666666666
1542,0,0,0,0,177.15,18.04,111.77,0,529507.8888515376,181034.58264413767,0.0
1543,0,0,0,0,185.67,9.44,119.77,0,529515.4433616285,181039.34077367367,0.0
1544,0,0,0,0,188.68,15.14,123.79,0,529520.0236669731,181033.49684650835,0.0
1545,3,0,3,0,190.63,20.92,126.68,1,529523.1643845885,181028.25034568465,0.16666666666666666
1546,1,0,1,0,193.22,26.92,130.18,1,529526.6875899201,181023.52088502716,0.05555555555555555
1547,0,0,0,0,195.5,31.4,133.23,0,529529.6378560718,181019.53775882543,0.0
1548,0,0,0,0,197.5,36.53,136.15,0,529532.2879560664,181014.91287098627,0.0
1549,2,0,2,0,164.03,22.7,97.42,1,529492.88935118,181039.40015070536,0.1111111111111111
1550,0,0,0,0,169.96,24.63,103.08,0,529498.1067508972,181042.5595332537,0.0
1551,2,0,2,0,175.03,21.15,107.91,1,529502.4918402322,181045.44550893857,0.1111111111111111
1552,1,0,1,0,179.2,11.79,111.89,1,529506.0467621644,181047.9740623864,0.05555555555555555
1553,2,0,2,0,183.74,7.06,116.55,1,529510.7624559337,181048.1783026586,0.1111111111111111
1554,0,0,0,0,183.17,9.47,115.54,0,529508.9405217918,181051.74678573507,0.0
1555,1,0,1,0,162.04,8.94,93.89,1,529487.0609249073,181049.9282446401,0.05555555555555555
1556,2,0,2,0,168.64,11.47,100.33,1,529492.7393962509,181053.51970853008,0.1111111111111111
1557,2,0,2,0,174.48,10.62,105.97,1,529497.4111702542,181057.50586559527,0.1111111111111111
1558,0,0,0,0,178.19,7.37,109.62,0,529500.5574277957,181059.60366346184,0.0
1559,2,0,2,0,182.76,4.52,114.1,1,529504.3701596707,181062.3069211981,0.1111111111111111
1560,0,0,0,0,182.13,10.96,114.0,0,529506.2060355638,181056.13269200167,0.0
1561,0,0,0,0,240.98,9.02,171.66,0,529550.446798285,181101.02373687224,0.0
1562,1,0,1,0,235.63,13.1,166.33,1,529546.2481263853,181097.47970791513,0.05555555555555555
1563,0,0,0,0,228.92,19.68,159.61,0,529540.022939954,181094.91512523853,0.0
1564,0,0,0,0,223.06,25.3,153.76,0,529535.0267725169,181091.80904414423,0.0
1565,0,0,0,0,224.13,24.42,155.12,0,529539.9400844881,181084.1437563057,0.0
1566,0,0,0,0,211.36,16.47,142.08,0,529524.8494999873,181086.02753685412,0.0
1567,1,0,1,0,204.98,11.57,135.76,1,529520.1020893764,181081.24750200656,0.05555555555555555
1568,0,0,0,0,210.98,19.2,141.93,0,529527.5576178252,181079.57390400127,0.0
1569,1,0,1,0,211.18,25.93,142.37,1,529529.8551322882,181074.9734228084,0.05555555555555555
1570,0,0,0,0,211.56,21.9,143.11,0,529532.5365597376,181069.5673958967,0.0
1571,0,0,0,0,211.48,18.15,143.51,0,529534.8000242922,181063.45186082192,0.0
1572,1,0,1,0,212.63,15.06,145.08,1,529537.524421032,181059.2116913873,0.05555555555555555
1573,0,0,0,0,213.99,10.44,146.9,0,529540.3184835297,181055.0897750261,0.0
1574,1,0,1,0,218.53,8.19,153.12,1,529548.7244349169,181041.7928319417,0.05555555555555555
1575,0,0,0,0,229.0,7.11,163.65,0,529559.1532806222,181043.2234488764,0.0
1576,0,0,0,0,232.02,6.08,166.57,0,529561.9561206687,181044.4596639833,0.0
1577,0,0,0,0,234.96,5.43,169.55,0,529564.9309247814,181044.65198066656,0.0
1578,0,0,0,0,239.13,8.37,173.57,0,529568.7297888577,181046.7289251469,0.0
1579,0,0,0,0,196.86,9.09,127.92,0,529515.5429905481,181071.92970795467,0.0
1580,0,0,0,0,197.11,11.98,128.44,0,529517.6863408501,181067.6747206876,0.0
1581,0,0,0,0,198.51,12.84,130.24,0,529521.1518368796,181062.8710505504,0.0
1582,0,0,0,0,199.59,8.32,131.77,0,529524.0303789288,181058.28537496252,0.0
1583,1,0,1,0,201.6,6.48,134.28,1,529527.6263101207,181054.06741309437,0.05555555555555555
1584,0,0,0,0,201.93,7.27,135.22,0,529529.6511213006,181048.761125138,0.0
1585,1,0,1,0,203.73,11.25,137.53,1,529532.5785721712,181045.10850834692,0.05555555555555555
1586,0,0,0,0,205.23,16.68,139.8,0,529535.550530744,181039.70988766244,0.0
1587,2,0,2,0,206.89,18.35,142.13,1,529538.2779064766,181035.353318191,0.1111111111111111
1588,1,0,1,0,209.12,20.44,145.05,1,529541.438092254,181031.12425828233,0.05555555555555555
1589,0,0,0,0,210.82,24.03,147.51,0,529544.0261537929,181026.53118846985,0.0
1590,1,0,1,0,213.2,27.18,150.52,1,529547.026255937,181022.8804310849,0.05555555555555555
1591,2,0,2,0,215.9,25.19,154.05,1,529550.4162120083,181018.1913292763,0.1111111111111111
1592,0,0,0,0,217.99,18.9,157.17,0,529553.179218522,181012.43796320423,0.0
1593,2,0,2,0,221.94,14.61,161.8,1,529557.4896260411,181008.70413796787,0.1111111111111111
1594,1,0,1,0,224.36,8.88,165.35,1,529560.3341766369,181002.60342610243,0.05555555555555555
1595,8,0,8,0,227.91,7.34,169.78,1,529564.0902713473,180997.807190608,0.4444444444444444
1596,2,0,2,0,230.38,8.9,172.86,1,529566.6457254224,180994.4945358582,0.1111111111111111
1597,0,0,0,0,230.63,9.4,173.58,0,529566.92593249,180992.0556833734,0.0
1598,1,0,1,0,233.61,16.5,177.42,1,529569.8801497131,180987.3554842325,0.05555555555555555
1599,0,0,0,0,236.93,11.63,181.51,0,529573.1130191833,180983.12829511607,0.0
1600,0,0,0,0,231.16,7.0,170.02,0,529566.2079307612,181014.51724881155,0.0
1601,0,0,0,0,235.32,4.57,173.84,0,529570.1491079753,181016.7142975758,0.0
1602,1,0,1,0,240.3,6.86,178.35,1,529574.7928290196,181019.861070009,0.05555555555555555
1603,0,0,0,0,245.54,10.96,183.34,0,529579.8293678502,181021.85310244895,0.0
1604,0,0,0,0,210.1,7.15,162.16,0,529543.7189033648,180957.04285416327,0.0
1605,0,0,0,0,214.47,9.49,165.22,0,529548.6891448377,180960.72020887432,0.0
1606,0,0,0,0,218.73,14.01,168.33,0,529553.4286205334,180964.13806741004,0.0
1607,0,0,0,0,222.48,18.59,171.13,0,529557.5451964841,180967.15962318968,0.0
1608,0,0,0,0,221.18,17.01,168.02,0,529556.9463038145,180975.13334641204,0.0
1609,0,0,0,0,219.16,13.63,165.33,0,529555.1227029961,180978.38390228516,0.0
1610,0,0,0,0,217.31,11.23,162.99,0,529553.3975603536,180980.8761123893,0.0
1611,0,0,0,0,213.84,8.84,158.79,0,529550.0586570841,180984.59527974736,0.0
1612,0,0,0,0,221.29,5.61,175.96,0,529552.6012481896,180943.8274780335,0.0
1613,0,0,0,0,224.2,6.82,177.95,0,529556.0981762386,180946.32599871137,0.0
1614,0,0,0,0,227.65,10.34,180.61,0,529560.0033906134,180948.32769284083,0.0
1615,0,0,0,0,229.98,13.52,181.98,0,529562.9306445648,180951.44574277833,0.0
1616,0,0,0,0,234.19,6.76,184.65,0,529568.0202552321,180956.64787240908,0.0
1617,0,0,0,0,237.94,6.56,189.1,0,529571.2075041803,180952.6712305077,0.0
1618,0,0,0,0,240.18,8.91,191.92,0,529572.9488192382,180949.5453912117,0.0
1619,0,0,0,0,243.25,13.53,195.9,0,529575.2065803704,180944.78419762937,0.0
1620,0,0,0,0,245.76,17.33,199.08,0,529577.0398980863,180941.15346769884,0.0
1621,0,0,0,0,248.82,16.16,202.83,0,529579.3541222131,180937.28138102224,0.0
1622,0,0,0,0,251.03,14.07,205.72,0,529580.7920768855,180933.64057187407,0.0
1623,0,0,0,0,244.72,5.37,193.62,0,529579.2243438794,180960.99142821357,0.0
1624,0,0,0,0,246.45,6.15,195.73,0,529580.7025922585,180958.87335926353,0.0
1625,0,0,0,0,248.59,8.47,198.62,0,529582.3083831376,180954.85640175623,0.0
1626,0,0,0,0,251.45,12.6,202.25,0,529584.5532261815,180950.60212022392,0.0
1627,0,0,0,0,254.43,16.85,205.87,0,529586.94329453,180946.85878013048,0.0
1628,1,0,1,0,256.9,20.58,208.93,1,529588.849230988,180943.48352457132,0.05555555555555555
1629,1,0,1,0,261.66,24.03,215.17,1,529592.0640676758,180935.32288801193,0.05555555555555555
1630,0,0,0,0,243.06,5.91,191.56,0,529577.8219388169,180963.2382406842,0.0
1631,0,0,0,0,245.13,5.05,204.17,0,529570.5347383292,180918.29522345812,0.0
1632,0,0,0,0,252.65,10.68,208.62,0,529581.0006800697,180927.68593969796,0.0
1633,1,0,1,0,256.96,18.53,217.73,1,529579.1271302898,180906.51440673295,0.05555555555555555
1634,0,0,0,0,258.13,16.95,217.96,0,529581.4580565963,180909.74736045193,0.0
1635,0,0,0,0,260.45,17.14,219.26,0,529584.9046385379,180912.90958906824,0.0
1636,0,0,0,0,263.38,19.04,221.03,0,529589.0806680392,180916.5862828967,0.0
1637,0,0,0,0,270.03,26.54,228.91,0,529593.6142117826,180908.6689012952,0.0
1638,0,0,0,0,279.32,22.43,236.43,0,529604.5700461047,180912.78932275393,0.0
1639,0,0,0,0,275.67,27.29,232.18,0,529601.9489694968,180916.90980613307,0.0
1640,0,0,0,0,271.58,33.21,227.26,0,529599.1068192878,180922.11025569303,0.0
1641,0,0,0,0,267.39,30.65,219.62,0,529598.7608805153,180939.47107327412,0.0
1642,0,0,0,0,271.57,26.41,222.98,0,529603.5289836996,180942.22912743327,0.0
1643,0,0,0,0,276.47,18.76,226.58,0,529609.3943104789,180947.49654549407,0.0
1644,0,0,0,0,276.6,34.76,231.04,0,529605.2939123103,180926.14518429732,0.0
1645,1,0,1,0,280.42,37.05,233.92,1,529609.9534615636,180929.36573397488,0.05555555555555555
1646,0,0,0,0,283.86,24.9,236.28,0,529614.3919243399,180933.6662523034,0.0
1647,0,0,0,0,288.13,20.5,239.8,0,529619.2606840496,180936.27180231587,0.0
1648,0,0,0,0,381.57,7.98,340.34,0,529696.1695033883,180863.7669690767,0.0
1649,0,0,0,0,368.93,4.39,326.07,0,529687.8189586371,180878.6109759413,0.0
1650,0,0,0,0,365.88,7.21,322.39,0,529686.1735318529,180883.5880215889,0.0
1651,0,0,0,0,354.79,6.41,314.01,0,529670.7132126227,180872.09083456153,0.0
1652,0,0,0,0,316.11,4.89,268.93,0,529644.8624039714,180921.9258348922,0.0
1653,0,0,0,0,311.85,5.85,263.99,0,529641.6008908668,180927.01375972436,0.0
1654,0,0,0,0,308.89,9.03,260.67,0,529639.156251461,180929.8411457001,0.0
1655,0,0,0,0,304.82,13.4,255.72,0,529636.1560032923,180935.8482891681,0.0
1656,0,0,0,0,301.55,8.65,251.87,0,529633.5816398105,180940.04119519447,0.0
1657,0,0,0,0,316.65,18.72,265.55,0,529649.5956591909,180944.7082669431,0.0
1658,0,0,0,0,311.9,11.56,260.27,0,529645.4051550695,180949.01203085604,0.0
1659,0,0,0,0,308.12,5.88,255.78,0,529642.2384954394,180954.10237450968,0.0
1660,0,0,0,0,296.72,6.19,246.76,0,529629.1453982093,180942.817785572,0.0
1661,0,0,0,0,286.35,6.71,235.0,0,529620.1566334583,180952.93076656444,0.0
1662,0,0,0,0,284.04,8.8,231.56,0,529618.654451689,180959.73658636963,0.0
1663,0,0,0,0,281.69,13.98,228.22,0,529616.8871409079,180965.77518546316,0.0
1664,0,0,0,0,279.65,17.33,225.19,0,529615.309510164,180971.81862264857,0.0
1665,0,0,0,0,278.22,12.66,223.03,0,529614.1499987784,180976.3518055353,0.0
1666,0,0,0,0,275.79,5.62,219.52,0,529611.983964372,180983.14069623657,0.0
1667,0,0,0,0,304.89,7.16,251.09,0,529639.9987497231,180963.779119954,0.0
1668,0,0,0,0,302.75,10.71,248.37,0,529638.1869784985,180967.83938439633,0.0
1669,0,0,0,0,299.94,17.81,244.52,0,529635.8234784347,180974.92741299057,0.0
1670,0,0,0,0,297.49,23.45,241.27,0,529633.5974690819,180980.34593914967,0.0
1671,0,0,0,0,294.75,16.98,237.79,0,529630.9959894589,180985.60279709,0.0
1672,0,0,0,0,292.72,12.9,235.25,0,529629.0061870762,180989.20224771273,0.0
1673,0,0,0,0,249.42,17.06,193.36,0,529585.651846542,180984.9026749713,0.0
1674,0,0,0,0,254.23,22.64,197.49,0,529590.5059031057,180988.0682831749,0.0
1675,0,0,0,0,258.4,14.62,200.97,0,529594.6844617366,180991.6729464319,0.0
1676,0,0,0,0,264.43,8.65,206.55,0,529600.6998149349,180993.9556272929,0.0
1677,0,0,0,0,252.81,13.71,199.95,0,529588.081385846,180967.77825135813,0.0
1678,0,0,0,0,257.56,18.21,203.88,0,529593.1212586169,180971.1006912044,0.0
1679,0,0,0,0,262.04,21.18,207.52,0,529597.8649828689,180974.8718598124,0.0
1680,1,0,1,0,268.27,13.32,213.09,1,529604.2480790665,180977.6201971585,0.05555555555555555
1681,0,0,0,0,289.28,5.72,230.9,0,529625.5201625916,180995.65328108065,0.0
1682,0,0,0,0,270.77,5.13,212.29,0,529606.9725426037,180997.30952197887,0.0
1683,0,0,0,0,284.63,6.03,224.86,0,529620.522420481,181005.56387205207,0.0
1684,0,0,0,0,281.57,9.74,221.19,0,529617.1816490536,181010.04142117823,0.0
1685,0,0,0,0,280.19,15.66,219.01,0,529615.3233926531,181015.92560916927,0.0
1686,0,0,0,0,278.38,18.72,216.7,0,529613.1400611049,181019.6722212456,0.0
1687,0,0,0,0,277.59,24.54,215.15,0,529611.6611607855,181025.5660854345,0.0
1688,0,0,0,0,273.52,32.71,210.09,0,529606.4332281168,181033.34153201504,0.0
1689,0,0,0,0,272.28,37.5,208.3,0,529604.4202028498,181037.85294982087,0.0
1690,0,0,0,0,270.18,43.59,205.55,0,529601.242006359,181043.39929707677,0.0
1691,0,0,0,0,268.2,48.69,203.06,0,529598.2806219354,181047.88653225312,0.0
1692,1,0,1,0,267.71,34.42,202.05,1,529596.6353275817,181052.86360581973,0.05555555555555555
1693,0,0,0,0,265.7,33.66,199.58,0,529593.4881550695,181057.1940138604,0.0
1694,1,0,1,0,265.61,35.32,199.06,1,529592.1351289123,181061.8743579576,0.05555555555555555
1695,0,0,0,0,268.24,7.2,209.11,0,529604.2995177732,181001.65201669847,0.0
1696,0,0,0,0,267.59,9.56,207.77,0,529603.4245338255,181006.1924576254,0.0
1697,0,0,0,0,265.01,14.26,204.6,0,529600.5695934749,181010.2261312173,0.0
1698,0,0,0,0,263.29,18.9,202.22,0,529598.4617283965,181014.7351328164,0.0
1699,0,0,0,0,260.91,23.39,199.32,0,529595.7132613844,181018.31524855873,0.0
1700,0,0,0,0,259.96,24.07,197.41,0,529593.9227387529,181025.2658132713,0.0
1701,0,0,0,0,257.71,23.72,194.7,0,529591.1820317718,181028.54194541372,0.0
1702,0,0,0,0,257.1,25.59,193.57,0,529589.9432176054,181032.4647433834,0.0
1703,0,0,0,0,255.61,27.87,191.5,0,529587.6456961735,181036.9689127315,0.0
1704,0,0,0,0,253.69,19.94,189.06,0,529584.8817455885,181041.15700608073,0.0
1705,3,0,3,0,251.65,18.58,186.15,1,529581.1992719885,181048.37319806567,0.16666666666666666
1706,0,0,0,0,249.98,18.74,184.04,0,529578.5413574906,181052.20834688644,0.0
1707,1,0,1,0,248.67,21.52,182.13,1,529575.6477936184,181057.93891082524,0.05555555555555555
1708,0,0,0,0,247.01,23.85,180.07,0,529572.8026836864,181061.76928943172,0.0
1709,0,0,0,0,263.48,36.57,196.44,0,529588.4028814051,181067.0707294247,0.0
1710,1,0,1,0,245.74,28.1,178.33,1,529569.8620287606,181066.8982065208,0.05555555555555555
1711,1,0,1,0,245.32,24.15,177.46,1,529567.5351932475,181072.4430740185,0.05555555555555555
1712,1,0,1,0,244.59,20.05,176.42,1,529565.2440589003,181076.58780476407,0.05555555555555555
1713,1,0,1,0,245.97,13.94,177.44,1,529564.2722097584,181082.86774294896,0.05555555555555555
1714,0,0,0,0,263.32,31.29,195.86,0,529586.5828861805,181072.32828864132,0.0
1715,1,0,1,0,262.51,25.6,194.66,1,529583.951678436,181077.56516351397,0.05555555555555555
1716,0,0,0,0,261.34,19.36,193.1,0,529580.68881402,181083.086158104,0.0
1717,0,0,0,0,260.43,14.13,191.9,0,529577.870285036,181087.7894248427,0.0
1718,4,0,4,0,261.45,10.79,192.69,1,529576.9090116215,181092.777832386,0.2222222222222222
1719,0,0,0,0,259.84,7.07,190.93,0,529573.8426855193,181095.8187986548,0.0
1720,0,0,0,0,260.25,6.65,191.16,0,529572.123017365,181100.56507399748,0.0
1721,0,0,0,0,243.29,10.01,174.39,0,529558.7229119162,181089.08362058265,0.0
1722,0,0,0,0,258.93,6.46,189.63,0,529567.1428445335,181107.79037809523,0.0
1723,1,0,1,0,258.11,7.77,188.74,1,529564.6322238843,181110.84551746477,0.05555555555555555
1724,0,0,0,0,257.01,10.73,187.6,0,529561.6297005177,181114.11091341497,0.0
1725,2,0,2,0,257.57,15.93,188.15,1,529559.4876051247,181119.06921917756,0.1111111111111111
1726,2,0,2,0,256.62,8.29,187.22,1,529556.2681917942,181122.66328303932,0.1111111111111111
1727,0,0,0,0,255.39,3.5,186.03,0,529552.7556148395,181126.03414940703,0.0
1728,0,0,0,0,389.5,92.4,329.75,0,529544.1826939012,181319.85232281376,0.0
1729,2,0,2,0,387.23,91.06,327.11,1,529546.302900083,181315.81114302893,0.1111111111111111
1730,1,0,1,0,332.56,36.61,273.62,1,529510.4914070176,181273.77617639376,0.05555555555555555
1731,1,0,1,0,275.83,8.42,210.31,1,529525.8764678821,181190.85659718243,0.05555555555555555
1732,0,0,0,0,264.62,10.76,195.46,0,529555.3975295785,181138.89564569504,0.0
1733,1,0,1,0,270.11,9.36,200.97,1,529559.4048414689,181142.75802248367,0.05555555555555555
1734,0,0,0,0,276.31,6.74,207.14,0,529565.2065493099,181145.25607087332,0.0
1735,2,0,2,0,282.45,9.93,213.28,1,529570.1987628549,181148.8302161715,0.1111111111111111
1736,3,0,3,0,288.16,14.01,218.96,1,529575.7193567017,181150.8510827567,0.16666666666666666
1737,2,0,2,0,284.9,22.04,216.14,1,529564.6119703482,181160.9084739983,0.1111111111111111
1738,0,0,0,0,296.63,16.51,227.44,0,529582.3284195665,181156.18989876285,0.0
1739,2,0,2,0,301.89,13.37,232.76,1,529585.1274508184,181161.43156839808,0.1111111111111111
1740,6,0,6,0,307.27,9.2,238.12,1,529590.0538835998,181163.7506518936,0.3333333333333333
1741,2,0,2,0,314.25,9.25,245.12,1,529595.2095038911,181168.58239563537,0.1111111111111111
1742,3,0,3,0,320.22,12.07,251.09,1,529600.2096596599,181171.84342357135,0.16666666666666666
1743,1,0,1,0,326.08,9.01,256.9,1,529606.23065968,181173.40705955893,0.05555555555555555
1744,0,0,0,0,330.95,6.74,261.74,0,529611.1810320345,181174.7867208824,0.0
1745,1,0,1,0,335.77,9.75,266.58,1,529614.6101056186,181178.3210451288,0.05555555555555555
1746,0,0,0,0,342.14,9.25,272.92,0,529620.8105041963,181180.51597736607,0.0
1747,1,0,1,0,341.3,9.94,271.9,1,529627.9804660646,181167.69478103876,0.05555555555555555
1748,3,0,3,0,334.67,9.66,265.27,1,529622.4021538448,181164.105626818,0.16666666666666666
1749,0,0,0,0,328.64,6.89,259.25,0,529616.4868266099,181162.231315836,0.0
1750,0,0,0,0,323.86,9.65,254.47,0,529612.8543701938,181159.00515490433,0.0
1751,1,0,1,0,318.8,13.43,249.41,1,529608.6237720195,181156.23376868424,0.05555555555555555
1752,2,0,2,0,312.72,10.04,243.32,1,529604.2417080008,181151.73509091497,0.1111111111111111
1753,1,0,1,0,307.19,9.73,237.79,1,529598.7091462738,181150.1839146347,0.05555555555555555
1754,3,0,3,0,300.85,17.37,231.43,1,529595.7706357474,181142.7452211376,0.16666666666666666
1755,2,0,2,0,295.72,20.22,226.3,1,529590.7265276219,181141.20651040145,0.1111111111111111
1756,2,0,2,0,289.61,17.88,220.19,1,529585.8360055962,181137.47826214216,0.1111111111111111
1757,1,0,1,0,284.3,12.7,214.89,1,529580.3931317643,181136.2427449799,0.05555555555555555
1758,1,0,1,0,279.14,9.49,209.73,1,529575.8614328721,181133.77706133455,0.05555555555555555
1759,1,0,1,0,270.46,12.06,201.05,1,529569.6750427843,181127.19562701933,0.05555555555555555
1760,0,0,0,0,269.33,8.48,199.94,0,529566.1599666368,181130.8662218112,0.0
1761,0,0,0,0,263.76,12.77,194.37,0,529561.1397894521,181128.38809778975,0.0
1762,1,0,1,0,332.28,11.52,270.95,1,529667.3677567992,181018.60427118247,0.05555555555555555
1763,1,0,1,0,309.29,9.25,247.02,1,529643.5177386977,181026.14293956367,0.05555555555555555
1764,1,0,1,0,295.84,8.38,234.59,1,529630.9472894756,181016.89177033032,0.05555555555555555
1765,2,0,2,0,308.7,9.83,248.51,1,529644.4575603255,181008.46256185873,0.1111111111111111
1766,1,0,1,0,339.78,22.99,279.86,1,529675.7063938089,181005.96962544796,0.05555555555555555
1767,0,0,0,0,303.72,8.72,331.8,0,529398.6718069755,180693.32209098557,0.0
1768,0,0,0,0,306.3,8.52,333.21,0,529404.6764034692,180692.0028186692,0.0
1769,0,0,0,0,308.12,11.42,333.82,0,529410.8870971894,180691.6088927663,0.0
1770,0,0,0,0,107.59,6.3,138.54,0,529371.4378489349,180888.8403750814,0.0
1771,0,0,0,0,156.36,60.36,148.06,0,529455.4277206813,180889.24073606555,0.0
1772,0,0,0,0,164.31,52.48,155.88,0,529460.4865830252,180882.93152622573,0.0
1773,1,0,1,0,79.22,25.39,178.44,1,529272.4864332535,180896.84955620248,0.05555555555555555
1774,0,0,0,0,222.04,31.22,386.5,0,529024.1636770646,181128.3239278916,0.0
1775,0,0,0,0,289.93,9.62,359.85,0,529290.1391487041,180681.3686551728,0.0
1776,0,0,0,0,194.54,15.85,269.28,0,529292.5602320988,180776.7198477168,0.0
1777,0,0,0,0,187.59,25.46,254.39,0,529315.0684138708,180784.11241292968,0.0
1778,0,0,0,0,94.61000000000001,10.12,190.17,0,529273.1367889454,180880.41918283032,0.0
1779,0,0,0,0,90.49,14.62,189.08,0,529267.8982557395,180886.53754383017,0.0
1780,0,0,0,0,128.77,6.86,215.66,0,529196.9593245238,180943.44649689592,0.0
1781,0,0,0,0,140.35,19.71,210.55,0,529209.6541331308,180928.15573136497,0.0
1782,0,0,0,0,101.05,21.3,211.44,0,529215.3813868151,180916.09228933332,0.0
1783,0,0,0,0,103.85,18.35,267.56,0,529133.7659636801,181075.20079077923,0.0
1784,0,0,0,0,111.13,24.88,274.4,0,529126.2305494758,181071.95705963188,0.0
1785,0,0,0,0,96.65,23.28,259.72,0,529140.5912338524,181068.91751671035,0.0
1786,0,0,0,0,98.21,19.26,261.77,0,529139.2424711944,181072.99205767704,0.0
1787,0,0,0,0,208.05,10.95,353.04,0,529108.664285411,181229.32555896233,0.0
1788,0,0,0,0,144.73,7.63,289.44,0,529155.499904329,181185.20801154664,0.0
1789,0,0,0,0,144.4,13.61,286.3,0,529161.8145180749,181188.9063820872,0.0
1790,0,0,0,0,137.53,7.91,287.45,0,529149.2268655831,181171.46769388748,0.0
1791,0,0,0,0,124.57,15.05,271.91,0,529164.7193999093,181167.068185786,0.0
1792,0,0,0,0,123.93,18.8,268.12,0,529171.6004202564,181170.89508917413,0.0
1793,0,0,0,0,164.83,12.88,295.53,0,529171.9918565481,181217.12572877848,0.0
1794,0,0,0,0,141.91,19.05,273.09,0,529185.0176685544,181197.71318908813,0.0
1795,0,0,0,0,143.29,21.18,277.17,0,529178.9210437692,181196.6452086087,0.0
1796,0,0,0,0,168.46,11.99,285.95,0,529196.3233954483,181229.15678153167,0.0
1797,0,0,0,0,143.22,16.91,262.37,0,529206.1802842126,181205.5552222272,0.0
1798,0,0,0,0,121.68,17.44,250.71,0,529201.0136079883,181181.91407191157,0.0
1799,0,0,0,0,122.38,14.7,248.17,0,529206.0849969573,181184.0972633797,0.0
1800,0,0,0,0,123.62,14.25,246.54,0,529210.1572300612,181186.36918071553,0.0
1801,0,0,0,0,106.14,5.5,233.33,0,529213.0174859983,181169.09487653733,0.0
1802,0,0,0,0,118.94,9.87,235.92,0,529221.9741720153,181183.7023960016,0.0
1803,0,0,0,0,113.24,6.75,230.19,0,529224.8174945131,181178.29668756857,0.0
1804,0,0,0,0,107.39,7.61,224.85,0,529226.9550128586,181172.6447820745,0.0
1805,0,0,0,0,125.75,16.0,242.64,0,529218.7489506637,181190.12552184676,0.0
1806,0,0,0,0,122.85,15.33,236.57,0,529241.1272784448,181203.3624997644,0.0
1807,0,0,0,0,123.9,21.63,234.38,0,529247.9602399486,181206.27528704645,0.0
1808,0,0,0,0,116.95,19.71,230.85,0,529243.6148087297,181197.94775272836,0.0
1809,0,0,0,0,109.69,26.05,223.79,0,529246.7746984552,181191.2947294256,0.0
1810,0,0,0,0,101.0,34.1,215.43,0,529250.3963703859,181183.28394992495,0.0
1811,0,0,0,0,125.92,25.92,233.15,0,529254.1411456155,181209.62799986743,0.0
1812,0,0,0,0,128.35,20.05,232.38,0,529259.8950804211,181212.9698601337,0.0
1813,0,0,0,0,147.57,18.47,252.4,0,529250.6782112033,181230.99546691804,0.0
1814,0,0,0,0,148.78,15.99,252.28,0,529253.2705272257,181232.65915469,0.0
1815,0,0,0,0,145.64,26.18,253.99,0,529243.219346132,181227.49612973825,0.0
1816,0,0,0,0,137.63,10.47,231.8,0,529276.5076929484,181223.32134275528,0.0
1817,0,0,0,0,144.78,5.41,238.94,0,529274.5458993731,181230.46132798464,0.0
1818,0,0,0,0,77.29999999999998,11.81,236.7,0,529177.6693035889,181115.0743246808,0.0
1819,0,0,0,0,76.97,4.18,208.15,0,529189.3551335059,181005.4519994896,0.0
1820,0,0,0,0,70.85,7.59,203.52,0,529193.6292184676,181009.87459652903,0.0
1821,0,0,0,0,216.39,10.86,235.1,0,529420.5543461101,180791.2331337292,0.0
1822,0,0,0,0,308.58,24.42,314.65,0,529496.3131351793,180726.70818550745,0.0
1823,0,0,0,0,349.49,18.93,357.98,0,529502.7674815266,180683.2711744517,0.0
1824,0,0,0,0,314.62,7.45,296.91,0,529580.2140215554,180791.84319075887,0.0
1825,0,0,0,0,174.4,7.01,145.9,0,529494.3767402696,180916.8514609498,0.0
1826,0,0,0,0,184.19,9.01,150.42,0,529508.165990033,180924.26927242504,0.0
1827,0,0,0,0,188.37,9.82,155.44,0,529510.9059378718,180919.82859568665,0.0
1828,0,0,0,0,184.25,6.74,155.26,0,529503.0346121676,180912.1105207176,0.0
1829,0,0,0,0,181.79,8.89,154.32,0,529499.2443329465,180909.9090417864,0.0
1830,0,0,0,0,180.86,14.72,144.82,0,529507.4082044535,180931.91780889285,0.0
1831,0,0,0,0,184.91,20.87,146.7,0,529512.9376466961,180935.81746384304,0.0
1832,0,0,0,0,92.23,18.92,28.98,0,529404.1315597844,181053.0250305896,0.0
1833,0,0,0,0,70.56,51.9,46.55,0,529361.9869467489,181056.24769462613,0.0
1834,0,0,0,0,56.11,38.89,34.54,0,529364.8694472573,181038.82403005383,0.0
1835,0,0,0,0,52.62,52.62,69.85,0,529336.8858759427,181061.37911355568,0.0
1836,0,0,0,0,159.03,8.03,99.84,0,529429.7200099888,181119.21194876416,0.0
1837,0,0,0,0,187.87,15.52,127.81,0,529446.4261723497,181142.71867800545,0.0
1838,0,0,0,0,184.26,13.64,123.24,0,529448.0819005881,181136.9905482912,0.0
1839,0,0,0,0,181.86,15.01,119.84,0,529450.531132706,181132.02718720707,0.0
1840,0,0,0,0,198.41,12.17,129.26,0,529500.9061459065,181101.29473358643,0.0
1841,0,0,0,0,196.63,22.82,139.57,0,529532.8761486068,180995.26574336068,0.0
1842,0,0,0,0,225.28,14.29,173.01,0,529560.6857473318,180970.47358715872,0.0
1843,0,0,0,0,241.29,8.97,177.12,0,529573.30696995,181035.75787333003,0.0
1844,0,0,0,0,240.59,12.29,177.13,0,529573.5605770751,181030.36630770977,0.0
1845,0,0,0,0,227.2,10.18,163.54,0,529559.9712256425,181030.39212688664,0.0
1846,0,0,0,0,233.72,11.43,170.51,0,529567.0016546895,181027.96541612217,0.0
1847,0,0,0,0,244.76,21.11,187.5,0,529581.0468830027,180991.8402681781,0.0
1848,0,0,0,0,249.82,22.11,191.88,0,529586.0685033953,180995.3188113036,0.0
1849,0,0,0,0,239.67,4.75,197.54,0,529566.8385762435,180925.02639495995,0.0
1850,0,0,0,0,295.72,18.06,261.31,0,529605.5674768153,180868.31080017833,0.0
1851,0,0,0,0,317.18,6.0,286.47,0,529616.0195533154,180841.02877506052,0.0
1852,0,0,0,0,333.69,7.33,299.4,0,529638.1344822156,180848.29382688453,0.0
